Time (minutes),Amplitude
0.04012333154678345,-0.07053672746379011
0.21078999837239581,-0.07100450785894845
0.3814566651980082,-0.07144779605848753
0.5521233320236206,-0.07190585090704153
0.722789998849233,-0.07235576052030432
0.8934566656748453,-0.07281518695716041
1.0641233317057293,-0.07326893732438756
1.2347899985313417,-0.07372859586736721
1.405456665356954,-0.0741843308042322
1.5761233321825663,-0.07464582798018854
1.746789999008179,-0.07510432973856164
1.9174566642443338,-0.0755675400071522
2.0881233310699465,-0.0760282958694964
2.258789997895559,-0.0764933504894402
2.429456664721171,-0.07695599930751854
2.6001233315467838,-0.07742181632373607
2.770789998372396,-0.0778857416426411
2.9414566651980083,-0.0783526562941754
3.112099997997284,-0.07881811192537609
3.282766664822897,-0.07928682134055924
3.453433331648509,-0.07975439115875195
3.6240999984741213,-0.08022483679884024
3.7947666652997336,-0.0806942957616392
3.965433332125346,-0.08116642414300755
4.136099998950959,-0.08163776914267902
4.30676666577657,-0.08211158823921545
4.477433331807454,-0.08258460763902586
4.648099998633066,-0.08305997817129276
4.818766665458679,-0.08353459444349882
4.989433332284292,-0.08401144672313303
5.160099999109904,-0.08448771078223911
5.33076666434606,-0.08496613834549319
5.501433331171671,-0.08544405621901223
5.672099997997284,-0.08592385509939078
5.842766664822896,-0.0864031689907871
6.013433331648509,-0.08688437396937145
6.184099997679392,-0.08736520616017525
6.3547666645050045,-0.0878481357410158
6.525433331330618,-0.0883309312777025
6.69609999815623,-0.08881583200613857
6.8667566649119065,-0.08930060195096431
7.037423331737519,-0.0897874016554505
7.208089998563132,-0.09027406074438829
7.378756664594015,-0.09076262812447754
7.549423331419627,-0.09125104286952687
7.720089998245238,-0.09174129295267673
7.890756665070851,-0.09223127394086954
8.061423331896464,-0.09272272584163442
8.232089998722076,-0.09321380209756405
8.402756665547688,-0.0937063213905101
8.5734233323733,-0.09419859892067979
8.744089998404185,-0.09469239002391286
8.914756665229797,-0.09518611459132606
9.08542333205541,-0.09568136504309176
9.256089998881022,-0.09617644478911302
9.426756665706634,-0.09667277944886576
9.597423330942789,-0.09716889521000568
9.768089997768403,-0.09766621975595034
9.938756664594015,-0.09816330799639161
10.109423331419627,-0.09866157995115292
10.28008999824524,-0.09915964678222307
10.450756665070852,-0.09965892423017281
10.621413331826528,-0.1001581238518751
10.792066664695739,-0.10065862820143724
10.962733331521353,-0.10115904091874217
11.133399998346965,-0.1016607170840491
11.304066665172575,-0.10216231192827412
11.474733331998188,-0.10266506236952033
11.645399998823802,-0.10316777369503577
11.816066665649414,-0.10367161569829522
11.986733331680298,-0.10417536143492785
12.157399998505912,-0.10468014812252541
12.328066665331523,-0.1051848184808447
12.498733332157135,-0.10569052663216802
12.669399998982747,-0.10619612919606955
12.84006666580836,-0.10670277408922009
13.010733331044516,-0.10720932611388544
13.181399997870127,-0.10771694046866678
13.35206666469574,-0.10822453421418464
13.522733331521351,-0.108733120611143
13.693399998346965,-0.10924164561086722
13.864066664377848,-0.10975114302618318
14.03473333120346,-0.11026059319089897
14.20539999802907,-0.11077103645274557
14.376066664854685,-0.11128145270531203
14.546723331610362,-0.11179279234204911
14.717389998435973,-0.11230404370881089
14.888056665261587,-0.11281610425751648
15.05872333129247,-0.1133280502600387
15.229389998118084,-0.11384083862820774
15.400056664943696,-0.11435362571892772
15.570723331769306,-0.1148672868536992
15.74138999859492,-0.1153809575511827
15.912056665420533,-0.11589558595128506
16.082723332246143,-0.11641024225358593
16.25338999827703,-0.11692579759602188
16.42405666510264,-0.11744132858751564
16.594723331928254,-0.11795765305662358
16.765389998753864,-0.11847386854051375
16.93605666557948,-0.11899068779645904
17.10672333240509,-0.11950734849774182
17.277389997641247,-0.12002462232876145
17.448056664466858,-0.12054179260972317
17.61872333129247,-0.12105959274466302
17.78938999811808,-0.12157732745059643
17.960056664943696,-0.12209581372141737
18.130723331769307,-0.12261435556928366
18.301379998524983,-0.12313375667225807
18.472033331394197,-0.12365321956853567
18.642699998219808,-0.12417353989081481
18.81336666504542,-0.1246939567243122
18.984033331871032,-0.12521521040182573
19.154699998696646,-0.12573653843098448
19.325366665522257,-0.1262586213041499
19.496033332347867,-0.12678073158948555
19.666699998378753,-0.12730361117286507
19.837366665204367,-0.12782653134206917
20.008033332029978,-0.128350132353482
20.17869999885559,-0.12887374300188775
20.349366665681202,-0.12939793439888841
20.52003333171209,-0.1299221603143159
20.69069999774297,-0.13044704411581942
20.861366664568582,-0.13097193254209105
21.032033331394196,-0.13149750090070486
21.202699998219806,-0.13202312441528027
21.37336666504542,-0.13254945523071784
21.544033331076303,-0.13307586576543823
21.714699997901917,-0.13360298278589225
21.88536666472753,-0.13413014673902135
22.05603333155314,-0.13465795611726378
22.226689998308817,-0.1351857944079643
22.39735666513443,-0.13571426415738558
22.568023331960042,-0.13624276130186797
22.738689997990924,-0.13677180186793528
22.90935666481654,-0.137300794456229
23.080023331642153,-0.13783036075229324
23.250689998467763,-0.13835994365348706
23.421356665293374,-0.13889010359901663
23.592023332118988,-0.13942029267038186
23.762689998944598,-0.1399510396079397
23.93335666497548,-0.14048180969347707
24.104023331801095,-0.1410131326496081
24.274689998626712,-0.14154451693983475
24.445356665452323,-0.1420764710607967
24.616023332277933,-0.14260843765071224
24.78668999830882,-0.14314084513925243
24.957356664339702,-0.14367321500265745
25.128023331165316,-0.1442060119674975
25.298689997990927,-0.1447387558563074
25.469356664816537,-0.1452719019507462
25.640023331642148,-0.14580498483915033
25.810689998467762,-0.1463385133853348
25.98133333206177,-0.14687204013986527
26.151999998092652,-0.14740605482891264
26.322666664918263,-0.14794007617339613
26.493333331743877,-0.14847457361731745
26.663999998569487,-0.1490090890502919
26.834666665395098,-0.14954409400274662
27.005333332220715,-0.1500791130217995
27.175999999046326,-0.15061462150151098
27.34666666507721,-0.15115015451071528
27.51733333190282,-0.1516861864191183
27.687999998728436,-0.15222224799259382
27.858666665554047,-0.15275877360681542
28.029333332379657,-0.15329534529397473
28.199999997615812,-0.15383238023668502
28.370666664441426,-0.15436942798195633
28.541333331267037,-0.15490687886440804
28.711999998092654,-0.15544433890493362
28.882666664918265,-0.15598220226576434
29.05333333174388,-0.1565200616145251
29.223999997774758,-0.1570583061961223
29.394666664600372,-0.15759653557616535
29.565333331425983,-0.1581351722678413
29.7359999982516,-0.1586738221675695
29.906656665007272,-0.1592128937359599
30.077323331832883,-0.15975196575536985
30.2479899986585,-0.16029144920608426
30.418656664689383,-0.16083094037483076
30.589323331514993,-0.16137084929667114
30.759989998340604,-0.16191073629544617
30.930656665166218,-0.16245096926085803
31.10132333199183,-0.16299117212211248
31.271989998817446,-0.1635317984219329
31.442656665643057,-0.1640724532248437
31.61332333167394,-0.16461351863454177
31.783989998499557,-0.16515460257274792
31.954656665325167,-0.16569612018424437
32.12532333215078,-0.1662376569222596
32.295989998976395,-0.1667795903385599
32.46665666421255,-0.16732154142407984
32.63732333103816,-0.16786386447682414
32.80798999786377,-0.16840619356922748
32.97865666468938,-0.1689488786642608
33.14932333151499,-0.16949153919941945
33.3199899983406,-0.17003449195339942
33.49065666516621,-0.1705773883638142
33.66129999876022,-0.1711205543707814
33.8319666647911,-0.171663651307882
34.00263333161672,-0.17220698813079455
34.17329999844234,-0.17275023188833089
34.34396666526794,-0.17329365664830965
34.51463333209356,-0.1738369613310045
34.68529999891917,-0.17438041833871273
34.85596666574479,-0.17492373532257563
35.02663333177567,-0.17546715744765687
35.19729999860128,-0.1760104003257901
35.36796666542689,-0.17655371514832308
35.5386333322525,-0.1770968426451537
35.70929999907811,-0.1776400187263636
35.87996666431427,-0.17818298491470505
36.05063333113988,-0.17872595573682495
36.22129999796549,-0.17926868858740055
36.391966664791106,-0.17981143679528036
36.56263333161672,-0.18035397379537876
36.7332999976476,-0.18089653082728607
36.90396666447322,-0.18143886248439076
37.074633331298834,-0.18198115426501596
37.24529999812444,-0.18252318387728317
37.41595666488011,-0.18306514457810058
37.586623331705724,-0.1836068051584237
37.75728999853134,-0.18414834637382696
37.92795666535695,-0.18468959133201532
38.09862333138784,-0.18523072197447385
38.26928999821345,-0.18577154541887916
38.43995666503906,-0.18631225241277405
38.61062333186467,-0.18685265034423185
38.78128999869028,-0.18739293043679184
38.9519566655159,-0.18793291200165135
39.12262333234152,-0.18847278123148917
39.293289998372394,-0.18901234618218232
39.46395666519801,-0.18955179562382843
39.63462333202362,-0.19009095314625968
39.80528999884923,-0.19063000500515775
39.97595666567484,-0.19116877495640106
40.146623330911,-0.19170743963142906
40.31728999773661,-0.19224582541942353
40.48795666456222,-0.19278411176671104
40.65862333138784,-0.19332211243705663
40.82928999821345,-0.19386001039636097
40.999956665039065,-0.19439762937376082
41.170623331864675,-0.19493514777383117
41.34126666466395,-0.1954723890373714
41.511933331489566,-0.19600952571196079
41.682599998315176,-0.19654639003704824
41.853266665140794,-0.19708315306030036
42.0239333319664,-0.19761964095893284
42.194599998792015,-0.19815603088815031
42.365266665617625,-0.1986921458930906
42.53593333244324,-0.19922817317003672
42.706599998474125,-0.19976393927652322
42.877266665299736,-0.2002996233640208
43.047933332125346,-0.20083505083365663
43.218599998950964,-0.20137039827895367
43.389266665776574,-0.2019054947045122
43.55993333101273,-0.20244051795825171
43.73059999783834,-0.20297529611993942
43.90126666466395,-0.20351001183084924
44.07193333148956,-0.20404448557955812
44.24259999831518,-0.20457890468156417
44.41326666434607,-0.20511309647320392
44.58392333189646,-0.20564723393779497
44.75458999792735,-0.20618115235647225
44.92525666475296,-0.2067150300290874
45.09592333157857,-0.20724868177657013
45.26658999840418,-0.2077822987060127
45.4372566652298,-0.20831571032979873
45.607923331260686,-0.2088490844416344
45.7785899980863,-0.209382252642953
45.94925666491191,-0.20991538914531194
46.119923331737525,-0.21044831568958305
46.290589998563135,-0.21098121333084843
46.461256665388746,-0.21151391585524512
46.631923332214356,-0.21204659682257251
46.80258999903997,-0.21257907296241743
46.97325666507085,-0.21311151128326708
47.14392333189646,-0.2136437381722472
47.31458999872208,-0.21417591191073704
47.48525666554768,-0.2147078631305003
47.6559233323733,-0.21523974300148865
47.82658999760945,-0.21577140160395022
47.99725666443507,-0.21630298732404754
48.16792333126068,-0.21683434090663703
48.33857999801636,-0.21736561263020282
48.5092333316803,-0.21789665007575598
48.67989999850591,-0.21842760630125937
48.85056666533153,-0.21895832449068311
49.02123333136241,-0.21948895863616819
49.19189999818802,-0.22001935794156677
49.36256666501363,-0.22054967077471097
49.53323333183924,-0.2210797489833099
49.70389999866485,-0.22160974015270427
49.87456666549046,-0.2221394906439908
50.04523333231608,-0.22266913078683476
50.21589999834697,-0.2231985425079217
50.38656666517258,-0.22372786417178325
50.55723333199819,-0.22425695291732056
50.7278999988238,-0.22478593506188557
50.89856666564942,-0.22531467417633233
51.06923333247503,-0.22584329474578846
51.23989999771119,-0.22637166776719472
51.410566664536795,-0.2268999244282179
51.58123333136241,-0.22742792830445027
51.75189999818802,-0.227955832252886
51.92256666501363,-0.2284835059628038
52.093233331044516,-0.22901109130056888
52.26388999859491,-0.22953845146468277
52.4345566646258,-0.23006574446676897
52.60522333145142,-0.23059282957419705
52.77588999827704,-0.23111984862146215
52.94655666510264,-0.2316466650271458
53.11722333192826,-0.23217342689962378
53.287889997959134,-0.2326999885185168
53.45855666478475,-0.23322649281135685
53.62922333161036,-0.23375280675478544
53.79988999843598,-0.23427908001181655
53.97055666526158,-0.23480515582183956
54.1412233320872,-0.23533118648590326
54.31188999891282,-0.2358570181774458
54.482556664943694,-0.23638281340297765
54.65322333176931,-0.23690841831695914
54.823889998594915,-0.23743398607126284
54.99455666542053,-0.23795936948119265
55.16522333224615,-0.23848472473957769
55.33588999907175,-0.2390099054687832
55.506556664307915,-0.23953506813767186
55.67722333113353,-0.2400600705321794
55.847889997959136,-0.24058506827168769
56.01854666471481,-0.24110991893539724
56.18919999837876,-0.24163478264436924
56.359866665204365,-0.24215950389155316
56.530533332029975,-0.24268424741492978
56.70119999806086,-0.2432088544929993
56.871866664886475,-0.2437334939168936
57.04253333171209,-0.24425798326112638
57.213199998537696,-0.24478248836316846
57.383866665363314,-0.24530688104716492
57.55453333218893,-0.2458313151437535
57.725199999014535,-0.24635563971684216
57.895866665045425,-0.24688001212034957
58.06653333187103,-0.24740427000774254
58.237199998696646,-0.2479285751738807
58.40786666552225,-0.2484527683933756
58.57853333234787,-0.24897701795054236
58.74919999837876,-0.24950115637103684
58.91986666440963,-0.2500253440411345
59.09053333123525,-0.25054943214186015
59.26119999806085,-0.2510735818669559
59.43185666481654,-0.25159763833023974
59.60252333164216,-0.2521217737978313
59.773189998467764,-0.25264581653038637
59.94385666529338,-0.2531699280157271
60.11452333132426,-0.2536939518230675
60.285189998149875,-0.2542180570971288
60.455856664975485,-0.2547420711082327
60.626523331801096,-0.25526616715739336
60.797189998626706,-0.2557901769549938
60.96785666465759,-0.25631426292907916
61.1385233314832,-0.256838273570882
61.30918999830882,-0.25736237945269397
61.47985666513442,-0.2578864115359999
61.65052333196004,-0.25841050300826135
61.821189998785655,-0.2589345026444122
61.99185666561127,-0.2594585605224132
62.16252333164216,-0.25998254196965487
62.333189998467766,-0.26050661408811376
62.503856665293384,-0.26103061431246255
62.67452333211899,-0.26155470294037736
62.845189998944605,-0.2620787089745183
63.01584333181381,-0.26260280403865877
63.18649999777476,-0.263126832595469
63.35716666460037,-0.26365096855101855
63.52783333142598,-0.2641750482163364
63.69849999825159,-0.26469924119934346
63.869166665077216,-0.265223370901046
64.03983333190281,-0.26574761536465674
64.21049999872844,-0.2662718049576427
64.38116666475932,-0.2667960998741516
64.55183333158493,-0.2673203222682048
64.72249999841054,-0.2678446373218784
64.89316666523615,-0.26836887830708983
65.06383333206176,-0.2688932104847871
65.23449999888737,-0.2694174741023745
65.40516666571298,-0.2699418197728591
65.57583333174388,-0.270466082418073
65.74649999856949,-0.2709904124888891
65.9171666653951,-0.27151465527641094
66.08783333222071,-0.27203894811127205
66.25849999904632,-0.2725631379793878
66.42916666428248,-0.27308736705067754
66.59983333110809,-0.27361148325323775
66.77049999793371,-0.27413561198131453
66.94116666475932,-0.27465962101763
67.111823331515,-0.27518364251324434
67.28248999834061,-0.27570753926786845
67.45315666516622,-0.2762314464033971
67.62382333199182,-0.276755227902878
67.79448999802273,-0.2772790143263623
67.96515666484834,-0.27780266832325784
68.13582333167395,-0.2783262816395725
68.30648999849956,-0.2788497211530913
68.47715666532517,-0.27937309623930257
68.64782333135605,-0.27989628058531085
68.81848999818166,-0.28041937801614736
68.98915666500729,-0.280942281723117
69.15982333183288,-0.28146508967731304
69.3304899986585,-0.2819876892896945
69.5011566654841,-0.28251019091466995
69.67182333230973,-0.2830324890940075
69.84248999834062,-0.2835546864809297
70.01315666516622,-0.2840766693238733
70.18380999803544,-0.2845985649972352
70.3544666647911,-0.28512026376701033
70.52513333161671,-0.2856418762314372
70.6957999976476,-0.28616328853793926
70.86646666447321,-0.28668461949055557
71.03713333129882,-0.28720575692366856
71.20779999812444,-0.28772682193312815
71.37846666495005,-0.2882476960090755
71.54913333177566,-0.28876848713865133
71.71979999860129,-0.28928908551400123
71.89046666542689,-0.28980959412333435
72.06113333145778,-0.29032990501593603
72.23179999828338,-0.2908501156816008
72.402466665109,-0.2913701307109329
72.57313333193461,-0.2918900438986801
72.74379999876024,-0.29240975451859696
72.91446666558583,-0.2929293696539796
73.08513333241144,-0.2934487796379885
73.25579999844233,-0.29396809653118744
73.42646666526794,-0.2944872157508863
73.59713333209355,-0.29500625024080773
73.76779999891917,-0.29552509058663373
73.93845666567483,-0.2960438367376798
74.10912333091099,-0.2965623804055475
74.27978999773661,-0.29708083885477754
74.45045666456222,-0.29759909521461503
74.62112333138785,-0.29811726405248895
74.79178999821345,-0.2986352321532138
74.96245666503907,-0.29915311730457644
75.13312333186467,-0.2996708054569175
75.30378999789556,-0.3001883972234493
75.47445666472116,-0.3007057848054173
75.64512333154678,-0.3012230732193531
75.8157899983724,-0.30174015387657116
75.986456665198,-0.30225712462481713
76.15712333202362,-0.30277387705917086
76.3277899980545,-0.30329049340211556
76.49845666488011,-0.30380687698827896
76.66912333170572,-0.30432310921220135
76.83978999853133,-0.30483909040257795
77.01045666535694,-0.3053549055233997
77.18112333218258,-0.3058704478267207
77.35176666577658,-0.30638576618842084
77.52243333101273,-0.3069007496729466
77.69309999783835,-0.30741541911598635
77.86376666466394,-0.30792966745169686
78.03443333148957,-0.3084434637674061
78.20509999831518,-0.3089567305982886
78.37576666434606,-0.30946940254375915
78.54643333117168,-0.3099814138891358
78.71709999799728,-0.3104926382816168
78.8877666648229,-0.31100300373987555
79.0584333316485,-0.3115123551787657
79.22909999847413,-0.3120206422910627
79.39976666529972,-0.31252767816068383
79.57043333133062,-0.31303340937513546
79.74109999815623,-0.3135376227796993
79.91176666498184,-0.31404033859937464
80.08243333180747,-0.31454134476654577
80.25309999863308,-0.31504066370100026
80.42376666545867,-0.3155381023757019
80.5944333322843,-0.3160337393468837
80.7650999991099,-0.31652740241834254
80.93576666514079,-0.3170191936297791
81.10642333189647,-0.3175089424396558
81.27708999872206,-0.3179967727254043
81.4477566655477,-0.31848251821366974
81.6184233323733,-0.31896629512967417
81.78908999760947,-0.3194479401203758
81.95975666443506,-0.31992758263743576
82.13042333126069,-0.3204050700049536
82.30108999808628,-0.3208805357951119
82.47175666491191,-0.3213538360918548
82.64242333173752,-0.3218251033569404
82.81308999856313,-0.32229419712963303
82.98375666459401,-0.3227612541561357
83.15442333141964,-0.32322614202361566
83.32508999824525,-0.3236889958615704
83.49575666507086,-0.3241496855105114
83.66642333189645,-0.324608343741168
83.83708999792735,-0.32506484410462594
84.00775666475297,-0.3255193162435548
84.17842333157857,-0.325971632371926
84.34907999833425,-0.3264219165170744
84.5197333319982,-0.3268700448650883
84.6903999988238,-0.32731614499106765
84.86106666564942,-0.3277600957522845
85.03173333247503,-0.32820202355725303
85.20239999771118,-0.3286418086199602
85.3730666645368,-0.3290795758997634
85.5437333313624,-0.3295152072237339
85.71439999818803,-0.32994882506059003
85.88506666501362,-0.3303803082860678
86.05573333104451,-0.330809776939366
86.22639999787013,-0.3312371131626212
86.39706666469573,-0.33166243833921694
86.56773333152135,-0.33208563686040354
86.73839999834695,-0.33250683026623623
86.90906666517257,-0.3329259022564096
87.0797333319982,-0.33334297259577594
87.25039999802907,-0.3337579247398907
87.42106666485469,-0.3341708783563543
87.5917333316803,-0.33458171679823884
87.76239999850591,-0.3349905590364854
87.93306666533151,-0.3353972896710965
88.10373333215713,-0.3358020303883735
88.27438999891281,-0.33620466852320546
88.44505666494369,-0.3366053249369497
88.61572333176932,-0.3370038874062652
88.78638999859493,-0.3374004737997367
88.95705666542054,-0.3377949721177767
89.12772333224615,-0.33818749988063945
89.29838999907176,-0.3385779468738582
89.46905666430791,-0.33896642978352776
89.63972333113352,-0.3393528400370205
89.81038999795913,-0.339737293695753
89.98105666478475,-0.3401196824978284
90.15172333161037,-0.3405001209092842
90.32238999843598,-0.34087850198441877
90.49305666526159,-0.34125493898261333
90.66372333129247,-0.3416293259528889
90.83438999811808,-0.3420017738984212
91.00505666494368,-0.34237217786390584
91.1757233317693,-0.3427406486595415
91.34638999859492,-0.3431070847573813
91.51704666535059,-0.34347159776044695
91.68769999901454,-0.3438340884146905
91.85836666504541,-0.34419466681357563
92.02903333187103,-0.344553235011756
92.19969999869664,-0.34490990068722466
92.37036666552225,-0.3452645688242289
92.54103333234787,-0.3456173459915052
92.71169999837875,-0.34596813923489667
92.88236666440963,-0.34631705366431353
93.05303333123524,-0.34666399857053354
93.22369999806088,-0.34700907711984047
93.39436666488646,-0.34735220022076124
93.56503333171209,-0.34769346698879405
93.73569999774297,-0.34803279193377173
93.90636666456858,-0.34837027434465206
94.07703333139419,-0.34870583069145905
94.24769999821982,-0.3490395588916148
94.41836666504541,-0.34937137857417694
94.58903333187104,-0.3497013848023239
94.75969999869665,-0.35002950126532506
94.93035666465758,-0.35035582044028896
95.1010233314832,-0.35068026891027
95.27168999830882,-0.3510029363067166
95.44235666513443,-0.3513237519673866
95.61302333196004,-0.3516428023824095
95.78368999878566,-0.35196002012424354
95.95435666561129,-0.35227548881252185
96.12502333164215,-0.3525891420249495
96.29568999846776,-0.35290106144923233
96.46635666529338,-0.3532111826968135
96.63702333211899,-0.35351958604853356
96.8076899989446,-0.35382621027848843
96.97835666497548,-0.35413113335395224
97.14902333100636,-0.354434296181365
97.31968999783199,-0.3547357741773273
97.4903566646576,-0.35503551028099745
97.66102333148321,-0.35533357777831487
97.8316899983088,-0.3556299230099892
98.00234333197275,-0.3559246174737562
98.17299999872843,-0.3562176105463648
98.34366666475931,-0.3565089713541689
98.51433333158494,-0.3567986511134048
98.68499999841055,-0.3570867184391021
98.85566666523616,-0.3573731263197646
99.02633333206178,-0.35765794021529085
99.19699999888738,-0.3579411165163308
99.36766666571299,-0.3582227187201099
99.53833333174389,-0.35850270581390925
99.70899999856948,-0.358781138893486
99.8796666653951,-0.3590579795190575
100.05033333222072,-0.3593332868759331
100.22099999904633,-0.3596070244051351
100.39166666428247,-0.35987924939869104
100.56233333110809,-0.3601499283372554
100.7329999979337,-0.3604191152136602
100.90366666475931,-0.36068677860979775
101.07433333158492,-0.36095297129945725
101.24499999841055,-0.3612176626168178
101.41566666444143,-0.36148090278255546
101.58633333126704,-0.3617426640597233
101.75699999809267,-0.3620029942600574
101.92765666484833,-0.3622618679939224
102.09832333167394,-0.3625193312112728
102.26898999849956,-0.3627753592445632
102.43965666532517,-0.36302999723683327
102.61032333135606,-0.3632832243150455
102.78098999818164,-0.36353508061431816
102.95165666500728,-0.3637855450948816
103.12232333183287,-0.3640346587269666
103.2929899986585,-0.3642824014782137
103.46365666548411,-0.36452881248619395
103.63432333230972,-0.36477387364548436
103.8049899983406,-0.36501762333490106
103.97565666516621,-0.36526004471139883
104.14632333199184,-0.3655011729722794
104.31698999881746,-0.3657409911737405
104.48765666564304,-0.3659795338458865
104.65832333087921,-0.3662167857799466
104.82898999770482,-0.366452780161986
104.99965666453042,-0.3666875024639175
105.17029999812443,-0.3669209845389133
105.34096666495005,-0.3671532125114934
105.51163333177567,-0.3673842171615433
105.68229999860128,-0.36761398539985335
105.8529666654269,-0.3678425476008886
106.02363333145777,-0.36806989230780596
106.1942999982834,-0.3682960489220074
106.364966665109,-0.368521005244077
106.53563333193463,-0.36874479221323975
106.70629999876022,-0.3689673998213794
106.87696666558584,-0.3691888551455307
107.04763333241144,-0.36940914884361253
107.21829999844233,-0.3696283066052075
107.38896666526796,-0.3698463193651153
107.55963333209357,-0.37006321173854556
107.73029999891915,-0.3702789742934697
107.90096666574478,-0.3704936322014095
108.07163333098092,-0.37070717717195556
108.24229999780655,-0.3709196319266565
108.41295666456224,-0.3711309869637664
108.58362333138783,-0.37134126546662843
108.75428999821345,-0.3715504608991775
108.92495666503905,-0.37175859477095585
109.09562333186469,-0.37196566177003954
109.26628999789554,-0.3721716824891002
109.43695666472118,-0.3723766487023372
109.60762333154678,-0.37258058080827605
109.7782899983724,-0.37278347252236754
109.94895666519801,-0.3729853434134919
110.11962333202362,-0.3731861878795541
110.2902899980545,-0.37338602425473727
110.46095666488011,-0.373584844710784
110.63162333170574,-0.3737826682277965
110.80228999853134,-0.3739794879662832
110.97295666535695,-0.3741753210270871
111.14362333218256,-0.3743701553919921
111.31428999900818,-0.3745640092828097
111.48495666503905,-0.37475687354940224
111.65562333186467,-0.37494876605212546
111.82626666466395,-0.37513967679220644
111.99693333148957,-0.37532962312194323
112.16759999831518,-0.3755185998611806
112.33826666434607,-0.3757066258807915
112.50893333117168,-0.3758936931143067
112.67959999799727,-0.37607981788363654
112.8502666648229,-0.3762649922832648
113.02093333164851,-0.37644923422985255
113.19159999847413,-0.37663253891465576
113.36226666529974,-0.3768149210362984
113.53293333133063,-0.3769963806572435
113.70359999815624,-0.3771769328854243
113.87426666498183,-0.3773565725738238
114.04493333180744,-0.37753531315535
114.21559999863307,-0.37771315323962174
114.38626666545868,-0.37789010517339794
114.5569333322843,-0.3780661637481136
114.72759999910991,-0.3782413377928519
114.8982666651408,-0.37841562710032806
115.06892333189646,-0.3785890418761385
115.23958999872207,-0.37876158003963467
115.41025666554769,-0.37893325380582726
115.5809233323733,-0.379104060950034
115.75158999760944,-0.37927401196048577
115.92225666443505,-0.3794431029807494
116.09292333126068,-0.37961134506737904
116.26358999808629,-0.3797787296416826
116.43425666491191,-0.37994526960559233
116.60492333173752,-0.38011096423939666
116.77558999856312,-0.38027582612080574
116.94625666459402,-0.38043985609092484
117.11692333141964,-0.3806030625097702
117.28758999824522,-0.3807654464150254
117.45825666507085,-0.3809270135086308
117.62892333189647,-0.3810877661067578
117.79958999792734,-0.3812477087276461
117.97025666475297,-0.38140684474983394
118.14092333157858,-0.3815651758688125
118.31156666517259,-0.3817227065761155
118.48223333199819,-0.3818794416094667
118.6528999988238,-0.38203538192602066
118.8235666656494,-0.3821905299003834
118.99423333247503,-0.3823448881125233
119.16489999771117,-0.3824984598329638
119.3355666645368,-0.3826512460492706
119.50623333136241,-0.3828032501113563
119.67689999818802,-0.3829544715486706
119.84756666501362,-0.3831049132587926
120.01823333104451,-0.3832545755179959
120.18889999787011,-0.3834034610820895
120.35956666469573,-0.3835515681626809
120.53023333152134,-0.38369890361923276
120.70089999834697,-0.3838454673560735
120.87156666517258,-0.38399126656577276
121.04223333199818,-0.38413630398153686
121.21289999802907,-0.38428058319751074
121.38356666485467,-0.3844241028645271
121.55422333161036,-0.384566867128977
121.72488999843597,-0.3847088700963476
121.8955566652616,-0.38485011502545885
122.0662233320872,-0.3849905950550414
122.2368899989128,-0.38513031562238154
122.4075566649437,-0.3852692744333215
122.5782233317693,-0.38540746758938726
122.7488899985949,-0.3855448596012705
122.91955666542053,-0.38568145401497117
123.09022333224615,-0.38581721170378264
123.26088999907176,-0.385952140866196
123.43155666430792,-0.38608618528206096
123.60222333113352,-0.3862193613795298
123.77288999795914,-0.38635161219527786
123.94355666478475,-0.3864829670461311
124.11422333161036,-0.38661337022407694
124.28487999836602,-0.3867428597352366
124.45553333202997,-0.3868713747832515
124.62619999806086,-0.38699895523743966
124.7968666648865,-0.38712553450124565
124.96753333171209,-0.38725116078068866
125.1381999985377,-0.3873757682537663
125.3088666653633,-0.3874994116956173
125.47953333218894,-0.3876220291018642
125.65019999901456,-0.3877436791318151
125.82086666504543,-0.38786429965376595
125.99153333187103,-0.3879839486420525
126.16219999869665,-0.38810256370404345
126.33286666552226,-0.3882202031993546
126.50353333234787,-0.3883368077134052
126.67419999837875,-0.3884524360319091
126.84486666440962,-0.38856702715383523
127.01553333123525,-0.38868063806176195
127.18619999806086,-0.3887932133587858
127.35686666488648,-0.38890481018290424
127.52753333171208,-0.3890153686482391
127.69818999846777,-0.3891249447064804
127.86885666529338,-0.3892334781001036
128.03952333132426,-0.3893410262761032
128.21018999814987,-0.3894475298735117
128.38085666497548,-0.38955304847357475
128.5515233318011,-0.3896575215656871
128.72218999862673,-0.3897610094711452
128.8928566646576,-0.3898634529968047
129.0635233314832,-0.38996491085366486
129.23418999830884,-0.3900653257682436
129.40485666513445,-0.3901647581356482
129.57552333196003,-0.39026315474936757
129.74618999878567,-0.3903605731386832
129.91685666561128,-0.39045695727749663
130.08752333164216,-0.39055236436721463
130.25818999846777,-0.39064673841833497
130.42885666529338,-0.39074013729288815
130.599523332119,-0.39083250643127343
130.7701766649882,-0.39092390262060306
130.94083333174385,-0.3910142689200203
131.11149999777476,-0.39110366103400196
131.2821666646004,-0.3911920276766138
131.452833331426,-0.3912794246152539
131.6234999982516,-0.3913657937321541
131.7941666650772,-0.3914511878805479
131.9648333319028,-0.3915355535839735
132.13549999872845,-0.39161894611161774
132.3061666647593,-0.39170131299355215
132.47683333158494,-0.39178270915546237
132.64749999841055,-0.3918630827959048
132.81816666523616,-0.3919424879620102
132.98883333206177,-0.39202086971331845
133.15949999888738,-0.39209828170301014
133.330166665713,-0.3921746678147032
133.50083333174388,-0.39225008410838846
133.67148999849957,-0.3923244745421769
133.84215666532515,-0.39239789545446924
134.0128233321508,-0.39247029114741666
134.18348999897643,-0.3925417160170229
134.35415666421255,-0.3926121135726378
134.52482333103814,-0.39268154026085783
134.69548999786375,-0.39274993903428024
134.86615666468938,-0.39281736788712673
135.036823331515,-0.3928837700154245
135.20748999834058,-0.3929492049318694
135.37815666516622,-0.3930136154015661
135.54882333199185,-0.39307705849625985
135.71948999802274,-0.3931394794716914
135.89015666484832,-0.3932009363670405
136.06082333167396,-0.393261376689041
136.23148999849954,-0.3933208567312936
136.40215666532518,-0.39337932103197126
136.57282333135603,-0.39343682731907514
136.74348999818167,-0.3934933205273873
136.91413333177567,-0.393548853416532
137.08479999860128,-0.3936033694696565
137.2554666654269,-0.3936569237792894
137.4261333322525,-0.3937094597113745
137.59679999907812,-0.39376103496514836
137.76746666431427,-0.39381159753247635
137.93813333113985,-0.3938612006519568
138.1087999979655,-0.39390979036367696
138.2794666647911,-0.3939574224041909
138.4501333316167,-0.3940040487638717
138.6207999976476,-0.3940497245710487
138.7914666644732,-0.39409440063336965
138.96213333129882,-0.3941381305019404
139.13279999812443,-0.39418086864723234
139.30346666495007,-0.39422266747832746
139.47413333177565,-0.394263479981149
139.6447999986013,-0.3943033551441088
139.81546666542687,-0.39434224256504624
139.98613333145778,-0.39438019578032274
140.15678999821344,-0.3944171712033703
140.32745666503905,-0.3944532195923628
140.49812333186466,-0.3944882962633713
140.66878999869027,-0.3945224514150553
140.8394566655159,-0.39455564230886453
141.01012333234152,-0.3945879176801407
141.1807899983724,-0.394619238229361
141.35145666519801,-0.3946496514594148
141.5221233320236,-0.3946791173643539
141.69278999884926,-0.3947076795390156
141.86345666567485,-0.3947352935340094
142.03412333091097,-0.3947620069882373
142.20478999773664,-0.3947877798778353
142.37545666456222,-0.3948126590918603
142.54612333138783,-0.39483660704676754
142.71678999821341,-0.3948596673068793
142.88743333180747,-0.394881802935719
143.05809999863305,-0.39490305586822944
143.22876666466397,-0.3949233933925357
143.39943333148955,-0.39494285790531003
143.57009999831516,-0.3949614139291958
143.7407666651408,-0.3949791100673004
143.9114333319664,-0.39499591538205087
144.082099998792,-0.3950118708427414
144.25276666561763,-0.3950269513134583
144.42343333244327,-0.3950411950454118
144.59409999847415,-0.39505458706868374
144.76476666529973,-0.3950671635799251
144.93543333212534,-0.39507890346764757
145.10609999895095,-0.39508983114951673
145.2767666657766,-0.3950999226546691
145.44743333101275,-0.39510920741375616
145.61809999783833,-0.39511766272799337
145.78876666466397,-0.3951253172133507
145.95943333148955,-0.3951321482333081
146.13008999824524,-0.39513818533177153
146.30075666507082,-0.39514340629185096
146.47142333189646,-0.3951478401565465
146.64208999792734,-0.39515146910623483
146.81275666475295,-0.3951543182570988
146.98342333157856,-0.3951563702246229
147.1540899984042,-0.39515764875962817
147.3247566652298,-0.3951581392981843
147.49542333126067,-0.3951578661647901
147.6660899980863,-0.3951568158153589
147.8367566649119,-0.3951550104916451
148.00742333173753,-0.39515243335533995
148.1780899985631,-0.3951491033586635
148.34875666538875,-0.3951450064026936
148.51942333221436,-0.3951401632314497
148.69008999903997,-0.39513455955441473
148.86073333104451,-0.3951282135346425
149.03139999787012,-0.39512111061754407
149.2020666646957,-0.39511326846179423
149.37273333152137,-0.39510467685347145
149.54339999834696,-0.3950953494998914
149.71406666437784,-0.39508527150790806
149.88473333120345,-0.395074464331779
150.0553999980291,-0.39506290806666117
150.2260666648547,-0.3950506250460075
150.3967333316803,-0.39503759566703933
150.56739999850592,-0.39502383908453115
150.73806666533153,-0.39500933725582277
150.90873333136238,-0.3949941083441931
151.07939999818805,-0.39497813328347714
151.25006666501363,-0.39496143249667826
151.42073333183924,-0.39494398356517313
151.59138999859493,-0.3949258127683446
151.76205666542054,-0.3949068984941675
151.93272333224616,-0.39488726646071365
152.10338999827704,-0.39486689232603095
152.27405666510265,-0.39484579668510206
152.44472333192826,-0.39482396108815665
152.61538999875387,-0.3948014100326551
152.78605666557945,-0.394778123091197
152.9567233324051,-0.39475412386112085
153.12738999764125,-0.39472940655749184
153.29805666446686,-0.39470399065013134
153.46872333129247,-0.3946778625157046
153.6393899981181,-0.3946510426788812
153.8100566649437,-0.394623512939692
153.9807233317693,-0.39459529299721074
154.1513899985949,-0.3945663713713231
154.3220566646258,-0.3945367614837138
154.4927233314514,-0.39450645185185423
154.66338999827704,-0.3944754582541099
154.83404666503273,-0.3944437752202317
155.00469999869665,-0.39441142290401165
155.17536666552223,-0.39437838724545743
155.34603333234787,-0.39434468530363787
155.51669999837878,-0.3943103076626225
155.68736666520437,-0.39427526655162076
155.85803333202998,-0.39423955517197706
156.0286999988556,-0.39420319148831734
156.19936666568123,-0.39416616817772127
156.37003333171208,-0.39412849326169636
156.54069999774296,-0.39409015730639785
156.71136666456857,-0.39405116918593797
156.88203333139418,-0.3940115201879283
157.0526999982198,-0.3939712259795565
157.2233666650454,-0.39393027918926965
157.3940333310763,-0.39388868918346953
157.56469999790193,-0.3938464455692963
157.73535666465762,-0.39380355792900384
157.9060233314832,-0.393760024490241
158.0766899983088,-0.39371585154019867
158.24735666513442,-0.393671034574272
158.41802333196006,-0.39362557953676447
158.5886899979909,-0.3935794772572243
158.75935666481655,-0.3935327397826442
158.93002333164216,-0.39348535619494557
159.10068999846777,-0.39343734316713636
159.27135666529335,-0.39338868911737684
159.44202333211896,-0.3933394075959613
159.6126899989446,-0.39328948793582963
159.78335666497549,-0.3932389484388083
159.9540233318011,-0.3931877782553345
160.1246899986267,-0.3931359907041585
160.29533333142598,-0.3930835768521637
160.4659999982516,-0.39303054756596656
160.63666666507723,-0.39297689486547394
160.80733333110808,-0.3929226214402101
160.9779999979337,-0.3928677220002746
161.14866666475933,-0.3928122063394479
161.31933333158491,-0.39275606446914973
161.48999999841052,-0.39269930789060536
161.66066666523616,-0.39264194370583483
161.83133333206177,-0.3925839814433385
162.00199999809266,-0.3925254082640252
162.17266666491827,-0.39246622808071696
162.34333333174388,-0.39240644227846894
162.5139999985695,-0.39234605471824946
162.6846666653951,-0.3922850646883299
162.8553333322207,-0.3922234766287817
163.02599999904632,-0.3921612858561025
163.1966566650073,-0.392098496703949
163.3673233318329,-0.392035105808398
163.53798999865847,-0.3919711177642379
163.7086566654841,-0.39190653043564316
163.87932333230975,-0.3918413474793016
164.04998999754588,-0.3917755758682503
164.22065666437146,-0.39170921319621094
164.3913233311971,-0.3916422552197146
164.56198999802274,-0.39157471065665067
164.73265666484832,-0.3915065740308593
164.90332333167393,-0.3914378475463611
165.07398999849957,-0.39136853174347075
165.24465666532518,-0.3912986280923179
165.41532333135606,-0.39122812925411127
165.58598999818167,-0.3911570421506556
165.75665666500726,-0.3910853599512326
165.9273233318329,-0.39101308253779676
166.0979899986585,-0.3909401890931273
166.2686433315277,-0.39086668420870374
166.4392999990781,-0.3907925415702022
166.609966665109,-0.3907177725985758
166.7806333319346,-0.3906423551343748
166.95129999876022,-0.3905663061542943
167.12196666558586,-0.39048958763802094
167.29263333241144,-0.39041222896858296
167.4632999976476,-0.3903341996787643
167.6339666644732,-0.3902555266539796
167.80463333129882,-0.39017618656902947
167.97529999812443,-0.3904215803961832
168.14596666495004,-0.39066556637897437
168.31663333098095,-0.3909082390379955
168.48729999780653,-0.3911494794518616
168.65796666463217,-0.3913893771865531
168.82863333145775,-0.39162781001644104
168.99928999821344,-0.39186488570461186
169.16995666503902,-0.3921004935831287
169.3406233318647,-0.39233473437829997
169.51128999869027,-0.3925674692791611
169.68195666472116,-0.39279881034877967
169.8526233315468,-0.39302861342455053
170.0232899983724,-0.3932569952607459
170.19395666519802,-0.39348380125638976
170.36462333202363,-0.3937091768991479
170.53528999884924,-0.39393297293060797
170.70595666567485,-0.3941553136617199
170.87662333170573,-0.3943760431791835
171.04728999853134,-0.3945952898603493
171.21795666535695,-0.3948128789616212
171.3886233321826,-0.3950289669377886
171.55928999900817,-0.3952433943404708
171.7299566642443,-0.3954563141659707
171.90059999783836,-0.39566756765641214
172.07126666466394,-0.3958773044059499
172.24193333148955,-0.39608537016834283
172.4125999983152,-0.39629191912305084
172.5832666651408,-0.3964967859301935
172.75393333196638,-0.39670012765944535
172.9245999979973,-0.3969017779916268
173.0952666648229,-0.39710189305082594
173.2659333316485,-0.39730031043354463
173.43659999847415,-0.39749718927322747
173.60726666529973,-0.39769238191180883
173.77793333212537,-0.3978860402785147
173.94859999895095,-0.3980780081255269
174.11926666577656,-0.39826843349016233
174.28993333180748,-0.39845713874643446
174.46058999856314,-0.39864427827292476
174.63125666538878,-0.39882968051555084
174.80192333221436,-0.39901351255894957
174.97258999903997,-0.3991956020807103
175.14325666427612,-0.39937611883022966
175.3139233311017,-0.3995548907931111
175.48458999792737,-0.3997320866814266
175.65525666475295,-0.39990752820708375
175.82592333157857,-0.40008139806908094
175.99658999840418,-0.4002535359682642
176.16725666522981,-0.4004241074932048
176.3379233312607,-0.40059293629188963
176.50858999808628,-0.40076018019971305
176.67925666491192,-0.4009256611890324
176.84992333173753,-0.4010895345612596
177.02058999856314,-0.4012516343516768
177.1912466653188,-0.4014121362424645
177.36189999898275,-0.40157088478480935
177.5325666650136,-0.40172803717260125
177.70323333183924,-0.40188343364125473
177.87389999866485,-0.40203723613841463
178.04456666549046,-0.4021892785423356
178.21523333231607,-0.40233972278431346
178.38589999914169,-0.4024883982803367
178.55656666437784,-0.4026354573640663
178.72723333120345,-0.40278072182771957
178.89789999802906,-0.40292436226390865
179.0685666648547,-0.4030661946375856
179.23923333168028,-0.4032063864206491
179.4098999977112,-0.4033447619401918
179.5805666645368,-0.4034814781850048
179.7512333313624,-0.403616364654253
179.92189999818802,-0.403749596405486
180.0925566649437,-0.40388100496489593
180.26322333176932,-0.40401076231064964
180.4338899985949,-0.4041386951914914
180.60455666462582,-0.4042649768589962
180.77522333145143,-0.4043894280570272
180.94588999827704,-0.40451222217281535
181.11655666510265,-0.40463317053757225
181.28722333192826,-0.40475244401221555
181.4578899987539,-0.4048698758544982
181.62855666557948,-0.40498564340985765
181.79922333161034,-0.4050995780426503
181.96988999843597,-0.4052118505179696
182.14055666526158,-0.405322283236548
182.3112233320872,-0.40543105103976046
182.4818899989128,-0.4055379869609169
182.6525466656685,-0.4056432673622459
182.82319999774296,-0.4057467311113087
182.99386666456857,-0.4058485440297781
183.1645333313942,-0.4059485313804941
183.33519999821982,-0.40604684752274584
183.5058666650454,-0.40614332633649913
183.67653333187104,-0.4062381274557282
183.84719999869665,-0.40633106557203574
184.01786666472753,-0.4064223160679169
184.18853333155312,-0.4065117027826434
184.35919999837876,-0.406599406994655
184.52986666520437,-0.4066852643975449
184.70053333202998,-0.4067694560526548
184.8711999988556,-0.4068518338874611
185.04185666561128,-0.40693255467025335
185.21252333164216,-0.4070114571286971
185.38318999846777,-0.4070886920198291
185.55385666529338,-0.40716409835839285
185.72452333211896,-0.4072378246298889
185.8951899989446,-0.4073096902402111
186.06585666497548,-0.4073798470732575
186.23652333100637,-0.40744810994517744
186.40718999783198,-0.4075146557067806
186.57785666465756,-0.40757929870157106
186.74852333148323,-0.40764221006434875
186.9191899983088,-0.40770320936664367
187.08985666513442,-0.40776247149634676
187.26052333196003,-0.40781982577580866
187.43118999799094,-0.40787544530967296
187.60183333158494,-0.40792914365772476
187.77249999841055,-0.40798109815713735
187.94316666523616,-0.4080311402503003
188.11383333206177,-0.4080794352994101
188.28449999888738,-0.4081258268404743
188.455166665713,-0.40817045388535395
188.62583333174388,-0.40821314199420294
188.7964999985695,-0.4082540581419845
188.9671666653951,-0.4082930003364966
189.1378333322207,-0.40833013044751026
189.30849999904632,-0.40836524800200624
189.47916666428247,-0.40839852354372014
189.6498333311081,-0.40842976497296357
189.82049999793372,-0.4084591607815368
189.99116666475933,-0.4084865216213554
190.16183333158492,-0.4085120211882662
190.33249999841055,-0.4085354590034425
190.50315666516622,-0.4085570050911422
190.67382333199185,-0.4085764576405001
190.84448999802274,-0.4085939817372381
191.01515666484835,-0.40860933562523677
191.18582333167396,-0.4086226872113187
191.35648999849954,-0.40863380411243116
191.52715666532518,-0.408642863502513
191.69782333135603,-0.40864962690376305
191.86848999818167,-0.40865427378944674
192.03915666500728,-0.40865657192599447
192.2098233318329,-0.40865669955343986
192.3804899986585,-0.4086544256227797
192.55115666548414,-0.4086499530955101
192.72182333230973,-0.4086430803411984
192.89248999834064,-0.4086340010494009
193.0631433312098,-0.4086225135542217
193.2337999979655,-0.40860881628253176
193.40446666479107,-0.40859271310081136
193.5751333316167,-0.4085743968985262
193.7457999976476,-0.40855365005130495
193.91646666447323,-0.4085306586249428
194.08713333129882,-0.40850520796781026
194.25779999812443,-0.4084774969304926
194.42846666495007,-0.40844731302739296
194.59913333177565,-0.4084148523538184
194.7697999986013,-0.4083798995477574
194.94046666542687,-0.4083426580774554
195.11113333145778,-0.40830291147835557
195.2817999982834,-0.40826086018668667
195.45246666510897,-0.4082162834145719
195.6231333319346,-0.40816938671399833
195.79378999869027,-0.4081199612912679
195.9644566655159,-0.4080681985550697
196.13512333234152,-0.4080138934373798
196.3057899983724,-0.40795725375171293
196.476456665198,-0.4078980894989496
196.6471233320236,-0.40783659116258736
196.81778999884926,-0.4077725654758129
196.98845666567485,-0.4077062074955868
197.15912333091097,-0.4076373274380074
197.32978999773664,-0.4075661197111916
197.50045666456222,-0.4074923834895464
197.67112333138783,-0.40741631350299967
197.84178999821341,-0.4073377178075871
198.01244333187742,-0.4072568029913845
198.18309999863305,-0.407173376753617
198.35376666466397,-0.407087637646326
198.52443333148955,-0.40699939517097145
198.6950999983152,-0.4069088617748695
198.8657666651408,-0.406815864015823
199.0364333319664,-0.4067205916426223
199.20709999879202,-0.40662284060263015
199.37776666561763,-0.40652280884564485
199.54843333244327,-0.40642031969813813
199.71909999847415,-0.40631557094297366
199.88976666529973,-0.4062083732187969
200.06043333212534,-0.4060989312482731
200.23109999895095,-0.40598706712449545
200.4017666657766,-0.40587297341377976
200.57243333101275,-0.40575647986459923
200.7430899977684,-0.40563777312486565
200.91375666459402,-0.4055166822140062
201.08442333141963,-0.40539340128578166
201.25508999824524,-0.40526777166745026
201.42575666507082,-0.405139974896227
201.5964233318965,-0.40500984595019207
201.76708999792734,-0.40487756113221546
201.93775666475295,-0.4047429599054494
202.10842333157856,-0.4046062159831852
202.2790899984042,-0.40446717801425014
202.4497566652298,-0.404326009060829
202.62042333126067,-0.4041825580202299
202.7910899980863,-0.40403698611317007
202.9617566649119,-0.40388915213232246
203.13242333173753,-0.40373921793220624
203.3030899985631,-0.403587038214851
203.4737333321571,-0.40343276471309825
203.64439999898272,-0.40327625786932225
203.81506666580836,-0.40311767209669586
203.98573333104451,-0.40295687569366206
204.1563999978701,-0.40279401746498644
204.3270666646957,-0.4026289481740402
204.49773333152137,-0.40246180958997013
204.66839999834696,-0.40229245962831706
204.83906666437784,-0.4021210507854837
205.00973333120345,-0.401947463172914
205.1803999980291,-0.4017718400015188
205.35106666485473,-0.40159405659402847
205.5217333316803,-0.4014142607550431
205.69238999843597,-0.4012323320611001
205.86305666526158,-0.4010483926246806
206.03372333129246,-0.4008623201400933
206.20438999811807,-0.4006742450812018
206.3750566649437,-0.4004840409214827
206.5457233317693,-0.4002918383883389
206.71638999859493,-0.4000975092645771
206.88705666542054,-0.3999011794987439
207.05772333224613,-0.3997027206732193
207.22838999827704,-0.39950226423087243
207.39905666510262,-0.3992996788744894
207.56972333192826,-0.399095088374445
207.74038999875387,-0.3988883624686389
207.91105666557945,-0.3986796261795862
208.0817233324051,-0.3984687504282282
208.25238999764127,-0.39825585940457753
208.42303333123527,-0.3980408214994823
208.59369999806086,-0.39782377039740563
208.7643666648865,-0.3976045705541921
208.93503333171208,-0.3973833524953588
209.1056999985377,-0.3971599826809878
209.27636666536333,-0.39693459196461095
209.44703333139424,-0.3967070483777466
209.61769999821982,-0.39647748029127317
209.7883666650454,-0.3962457550158847
209.959033331871,-0.3960120053931699
210.12969999869665,-0.3957760943067706
210.30036666552223,-0.39553815656917485
210.47103333234787,-0.39529804916164346
210.6416899983088,-0.3950559065912235
210.81235666513444,-0.3948115910900906
210.98302333196003,-0.39456523901431745
211.15368999878564,-0.39431671281106495
211.32435666561128,-0.3940661450002215
211.49502333164213,-0.39381339091233425
211.66568999767304,-0.3935585860298896
211.83635666449862,-0.3933015852835827
212.00702333132426,-0.39304252591867284
212.1776899981499,-0.3927812572884984
212.34835666497548,-0.3925179156419698
212.5190233318011,-0.39225235742166686
212.68968999862668,-0.3919847172674636
212.8603566646576,-0.39171484765673703
213.03102333148323,-0.3914428977840162
213.20167666514712,-0.39116870878215204
213.37233333190278,-0.39089242091808335
213.54299999872842,-0.3906138884982919
213.71366666555406,-0.3903332514804883
213.88433333237967,-0.3900503556041178
214.0549999984105,-0.38976534349101805
214.22566666523616,-0.38947805223210596
214.39633333206174,-0.38918862097516405
214.56699999888738,-0.38889689077730316
214.737666665713,-0.3886030123445838
214.90833333094915,-0.38830682689322055
215.07899999777473,-0.38800847824480694
215.24966666460037,-0.3877078136967633
215.42033333142598,-0.3874049789844016
215.59098999818167,-0.38709981978025754
215.76165666500728,-0.3867924726331978
215.93232333183286,-0.38648278450653106
216.1029899986585,-0.3861709014373938
216.27365666468936,-0.38585666461606655
216.444323331515,-0.38554021701285296
216.6149899983406,-0.3852213982829841
216.7856566651662,-0.38490035972737635
216.95632333199183,-0.3845769383778926
217.12698999802274,-0.384251281850192
217.29765666484832,-0.3839232272370364
217.46832333167396,-0.38359292432188963
217.63898999849954,-0.38326021142049005
217.80965666532515,-0.3829252431032236
217.9803233321508,-0.38258786679297413
218.15097666581468,-0.38224821805550624
218.32163333098097,-0.3819061391677948
218.49229999780655,-0.38156178179848516
218.66296666463217,-0.3812149958608384
218.83363333145775,-0.3808659304918198
219.0042999982834,-0.38051443735400287
219.17496666431424,-0.38016066063196235
219.34563333113988,-0.37980444631706506
219.51629999796546,-0.3794459429855477
219.6869666647911,-0.3790849835958271
219.8576333316167,-0.37872171588150644
220.02829999844235,-0.3783559820488238
220.19896666526793,-0.37798793378413764
220.3696233320236,-0.37761740301034896
220.5402899980545,-0.3772445423790154
220.71095666488014,-0.37686919361562776
220.88162333170573,-0.3764915066293979
221.05228999853134,-0.376111318957041
221.22295666535697,-0.37572878740277194
221.39362333218259,-0.37534375461640507
221.56428999900817,-0.37495636982776287
221.73495666503905,-0.37456647272627785
221.90562333186466,-0.37417422645172554
222.0762899986903,-0.373779469228663
222.24695666551594,-0.37338236153653886
222.41762333234152,-0.3729827351201918
222.588276664416,-0.3725807492676275
222.7589333311717,-0.37217624162145346
222.9295999979973,-0.3717693669856946
223.1002666648229,-0.3713599613667817
223.27093333164854,-0.3709481800920247
223.44159999847415,-0.3705338615924648
223.61226666529973,-0.3701171587972453
223.7829333313306,-0.36969791152227593
223.95359999815622,-0.369276270875876
224.12426666498186,-0.36885207369940465
224.29493333180744,-0.3684254801645623
224.46559999863308,-0.3679963246354057
224.6362666654587,-0.3675647694073155
224.80693333228433,-0.36713064699539183
224.9775999991099,-0.3666941356835336
225.14826666514077,-0.3662550705473563
225.31892333189649,-0.3658135920463819
225.48958999872207,-0.36536954248766657
225.6602566655477,-0.36492307747010444
225.8309233323733,-0.36447403765845243
226.00158999760947,-0.36402258643595414
226.17225666443505,-0.36356856060589904
226.3429233312607,-0.3631121217710299
226.5135899980863,-0.36265310315373306
226.68425666491194,-0.36219167208814096
226.85492333173752,-0.3617276675332568
227.0255899985631,-0.3612612437458475
227.19625666459402,-0.36079223997331233
227.36692333141963,-0.36032081459173654
227.53756666501363,-0.3598467989001164
227.70823333183927,-0.3593703636145626
227.87889999866485,-0.35889134847872506
228.04956666549046,-0.35840991366460967
228.2202333323161,-0.35792589371544736
228.39089999834695,-0.3574394608863675
228.5615666651726,-0.3569504472882338
228.7322333319982,-0.3564590215457933
228.90289999882384,-0.35596502363537036
229.07356666564942,-0.3554686101252037
229.244233332475,-0.35496961540814115
229.4148999977112,-0.354468208537485
229.58556666453683,-0.35396425119243796
229.7562333313624,-0.35345789951114615
229.92689999818805,-0.3529490031475956
230.09756666501363,-0.3524377056893916
230.26822333176932,-0.3519238445077846
230.4388899985949,-0.3514075846598029
230.60955666462579,-0.35088876851067347
230.78022333145145,-0.35036756753806775
230.95088999827703,-0.3498438162881075
231.12155666510267,-0.34931767446700795
231.29222333192826,-0.34878897415696525
231.46288999795917,-0.34825788142235575
231.63355666478475,-0.3477242322675779
231.80422333161036,-0.34718820314221366
231.974889998436,-0.3466496235091555
232.14555666526158,-0.3461086634113012
232.3162233320872,-0.34556516503040247
232.4868666656812,-0.3450193055238909
232.6575333317121,-0.3444709237599103
232.82819999774296,-0.34392018808870917
232.9988666645686,-0.3433669371769697
233.16953333139423,-0.3428113351297497
233.34019999821982,-0.34225323237154687
233.5108666650454,-0.34169279687541054
233.6815333310763,-0.3411298791745387
233.85219999790192,-0.3405646396506323
234.0228666647275,-0.3399969394203728
234.19353333155314,-0.3394269368129811
234.36419999837875,-0.3388544890026692
234.5348666652044,-0.33827975385992365
234.70552333196002,-0.3377026014276342
234.87618999799096,-0.3371231738845514
235.04685666481654,-0.3365413360730676
235.21752333164213,-0.33595723501250363
235.38818999846777,-0.3353707325152377
235.55885666529338,-0.3347819749977656
235.72952333211896,-0.33419082766663555
235.9001899989446,-0.3335974377769255
236.07085666497545,-0.3330017016156756
236.2415233318011,-0.3324037627876123
236.41218999862673,-0.33180350425553495
236.5828566654523,-0.33120106466690546
236.7534999982516,-0.3305963311186086
236.9241666650772,-0.3299894270363054
237.09483333110808,-0.3293802443686867
237.2654999979337,-0.32876891127782676
237.43616666475933,-0.3281553098075092
237.60683333158494,-0.3275395626903351
237.77749999841052,-0.32692155836465603
237.94816666523616,-0.3263014257779826
238.11883333206174,-0.3256790324751945
238.28949999809265,-0.32505450469281566
238.4601666649183,-0.32442772450065466
238.63083333174387,-0.3237988216628967
238.80149999856948,-0.32316767111004874
238.97216666539506,-0.32253440123168414
239.1428333322207,-0.3218988849675239
239.31349999904631,-0.3212612559798104
239.4841666650772,-0.3206213978996867
239.65482333183292,-0.31997943690754754
239.8254899986585,-0.319335260272316
239.9961566654841,-0.318688993277548
240.16682333230975,-0.3180405282227383
240.3374899975459,-0.31738997957280257
240.50815666437148,-0.31673724256211844
240.6788233311971,-0.31608243618004106
240.84948999802273,-0.31542544396258426
241.02015666484832,-0.31476639236423803
241.19082333167393,-0.314105160071467
241.36148999849956,-0.3134418704034828
241.5321566653252,-0.3127764012922687
241.70279999812442,-0.31210888032478973
241.87346666495006,-0.311439196188292
242.04413333177567,-0.310767476343828
242.21479999860125,-0.31009359447875623
242.3854666654269,-0.3094176847620889
242.5561333322525,-0.3087396222496338
242.72679999907808,-0.30805953851715534
242.897466665109,-0.3073773054782265
243.06813333193458,-0.306693055928925
243.23879999876021,-0.30600667694122624
243.40946666558585,-0.305318296484649
243.58013333241146,-0.3046277981044404
243.75079999764756,-0.30393531032883364
243.92145666440328,-0.3032407226753704
244.09212333122892,-0.30254416396516975
244.2627899980545,-0.3018455370010458
244.4334566648801,-0.30114496070452673
244.6041233317057,-0.30044233901109196
244.77478999853133,-0.2997377938806403
244.94545666456224,-0.29903122608235017
245.11612333138783,-0.29832276451511547
245.2867899982134,-0.2976123430130642
245.45745666503908,-0.2969000946265456
245.62812333186466,-0.29618597839425126
245.7987899986903,-0.29547012357394636
245.9694566647212,-0.2947525379987727
246.1400999991099,-0.29403332405215654
246.31076666514076,-0.29331252152098725
246.4814333319664,-0.29259022242978155
246.65209999879198,-0.29186652460476803
246.82276666561765,-0.2911415260492518
246.99343333244323,-0.29041535260682355
247.1640999976794,-0.2896880827247066
247.33476666450503,-0.28895987310311616
247.5054333313306,-0.2882308050955543
247.67609999815622,-0.2875010613881218
247.8467666649818,-0.28677065414122294
248.0174333310127,-0.2860397665508842
248.1880899985631,-0.2853084086896947
248.358756664594,-0.28457674653507586
248.52942333141965,-0.28384473595219545
248.70008999824523,-0.28311252401555587
248.87075666507084,-0.2823800434247226
249.04142333189648,-0.28164743974664697
249.21208999792734,-0.28091462542591406
249.38275666475292,-0.28018174282102787
249.55342333157859,-0.2794487102741858
249.72408999840417,-0.2787156683278955
249.8947566652298,-0.2779825218713525
250.0654233320554,-0.27724940148591054
250.23608999888103,-0.2765162078372341
250.4067466656367,-0.2757830637454915
250.5773999977112,-0.2750498695165168
250.7480666645368,-0.2743167445848319
250.9187333313624,-0.27358358495823926
251.089399998188,-0.27285050289839013
251.26006666501362,-0.2721173948451408
251.43073333104448,-0.271384371340457
251.60139999787012,-0.2706513302672804
251.77206666469573,-0.26991837941164243
251.94273333152137,-0.2691854192719361
252.113399998347,-0.2684525594562634
252.2840666651726,-0.26771970519248056
252.4547333319982,-0.26698696299841856
252.62538999795916,-0.26625423369632656
252.79605666478474,-0.2655216210723476
252.96672333161035,-0.2647890268097339
253.137389998436,-0.26405655405682554
253.30805666526157,-0.2633241051441188
253.4787233320872,-0.2625917817705568
253.64938999891282,-0.26185948848973545
253.8200566649437,-0.26112733029692753
253.99072333176932,-0.26039521377231173
254.1613899985949,-0.2596632412737312
254.33205666542054,-0.2589313163001072
254.50272333224615,-0.2581995389767969
254.67338999907173,-0.2574678107153539
254.84405666430789,-0.2567362312288203
255.01472333113355,-0.2560047030970778
255.18538999795913,-0.2552733256508111
255.35604666471482,-0.2545420022592432
255.52669999837877,-0.2538108323349568
255.69736666520436,-0.253079720719578
255.86803333202997,-0.2523487653979931
256.0386999980609,-0.2516178675506091
256.2093666648865,-0.2508871216301692
256.38003333171207,-0.2501564295165906
256.55069999853765,-0.24942588688281836
256.72136666536323,-0.24869539941488436
256.89203333218893,-0.24796506472455157
257.0626899989446,-0.24723478921774913
257.2333566649755,-0.2465046708217634
257.4040233318011,-0.24577461652198593
257.5746899986267,-0.245044723539332
257.7453566654523,-0.2443148976957987
257.9160233322779,-0.24358523654044212
258.0866899983088,-0.24285564667462572
258.2573566643397,-0.2421262245191094
258.4280233311653,-0.24139687737283735
258.5986899979909,-0.2406677016671376
258.76935666481654,-0.23993860618051174
258.9400233316422,-0.23920968705258489
259.11068999846776,-0.2384808519704197
259.2813566652934,-0.23775219340802292
259.45202333132426,-0.2370236178123421
259.6226766649882,-0.2362952154584071
259.79333333174384,-0.23556689403404696
259.9639999985695,-0.23483874242346212
260.1346666653951,-0.23411067019255616
260.30533333222075,-0.2333827638427237
260.47599999904634,-0.23265493355812175
260.6466666650772,-0.23192726339147343
260.8173333319029,-0.2311996650540954
260.98799999872847,-0.23047222008470916
261.15866666555405,-0.22974484172970389
261.32933333237963,-0.22901761035186902
261.49998999754587,-0.22829044288850567
261.67065666437145,-0.22756341703478908
261.8413233311971,-0.22683644919299345
262.0119899980227,-0.22610961413161712
262.1826566648483,-0.22538282963717363
262.353323331674,-0.22465616780006117
262.5239899984996,-0.22392954841758603
262.69465666532517,-0.22320304024256937
262.8653233313561,-0.22247656502455398
263.03598999818166,-0.22175018777053004
263.20665666500724,-0.22102383262723455
263.3773233318329,-0.22029756184772173
263.54798999865847,-0.21957130283905318
263.7186566646894,-0.21884511532299933
263.88932333151496,-0.21811892950952536
264.05997666517897,-0.21739280370620528
264.23063333193465,-0.21666666991630432
264.40129999876024,-0.21594058430604876
264.5719666655858,-0.2152144806501199
264.7426333324114,-0.21448841146427863
264.9132999976476,-0.21376231256136102
265.0839666644732,-0.2130362338054227
265.2546333312988,-0.2123101133148623
265.42529999812444,-0.21158399790059712
265.59596666495,-0.21085782887931542
265.7666233317057,-0.21013164943640145
265.93728999853136,-0.20940540319000414
266.10795666456227,-0.2086791295012509
266.27862333138785,-0.20795277360942588
266.44928999821343,-0.20722637191509807
266.619956665039,-0.2064998707173198
266.79062333186465,-0.20577330375494182
266.96128999869023,-0.2050466210205363
267.1319566647212,-0.20431985048307616
267.3026233315468,-0.2035929437448877
267.4732899983724,-0.20286592401098846
267.643956665198,-0.20213874804960083
267.81462333202364,-0.20141143691098962
267.9852666656176,-0.2006839499266735
268.1559333324432,-0.19995630458260785
268.3265999976794,-0.199228463650366
268.497266664505,-0.19850044119848934
268.66793333133063,-0.1977722043381584
268.83859999815627,-0.19704376420867217
269.00926666498185,-0.1963150893287798
269.1799333310127,-0.1955861894368395
269.35059999783834,-0.194857037000619
269.5212666646639,-0.1941276395799259
269.6919333314895,-0.1933979721664351
269.8625999983152,-0.19266803883530764
270.03325666507084,-0.19193781583051014
270.20392333189653,-0.19120730503902442
270.3745899979274,-0.1904764851022449
270.54525666475297,-0.18974535382543525
270.7159233315786,-0.1890138937247459
270.8865899984042,-0.18828210141303148
271.05725666522983,-0.18754996125888168
271.2279233320554,-0.18681746827222187
271.398589998881,-0.18608460916967098
271.5692566657067,-0.18535137595475387
271.73992333173754,-0.18461775669845706
271.9105899985631,-0.183883740855514
272.08125666538876,-0.18314932082398455
272.25191333214445,-0.18241448470556637
272.4225666650137,-0.1816792264629487
272.5932333310445,-0.18094353306181724
272.7638999978701,-0.18020740058893592
272.93456666469575,-0.17947081377981192
273.1052333315214,-0.17873376973452204
273.275899998347,-0.17799624981986129
273.44656666517255,-0.17725825329578523
273.6172333319982,-0.1765197600675115
273.78789999802905,-0.1757807711414352
273.9585666648547,-0.17504126314926394
274.1292333316803,-0.17430124036859834
274.2998999985059,-0.17356067979126424
274.4705566652616,-0.17281958496525998
274.6412233320872,-0.17207792911678613
274.8118899989128,-0.17133572085463064
274.9825566649437,-0.17059293281639928
275.1532233317693,-0.16984957566687162
275.3238899985949,-0.16910562068125554
275.49455666542053,-0.16836108026201324
275.66522333224617,-0.1676159246189992
275.83588999907175,-0.16687016576976935
276.0065566643079,-0.16612377215700272
276.1772233311335,-0.16537675960688913
276.3478899979591,-0.16462909614247645
276.5185566647848,-0.1638807972851353
276.68919999837874,-0.16313182585499533
276.8598666652044,-0.16238220042411972
277.03053333202996,-0.16163188203506768
277.2011999980608,-0.16088089158324742
277.3718666648864,-0.16012919141119275
277.5425333317121,-0.1593768041592428
277.71319999853773,-0.15862368923632839
277.88386666536337,-0.157869870903072
278.05453333218895,-0.15711530653146846
278.22519999901454,-0.1563600237395777
278.39586666504545,-0.15560398272857318
278.566533331871,-0.15484721128072096
278.7371999986966,-0.15408966679900515
278.90785666545236,-0.1533313809411537
279.07852333227794,-0.15257231775973581
279.2491899983089,-0.1518125067555207
279.4198566643397,-0.15105190662165074
279.59052333116534,-0.15029054867658523
279.7611899979909,-0.14952839133004345
279.93185666481656,-0.14876546651883635
280.10252333164215,-0.1480017250029013
280.2731899984677,-0.14723719944953712
280.4438566652933,-0.1464718434293809
280.6145233313242,-0.14570569166154806
280.78518999814986,-0.1449386965522726
280.9558433318138,-0.14417089361801128
281.1264999985695,-0.1434022313088468
281.2971666653951,-0.14263274975263163
281.4678333322207,-0.14186239017002675
281.6384999990463,-0.14109119270009327
281.8091666650772,-0.14031910412612897
281.9798333319028,-0.1395461668594435
282.15049999872844,-0.13877232025334882
282.321166665554,-0.13799761107931283
282.4918333323796,-0.1372219827999805
282.6624999976158,-0.13644548663570266
282.8331666644414,-0.13566806039601723
283.003833331267,-0.13488975496567765
283.1744999980926,-0.13411050990725254
283.34515666484833,-0.13333037365580852
283.5158233316739,-0.13254928513477054
283.68648999849955,-0.13176729468388312
283.8571566653252,-0.130984340413271
284.02782333135605,-0.13020047410969465
284.1984899981816,-0.12941564099125655
284.36915666500727,-0.12862989022656
284.53982333183285,-0.12784315464932908
284.71048999865855,-0.1270554857783361
284.8811333322525,-0.126266814130226
285.05179999907807,-0.12547719800596374
285.222466665109,-0.12468656639971784
285.39313333193456,-0.12389498152062965
285.56379999876026,-0.12310237106712199
285.73446666558584,-0.12230879918901806
285.9051333324115,-0.12151419003188715
286.0757999976476,-0.12071861232336926
286.2464666644732,-0.1199219888087655
286.4171333312988,-0.11912438481984601
286.5877999981244,-0.11832572682417435
286.75846666495005,-0.1175260826726137
286.92912333170574,-0.11672537646381377
287.0997899985313,-0.11592367671503138
287.2704566645622,-0.11512090865331992
287.4411233313878,-0.11431714132065321
287.6117899982134,-0.11351230086178346
287.7824566650391,-0.11270645722627512
287.9531233318647,-0.11189953536392368
288.1237899986903,-0.11109160533364607
288.29445666472117,-0.11028259330689166
288.4651233315468,-0.10947256469691424
288.6357899983724,-0.10866144254578951
288.80645666519797,-0.10784929271373793
288.9771233320236,-0.10703603392889297
289.1477899988492,-0.10622173834041773
289.31843333244325,-0.1054063296033745
289.48909999767943,-0.10458988001580129
289.659766664505,-0.10377231960994628
289.8304333313306,-0.10295372138975653
290.00109999815623,-0.10213401426229847
290.1717666649818,-0.10131326858140048
290.34243333101267,-0.10049140787681037
290.51309999783837,-0.09966851909886207
290.68376666466395,-0.09884457361249212
290.8544333314896,-0.09801964678666626
291.02509999831517,-0.09719371466367595
291.19576666514075,-0.09636684804493956
291.3664233318965,-0.09553904533314035
291.53708999792735,-0.09471036461080402
291.707756664753,-0.09388080754866163
291.8784233315786,-0.09305041283186645
292.04908999840416,-0.09221918002326908
292.21975666522985,-0.0913871345304015
292.39042333205543,-0.09055428171404001
292.561089998881,-0.08972064503566404
292.73175666570665,-0.08888623900987756
292.9024233317375,-0.08805107523496365
293.07306666453684,-0.0872151667444186
293.2437333313624,-0.08637851576612254
293.414399998188,-0.08554112998355738
293.58506666501364,-0.08470300695978354
293.75573333104455,-0.08386415272765396
293.92639999787013,-0.08302456534075787
294.0970666646957,-0.08218425199574173
294.26773333152136,-0.08134321181038447
294.43839999834694,-0.08050144770292775
294.6090666651726,-0.07965895719425647
294.7797333319982,-0.07881574364295056
294.95039999802907,-0.0779718068878636
295.1210666648547,-0.07712714460262343
295.29172333161034,-0.0762817573523513
295.462389998436,-0.07543564889995802
295.6330566652616,-0.07458882113462086
295.8037233320872,-0.07374127751836343
295.9743899989128,-0.07289301611369037
296.1450566649437,-0.07204403748635682
296.31572333176933,-0.07119433977192004
296.4863899985949,-0.07034392502811379
296.6570566654205,-0.06949279098748107
296.8277233322462,-0.0686409390092425
296.9983899990718,-0.06778836729401452
297.16905666430796,-0.06693507382078358
297.3397133310636,-0.06608105509805916
297.51036666472754,-0.06522630444478546
297.6810333315531,-0.06437082229863378
297.85169999837876,-0.06351460353864812
298.0223666652044,-0.06265765028074999
298.19303333203,-0.061799956752655184
298.3636999980609,-0.0609415244598496
298.53436666488653,-0.06008234561754763
298.7050333317121,-0.05922242467798357
298.8756999985377,-0.05836175563886628
299.04635666529333,-0.057500343676250544
299.21702333211897,-0.05663817723061009
299.38768999894467,-0.05577526145741688
299.5583566649755,-0.054911591805949594
299.7290233318011,-0.05404717658358399
299.89968999862674,-0.053182006407428845
300.0703566654523,-0.052316087876284945
300.2410233322779,-0.05144940871631135
300.4116899983088,-0.05058197589185863
300.5823566643397,-0.04971377777901766
300.7530233311653,-0.048844822196297086
300.9236899979909,-0.047975100878375386
301.0943566648165,-0.04710462407606925
301.2649999984106,-0.04623338457418839
301.43566666523617,-0.04536138931045124
301.6063333320618,-0.04448863172505616
301.77699999809266,-0.043615118660605794
301.94766666491824,-0.04274084166682742
302.1183333317439,-0.04186580814924174
302.28899999856947,-0.04099001169030797
302.45966666539505,-0.04011345893435974
302.6303333322207,-0.0392361436554331
302.8009999990463,-0.038358070602697726
302.9716666650772,-0.037479233437601775
303.14233333190276,-0.03659963584104937
303.31299999872846,-0.03571927161354343
303.4836566654841,-0.03483814698259001
303.65432333230973,-0.033956253484335765
303.8249899975459,-0.03307359498716898
303.9956566643715,-0.032190158815935246
304.1663233311971,-0.031305951813502306
304.3369899980227,-0.03042096519828576
304.50765666484835,-0.02953520698576469
304.67832333167394,-0.02864866805823251
304.8489899984995,-0.02776136100964741
305.01965666532516,-0.026873280328229665
305.190323331356,-0.025984435540021316
305.3609899981817,-0.0250948207714394
305.5316433318456,-0.024204441931766133
305.70229999860123,-0.02331328900596843
305.8729666654269,-0.02242137146475666
306.04363333225245,-0.021528683514986307
306.21429999907815,-0.020635232217465684
306.384966665109,-0.019741002239846726
306.55563333193464,-0.018846001176828966
306.7262999987602,-0.017950215951936258
306.89696666558586,-0.017053655383542903
307.06763333241145,-0.016156301978257494
307.2382899975777,-0.01525816513909903
307.40895666440326,-0.01435922634037394
307.5796233312289,-0.013459498747714817
307.7502899980545,-0.012558966980032765
307.92095666488007,-0.011657641596521886
308.0916233317057,-0.010755496815656414
308.2622899985313,-0.009852546583507898
308.43295666456225,-0.008948766715098647
308.60362333138784,-0.008044173995927183
308.7742899982135,-0.007138741932877673
308.94495666503906,-0.006232488394877574
309.11562333186464,-0.00532538398644182
309.2862899986903,-0.004417447372081189
309.4569333322843,-0.0035086476489876567
309.6275999991099,-0.0025990115730158327
309.79826666514083,-0.0016885156556168143
309.9689333319664,-0.0007771799184915331
310.13959999879205,0.00013502572319779816
310.31026666561763,0.001048079784816333
310.4809333324432,0.0019620156235168455
310.6515999976794,0.0028768077682932267
310.822266664505,0.003792490680140576
310.99292333126067,0.004709035932346075
311.16358999808625,0.005626484148897922
311.3342566649119,0.006544806278508084
311.5049233317376,0.007464040221129424
311.67558999856317,0.008384163926953693
311.846256664594,0.009305221283274066
312.01692333141966,0.010227182919898676
312.18758999824524,0.01115009642253023
312.3582566650709,0.01207392870893299
312.52892333189646,0.01299874026626749
312.6995899979273,0.01392449347680559
312.870256664753,0.014851242576903496
313.0409233315786,0.015778937883829294
313.21157999833423,0.016707633943163765
313.38223333199824,0.01763728669065342
313.5528999988238,0.018567952770447524
313.7235666656494,0.019499585110932742
313.89423333247504,0.02043224156390105
314.06489999771117,0.021365875245781655
314.2355666645368,0.022300545828841157
314.4062333313624,0.023236203178272054
314.576899998188,0.024172914729038472
314.7475666650136,0.025110624136835374
314.91822333176935,0.02604939869723355
315.08888999859494,0.02698918046577792
315.2595566646258,0.027930041766073357
315.43022333145143,0.02887192533905808
315.600889998277,0.029814905850207327
315.7715566651026,0.030758922278047558
315.9422233319282,0.031704045210701214
316.11288999795914,0.03265020796175691
316.2835566647848,0.03359748491951596
316.45422333161036,0.03454581130665975
316.62488999843595,0.03549526217736398
316.7955566652616,0.03644576735637044
316.9662233320872,0.037397399542599644
317.13686666568117,0.03835008872750304
317.3075333317121,0.039303914058770095
317.47819999774293,0.04025879983259836
317.6488666645686,0.041214819620464485
317.81953333139415,0.042171909252542474
317.9901999982198,0.043130135336148484
318.16086666504543,0.04408943384945307
318.3315333310763,0.045049870663387656
318.5021999979019,0.04601137381957131
318.67286666472756,0.046974013118756125
318.84353333155315,0.04793771592636626
319.0141999983788,0.04890254577489199
319.18486666520437,0.04986843624351051
319.35552333196006,0.05083544863746577
319.5261899979909,0.05180352509510318
319.6968566648165,0.052772729523363385
319.86752333164213,0.05374300409649797
320.03818999846783,0.054714412069903906
320.2088566652934,0.05568688670208165
320.379523332119,0.056660497423492315
320.55018999894463,0.05763518012185875
320.7208566649755,0.05861100302820193
320.89149999777476,0.05958790109425564
321.06216666460034,0.06056596049110995
321.232833331426,0.06154510878827894
321.40349999825156,0.06252542181748093
321.57416666507714,0.06350683222025903
321.74483333110805,0.06448941459874631
321.91549999793375,0.06547310034457066
322.08616666475933,0.06645797094201418
322.25683333158497,0.06744394545174177
322.42749999841055,0.0684311050670771
322.5981566651662,0.06941937216962223
322.7688233319918,0.07040884125999974
322.9394899980227,0.0713994389405052
323.1101566648484,0.0723912469485845
323.28082333167396,0.07338418823846718
323.45148999849954,0.07437834961726598
323.6221566653252,0.0753736445660045
323.79282333215076,0.0763701648961176
323.96348999897634,0.07736783105897965
324.13415666500725,0.07836673276710186
324.3048233318329,0.07936678074997504
324.47548999865853,0.08036806389484828
324.6461433315277,0.08137048943541231
324.8167999982834,0.0823741466920329
324.98746666431424,0.08337895382067073
325.1581333311399,0.0843850051277904
325.3287999979655,0.08539220688438938
325.4994666647911,0.08640064753958208
325.6701333316167,0.08741023395376836
325.8407999984423,0.08842106967911004
326.0114666652679,0.08943305549469237
326.18213333209354,0.09044629065606052
326.3527899980545,0.09146067151061296
326.52345666488014,0.09247629247725561
326.6941233317057,0.09349306484428156
326.86478999853136,0.09451107649137983
327.03545666535695,0.09553024290802854
327.20612333218253,0.09655065423450478
327.37678999900817,0.09757222129241817
327.547456665039,0.09859503138946399
327.7181233318647,0.09961900037670648
327.8887899986903,0.10064421742133388
328.0594566655159,0.10167059617158834
328.2301233323415,0.10269822747406612
328.40078999757765,0.10372701796720346
328.57143333117165,0.10475706040411219
328.74209999799723,0.1057882468375802
328.9127666648229,0.10682067450395151
329.0834333316485,0.107854250007972
329.25409999847415,0.1088890640157985
329.4247666652997,0.109925026421273
329.5954333313306,0.11096225784623567
329.7660999981562,0.11200066033527019
329.9367666649818,0.11304032868646338
330.10742333173755,0.11408115417936802
330.27808999856313,0.11512324843029956
330.4487566653887,0.1161665025168758
330.6194233322144,0.11721102582114724
330.79008999904,0.11825671356587288
330.96075666507085,0.11930366859299178
331.1314233318965,0.12035177982337338
331.30208999872207,0.12140115363583051
331.4727566655477,0.12245168170612482
331.6434233323733,0.12350347179919959
331.8140899976094,0.12455640922551454
331.98475666443505,0.1256106131992605
332.15542333126075,0.12666596970350966
332.3260799980164,0.12772258556189717
332.4967333316803,0.12878035488240563
332.6673999985059,0.12983938080344012
332.8380666653315,0.13089955194256575
333.0087333313624,0.13196098512983248
333.17939999818805,0.13302356165162849
333.3500666650136,0.13408738306714796
333.52073333183927,0.13515234029086765
333.69139999866485,0.1362185374725614
333.8620666654905,0.1372858517513373
334.0327233322462,0.1383543611034416
334.20338999827703,0.13942395491474616
334.3740566651026,0.14049469760027947
334.54472333192825,0.1415664879390442
334.7153899987539,0.14263939879001095
334.8860566655795,0.14371334370256614
335.05672333240506,0.14478836743683055
335.22738999764124,0.14586440003510434
335.3980566644668,0.14694150372744771
335.5687233312925,0.14801960473242395
335.7393899981181,0.14909877333565558
335.9100566649437,0.1501789407831282
336.0807233317693,0.1512601822982208
336.2513666653633,0.15234241106008273
336.4220333313941,0.1534256785557144
336.5926999982198,0.15450989768176687
336.76336666504545,0.1555951079842525
336.9340333318711,0.15668123583798899
337.1046999986967,0.1577683255305073
337.27536666552226,0.1588563108938746
337.44603333234784,0.1599452085613612
337.61669999837875,0.16103494996088002
337.78736666520433,0.16212553638107757
337.9580233319601,0.1632169087852366
338.12868999878566,0.16430905785919317
338.2993566656113,0.1654019569078581
338.4700233316422,0.16649559303918804
338.64068999767306,0.16758993097438096
338.81135666449865,0.1686849449232884
338.9820233313243,0.1697806111893581
339.15268999814987,0.17087689056496322
339.32335666497545,0.17197379468053944
339.49399999856945,0.1730713001470029
339.66466666539515,0.17416941781185866
339.835333331426,0.17526812558697963
340.00599999825164,0.17636743332864283
340.1766666650772,0.1774673196294118
340.3473333319028,0.17856779535644063
340.51799999872844,0.1796688269387567
340.688666665554,0.1807704252172434
340.8593333323796,0.18187255923446183
341.0299999984105,0.18297524460993905
341.20066666523616,0.18407845420218816
341.37133333206174,0.1851822078410044
341.5419999988873,0.1862864877744644
341.71265666564307,0.1873913129386944
341.8833233308792,0.18849666050144662
342.0539899977048,0.18960253969921315
342.22465666453047,0.1907089117396855
342.39532333135605,0.1918157909888038
342.56598999818164,0.19292313959711063
342.7366566650073,0.19403098360905802
342.9073233318329,0.1951392874190632
343.0779899986585,0.19624807720054813
343.24864333152766,0.19735731690667963
343.41929999828335,0.19846703118889414
343.58996666510905,0.19957717575950698
343.7606333319346,0.20068778399353804
343.93129999876027,0.20179882308251315
344.10196666558585,0.20291031382230865
344.27263333241143,0.20402221250173286
344.4432999984423,0.2051345378587586
344.61396666526787,0.20624724617532292
344.78463333209356,0.20736035783305545
344.95528999884925,0.20847383901588487
345.12595666567483,0.2095877223537796
345.296623330911,0.21070197564467508
345.4672899977366,0.21181662000191168
345.63795666456224,0.2129316233966428
345.8086233313878,0.21404701190054565
345.97928999821346,0.21516274812102448
346.14995666503904,0.21627885885719483
346.3206233318646,0.2173953064619106
346.49128999789554,0.21851210931856097
346.6619566647211,0.21962921802678717
346.8326233315468,0.22074665921653383
347.0032899983724,0.22186437569979978
347.1739333319664,0.2229823893259338
347.344599998792,0.22410064395981258
347.5152666656176,0.2252191626156443
347.6859333324432,0.22633789337786184
347.85659999847405,0.22745688051478852
348.0272666652997,0.22857607586476153
348.1979333321254,0.2296955238536304
348.36859999895097,0.23081517684462008
348.5392666657766,0.2319350777491089
348.70992333094284,0.23305517255140545
348.8805899977684,0.23417549953724057
349.051256664594,0.2352959954096065
349.2219233314196,0.23641669933481685
349.3925899982452,0.2375375647505434
349.5632566650708,0.23865864399738934
349.73392333189645,0.23977989739309313
349.9045899979274,0.24090136505723658
350.075256664753,0.24202299762267918
350.2459233315786,0.2431448377870928
350.4165666651726,0.24426684037309737
350.58723333199816,0.24538904599587302
350.75789999882375,0.24651141214993913
350.92856666564944,0.24763397519023167
351.0992333316803,0.24875668642874785
351.26989999850593,0.24987957609053918
351.4405666653315,0.2510025969184313
351.6112333321572,0.25212577908788203
351.7818999989828,0.2532490631486401
351.9525666658084,0.25437248790633143
352.12323333104456,0.25549599556265895
352.29389999787014,0.25661963237536517
352.4645666646957,0.25774335300046697
352.6352233314514,0.2588672035242185
352.80588999827705,0.2599911440631263
352.97655666510263,0.26111520772227526
353.1472233319282,0.26223935067552145
353.3178899979592,0.2633636041962243
353.48855666478477,0.26448791852861947
353.65922333161035,0.26561232263494855
353.829889998436,0.26673675963148175
354.00055666526157,0.26786126110458836
354.1712133320172,0.2689857619463611
354.3418666656812,0.27011030716595696
354.5125333317121,0.27123483360946543
354.6831999985377,0.2723593819321885
354.8538666653633,0.2734838861123643
355.0245333321889,0.274608389111548
355.19519999901456,0.27573282771318186
355.3658666650454,0.2768572481952237
355.5365333310763,0.2779815811994365
355.7071999979019,0.27910587639989426
355.8778566646576,0.2802300683983345
356.0485233314832,0.2813541990568938
356.2191899983089,0.2824782060063766
356.38985666513446,0.2836021195290036
356.56052333196004,0.28472586464046523
356.7311899979909,0.285849484545396
356.90185666481653,0.2869728727577935
357.0725233316422,0.2880960690682772
357.24318999846776,0.28921896608082015
357.4138433321317,0.29034161666660085
357.5844999988874,0.2914639246700683
357.75516666571303,0.2925859627727921
357.9258333317439,0.2937076335601661
358.09649999856947,0.2948289923587846
358.26716666539517,0.29594992479497395
358.43783333222075,0.29707047989492386
358.60849999904633,0.2981905091025658
358.77916666428246,0.29931005306040903
358.94983333110815,0.30042892967794954
359.12049999793373,0.30154719634725397
359.2911666647593,0.3026646685340127
359.4618333315849,0.3037814232662499
359.63249999841054,0.3048972543675785
359.80315666516617,0.3060122466400215
359.97382333199187,0.30712621107856447
360.1444899980228,0.30823924610980624
360.31515666484836,0.30935115959311726
360.48582333167394,0.31046206778971613
360.6564899984995,0.31157180444855886
360.82715666532516,0.31268049842236645
360.997823331356,0.3137880023056943
361.16848999818166,0.31489445072338124
361.3391333317757,0.31599970591489857
361.5097999986013,0.3171038954086192
361.68046666542693,0.3182068664000103
361.8511333322525,0.3193087383247506
362.0217999990781,0.3204093593114169
362.1924666643143,0.3215088562682149
362.36313333113986,0.32260707516883785
362.5337999979655,0.32370414541169973
362.7044666647911,0.32479991122259383
362.8751233315468,0.3258945060298415
363.0457899983724,0.3269877771819539
363.216456665198,0.32807985404422446
363.38712333122885,0.3291705777244318
363.55778999805455,0.33026008264840945
363.7284566648801,0.33134821723431296
363.8991233317057,0.3324351102123774
364.0697899985313,0.3335206115240836
364.24045666535693,0.3346048637242844
364.4111233313878,0.3356877353682469
364.5817766650518,0.3367693600698346
364.7524333318074,0.3378496040808883
364.9230999986331,0.3389286009929686
365.0937666654587,0.34000622350379195
365.2644333322843,0.34108260451947525
365.43509999910987,0.342157614421053
365.60576666434605,0.34323138754882365
365.7764333311717,0.34430380641141833
365.94709999799727,0.34537501264170717
366.1177666648229,0.3464448919079164
366.28842333157866,0.34751357602330674
366.45908999840424,0.3485809557115163
366.6297566652298,0.3496471688781407
366.8004233312607,0.35071211897983795
366.9710899980863,0.35177593057670264
367.1417566649119,0.352838496160913
367.3124233317375,0.3538999435820348
367.4830899985631,0.3549601821703144
367.653756664594,0.356019338863736
367.82442333141967,0.3570773186063571
367.99508999824525,0.35813424692259915
368.1657566650709,0.359190032472445
368.3364133318265,0.36024479364018913
368.50706666549047,0.36129844294783514
368.6777333323161,0.36235109188479
368.8483999991417,0.3634026507388641
369.0190666643779,0.36445323530490353
369.18973333120346,0.3655027631033437
369.36039999802904,0.36655134061313227
369.5310666648546,0.3675988790128419
369.7017333316803,0.36864547844099294
369.87239999771117,0.3696910499509148
370.0430566652616,0.3707356895396804
370.21372333129244,0.3717793076996841
370.3843899981181,0.3728219962590562
370.55505666494366,0.3738636666777358
370.7257233317693,0.3749044103673688
370.8963899985949,0.37594414264926834
371.06705666462585,0.37698295836818324
371.23772333145143,0.3780207697626168
371.408389998277,0.37905766572654537
371.57905666510266,0.38009356097689195
371.74969999869666,0.38112854810806296
371.92036666552224,0.38216254456516047
372.0910333323479,0.38319564063315176
372.26169999837873,0.3842277452130051
372.43236666440964,0.38525894384069104
372.6030333312352,0.3862891465386539
372.77369999806086,0.3873184463915291
372.9443666648865,0.38834676855543554
373.1150333317121,0.38937420161334907
373.285699997743,0.3904006673995606
373.45635666529336,0.3914262559235113
373.62702333132427,0.3924508905165457
373.79768999814985,0.39347464513361896
373.96835666497543,0.39449744108750984
374.1390233318011,0.39551935717300807
374.3096899986267,0.396540313714465
374.48035666465756,0.3975603888097525
374.6510233314832,0.3985795004927196
374.82168999830884,0.39959772407196864
374.99233333190284,0.40061497559129045
375.1629999987284,0.40163133171649074
375.33366666555406,0.4026467054695982
375.5043333323797,0.40366116872797086
375.6749999976158,0.4046746351523847
375.8456666644414,0.4056871779989679
376.01633333126705,0.40669870869191055
376.18699999809263,0.4077092998253451
376.35766666491827,0.40871885987153983
376.52833333174385,0.40972747031163137
376.69898999849954,0.41073503537426864
376.8696566653251,0.41174163670358505
377.04032333135603,0.41274718000354116
377.2109899981817,0.4137517467250802
377.38165666500726,0.41475524275250747
377.55232333183284,0.4157577500921319
377.72298999865853,0.41675917311370575
377.89365666468944,0.4177595974408764
378.064323331515,0.418758923968177
378.234966665109,0.41975723790925923
378.4056333319346,0.4207544371707785
378.5762999987602,0.42175060895095745
378.7469666655858,0.42274565618444754
378.9176333324114,0.4237396681921404
379.0882999976476,0.4247325475307659
379.2589666644732,0.42572437820125375
379.4296333312988,0.42671505090307416
379.6002999981244,0.427704653643166
379.77095666488015,0.42869308150312446
379.9416233317057,0.429680419733311
380.1122899985313,0.43066655749795746
380.2829566645622,0.43165158143157395
380.4536233313878,0.43263538417385966
380.62428999821344,0.4336180550028142
380.794956665039,0.4345994840679447
380.96562333186466,0.4355797720697927
381.13628999869024,0.43655879789922947
381.3069566647212,0.43753665556800114
381.47760999838516,0.43851323257431685
381.6482666651408,0.43948862380316345
381.8189333319664,0.4404627060678
381.98959999879196,0.4414355700624278
382.16026666561766,0.4424070826292794
382.33093333244324,0.44337733650359495
382.50159999767936,0.4443462012702588
382.672266664505,0.4453137779215248
382.84293333133064,0.44627993174660485
383.0135999981562,0.447244757259789
383.1842566649119,0.4482081248610665
383.3549233317375,0.4491701362316687
383.5255899985631,0.45013065337148495
383.696256664594,0.4510897748700253
383.8669233314196,0.4520473645607798
384.03758999824527,0.4530035311552175
384.2082566650709,0.4539581293793592
384.3789233318965,0.4549112674299375
384.54958999792734,0.45586280030318976
384.72024666547776,0.4568128481836929
384.890899998347,0.45776126300101283
385.06156666517256,0.45870816220020666
385.23223333199815,0.45965339360043067
385.40289999882384,0.4605970798452751
385.5735666656494,0.46153907136215744
385.744233332475,0.4624794949228803
385.9148999977112,0.4634182049557012
386.08556666453677,0.46435532161442683
386.2562333313624,0.4652906971163281
386.4268899981181,0.4662244613385951
386.5975566649437,0.4671564714076508
386.7682233317693,0.4680868568373928
386.9388899985949,0.4690154768201476
387.10955666462576,0.4699424582168291
387.28022333145134,0.4708676563412325
387.4508899982771,0.4717911981991325
387.6215566651027,0.47271293350921506
387.79222333192826,0.4736329922268049
387.9628899979591,0.47455123309777464
388.13353333234784,0.4754677874917958
388.30419999837875,0.47638250946626
388.47486666520433,0.4772955290664608
388.6455333320299,0.4782067060300281
388.8161999988556,0.47911616750166286
388.9868666656812,0.48002377097328713
389.15753333171216,0.4809296479474344
389.328199997743,0.48183366203366956
389.4988666645686,0.48273594094348926
389.6695333313942,0.48363634908163095
389.84018999814987,0.48453501898968726
390.01085666497545,0.48543181493505
390.18152333180103,0.4863268659866992
390.35218999862667,0.48722003410715276
390.5228566646576,0.4881114458049285
390.6935233314832,0.4890009667475196
390.8641899983088,0.4898887199977373
391.03485666513444,0.490774571823213
391.20552333196,0.49165864695635725
391.376166665554,0.49254081659273
391.5468333323796,0.4934212044734496
391.7174999984105,0.49429968452859496
391.88816666523616,0.49517637649663004
392.05883333206174,0.49605115381580256
392.2294999988873,0.4969241403487456
392.400166665713,0.4977952094239035
392.57083333094914,0.49866448521700096
392.7414999977747,0.49953184269447287
392.9121666646003,0.5003974131056426
393.08282333135605,0.5012610743299961
393.25348999818164,0.5021229370854061
393.4241566650073,0.5029828824460976
393.5948233318329,0.5038410274859267
393.7654899986585,0.504697254142261
393.93615666468935,0.5055516821346102
394.106823331515,0.5064041913190951
394.27748999834057,0.5072548997966806
394.44815666516627,0.5081036830313943
394.61879999876027,0.5089506613503952
394.78946666558585,0.5097957180054126
394.96013333241143,0.5106389673506956
395.1307999984423,0.5114802942955963
395.30146666526787,0.5123198142089589
395.47213333209356,0.5131574085826427
395.6427999989192,0.513993198457129
395.81346666574484,0.5148270713620083
395.9841333309809,0.515659142897825
396.1547899977366,0.5164892991794146
396.32545666456224,0.5173176614654844
396.4961233313878,0.5181441153368844
396.66678999821346,0.5189687792061154
396.83745666503904,0.5197915438508901
397.0081233318646,0.5206125205043324
397.17878999789554,0.5214315978273393
397.3494566647211,0.5222488923056403
397.5201233315468,0.5230643067990183
397.6907899983724,0.523877951112904
397.86144333203634,0.5246897236438568
398.032099998792,0.5254997270021743
398.2027666656176,0.5263078544222526
398.3734333324432,0.5271142192013161
398.54409999847405,0.5279187175202757
398.7147666652997,0.5287214651231859
398.8854333321254,0.5295223551261923
399.05609999895097,0.5303214962456629
399.2267666657766,0.531118780629466
399.39743333101273,0.5319143197814493
399.5680899977684,0.5327080092155664
399.738756664594,0.5334999654786924
399.9094233314196,0.5342900816600556
400.0800899982452,0.5350784695375562
400.2507566650708,0.5358650285747248
400.42142333189645,0.5366498742760546
400.5920899979274,0.5374329050313837
400.762756664753,0.5382142308264155
400.9334233315786,0.5389937502453187
401.10407999833427,0.5397715713663759
401.27473333199816,0.5405475993142798
401.44539999882375,0.54132194393262
401.61606666564944,0.542094511153373
401.7867333316803,0.5428654062033652
401.95739999850593,0.5436345407526548
402.1280666653315,0.5444020178794845
402.2987333321572,0.5451677475455403
402.4693999989828,0.5459318318014592
402.6400666658084,0.5466941869877654
402.8107233309746,0.5474549075172449
402.9813899978002,0.548213908240075
403.1520566646258,0.5489712857638445
403.3227233314514,0.54972695342873
403.49338999827705,0.5504810073290679
403.66405666510263,0.5512333619498031
403.8347233319282,0.5519841130499182
404.0053899979592,0.5527331909187705
404.17605666478477,0.5534806884734501
404.34672333161035,0.5542265297548464
404.51736666520435,0.5549708054538182
404.68803333202993,0.5557134424683374
404.8586999988555,0.5564545237226451
405.0293666656812,0.5571939783072875
405.2000333317121,0.5579318911314638
405.3706999985377,0.5586681867504929
405.5413666653633,0.5594029474536749
405.7120333321889,0.560136100828818
405.88269999901456,0.5608677314910615
406.0533666650454,0.5615977569312729
406.2240233310064,0.5623262602969765
406.39468999783196,0.5630531672056448
406.5653566646576,0.5637785619138326
406.7360233314832,0.5645023661468132
406.9066899983089,0.5652246638115341
407.07735666513446,0.5659453757453626
407.24802333196004,0.5666645883164654
407.4186899979909,0.5673822276680199
407.58935666481653,0.5680983756301325
407.75999999841054,0.5688129602478902
407.9306666652361,0.5695260631962042
408.1013333320617,0.5702376155130359
408.2719999988874,0.5709476923478688
408.44266666571303,0.5716562256035906
408.6133333317439,0.5723632922936015
408.78399999856947,0.5730688191086458
408.95465666532516,0.573772886393899
409.12532333215074,0.5744754171697983
409.29598999897644,0.575176491501429
409.4666566642125,0.57587603290795
409.63732333103815,0.5765741236292443
409.80798999786373,0.5772706927890061
409.9786566646894,0.5779658226692638
410.149323331515,0.5786594355311282
410.3199899983406,0.5793516152088946
410.49063333193465,0.5800422834063254
410.6612999987602,0.5807315227122817
410.8319666647911,0.5814192537373406
411.0026333316167,0.582105559735006
411.1732999984423,0.5827903690544167
411.3439666652679,0.583473762486124
411.5146333320936,0.5841556671233966
411.68529999891916,0.5848361638151874
411.85596666574475,0.5855151824727407
412.02662333170576,0.5861928043182051
412.19728999853135,0.586868965265625
412.367956665357,0.5875437414644212
412.53862333218257,0.5882170697884757
412.70928999900815,0.5888890278068082
412.87995666424433,0.5895595510700651
413.05062333106997,0.5902287203434246
413.22128999789555,0.5908964874176708
413.39195666472114,0.5915629344857821
413.56262333154683,0.5922280256640288
413.7332766652107,0.5928918409338236
413.9039333319664,0.593554368558673
414.0745999979973,0.5942156740759406
414.2452666648229,0.5948757617269103
414.4159333316485,0.5955346914453002
414.58659999847407,0.5961924961413992
414.7572666652997,0.596849238963418
414.9279333321253,0.5975049663121724
415.098599998951,0.5981597300662946
415.26926666577657,0.5988135918298536
415.4399233317375,0.5994666038685615
415.6105899985631,0.6001188397826633
415.7812566653887,0.6007703162598206
415.9519233322144,0.601421106368082
416.12258999904,0.6020712261481643
416.2932566642761,0.6027207395094567
416.4639233311017,0.6033696349753459
416.63458999792726,0.6040179669394179
416.80525666475296,0.6046657120979865
416.97591333150865,0.6053129235872483
417.1465666651726,0.6059595681440441
417.3172333319982,0.6066056967843935
417.4878999980291,0.6072512788198972
417.6585666648547,0.6078963648478339
417.82923333168026,0.6085409175785563
417.99989999850584,0.6091849817770716
418.1705566652616,0.6098285175512191
418.3412233320872,0.610471566022573
418.5118899989128,0.6111140864211043
418.6825566649437,0.6117561173463711
418.85322333176936,0.6123976160227732
419.02388999859494,0.6130386176625308
419.1945566654205,0.6136790794363665
419.3652233322461,0.6143190360348771
419.5358899990717,0.6149584454067626
419.706546664238,0.6155973407627465
419.87719999790187,0.6162356816575011
420.04786666472745,0.6168735021449573
420.21853333155315,0.6175107639319272
420.38919999837873,0.6181474998282777
420.55986666520437,0.6187836695870665
420.73053333202995,0.6194193037930761
420.90119999806086,0.6200543622641941
421.0718666648865,0.6206888750318957
421.2425333317121,0.6213228028313059
421.4131899984677,0.6219561745669643
421.5838566652934,0.6225889521176788
421.754523332119,0.6232211662812829
421.92518999894463,0.6238527800546442
422.0958566649755,0.6244838222706572
422.26652333180107,0.6251142536194874
422.43718999862676,0.6257441008648917
422.60785666545235,0.6263733219680353
422.7785233322779,0.6270019416399544
422.9491766651471,0.6276299180943545
423.119833331108,0.628257274752556
423.2904999979337,0.6288839726650487
423.4611666647594,0.6295100345511441
423.63183333158497,0.6301354247908147
423.80249999841055,0.6307601646163272
423.97316666523614,0.6313842156750958
424.1438233319918,0.6320075951450843
424.3144899980227,0.6326302657721107
424.4851566648484,0.6332522479381034
424.65582333167396,0.6338735074532597
424.82648999849954,0.6344940678281444
424.9971566653252,0.6351138976003123
425.16782333215076,0.6357330231904086
425.33848999897634,0.6363514141025401
425.50915666500725,0.6369690975878166
425.6798099978764,0.63758603981617
425.8504666646321,0.6382022692026628
426.0211333314577,0.6388177513670872
426.1917999982834,0.6394325135222723
426.36246666431424,0.6400465224143795
426.5331333311398,0.6406598060940716
426.7037999979655,0.641272331329447
426.8744666647911,0.6418841269444544
427.0451333316167,0.6424951577030087
427.2157999984423,0.6431054501402319
427.38645666519795,0.6437149684923964
427.55712333202365,0.6443237385495832
427.7277899980545,0.6449317252698933
427.8984566648801,0.6455389546177615
428.06912333170567,0.646145391638453
428.23978999853136,0.6467510610714151
428.410456665357,0.6473559278517457
428.5811233321826,0.6479600152060746
428.75178999900817,0.6485632891967984
428.922456665039,0.6491657716726573
429.09309999783835,0.6497674295891526
429.26376666466393,0.6503682840311523
429.4344333314895,0.6509683032217499
429.6050999983152,0.6515675085887934
429.77576666434607,0.6521658682089996
429.94643333117165,0.6527634010628492
430.11708999792734,0.6533600761770233
430.2877566647529,0.6539559125462107
430.4584233315785,0.6545508781416799
430.6290899984042,0.6551449908629714
430.7997566652299,0.6557382199240092
430.97042333126063,0.656330579343368
431.14108999808633,0.6569220397645991
431.3117566649119,0.6575126144484951
431.4824233317375,0.6581022754472051
431.6530799984932,0.658691035503633
431.8237333321571,0.6592788684424943
431.9943999989828,0.6598657863170818
432.16506666580835,0.6604517636570696
432.3357333310445,0.6610368122916809
432.50639999787006,0.6616209081870528
432.67706666469576,0.6622040608376254
432.84773333152134,0.6627862463769301
433.01839999834704,0.6633674726806181
433.1890666643778,0.6639477163659999
433.3597233319283,0.6645269825321968
433.53038999795916,0.6651052511493734
433.70105666478474,0.6656825253536335
433.8717233316103,0.666258786582506
434.042389998436,0.6668340356416633
434.2130566652616,0.6674082540024928
434.38372333129246,0.6679814404708005
434.55438999811815,0.6685535773301969
434.72505666494374,0.6691246609473684
434.8957233317693,0.6696946768702289
435.0663666653633,0.6702636154991842
435.2370333321889,0.6708314628307517
435.4076999990145,0.6713982044302741
435.57836666504534,0.6719638318258893
435.7490333310763,0.6725283295582227
435.919699997902,0.6730916923209426
436.09036666472747,0.6736539008881477
436.2610233314832,0.6742149538766866
436.4316899983088,0.6747748306136251
436.60235666513444,0.6753335334373678
436.77302333196,0.6758910399996684
436.9436899979909,0.676447352814139
437.11435666481657,0.6770024486500742
437.28502333164215,0.6775563343287482
437.45568999846773,0.6781089881281228
437.62635666529343,0.678660417618122
437.7969999988874,0.6792105977820769
437.96766666571295,0.6797595343353873
438.1383333317438,0.6803071985773973
438.30899999856956,0.6808535998120456
438.47966666539514,0.6813987081355465
438.6503333322207,0.6819425344743997
438.8209999990463,0.6824850470931383
438.99166666428255,0.6830262603746624
439.16233333110813,0.6835661415162957
439.3329999979337,0.6841047065807045
439.50365666468934,0.6846419183574608
439.674323331515,0.6851777938422832
439.84498999834057,0.6857122942355317
440.01565666516626,0.6862454408535903
440.18632333199184,0.6867771934251908
440.3569899980227,0.6873075745806015
440.52763333161676,0.6878365444330611
440.69829999844234,0.6883641272493928
440.8689666652679,0.6888902797309193
441.03963333209356,0.6894150261603601
441.21029999891914,0.6899383183952522
441.3809666657447,0.6904601837221067
441.5516333317757,0.6909805735341746
441.7222999986013,0.6914995162598088
441.89296666542685,0.6920169589644444
442.0636233321826,0.69253293644601
442.2342899990082,0.6930473955659034
442.4049566642443,0.693560371064873
442.5756233310699,0.6940718072547429
442.7462899978956,0.6945817429164265
442.91695666472117,0.6950901217020958
443.0876233315468,0.6955969845025106
443.2582899983724,0.6961022726092996
443.428956665198,0.6966060285006395
443.59962333122894,0.6971081914700162
443.77027666489283,0.697608803455668
443.9409333316486,0.698107801838971
444.11159999847416,0.6986052314617102
444.28226666529974,0.6991010277545628
444.4529333321253,0.6995952360057148
444.6235999989509,0.7000877866849196
444.7942566657066,0.7005787287862522
444.96492333173757,0.701067990802578
445.13558999856315,0.7015556247171024
445.30625666538873,0.7020415577473776
445.4769233322143,0.7025258447154481
445.64758999903995,0.703008411034537
445.81825666427613,0.7034893134229709
445.9889233311018,0.7039684751269961
446.1595899979273,0.7044459563442962
446.33025666475294,0.7049216831880027
446.5008999983469,0.7053957171523829
446.6715666651726,0.7058679818957123
446.8422333319983,0.7063385422425221
447.0128999980291,0.7068073248759286
447.1835666648547,0.7072743923110566
447.3542333316803,0.7077396637734369
447.52489999850593,0.7082032049960351
447.6955666653315,0.7086649333051891
447.8662333321571,0.7091249150649581
448.0368999989827,0.7095830634602185
448.2075566649437,0.7100394489349392
448.3782233317694,0.7104939842590076
448.548889998595,0.7109467411290908
448.71955666542055,0.711397630579247
448.8902233322462,0.7118467268113496
449.0608899990718,0.712293939656278
449.23154666423795,0.712739348001341
449.4021999979019,0.713182856128316
449.57286666472754,0.7136245424803904
449.7435333315531,0.7140643139473122
449.9141999983787,0.7145022515480037
450.0848666652043,0.7149382569021705
450.25553333203,0.7153724159814479
450.42619999806084,0.7158046314166743
450.59686666488653,0.7162349903623568
450.7675333317121,0.716663392800154
450.9381899984677,0.7170899290065631
451.1088566652934,0.7175145016000324
451.27952333211897,0.7179372006767942
451.45018999894455,0.7183579259782386
451.6208566649754,0.7187767623077969
451.7915233318011,0.7191936041605939
451.96218999862674,0.7196085399389487
452.1328566654523,0.7200214671410382
452.3035233322779,0.7204324748707139
452.47416666507723,0.7208414534673567
452.6448333311081,0.7212484941137949
452.81549999793367,0.721653483568571
452.98616666475925,0.7220565178811521
453.15683333158483,0.722457481264284
453.32749999841053,0.7228564751023213
453.4981666652362,0.7232533838105393
453.6688233319918,0.7236483102588248
453.8394899980227,0.7240411357781661
454.01015666484835,0.7244319647477098
454.18082333167393,0.7248206772589108
454.3514899984995,0.7252073786872087
454.5221566653252,0.7255919493284781
454.6928233321508,0.7259744955230552
454.8634899989764,0.7263548961100447
455.03415666500734,0.7267332591650744
455.2048099978765,0.7271094625029936
455.37546666463214,0.727483616856331
455.5461333314578,0.7278555993089018
455.71679999828336,0.7282255212229772
455.8874666643143,0.7285932580020457
456.05813333113986,0.7289589221593611
456.2287999979655,0.7293223884156654
456.3994666647911,0.7296837667626856
456.57013333161666,0.7300429304295748
456.74079999844236,0.7303999920335491
456.911456665198,0.7307548236204628
457.08212333202357,0.731107542193401
457.2527899980545,0.7314580202176627
457.42345666488006,0.7318063749892799
457.59412333170576,0.7321524810159596
457.76478999853134,0.7324964553331001
457.93544333219523,0.732838169441291
458.106099998951,0.7331777417037002
458.27676666577656,0.733515042083744
458.4474333310127,0.7338501995339419
458.6180999978384,0.7341831071716197
458.78876666466397,0.7345138872015261
458.95943333148955,0.7348424350237377
459.1300999983152,0.7351688719112134
459.30076666434604,0.7354931030534175
459.4714333311716,0.7358152429550611
459.64208999792737,0.7361351974023694
459.81275666475295,0.7364530705485811
459.9834233315786,0.7367687667519481
460.1540899984042,0.737082383866106
460.32475666522976,0.737393826814687
460.49542333126067,0.7377031944295002
460.66607999881114,0.7380103968302352
460.83673333168036,0.7383155269730616
461.00739999850595,0.7386184945264183
461.1780666653315,0.7389193891722039
461.3487333321571,0.7392181171250105
461.5193999989827,0.7395147671819929
461.69006666580833,0.739809242078805
461.8607333310445,0.7401016303675837
462.03139999787015,0.7403918344018415
462.20206666469574,0.7406799464513345
462.37272333145137,0.7409658676485508
462.54338999827706,0.7412496874480725
462.71405666510265,0.741531305115591
462.8847233319282,0.741810812787047
463.0553899979592,0.7420881070388531
463.22605666478466,0.7423632820497995
463.3967233316104,0.7426362382124514
463.567389998436,0.7429070695479469
463.7380566652616,0.7431756746677736
463.9087133320173,0.7434421448895153
464.0793666656812,0.7437063749350241
464.2500333317121,0.7439684594358886
464.42069999853777,0.7442282940677807
464.59136666536335,0.7444859749101674
464.76203333218893,0.7447413998089295
464.9326999990145,0.7449946641143621
465.1033566649755,0.7452456599856523
465.27402333100633,0.7454944822050716
465.4446899978319,0.7457410220272785
465.6153566646575,0.7459853779497584
465.7860233314832,0.7462274417741553
465.9566899983089,0.7464673127716093
466.12735666513447,0.7467048793044562
466.29802333196005,0.7469402408355399
466.4686899979909,0.7471732853963662
466.6393433316549,0.747404115085042
466.8099999984105,0.7476326166051094
466.9806666652362,0.7478588936672538
467.15133333206177,0.748082832141198
467.32199999888746,0.7483045353831079
467.49266666571305,0.7485238893957656
467.6633333317439,0.7487409984037569
467.83398999849953,0.7489557471015476
468.0046566653251,0.7491682412759443
468.17532333215075,0.7493783632984025
468.34598999897645,0.7495862190655788
468.5166566642125,0.7497916900660487
468.68732333103816,0.7499948854418234
468.85798999786385,0.750195686245219
469.02865666468944,0.750394204763089
469.199323331515,0.7505903237885624
469.3699766651789,0.750784153664284
469.5406333319346,0.7509755779499342
469.7112999987602,0.7511647069898983
469.88196666479115,0.7513514243772612
470.05263333161673,0.7515358378118728
470.2232999984423,0.7517178293677031
470.3939666652679,0.7518975106157523
470.56462333202364,0.7520747635650605
470.7352899988493,0.7522496996267326
470.90595666567486,0.7524222011084086
471.0766233317057,0.7525923797405342
471.2472899985313,0.7527601194497768
471.417956665357,0.7529255324802854
471.5886233321826,0.7530884998521138
471.75928999900816,0.7532491330126837
471.9299566642443,0.753407309468381
472.10062333107,0.7535631424632421
472.2712666646639,0.7537165124903414
472.4419333314895,0.7538675355275928
472.6125999983152,0.7540160906952906
472.7832666651408,0.754162295527768
472.9539333319664,0.7543060339754822
473.1245999979973,0.7544474205329322
473.29526666482286,0.7545863375534496
473.46593333164856,0.7547228993093347
473.636599998474,0.754856985211281
473.8072566652298,0.7549887111704663
473.9779233320554,0.7551179662191702
474.148589998881,0.7552448644302114
474.3192566657067,0.7553692842860936
474.48992333173754,0.7554913387885068
474.6605899985631,0.7556109085443081
474.8312466653189,0.7557281063091085
475.00189999818804,0.7558428106556362
475.1725666650136,0.7559551361098981
475.3432333310445,0.7560649609438623
475.51389999787006,0.7561723994497958
475.68456666469575,0.7562773255309885
475.8552333315214,0.7563798574800824
476.025899998347,0.756479866014056
476.19656666517255,0.7565774704984385
476.36723333199814,0.7566725451018824
476.53788999795916,0.7567652115111028
476.70855666478474,0.7568553421261353
476.87922333161043,0.756943059640738
477.049889998436,0.7570282372600216
477.2205566652616,0.7571109939477889
477.3912233320872,0.7571911981841412
477.56187999884287,0.7572689757920018
477.73253333171203,0.7573442017528118
477.90319999774295,0.7574169975631668
478.0738666645686,0.7574872345360255
478.2445333313943,0.7575550365039305
478.41519999821975,0.7576202731217725
478.58586666504544,0.757683071024647
478.7565333310763,0.7577432981835032
478.9271999979019,0.7578010822854491
479.0978666647276,0.7578562889869791
479.26852333148315,0.7579090470332566
479.43918999830885,0.7579592228725874
479.60985666513443,0.7580069433493098
479.78052333196,0.7580520735378168
479.951189997991,0.7580947394871665
480.12185666481656,0.7581348073743085
480.29250999848045,0.7581724067240558
480.4631666652361,0.758207400408678
480.63383333206184,0.7582399227710995
480.8044999988874,0.7582698379196946
480.975166665713,0.7582972817387302
481.14583333094913,0.7583221158654417
481.3164999977748,0.7583444665639124
481.4871666646004,0.7583641889182796
481.657833331426,0.7583814185131796
481.8284999982516,0.7583960117487152
481.99916666507727,0.758408102988388
482.16982333183284,0.7584175483125675
482.34048999865854,0.7584244875847238
482.5111566646894,0.7584287724509912
482.681823331515,0.7584305434005341
482.85248999834056,0.758429650236423
483.02314333200457,0.7584262379729713
483.1937999987602,0.7584201553693539
483.36446666558584,0.7584115421634591
483.5351333324114,0.7584002456242831
483.70579999844233,0.7583864084551265
483.87646666526797,0.7583698761896904
484.04713333209355,0.7583507960433638
484.21779999891913,0.7583290108914654
484.38846666574483,0.75830466981476
484.5591333309809,0.7582776165647439
484.7297899977366,0.7582480021554016
484.90045666456217,0.7582156699939795
485.07112333138787,0.7581807739736446
485.24178999821345,0.7581431580876098
485.4124566650391,0.7581029774262186
485.58312333186467,0.758060078459023
485.7537899978955,0.7580146103085601
485.9244566647212,0.757966417759189
486.0951233315468,0.7579156518351833
486.2657899983724,0.7578621603013298
486.43643333196644,0.757806099178397
486.607099998792,0.7577473157166171
486.7777666656176,0.7576859664234518
486.9484333324432,0.7576219042470992
487.1190999984741,0.7575552790863883
487.2897666652997,0.757485937787581
487.4604233320554,0.7574140268901387
487.631089998881,0.7573393885710379
487.8017566657066,0.7572621735010332
487.9724233309427,0.7571822224893281
488.1430899977684,0.7570996907825608
488.31375666459405,0.7570144189298664
488.4844233314196,0.7569265621541484
488.6550899982452,0.7568359599062945
488.8257566650708,0.7567427707781383
488.99641333182643,0.7566468281078008
489.1670666646958,0.7565482941278129
489.3377333315214,0.7564470069136358
489.508399998347,0.7563431217745983
489.67906666517257,0.7562364718788294
489.8497333319982,0.756127217844249
490.0203999988238,0.7560151912236514
490.19105666557954,0.7559005569808757
490.3617233316103,0.7557831529594177
490.532389998436,0.755663143895317
490.70305666526167,0.7555403572845066
490.87372333208725,0.7554149548814074
491.04438999891283,0.7552867690743557
491.2150566657385,0.7551559609597149
491.38572333097454,0.7550223557552357
491.55638999780024,0.7548861265086169
491.7270566646258,0.7547470989157612
491.8976999982198,0.754605443778417
492.0683666650454,0.754460986426042
492.239033331871,0.7543138969368421
492.40969999869657,0.7541639997420357
492.58036666472753,0.7540114700549945
492.7510333315531,0.7538561326044639
492.9216899983088,0.7536981597970883
493.0923566651345,0.7535373720198327
493.26302333195997,0.7533739471208057
493.43368999878567,0.7532077063267145
493.60435666561125,0.7530388300531597
493.7750233316421,0.7528671316900218
493.9456899984677,0.7526927954108764
494.1163566652934,0.7525156346294266
494.287023332119,0.7523358369812324
494.45767666498824,0.7521532184007677
494.6283333317439,0.7519679553596004
494.7989999977748,0.7517798655194445
494.96966666460037,0.7515891300395005
495.14033333142595,0.7513955664067915
495.31099999825153,0.7511993574312426
495.4816666650771,0.7510003212493398
495.6523333319028,0.7507986417853664
495.8229899986585,0.7505941349146004
495.9936566646894,0.7503869837668706
496.164323331515,0.7501770025874226
496.33498999834063,0.7499643759785152
496.5056566651662,0.7497489198709244
496.6763233319918,0.7495308304711276
496.8469899988175,0.7493099215028093
497.0176566656431,0.7490863767593245
497.1883233316739,0.7488600102676372
497.35896666447326,0.7486310046400368
497.52963333129884,0.7483991614343539
497.7002999981244,0.7481646701032117
497.87096666495006,0.7479273378646313
498.04163333098097,0.747687362560717
498.21229999780655,0.7474445458758122
498.38295666456224,0.7471990834640725
498.5536233313878,0.7469507811809274
498.7242899982134,0.7466998303660777
498.8949566650391,0.7464460280285903
499.0656233318647,0.7461895798848869
499.23628999869027,0.7459302870159268
499.4069566647211,0.7456683490996401
499.57762333154676,0.745403566746088
499.74828999837234,0.7451361446608779
499.91895666519804,0.7448658797708672
500.089599998792,0.7445929726085442
500.2602666656177,0.7443172189231563
500.43093333244326,0.744038822276445
500.6015999976794,0.7437575784706347
500.77226666450497,0.7434736938631459
500.94293333133066,0.74318695801276
501.11358999808624,0.7428975795857614
501.2842566649118,0.742605357130399
501.4549233317375,0.7423104985492173
501.6255899985632,0.7420127960489257
501.79625666459407,0.7417124669537968
501.96692333141965,0.7414093143525741
502.13758999824523,0.7411035484524794
502.30825666507087,0.740794978383208
502.47892333189645,0.7404838152229243
502.6495799986522,0.7401698693235848
502.8202333323161,0.7398533365017705
502.99089999834706,0.7395340399276104
503.16156666517264,0.7392121677061734
503.3322333319982,0.7388875338297571
503.5028999988238,0.7385603318245246
503.6735666656494,0.7382303811792498
503.8442233324051,0.7378978726713613
504.01488999764126,0.7375626157065551
504.18555666446684,0.7372248017028635
504.3562233312925,0.7368842421060765
504.52688999811807,0.7365411305130375
504.69755666494365,0.73619528446663
504.86822333176934,0.7358469016952698
505.0388899985949,0.7354958007022759
505.2095566646258,0.7351421688758795
505.3802233314515,0.7347858366598811
505.5508666650454,0.7344270002429961
505.72153333187106,0.7340654956873067
505.89219999869664,0.7337015158829471
506.0628666655222,0.7333348981032959
506.2335333323479,0.7329658214255826
506.4041999983788,0.73259412638127
506.57485666513446,0.7322199987141876
506.74552333196004,0.7318432902194383
506.9161899987856,0.7314641710425602
507.0868566656113,0.7310825004929561
507.2575233316422,0.7306984347294951
507.42818999767303,0.7303118262110082
507.5988566644986,0.7299228358079891
507.7695233313242,0.7295313125183224
507.9401899981498,0.729137409374613
508.1108433318139,0.7287409718195
508.28149999856953,0.7283421591884778
508.4521666653951,0.7279408218701766
508.62283333142597,0.7275371216928411
508.7934999982516,0.7271309073317657
508.9641666650772,0.7267223381190369
509.13483333190277,0.7263112619861813
509.30549999872846,0.7258978317691532
509.4761566654841,0.725481898342829
509.64682333230974,0.725063613090509
509.81748999834065,0.7246428266595726
509.98815666516623,0.7242196920758639
510.1588233319918,0.7237940637040295
510.3294899988174,0.7233660963980677
510.50015666564303,0.7229356463229362
510.6708233308792,0.7225028675062457
510.8414899977048,0.7220676144804572
511.0121333312988,0.7216300387072163
511.1827999981244,0.721189992691321
511.3534666649501,0.7207476283025616
511.52413333177566,0.7203028048799133
511.69479999860124,0.7198556701080996
511.8654666654269,0.719406076501634
512.0361233313878,0.7189541728710136
512.2067899982135,0.7184998157371437
512.3774566650391,0.7180431659558231
512.5481233318646,0.7175840762099147
512.7187899986902,0.7171226970362263
512.8894566655159,0.7166588814803068
513.0601233323416,0.716192779934403
513.2307899983723,0.7157242443215325
513.401456665198,0.7152534278876462
513.5721233320237,0.7147801812664932
513.7427666648229,0.7143046563443156
513.9134333316485,0.7138267057045872
514.0840999976795,0.7133464829448524
514.254766664505,0.7128638392735205
514.4254333313306,0.712378930747422
514.5960999981562,0.7118916121989245
514.7667566649119,0.7114020393856367
514.9374233317375,0.7109100663965509
515.1080899985631,0.7104158564732124
515.278756664594,0.7099192676431482
515.4494233314197,0.7094204552007226
515.6200899982452,0.7089192755979167
515.7907466650009,0.708415876361831
515.9613999986649,0.7079101087468058
516.1320666654905,0.7074021210568907
516.302733332316,0.7068917648649513
516.4733999991417,0.7063791872088613
516.6440666643778,0.705864247885233
516.8147333312035,0.7053471070198888
516.985399998029,0.7048276216520615
517.1560666648547,0.7043059307052376
517.3267333316803,0.7037818899966077
517.4973899984359,0.703255642988402
517.6680566652616,0.7027270383344356
517.8387233312924,0.7021962258133329
518.0093899981181,0.7016630517592406
518.1800566649438,0.7011276735678877
518.3507233317694,0.7005899383945877
518.521379998525,0.7000500054174071
518.6920333321889,0.6995077222945705
518.8626999990145,0.6989632449012034
519.0333666650454,0.6984164248859958
519.2040333318711,0.6978674182705533
519.3746999986967,0.6973160707329595
519.5453666655222,0.6967625436163501
519.7160333323479,0.6962066819205773
519.8866999983787,0.6956486465088614
520.0573666644096,0.6950882891549343
520.2280233311652,0.6945257694103429
520.3986899979909,0.693960933229251
520.5693566648166,0.6933939349658501
520.7400233316421,0.6928246395724079
520.9106899984678,0.6922532019655153
521.0813566652934,0.6916794746926856
521.2520099981626,0.6911036033105367
521.4226666649183,0.6905254334105388
521.5933333317439,0.689945126372201
521.7639999985695,0.6893625264522557
521.9346666653951,0.6887777967859856
522.1053333322208,0.6881908011311695
522.2759999990463,0.6876016864524022
522.4466666650771,0.6870103062567597
522.6173333319027,0.6864168148233647
522.7879999987284,0.6858210763999671
522.9586666655539,0.6852232426486389
523.1293233323097,0.6846231771920496
523.2999899975459,0.6840210292195241
523.4706566643714,0.6834166591284012
523.6413233311971,0.6828102172819892
523.8119899980227,0.6822015677062775
523.9826433316867,0.6815908659158397
524.1532999984423,0.6809779821948196
524.323966665268,0.6803630708293774
524.4946333320936,0.6797460083287666
524.6652999981245,0.679126939870699
524.8359666649501,0.6785057537886992
525.0066333317757,0.6778825916452701
525.1772999986013,0.6772573412067135
525.3479666654268,0.6766301430618494
525.5186333322524,0.6760008854580267
525.6892899990082,0.6753696965757888
525.8599566650391,0.6747364621248019
526.0306233318647,0.6741013218940022
526.2012899986903,0.673464169222584
526.3719566655159,0.6728251433574929
526.5426233323415,0.6721841624552785
526.7132899975776,0.6715413643580196
526.8839333311716,0.6708966695895593
527.0545999979973,0.670250208807203
527.2252666648229,0.6696019095235543
527.3959333316485,0.6689518932705604
527.5665999984742,0.6683001037230667
527.7372666652998,0.667646659285901
527.9079333313306,0.6669914937510106
528.0785999981563,0.6663347156650414
528.2492666649817,0.6656762635162581
528.4199233317374,0.6650162402366375
528.590589998563,0.6643545727281348
528.7612566653888,0.6636913497268825
528.9319233322144,0.6630264960158581
529.10258999904,0.6623601040262399
529.2732566650709,0.6616920857177584
529.4439133318265,0.6610225280605634
529.6145666646958,0.6603513466588067
529.7852333315213,0.6596786319790061
529.955899998347,0.6590042999203927
530.1265666643778,0.6583284434839333
530.2972333312034,0.6576509831733428
530.467899998029,0.6569720029499442
530.6385666648547,0.6562914217478353
530.8092333316804,0.6556093346165152
530.979899998506,0.6549256582525292
531.1505566652615,0.6542404835765346
531.3212233312925,0.653553732461032
531.491889998118,0.652865488256374
531.6625566649437,0.6521756706333511
531.8332233317693,0.6514843675758715
532.003889998595,0.6507914971382728
532.1745466653506,0.6500971508479176
532.3451999990145,0.6494012415288519
532.5158666650453,0.6487038602253626
532.6865333310764,0.6480049172567269
532.857199997902,0.6473044918835689
533.0278666647275,0.6466024936540896
533.1985333315531,0.6458990097253217
533.3691899983088,0.645193949684043
533.5398566651345,0.6444873976611118
533.7105233319601,0.6437792546117316
533.8811899979909,0.6430695947985937
534.0518566648165,0.6423583134404659
534.2225233316422,0.6416455052582761
534.3931899984678,0.6409310632626939
534.5638566652934,0.6402150841024951
534.7345233313242,0.6394974605243386
534.9051766649882,0.638778279408966
535.0758333317439,0.6380574222317623
535.2464999985693,0.6373349847682592
535.417166665395,0.6366108463432482
535.5878333322207,0.6358851099457045
535.7584999990463,0.6351576590442599
535.9291666642824,0.6344286043893897
536.0998233310381,0.633697826750414
536.2704899978638,0.6329654304397945
536.4411566646894,0.632231307880425
536.611823331515,0.631495563163136
536.7824899983407,0.6307580859128917
536.9531566651663,0.6300189752784279
537.1238233319918,0.6292781204867407
537.2944899980228,0.6285356249468501
537.4651566648483,0.6277913807936021
537.6358099985122,0.6270454909392542
537.8064666652679,0.6262978523263469
537.9771333320936,0.6255485719415662
538.1477999989193,0.6247975494646699
538.3184666657447,0.6240448887561789
538.4891333317757,0.6232904871841203
538.6597999986013,0.6225344433078382
538.8304566653569,0.6217766557293477
539.0011233321826,0.621017234200631
539.1717899990083,0.6202560804050217
539.3424566642443,0.6194933020929668
539.51312333107,0.6187287956294603
539.6837899978956,0.6179626583456781
539.8544566647212,0.6171947915009498
540.0251233315469,0.6164252979124393
540.1957899983723,0.6156540750986691
540.366456665198,0.6148812234631746
540.5370999979972,0.6141066429125228
540.7077666648229,0.6133304368968797
540.8784333316485,0.6125525048970741
541.0490999984743,0.6117729520515864
541.2197666652999,0.6109916768213963
541.3904333321254,0.6102087757160122
541.561089998881,0.6094241611767501
541.7317566657066,0.6086379312727557
541.9024233317375,0.6078499794038549
542.0730899985631,0.6070604164815548
542.2437566653887,0.6062691354336446
542.4144233322143,0.6054762406736495
542.58507999897,0.6046816305295141
542.7557333310444,0.6038854120319573
542.9263999978701,0.6030874827469976
543.0970666646958,0.6022879501484993
543.2677333315214,0.6014867178398301
543.438399998347,0.6006838881388886
543.6090666651726,0.599879368348579
543.7797333319982,0.5990732579260442
543.9503999980291,0.5982654629395479
544.1210666648547,0.5974560900908074
544.2917233316105,0.5966450449594243
544.462389998436,0.5958324287555504
544.6330566652616,0.5950181517186598
544.8037233320872,0.5942023183437394
544.9743899989128,0.593384826044739
545.1450566649437,0.5925657817280157
545.3157133316994,0.591745093884926
545.4863666645685,0.5909228625235038
545.6570333313941,0.5900989971515254
545.8276999982198,0.5892735915226529
545.9983666650454,0.5884465592205538
546.1690333310763,0.5876179953699682
546.3396999979019,0.5867878167253685
546.5103666647276,0.5859561244314017
546.6810333315532,0.5851228229485754
546.8516999983788,0.5842880120582067
547.0223566651345,0.5834516047492602
547.19302333196,0.582613697384291
547.3636899979908,0.5817742111557805
547.5343566648165,0.5809332461515128
547.7050233316422,0.5800907126138798
547.8756899984677,0.5792467147331651
548.0463333320617,0.5784011751226756
548.2169999988874,0.5775541776076634
548.387666665713,0.5767056408073646
548.5583333309492,0.5758556608649464
548.7289999977747,0.5750041563588301
548.8996666646004,0.5741512178911753
549.070333331426,0.5732967683618003
549.2409999982517,0.5724409139445205
549.4116666650773,0.5715835856707607
549.5823333311081,0.5707248634828271
549.7529899986584,0.569864682337616
549.9236566646894,0.5690031235747979
550.0943233315149,0.5681401313662725
550.2649899983405,0.5672757860968991
550.4356566651662,0.5664100263550779
550.6063233319917,0.5655429348678316
550.7769766648611,0.5646744555722515
550.9476333324114,0.5638046778700546
551.1182999984424,0.5629335388895826
551.2889666652679,0.5620611060420135
551.4596333320936,0.5611873064949711
551.6302999989192,0.5603122289758352
551.8009566656749,0.5594358090238407
551.971623330911,0.5585581339255513
552.1422899977366,0.5576791365563618
552.3129566645623,0.5567989082517617
552.4836233313878,0.5559173860335754
552.6542899982135,0.5550346484503959
552.824956665039,0.5541506355860208
552.9956233318646,0.5532654209421994
553.1662899978955,0.5523789460898749
553.3369566647212,0.5514912818742262
553.5076099983851,0.5506023708455359
553.6782666651409,0.5497122904067925
553.8489333319665,0.5488209689254536
554.019599998792,0.5479284886935498
554.1902666656176,0.5470347877113821
554.3609333324432,0.5461399367836556
554.5315999984741,0.5452438783187592
554.7022566652297,0.5443466792952029
554.8729233320553,0.5434482768403193
555.043589998881,0.5425487401889729
555.2142566657067,0.5416480043508337
555.3849233309427,0.5407461425704684
555.5555899977684,0.5398430866528183
555.726256664594,0.5389389046863412
555.8969233314197,0.5380335315426262
556.0675899982452,0.5371270410440874
556.2382466650009,0.5362193864587305
556.4088999986649,0.5353106344331098
556.5795666646957,0.5344007268313609
556.7502333315213,0.5334897287151987
556.920899998347,0.5325775675870631
557.0915666651726,0.5316643275844045
557.2622333319981,0.5307499321652881
557.4328899987538,0.5298344395714505
557.6035566655795,0.528917773254258
557.7742233316103,0.5280000081778621
557.944889998436,0.5270810685616742
558.1155566652617,0.5261610402140748
558.2862233320873,0.5252398494508698
558.4568799988429,0.5243175730110642
558.627533331712,0.5233941399279393
558.798199997743,0.5224696338632063
558.9688666645686,0.521543967955257
559.1395333313942,0.5206172271805842
559.3101999982198,0.5196893293493032
559.4808666650454,0.518760359040388
559.651533331871,0.5178302422947791
559.8221999986966,0.5168990560191683
559.9928666647277,0.515966719939411
560.1635233314831,0.5150333139533539
560.3341899983088,0.5140987540278051
560.5048566651344,0.5131631201135627
560.6755233319601,0.5122263330468236
560.8461899987857,0.5112884766177292
561.0168566656113,0.5103494674654291
561.1874999976159,0.5094093860683846
561.3581666644415,0.5084681504648384
561.5288333312672,0.5075258484294852
561.6994999980927,0.5065823904484809
561.8701666649183,0.5056378650133685
562.0408333317439,0.5046921757900901
562.2114999977747,0.5037454150003459
562.3821666646003,0.5027975050135596
562.552833331426,0.5018485385079007
562.7234999982517,0.5008984264032128
562.8941566650071,0.4999472585165687
563.0648233318328,0.49899493011166235
563.2354899986585,0.4980415271431214
563.4061566646894,0.49708696518829965
563.576823331515,0.49613133834351336
563.7474899983406,0.4951745487848919
563.9181333319347,0.49421669892787723
564.0887999987602,0.4932576942477388
564.2594666655858,0.4922976334641942
564.4301333324114,0.491336419374027
564.6007999976475,0.49037415024835423
564.7714666644731,0.48941073140339014
564.9421233312289,0.48844625034030503
565.1127899980545,0.4874806281995704
565.2834566648801,0.4865139486629308
565.4541233317057,0.4855461216078614
565.6247899985314,0.4845772484802803
565.7954566645623,0.4836072514206239
565.9661233313878,0.4826362277884786
566.1367899982134,0.48166410172174257
566.3074566650391,0.48069095161277564
566.4781233318647,0.47971668192491823
566.6487766655287,0.4787413736316668
566.8194333322842,0.4777649364514061
566.9900999991098,0.4767874555260932
567.1607666651407,0.4758088499799564
567.3314333319664,0.4748292111502346
567.5020999987921,0.47384844778735175
567.6727566655476,0.47286662589281786
567.8434233323733,0.47188364489370854
568.0140899976094,0.47089960089096744
568.1847566644351,0.46991439843309324
568.3554233312607,0.46892813268526695
568.5260899980864,0.4679407032804097
568.696756664912,0.46695219739505606
568.8674233317375,0.4659625202921217
569.0380899985631,0.46497177153330227
569.2087566645939,0.46397984751831456
569.3793999981881,0.46298686107647574
569.5500666650136,0.461992703330186
569.7207333318393,0.46099747815413483
569.8913999986648,0.4600010953809693
570.0620666654905,0.45900365445811714
570.2327333323161,0.45800506031929333
570.403399998347,0.45700540940830464
570.5740566651027,0.456004607638869
570.7447233319283,0.45500276092535047
570.9153899987539,0.45399975940335624
571.0860566655795,0.45299570241947146
571.256723332405,0.4519904908385983
571.4273899976413,0.45098421518856124
571.5980333312352,0.44997678973611804
571.7686999980608,0.4489683098217492
571.9393666648864,0.44795867703278663
572.1100333317121,0.4469479872601206
572.2806999985378,0.44593615513917517
572.4513666653633,0.4449232673643908
572.6220333313943,0.4439092207650213
572.7926999982199,0.44289412742259765
572.9633666650454,0.44187791246897057
573.134033331871,0.44086064873206643
573.3046899986267,0.43984223878751777
573.4753566654523,0.4388227680114836
573.646023332278,0.4378021486535598
573.8166899983088,0.43678048309639156
573.9873566651344,0.43575766590844095
574.1580233319601,0.43473379957500646
574.3286666647593,0.4337087734398115
574.4993333315849,0.43268269112592705
574.6699999984105,0.43165545660403276
574.8406666644414,0.4306271726994806
575.0113333312671,0.42959773458243783
575.1819999980926,0.42856724785241096
575.3526666649183,0.42753560817466374
575.523323331674,0.42650291301386783
575.6939899984995,0.42546907207045437
575.8646566653251,0.4244341823291109
576.035323331356,0.42339816577880757
576.2059899981816,0.4223611163716146
576.3766566650072,0.42132294464451775
576.5473233318329,0.42028374798422957
576.7179899986585,0.4192434277656304
576.8886566654841,0.4182020814435688
577.059299999078,0.4171596210853503
577.2299666643142,0.4161161383973046
577.4006333311399,0.41507154529563284
577.5712999979654,0.41402592847585956
577.7419666647911,0.41297922234958934
577.9126333316168,0.4119315071534319
578.0832899983724,0.4108827250170838
578.253956665198,0.40983295066166986
578.4246233312289,0.4087820944237786
578.5952899980546,0.40773023682042553
578.7659566648802,0.4066772983821862
578.9366233317057,0.4056233596182786
579.1072899985313,0.4045683408704691
579.2779566653569,0.40351233307248574
579.4486233313878,0.40245523758632734
579.6192899982134,0.40139714933374854
579.7899333318076,0.40033797790038306
579.960599998633,0.3992777953837375
580.1312666654587,0.39821651633637517
580.3019333322843,0.3971542445283983
580.4725999991099,0.3960908899074326
580.643266664346,0.39502654635168766
580.8139233311018,0.39396110952036845
580.9845899979274,0.39289468780102815
581.155256664753,0.3918271875093998
581.3259233315786,0.39075870729937784
581.4965899984041,0.38968914827695905
581.6672566652298,0.38861860385277797
581.8379133311907,0.38754698062770204
582.0085666648547,0.38647438168829185
582.1792333316803,0.38540071362918066
582.349899998506,0.38432607502866734
582.5205666653316,0.38325038168758035
582.6912333321573,0.38217371710877734
582.8618999989828,0.38109600190708526
583.0325666650136,0.3800173302853328
583.2032333318392,0.3789376180701716
583.3738999986649,0.37785695544227027
583.5445566654205,0.37677525417245145
583.7152233322462,0.37569260980771113
583.8858899990718,0.37460894357523833
584.0565566643079,0.373524344746489
584.2272233311335,0.37243872221331364
584.397889997959,0.3713521635156755
584.5685566647848,0.3702645990648156
584.7391999983787,0.36917611660061794
584.9098666652044,0.36808663085737847
585.08053333203,0.36699623061855924
585.2511999980609,0.3659048307117176
585.4218666648865,0.36481252337528836
585.592533331712,0.36371923848713045
585.7631899984677,0.36262506731259675
585.9338566652934,0.36152994368595665
586.104523332119,0.3604339450091205
586.2751899989446,0.35933700121157564
586.4458566649755,0.35823918984982106
586.6165233318011,0.35714043469627776
586.7871899986267,0.3560408139872767
586.9578566654524,0.35494025873141666
587.1285233322778,0.3538388621101164
587.2991766651472,0.35273656397463565
587.469833331108,0.3516334503570421
587.6404999979337,0.3505294677007114
587.8111666647594,0.3494246849131599
587.981833331585,0.3483190393698746
588.1524999984106,0.34721259890969974
588.3231666652362,0.34610530106275067
588.4938333320617,0.3449972090864551
588.6644899980226,0.3438882592675884
588.8351566648483,0.3427785175727343
589.0058233316739,0.34166791820591813
589.1764899984995,0.34055652816283716
589.3471566653251,0.33944427991359705
589.517809998989,0.33833124603108894
589.6884666657448,0.33721735153316146
589.8591333309809,0.33610267857325915
590.0297999978065,0.3349871603808367
590.2004666646322,0.3338708688229655
590.3711333314578,0.33275372496618494
590.5417999982834,0.33163580433116374
590.7124666643142,0.33051704337515303
590.8831333311399,0.32939752124323096
591.0537999979655,0.3282771715989768
591.2244566647212,0.3271560914396727
591.3951233315468,0.32603420573012354
591.5657899983723,0.3249115850225859
591.7364566651979,0.32378816045688413
591.9071233320235,0.32266401064932265
592.0777899980545,0.3215390708225536
592.2484566648802,0.3204134152565847
592.4190999984742,0.31928698319197785
592.5897666652997,0.3181598488586388
592.7604333321253,0.3170319402219179
592.9310999989509,0.31590332001761606
593.1017666657766,0.31477391040897756
593.2724333310127,0.31364379278721205
593.4430899977684,0.31251289669426763
593.613756664594,0.31138130672685493
593.7844233314196,0.310248950815411
593.9550899982453,0.3091159138029266
594.1257566650709,0.30798211413216975
594.2964233318964,0.3068476382865639
594.4670899979274,0.3057124368688862
594.637756664753,0.3045765716199962
594.8084233315785,0.30343997911457865
594.9790799983342,0.3023027288408994
595.1497333319983,0.30116473700797275
595.3203999988239,0.30002607955581456
595.4910666656494,0.2988866900971752
595.6617333316804,0.2977466366645181
595.8323999985059,0.2966058516486593
596.0030666653315,0.29546440785071665
596.1737233320872,0.2943222419048236
596.3443899989128,0.2931794265130512
596.5150566657384,0.2920358988904183
596.6857233309745,0.2908917392045527
596.8563899978002,0.2897468591830577
597.0270566646257,0.2886013385614592
597.1977233314514,0.2874551087231453
597.368389998277,0.2863082457670029
597.5390566651027,0.28516068362912056
597.7097133318583,0.28401249792141897
597.8803666647275,0.2828636122468072
598.0510333315531,0.28171410947391434
598.2216999983788,0.2805639199172108
598.3923666652043,0.27941311286829745
598.5630333320299,0.27826162294022905
598.7336999988555,0.2771095260937228
598.9043566656112,0.27595675577328793
599.0750233316421,0.2748033869605387
599.2456899984678,0.27364935593817397
599.4163566652933,0.2724947336955863
599.587023332119,0.2713394328334189
599.7576899989447,0.27018354781335985
599.9283333317438,0.26902701255795464
600.0989999977749,0.26786990098775
600.2696666646004,0.2667121458977943
600.440333331426,0.2655538200877973
600.6109999982516,0.26439484933346913
600.7816666650772,0.26323530274306667
600.9523333319028,0.2620751064944675
601.1229999987283,0.2609143554066352
601.2936666647594,0.2597529770513032
601.464333331585,0.25859106000647725
601.6349899983405,0.2574285243659075
601.8056566651661,0.2562654508884715
601.9763233319918,0.25510175946112845
602.1469899988175,0.2539375307387186
602.317656665643,0.252772692747663
602.4883233316739,0.2516073261514588
602.6589766645432,0.2504413558825356
602.8296333312989,0.2492748564256508
603.0002999981244,0.24810776489635591
603.1709666649501,0.2469401682575953
603.3416333309809,0.2457719953767223
603.5122999978066,0.2446033244730972
603.6829566645622,0.2434340870644485
603.8536233313878,0.24226436172452845
604.0242899982134,0.24109407701917027
604.194956665039,0.23992331010745963
604.3656233318646,0.23875200362206198
604.5362899986903,0.2375802240183812
604.7069566647211,0.23640791400102587
604.8776233315468,0.23523514078911947
605.0482899983724,0.23406185114118647
605.218956665198,0.23288810071531985
605.3896099988619,0.23171382978571023
605.5602666656176,0.2305391121912079
605.7309333324432,0.2293638806625709
605.9015999976793,0.22818820819864077
606.0722666645049,0.22701203063435427
606.2429333313306,0.22583542328109715
606.4135999981562,0.22465831584612428
606.5842566649119,0.22348078268677432
606.7549233317375,0.2223027597200775
606.9255899985632,0.22112432340949004
607.096256664594,0.2199454151447665
607.2669233314197,0.21876610194260998
607.4375899982452,0.21758632006286174
607.6082333318393,0.21640614159478974
607.7788999986649,0.21522550619084868
607.9495666654905,0.21404448798212095
608.120233332316,0.21286302316935513
608.290899998347,0.21168118531569655
608.4615666651725,0.21049890992844694
608.6322333319982,0.20931627439858194
608.8028999988238,0.20813322144067062
608.9735666656494,0.20694981046464203
609.1442333324751,0.20576601174372366
609.3148899976411,0.2045818789234309
609.4855566644668,0.20339736801181396
609.6562233312925,0.20221252130593345
609.8268899981182,0.20102729002739964
609.9975566649438,0.1998417367270781
610.1682233317694,0.19865580800546256
610.3388799985249,0.1974695721134484
610.5095333313942,0.1962829706735729
610.6801999982198,0.19509606614699354
610.8508666650454,0.19390881855390113
611.021533331871,0.19272128455740012
611.1921999986967,0.19153341768158513
611.3628666655222,0.19034526986321373
611.5335233322779,0.189156786316745
611.7041899983087,0.18796803713389934
611.8748566651344,0.18677899450632718
612.0455233319601,0.1855897065798892
612.2161899987857,0.18440013792017082
612.3868566656113,0.18321033265742367
612.5575233316421,0.18202023077413176
612.7281899976731,0.18082989153090098
612.8988566644987,0.17963926431081662
613.0694999980926,0.1784484064717219
613.2401666649182,0.17725726276092793
613.4108333317438,0.17606589921154142
613.5814999985695,0.1748742606762569
613.7521666653951,0.1736824209624336
613.922833331426,0.17249033565486008
614.0934999982516,0.1712980552893188
614.2641566650072,0.1701055371798139
614.434823331833,0.16891283528190493
614.6054899986584,0.16771991131161
614.7761566654841,0.16652680503980155
614.9468233323098,0.1653334800545845
615.1174899983406,0.16413998178919062
615.2881333311399,0.16294628825409865
615.4587999979656,0.16175243457742117
615.6294666647912,0.1605583870399874
615.8001333316167,0.1593642020205529
615.9707999976476,0.1581698353704168
616.1414666644732,0.15697533992676435
616.3121333312988,0.15578068724103786
616.4827999981244,0.154585919580446
616.6534666649501,0.15339100422433785
616.8241233317058,0.15219597578875171
616.9947899985312,0.15100080541799707
617.1654566653569,0.14980552823291624
617.3361233313879,0.14861012942964846
617.5067899982134,0.1474146495355232
617.677456665039,0.14621906728122822
617.8481233318646,0.1450234060427927
618.0187666654587,0.14382764467478495
618.1894333322844,0.14263180465658498
618.3600999991099,0.14143586925670812
618.5307666643461,0.14023987037893862
618.7014333311716,0.1390437810568556
618.8720999979972,0.13784762986210894
619.0427566647529,0.1366513993442326
619.2134233315786,0.13545512288904618
619.3840899984041,0.13425879149657555
619.5547566652298,0.13306244269968964
619.7254233312607,0.13186607326151945
619.8960899980863,0.13066969242811027
620.0667566649118,0.12947327322705887
620.2374233317375,0.12827685150166185
620.4080899985631,0.12708040232865858
620.578756664594,0.12588396032075616
620.7493999989827,0.12468750752513438
620.9200666650137,0.1234910831015426
621.0907333318393,0.12229469519264556
621.2613999986648,0.1210983510375605
621.4320666654905,0.11990201810754005
621.602733332316,0.1187057271463242
621.7733899990717,0.11750947116722665
621.9440566643079,0.11631328351285909
622.1147233311336,0.11511715425973519
622.2853899979592,0.11392109756939893
622.4560566647848,0.11272511220598481
622.6267233316104,0.11152920762898937
622.797389998436,0.11033334734590669
622.96803333203,0.10913756949522152
623.1386999980608,0.10794184641856253
623.3093666648864,0.10674620751895587
623.4800333317121,0.10555063496758312
623.6506999985377,0.10435516254411195
623.8213666653634,0.10315977493002076
623.9920233321191,0.10196449497763424
624.1626899989445,0.10076930235776066
624.3333566649756,0.09957423082183516
624.5040233318011,0.09837925841729424
624.6746899986267,0.09718441599023706
624.8453566654523,0.09598968473613081
625.0160233322779,0.09479507990608098
625.1866899983088,0.09360059579347543
625.3573566643397,0.09240624874469508
625.5280099980037,0.09121203026162317
625.6986666647592,0.09001796720616767
625.8693333315849,0.08882404626621705
626.0399999984105,0.08763031367367534
626.2106666652361,0.08643674684306045
626.3813333320617,0.08524335517669951
626.5519999980927,0.08405011502799727
626.7226666649182,0.08285702824893808
626.8933233316739,0.08166404215274299
627.0639899984996,0.08047121100657897
627.2346566653252,0.07927853003393366
627.4053233321508,0.07808603808981458
627.5759899989764,0.07689369956941927
627.7466566650073,0.07570155579101395
627.9173233318329,0.07450958439776596
628.0879899986585,0.07331782501700745
628.2586566654842,0.07212625041165352
628.4292999982833,0.07093489171057905
628.5999666643143,0.0697437206309631
628.7706333311398,0.06855278180368422
628.9412999979655,0.06736204031362462
629.1119666647911,0.06617152585754452
629.2826333316167,0.06498121139661076
629.4532899983724,0.06379113853524236
629.6239566651981,0.06260128826781938
629.7946233320237,0.061411675700508116
629.9652899980545,0.060222273532221794
630.13595666488,0.05903311312600057
630.3066233317057,0.05784417881615993
630.4772899985313,0.056655512062956506
630.6479333321254,0.05546708333765299
630.818599998951,0.05427892206558087
630.9892666657765,0.05309100248455927
631.1599333310127,0.05190336125818289
631.3305999978384,0.05071598869166192
631.5012666646641,0.04952893894972888
631.6719233314195,0.048342197491782285
631.8425899982452,0.04715577833039974
632.0132566650708,0.04596963199223965
632.1839233318965,0.04478380097974209
632.3545899979273,0.04359826624300416
632.525256664753,0.04241305507945398
632.6959233315786,0.041228137465486855
632.8665899984042,0.04004357165693538
633.0372566652297,0.038859353686593226
633.2079133319854,0.037675501867922644
633.3785666656495,0.0364919884238099
633.5492333316803,0.03530881888430227
633.719899998506,0.034125966242933084
633.8905666653314,0.03294347736543291
634.0612333321571,0.031761323589859
634.2318999989827,0.030579538638230718
634.4025566657385,0.029398105802673713
634.5732233309747,0.02821707549557542
634.7438899978002,0.02703644967491765
634.9145566646258,0.02585621896581889
635.0852233314514,0.02467636810384125
635.2558899982771,0.02349690761034398
635.4265466650327,0.022317817377424252
635.5971999986966,0.021139129171246947
635.7678666647275,0.019960838250628304
635.9385333315531,0.018782967055839886
636.1091999983788,0.017605496078086466
636.2798666652045,0.016428447488664684
636.45053333203,0.015251804366226633
636.6211999988557,0.014075590987763566
636.7918666656813,0.012899807550864631
636.962533331712,0.011724478485509488
637.1331899984677,0.010549594756771224
637.3038566652933,0.00937516002275981
637.4745233321189,0.008201177026237998
637.6451899989446,0.007027675370133293
637.8158566649755,0.005854624714837845
637.9865233310063,0.004682051884125766
638.1571666646004,0.003509963074373295
638.327833331426,0.0023383739535103904
638.4984999982515,0.0011672833713644935
638.6691666650771,-3.294580247400776e-06
638.8398333319028,-0.0011733724211458317
639.0104999987285,-0.002342935841697873
639.1811666647593,-0.003511989540433242
639.351823331515,-0.004680524251389753
639.5224899983407,-0.005848545806626231
639.6931566651663,-0.007016046777937772
639.8638233319919,-0.008183036823421202
640.0344899988174,-0.009349503921166832
640.205156665643,-0.01051544204761616
640.3758233316739,-0.01168083937119281
640.5464899984996,-0.012845697904011692
640.7171566653252,-0.014010007306779121
640.8878099981944,-0.015173753333292793
641.05846666495,-0.016336948937086926
641.229133330981,-0.017499582277470446
641.3997999978066,-0.018661652848014097
641.5704666646321,-0.01982316135999947
641.7411333314578,-0.020984093999497785
641.9117899982135,-0.02214446464066151
642.0824566650391,-0.0233042620536218
642.2531233318647,-0.02446349997914002
642.4237899986903,-0.02562216471148836
642.5944566647212,-0.026780242621556472
642.7651233315468,-0.027937726300691176
642.9357899983725,-0.029094592656924864
643.1064433320364,-0.030250838306900323
643.277099998792,-0.031406461954668084
643.4477666656176,-0.03256146826893637
643.6184333324433,-0.03371583765782632
643.7890999976795,-0.03486958037968522
643.959766664505,-0.03602268953371621
644.1304333313307,-0.03717516130893258
644.3010999981562,-0.03832699300340078
644.4717666649818,-0.03947819401670024
644.6424333310126,-0.04062876015619063
644.8130899985632,-0.0417786879390363
644.983756664594,-0.04292796925981661
645.1544233314196,-0.044076599765609493
645.3250899982452,-0.0452245753996949
645.4957566650708,-0.04637188338628714
645.6664233318965,-0.0475185200480296
645.8370666654904,-0.0486644879556796
646.0077333323161,-0.04980978247813558
646.1783999983469,-0.050954404646290315
646.3490666651726,-0.05209836229616373
646.5197333319982,-0.05324165925969163
646.6903999988239,-0.054384277316690884
646.8610666656494,-0.05552622868209831
647.0317233324051,-0.05666749527980795
647.2023899976413,-0.057808089820482265
647.3730566644668,-0.05894799504970339
647.5437233312925,-0.06008722380772547
647.7143899981181,-0.06122573358057638
647.8850566649437,-0.06236354252039813
648.0557233317693,-0.0635006302066782
648.2263899985949,-0.06463701395285713
648.3970566646258,-0.06577266667221834
648.5677133313815,-0.06690761832122617
648.7383666650454,-0.06804184853349007
648.9090333318711,-0.06917537838915622
649.0796999986967,-0.07030818112083452
649.2503666655223,-0.07144026521505158
649.4210333323479,-0.07257160066914924
649.5916999983788,-0.07370220254140719
649.7623566651343,-0.07483205357149637
649.93302333196,-0.07596116112849387
650.1036899987856,-0.07708951854839757
650.2743566656112,-0.07821714631027221
650.4450233316422,-0.07934402955881627
650.615689997673,-0.08047018051866817
650.786333331267,-0.08159557536996252
650.9569999980926,-0.08272022507271895
651.1276666649183,-0.08384408069460636
651.298333331744,-0.08496716750580273
651.4689999985694,-0.086089455983797
651.6396666653951,-0.08721096211688815
651.810333331426,-0.08833164956182503
651.9809899981817,-0.0894515449309415
652.1516566650073,-0.0905706007084976
652.3223233318329,-0.0916888372741672
652.4929899986585,-0.0928062137741808
652.663656665484,-0.0939227681693983
652.8343233323097,-0.09503845159533561
653.0049899983406,-0.09615330488115847
653.1756566651662,-0.0972672919034879
653.3463233319918,-0.09838044506576088
653.5169666647911,-0.09949272356853432
653.6876333316168,-0.10060415713277927
653.8582999976476,-0.10171471419343764
654.0289666644733,-0.10282443317389654
654.1996333312989,-0.10393326848698649
654.3702999981244,-0.1050412552740173
654.5409566648801,-0.10614834916547602
654.7116233317057,-0.10725457625474623
654.8822899985314,-0.10835988782933635
655.052956665357,-0.1094643175340362
655.2236233313879,-0.11056781256571505
655.3942899982135,-0.11167040092079056
655.5649566650391,-0.11277202482837144
655.735599998633,-0.11387273855338685
655.9062666654587,-0.11497249467586636
656.0769333322844,-0.11607132921053692
656.2475999991099,-0.11716918532266031
656.4182666643461,-0.1182660977468506
656.5889333311717,-0.1193620180356335
656.7595999979973,-0.12045700731990634
656.9302666648229,-0.1215510069712836
657.1009333316485,-0.1226440725900442
657.2715899984042,-0.12373615889265753
657.4422566652298,-0.12482730339364964
657.6129233312606,-0.12591745041562738
657.7835899980862,-0.12700664359204358
657.9542566649119,-0.12809483023797627
658.1249233317375,-0.12918205147718903
658.2955799984932,-0.13026826317737425
658.4662333321571,-0.13135349422217235
658.6368999989828,-0.13243769690661
658.8075666650136,-0.13352091979938713
658.9782333318393,-0.13460312613428574
659.1488999986649,-0.13568434923964975
659.3195666654905,-0.1367645280845419
659.4902233322462,-0.13784370671193835
659.6608899990717,-0.13892182995384603
659.831556664308,-0.1399989435894449
660.0022233311336,-0.14107499173243326
660.1728899979591,-0.14215002102395244
660.3435566647847,-0.14322397357733715
660.5142133315404,-0.14429689401723259
660.6848666652044,-0.14536872191761688
660.8555333320301,-0.1464395111486987
661.0261999980609,-0.1475092066251676
661.1968666648866,-0.14857785729232678
661.3675333317121,-0.14964539806659244
661.5381999985377,-0.15071188703718047
661.7088666653633,-0.1517772607978188
661.8795333321889,-0.15284158177525714
662.0501999990145,-0.15390477972094244
662.2208566649755,-0.15496691037899626
662.3915233318011,-0.15602791060140989
662.5621899986266,-0.15708783157164072
662.7328566654523,-0.15814661057146992
662.9035233322779,-0.15920430106178599
663.0741899983088,-0.16026084265333643
663.244843331178,-0.16131629153859264
663.4154999979337,-0.16237058395237391
663.5861666647594,-0.16342377584022133
663.7568333315849,-0.16447579147108368
663.9274999984106,-0.16552668162832537
664.0981666652362,-0.16657636090598868
664.2688333320618,-0.16762489888313054
664.4394899980227,-0.16867223436936155
664.6101566648483,-0.16971844022812096
664.7808233316739,-0.1707634442047046
664.9514899984995,-0.17180730734711516
665.1221566653252,-0.172849960356219
665.2928233321508,-0.17389147083034268
665.4634899989763,-0.1749317685668243
665.6341566650073,-0.17597091741066956
665.8048233318328,-0.17700884774330605
665.9754766647022,-0.17804562992364614
666.1461333314577,-0.17908119929792268
666.3167999982834,-0.18011561545651747
666.4874666643143,-0.18114881170969407
666.6581333311399,-0.18218085200986026
666.8287999979655,-0.1832116559459222
666.999466664791,-0.18424129473770162
667.1701233315468,-0.18526967771309724
667.3407899983724,-0.18629687277949064
667.511456665198,-0.1873228142066491
667.6821233320236,-0.18834756651563136
667.8527899980545,-0.18937106061979375
668.0234566648801,-0.19039336526249903
668.194109998544,-0.1914144033620411
668.3647666652998,-0.1924342472896853
668.5354333321253,-0.1934528148088877
668.706099998951,-0.1944701843422537
668.8767666657766,-0.1954862692754639
669.0474333310127,-0.19650112947291842
669.2180999978383,-0.1975146857217491
669.3887566645941,-0.19852702797250374
669.5594233314197,-0.19953806592481912
669.7300899982453,-0.20054787881460848
669.9007566650708,-0.20155638704457463
670.0714233318964,-0.20256365875570836
670.2420899979273,-0.20356960316845332
670.4127566647529,-0.20457430802743817
670.5834233315785,-0.20557769757017355
670.7540899984042,-0.20657984966585466
670.9247466651599,-0.20758067675941708
671.0953999988238,-0.20858025593939247
671.2660666656495,-0.20957851399938918
671.4367333316803,-0.21057551407563335
671.6073999985059,-0.21157118344826928
671.7780666653315,-0.21256560374754307
671.9487333321572,-0.21355868623947863
672.1193899989128,-0.2145505050145809
672.2900566657385,-0.21554096323948177
672.4607233309746,-0.21653014865219467
672.6313899978002,-0.2175179743617822
672.8020566646258,-0.21850451926183728
672.9727233314513,-0.21948969707549945
673.1433799982071,-0.22047358381522644
673.314033331871,-0.2214560953374904
673.4846999986967,-0.22243731846557763
673.6553666647276,-0.22341716741127646
673.8260333315532,-0.22439573480379116
673.9966999983787,-0.2253729180006771
674.1673666652043,-0.22634879613208794
674.3380333320299,-0.2273232698011199
674.5086999988556,-0.228296444893581
674.6793666656812,-0.22926823183412215
674.8500233316421,-0.23023871807742594
675.0206899984678,-0.23120783656633284
675.1913566652934,-0.23217566706398296
675.362023332119,-0.23314213503540696
675.5326899989446,-0.2341073266633668
675.7033566649754,-0.23507117064949265
675.8739999977748,-0.23603372608371867
676.0446666646003,-0.2369949162088132
676.215333331426,-0.23795482396554096
676.3859999982517,-0.2389133568891307
676.5566666650773,-0.23987059605982428
676.7273333319029,-0.24082645806869812
676.8979999987284,-0.24178103004352572
677.0686566646893,-0.2427342288390852
677.2393233315149,-0.24368612508933393
677.4099899983406,-0.24463664854249972
677.5806566651662,-0.24558586986746936
677.7513233319918,-0.2465337074698461
677.9219899988174,-0.24748024350197884
678.0926333324114,-0.2484254015022816
678.2632999976477,-0.24936925645969607
678.4339666644731,-0.2503117366700035
678.6046333312988,-0.2512529182957085
678.7752999981245,-0.25219272533637915
678.9459666649501,-0.25313123252563186
679.1166333309809,-0.254068364675891
679.2872999978065,-0.25500419648388406
679.4579666646322,-0.25593865997313603
679.6286233313879,-0.2568718129439859
679.7992899982135,-0.25780357289684597
679.969956665039,-0.2587340090004384
680.1406233318646,-0.25966305207282797
680.3112899986902,-0.26059078827222276
680.4819566647211,-0.2615171424762319
680.6526233315468,-0.26244217256057184
680.8232666651407,-0.26336580009448546
680.9939333319664,-0.2642880966410115
681.164599998792,-0.2652089862515075
681.3352666656176,-0.2661285484169379
681.5059333324432,-0.2670466933412423
681.6765999976794,-0.2679634949953152
681.8472566644351,-0.2688788654946881
682.0179233312607,-0.26979288705746585
682.1885899980863,-0.27070548114813786
682.3592566649119,-0.2716167255082084
682.5299233317376,-0.2725265526800678
682.7005899985631,-0.27343504494304205
682.871256664594,-0.27434210747361315
683.0419233314196,-0.2752478277247431
683.2125899982453,-0.2761521014651294
683.3832566650708,-0.2770550137847334
683.553899998665,-0.27795647356118997
683.7245666654906,-0.27885655773401286
683.8952333323161,-0.2797551956239849
684.0658999983469,-0.2806524566840181
684.2365666651726,-0.281548238293915
684.4072333319982,-0.28244262329713354
684.5778899987539,-0.2833355479339692
684.7485566655795,-0.28422713049774934
684.9192233324051,-0.28511727724622893
685.0898899976412,-0.2860060419193617
685.2605566644668,-0.2868933470727583
685.4312233312925,-0.28777927399818376
685.6018899981179,-0.28866374682073154
685.7725333317121,-0.2895468415048998
685.9431999985377,-0.2904284538622786
686.1138666653634,-0.29130867017664963
686.2845333313942,-0.29218739223060974
686.4551999982198,-0.29306472708203013
686.6258666650455,-0.2939405826931025
686.7965233318012,-0.2948150349946486
686.9671899986267,-0.29568799957972214
687.1378566654523,-0.2965595574976566
687.3085233322779,-0.2974296035392141
687.4791899983088,-0.29829823633280345
687.6498566651344,-0.299165337012999
687.8205233319601,-0.3000310136929945
687.9911899987856,-0.30089516283694817
688.1618566656113,-0.30175789098971
688.3325099984804,-0.3026190809837715
688.5031666644414,-0.3034788301310638
688.673833331267,-0.3043370608944582
688.8444999980927,-0.3051938555754197
689.0151666649183,-0.30604910081873593
689.1858333317439,-0.306902906582516
689.3564999985695,-0.30775514520196406
689.527166665395,-0.3086059420775614
689.6978233313561,-0.3094551907786519
689.8684899981816,-0.3103030063131221
690.0391566650072,-0.31114932869924294
690.2098233318328,-0.311994231200974
690.3804899986584,-0.3128376219023768
690.5511433323225,-0.3136795820276927
690.7217999990783,-0.31452003888692026
690.8924666643143,-0.31535906442016787
691.06313333114,-0.3161965977952447
691.2337999979655,-0.3170327280008599
691.4044666647911,-0.3178673740131754
691.5751333316167,-0.3187005986126778
691.7457899983724,-0.3195323008570075
691.9164566651981,-0.3203625752318225
692.0871233312289,-0.32119134435328117
692.2577899980545,-0.32201869822593254
692.4284566648801,-0.32284456670548833
692.5991233317056,-0.32366902058783953
692.7697899985312,-0.3244919983823433
692.9404566653569,-0.3253135662770348
693.111123331388,-0.3261336415799245
693.2817899982134,-0.32695231026824045
693.4524333318075,-0.3277695101784216
693.623099998633,-0.3285853182545668
693.7937666654587,-0.3293996647746204
693.9644333322843,-0.33021262532222
694.1350999991099,-0.3310241202473801
694.305766664346,-0.33183421495508253
694.4764233311017,-0.33264283362165115
694.6470899979274,-0.33345005855966486
694.817756664753,-0.33425578653698684
694.9884233315786,-0.33506009686372934
695.1590899984042,-0.3358629138269352
695.3297566652298,-0.33666431507668837
695.5004133311908,-0.33746420947689953
695.6710666648547,-0.33826268275294413
695.8417333316804,-0.3390596667910668
696.012399998506,-0.33985524819885266
696.1830666653316,-0.340649363774956
696.3537333321572,-0.3414420665923433
696.5243999989827,-0.3422332845430193
696.6950566649436,-0.34302308088555855
696.8657233317693,-0.34381140380479325
697.0363899985949,-0.3445983329481331
697.2070566654205,-0.34538379112752926
697.3777233322461,-0.34616785084203827
697.5483899990717,-0.34695043752525784
697.7190566643079,-0.34773160996329644
697.8897233311334,-0.34851130154166343
698.0603899979591,-0.3492895930846237
698.2310466647149,-0.35006641787051807
698.4016999983788,-0.3508418290211827
698.5723666652045,-0.3516157563852099
698.74303333203,-0.3523882723453124
698.9136999980609,-0.3531593210299101
699.0843666648864,-0.3539289618878993
699.2550333317121,-0.3546971445811061
699.4256899984678,-0.35546391591124815
699.5963566652933,-0.35622921314202843
699.7670233321189,-0.3569930998735066
699.9376899989445,-0.35775550487784197
700.1083566649755,-0.35851651162846376
700.279023331801,-0.3592760631910805
700.4496666646004,-0.360034241196714
700.6203333314259,-0.3607910077378427
700.7909999982518,-0.3615463829216938
700.9616666650771,-0.36230030728168905
701.1323333311082,-0.36305284166734364
701.3029999979337,-0.36380392582155463
701.4736666647593,-0.3645536067852985
701.6443233315151,-0.36530179569139093
701.8149899983407,-0.36604854675461945
701.9856566651663,-0.3667937781237554
702.1563233319919,-0.367537568581393
702.3269899980227,-0.3682798322450642
702.4976566648483,-0.36902066399181505
702.6683233316738,-0.36975997849341496
702.8389899984995,-0.3704978484834283
703.0096566653252,-0.3712341710823005
703.1802999989192,-0.37196903176754925
703.3509666657449,-0.3727023309114492
703.521633330981,-0.37343416277089053
703.6922999978066,-0.37416443872135113
703.8629666646322,-0.37489326644160265
704.0336333314578,-0.37562057153217226
704.2042899982135,-0.37634645238611075
704.3749566650391,-0.37707083489258836
704.5456233318647,-0.37779381245901
704.7162899978955,-0.37851530309503134
704.8869566647211,-0.3792353703335811
705.0576233315467,-0.3799539371331327
705.2282899983724,-0.3806710767701753
705.3989333319663,-0.3813867180060586
705.569599998792,-0.38210093428762926
705.7402666656176,-0.3828136414635903
705.9109333324434,-0.3835249352145715
706.0815999984742,-0.38423474922507156
706.2522666652998,-0.38494314659428175
706.4229233320555,-0.3856500521112328
706.593589998881,-0.3863555228321842
706.7642566657066,-0.3870594580157371
706.9349233309429,-0.3877619629300466
707.1055899977684,-0.3884629593099092
707.276256664594,-0.38916253976594645
707.4469233314196,-0.3898606269776368
707.6175899982452,-0.3905572920134685
707.7882566650709,-0.39125245727127855
707.9589233318964,-0.3919462261456847
708.1295666646959,-0.39263851245667164
708.3002333315214,-0.393329388495492
708.470899998347,-0.39401878555689646
708.6415666651726,-0.39470677414380484
708.8122333319982,-0.3953933066447424
708.9828999988238,-0.3960784416273613
709.1535566655796,-0.39676209466802304
709.3242233316104,-0.3974443339677174
709.494889998436,-0.39812512397694183
709.6655566652615,-0.39880452114423814
709.8362233320871,-0.3994824559584632
710.0068899989128,-0.40015900065287136
710.1775566657385,-0.4008340685169561
710.348199997743,-0.40150774643212384
710.5188666645686,-0.4021799450299038
710.6895333313943,-0.4028507630194353
710.86019999822,-0.4035201230868
711.0308666650454,-0.4041881128401575
711.2015333318711,-0.4048546724312723
711.3721899986267,-0.4055198511008789
711.5428566646576,-0.406183602189938
711.7135233314832,-0.4068459855440547
711.8841899983088,-0.40750692940101413
712.0548566651344,-0.40816650483413863
712.22552333196,-0.40882465577454874
712.3961899987856,-0.4094814441415571
712.5668566656113,-0.41013682921665306
712.7375233316421,-0.4107908643544998
712.9081766645113,-0.41144349148845244
713.0788333312672,-0.4120947393704233
713.2494999980926,-0.4127445526402543
713.4201666649184,-0.4133929825840732
713.5908333317439,-0.41403996645369434
713.7614999977748,-0.414685558611507
713.9321666646003,-0.41532970335477376
714.1028333314259,-0.41597244903232394
714.2734899981817,-0.41661373969403714
714.4441566650073,-0.41725364094328005
714.6148233318329,-0.41789205791485073
714.7854899986585,-0.41852907290652447
714.9561566646893,-0.4191646033691968
715.1268099983533,-0.4197987345198197
715.2974666651091,-0.42043138921875367
715.4681333319346,-0.4210626779580033
715.6387999987603,-0.4216925291524517
715.8094666655859,-0.4223210383963243
715.9801333324115,-0.4229481666709579
716.1507999976476,-0.42357395502221196
716.3214566644033,-0.42419835029806746
716.492123331229,-0.4248214086242738
716.6627899980546,-0.42544310614989506
716.8334566648801,-0.42606350144001914
717.0041233317057,-0.426682514497534
717.1747899985314,-0.4273002256745095
717.3454566645621,-0.42791659817198424
717.5161233313878,-0.4285316760365891
717.6867899982135,-0.4291454020272286
717.857456665039,-0.429757821644833
718.028099998633,-0.4303688958049619
718.1987666654588,-0.4309786739040261
718.3694333322844,-0.4315871139020888
718.54009999911,-0.4321942593127562
718.7107666651408,-0.4328000426206942
718.8814333319665,-0.43340454055172906
719.0520899987221,-0.43400772743995114
719.2227566655476,-0.434609644815531
719.3934233323732,-0.4352102189639533
719.5640899976095,-0.4358094978665401
719.734756664435,-0.4364074598800026
719.9054233312606,-0.43700416512425116
720.0760366654397,-0.43759951919680773
720.2466566650073,-0.4381936002268162
720.4173233318329,-0.43878634959398066
720.5879899986585,-0.4393778224825863
720.7586566654842,-0.4399679068955537
720.9293233323098,-0.44055667731214937
721.0999899975459,-0.44114405751417696
721.2706333311398,-0.44173012078753005
721.4412999979654,-0.4423147900168999
721.6119666647911,-0.4428981452784279
721.7826333316167,-0.44348008121900084
721.9532999984424,-0.44406071568894767
722.123966665268,-0.44463995271039225
722.2946233320237,-0.4452178711668365
722.4652899980545,-0.44579441038231044
722.63595666488,-0.4463696284985547
722.8066233317057,-0.4469434593770055
722.9772899985313,-0.4475159705053444
723.147956665357,-0.44808708073017106
723.3186233321826,-0.44865686738688404
723.4892666657765,-0.44922522695352624
723.6599333310127,-0.44979225733886224
723.8305999978384,-0.45035788481810524
724.0012666646641,-0.450922191167765
724.1719333314895,-0.45148512940689195
724.3425999983152,-0.4520467801701238
724.5132566650708,-0.4526070701922506
724.6839233318965,-0.45316606480164445
724.8545899979273,-0.4537236702754518
725.025256664753,-0.45427999155832416
725.1959233315786,-0.4548349312162477
725.3665899984042,-0.4553885376966818
725.5372566652297,-0.4559407215825709
725.7079233312608,-0.4564915497500177
725.8785899980863,-0.45704090038311335
726.049246664842,-0.45758887316049063
726.219899998506,-0.4581353788794323
726.3905666653314,-0.45868050927520776
726.5612333321571,-0.45922415394178134
726.7318999989827,-0.4597664178525782
726.9025666658084,-0.4603071637803748
727.0732333310445,-0.4608465054633049
727.2438899978002,-0.4613842956246591
727.4145566646258,-0.46192066780454577
727.5852233314515,-0.4624555019957752
727.7558899982771,-0.4629889161701312
727.9265566651027,-0.4635207768994983
728.0972233319283,-0.4640512077276546
728.2678799978892,-0.46458006891191095
728.4385333315531,-0.4651074852276554
728.6091999983788,-0.46563333066070534
728.7798666652045,-0.4661577343992154
728.95053333203,-0.46668055721005547
729.1211999988557,-0.46720193116124825
729.2918666656813,-0.46772172747497914
729.4625233316422,-0.46824009432431546
729.6331899984677,-0.46875689803195286
729.8038566652933,-0.46927227291218115
729.974523332119,-0.46978606921646415
730.1451899989446,-0.47029842348826595
730.3158566649755,-0.47080921257672376
730.4865233310063,-0.47131857070606603
730.657189997832,-0.4718263572149096
730.8278566646576,-0.4723326961306628
730.9984999982515,-0.47283740963450943
731.1691666650771,-0.47334063073909816
731.3398333319028,-0.4738422265551906
731.5104999987285,-0.4743423502561806
731.6811666647593,-0.47484084265448934
731.8518333315849,-0.47533787020236096
732.0224999984105,-0.47583327851873813
732.1931566651663,-0.47632723172128405
732.3638233319919,-0.47681957999994334
732.5344899988174,-0.4773104807477702
732.705156665643,-0.47779978779978494
732.8758233316739,-0.47828763733359475
733.0464899984996,-0.4787739227656056
733.2171333312988,-0.47925876614719326
733.3877999981244,-0.4797420364162712
733.55846666495,-0.48022389250528813
733.7291333309809,-0.48070423475181423
733.8997999978066,-0.48118320655835095
734.0704666646321,-0.4816607193700762
734.2411233313878,-0.4821368810257748
734.4117899982135,-0.4826115608069651
734.5824566650391,-0.483084871499965
734.7531233318647,-0.48355668847791045
734.9237899986903,-0.48402712625769884
735.0944566647212,-0.48449608212638
735.2651233315468,-0.48496368702022147
735.4357899983725,-0.4854298074136519
735.606456665198,-0.48589453204239325
735.7771233320236,-0.48635772364336993
735.9477766656876,-0.4868195102427103
736.1184333324433,-0.4872797593940286
736.2890999976795,-0.4877385924326328
736.459766664505,-0.4881958739854406
736.6304333313307,-0.48865171450219785
736.8010999981562,-0.4891059873300985
736.9717566649119,-0.4895588280181999
737.1424233317375,-0.49001009467465356
737.3130899985632,-0.49045996100748857
737.483756664594,-0.49090826510243907
737.6544233314196,-0.49135516401866725
737.8250899982452,-0.4918005379423383
737.9957566650709,-0.4922445235683165
738.1663999986649,-0.4926869915361361
738.3370666654904,-0.4931280768805897
738.5077333323161,-0.49356765388440554
738.6783999983469,-0.49400587583459493
738.8490666651726,-0.4944425872336607
739.0197333319982,-0.49487792168429884
739.190389998754,-0.49531175105794367
739.3610566655796,-0.49574420156440957
739.5317233324051,-0.496175166908218
739.7023899976413,-0.49660477372829753
739.873056664467,-0.49703289037682863
740.0437233312925,-0.4974596465476109
740.2143899981181,-0.49788494563317537
740.3850333317121,-0.4983088837218865
740.5556999985376,-0.49873134388196005
740.7263666653632,-0.499152468392238
740.8970333313943,-0.4995721822373936
741.06769999822,-0.49999056038020684
741.2383666650454,-0.5004074744270294
741.4090333318711,-0.5008230183302396
741.5796999986967,-0.501237092868474
741.7503666655223,-0.5016498286482964
741.9210333323479,-0.5020610789084218
742.0916899983088,-0.5024709709537032
742.2623566651345,-0.502879351247778
742.43302333196,-0.5032863608870234
742.6036899987856,-0.5036918748047844
742.7743566656113,-0.5040960375616008
742.9450099984805,-0.5044987153271445
743.1156666644414,-0.5049000536548406
743.286333331267,-0.5052999159563377
743.4569999980926,-0.5056984392791112
743.6276666649183,-0.5060955272493799
743.798333331744,-0.5064912849559979
743.9689999985694,-0.5068856407759562
744.1396666653951,-0.5072787041246647
744.310323331356,-0.5076703695390035
744.4809899981817,-0.5080607452152021
744.6516566650073,-0.5084497133674152
744.8223233318329,-0.5088373903942728
744.9929899986585,-0.5092236764433725
745.1636433323224,-0.5096086661289888
745.3342999990781,-0.5099922602295711
745.5049666643142,-0.5103745604579403
745.6756333311398,-0.5107555139517264
745.8462999979654,-0.5111352054609164
746.016966664791,-0.5115135856966472
746.1876333316168,-0.5118907259198765
746.3582999976476,-0.5122665265595794
746.5289666644733,-0.5126410623059863
746.6996333312989,-0.5130142467975202
746.8702899980545,-0.5133861628679568
747.0409566648801,-0.5137567244682613
747.2116233317057,-0.5141260310981212
747.3822899985314,-0.5144939627674228
747.552956665357,-0.5148606322477031
747.7236233313879,-0.5152259312909208
747.8942899982135,-0.5155899321016802
748.0649333318074,-0.5159525348814191
748.235599998633,-0.5163138594457498
748.4062666654587,-0.5166737967155522
748.5769333322844,-0.517032474558986
748.7475999991099,-0.5173897511737733
748.9182666643461,-0.5177457632941362
749.0889233311017,-0.5181003941678485
749.2595899979274,-0.5184537646940107
749.430256664753,-0.5188057520203112
749.6009233315787,-0.5191564632853793
749.7715899984042,-0.519505766201953
749.9422566652298,-0.5198537963208222
750.1129133311907,-0.5202004170005506
750.2835666648547,-0.5205457423485927
750.4542333316804,-0.5208896763605411
750.6248999985058,-0.5212323147717051
750.7955666653315,-0.5215735564194224
750.9662333321571,-0.521913520961409
751.1368999989827,-0.52225209517017
751.3075666650136,-0.5225893904932694
751.4782333318393,-0.5229252842225981
751.6488999986649,-0.5232598952823725
751.8195566654206,-0.5235930956368807
751.9902233322462,-0.5239249942425553
752.1608899990717,-0.5242554385657366
752.331556664308,-0.5245845485356345
752.5022233311336,-0.5249122155588533
752.6728899979591,-0.525238574472433
752.8435466647148,-0.5255634924421778
753.0141999983787,-0.5258871003409014
753.1848666652044,-0.5262092567505732
753.3555333320301,-0.5265301017705754
753.5261999980609,-0.5268495240515124
753.6968666648866,-0.5271676695356665
753.8675333317121,-0.5274844451702579
754.0381899984678,-0.5277999653444773
754.2088566652934,-0.5281141184173301
754.379523332119,-0.5284270163220038
754.5501899989447,-0.5287385475891249
754.7208566649755,-0.5290488183531297
754.8915233318011,-0.5293577176391936
755.0621666646005,-0.5296653833461896
755.232833331426,-0.5299717240115296
755.4034999982516,-0.5302768625195196
755.5741666650772,-0.5305807193310482
755.744833331108,-0.5308833883595018
755.9154999979337,-0.5311847731679004
756.0861666647594,-0.5314849634251801
756.2568233315149,-0.5317838566690337
756.4274899983408,-0.5320815361748231
756.5981566651661,-0.5323778998756895
756.7688233319919,-0.5326730416220905
756.9394899980227,-0.5329668523826674
757.1101566648483,-0.5332594242795475
757.2808233316739,-0.5335506489906439
757.4514899984995,-0.5338406291269263
757.6221566653252,-0.5341292390426794
757.7927999989191,-0.5344165916845666
757.9634666657447,-0.5347025691434547
758.1341333309808,-0.5349872803294585
758.3047999978064,-0.5352705743474512
758.4754666646322,-0.5355525707829721
758.6461333314577,-0.5358331589779317
758.8167899982134,-0.5361124598519773
758.9874566650391,-0.536390355223433
759.1581233318647,-0.5366670074581249
759.3287899978956,-0.536942281539765
759.4994566647212,-0.537216290029016
759.6701233315468,-0.5374889071170119
759.8407899983724,-0.5377602564378324
760.0114333319664,-0.5380302040874592
760.182099998792,-0.538298870344803
760.3527666656175,-0.5385661376853401
760.5234333324432,-0.5388321332718154
760.6940999984741,-0.5390967269515877
760.8647666652998,-0.5393600188594104
761.0354233320553,-0.539621863263118
761.206089998881,-0.5398824076865042
761.3767566657066,-0.5401415320337208
761.5474233309428,-0.5403993729575793
761.7180899977684,-0.5406558089792541
761.8887566645941,-0.5409109786487639
762.0594233314197,-0.5411647334476748
762.2300899982453,-0.5414172165865926
762.4007566650708,-0.5416683334685495
762.5714233318965,-0.5419181930345023
762.7420666646958,-0.5421666831911511
762.9127333315213,-0.5424139142169642
763.083399998347,-0.5426597317211231
763.2540666651726,-0.542904257286944
763.4247333319981,-0.5431473675059165
763.5953999988238,-0.5433891725890515
763.7660566655795,-0.5436295468414017
763.9367233316104,-0.5438686099913902
764.107389998436,-0.5441062476550607
764.2780566652616,-0.5443425750579908
764.4487233320872,-0.5445774696202874
764.6193899989128,-0.5448110716132527
764.7900566657385,-0.5450432127044678
764.960699997743,-0.5452740336552101
765.1313666645685,-0.5455034034445047
765.3020333313941,-0.5457314528621183
765.4726999982198,-0.5459580632587258
765.6433666650455,-0.5461833662842499
765.814033331871,-0.5464072188766217
765.9846899986267,-0.5466297680647808
766.1553566646576,-0.5468508907989934
766.3260233314833,-0.5470707024603656
766.4966899983089,-0.5472890914848512
766.6673566651344,-0.547506187122705
766.8380233319601,-0.5477218702042848
767.0086899987857,-0.547936264423185
767.1793566656113,-0.5481492605110128
767.3500233316422,-0.5483609717042658
767.5206766645114,-0.5485712456130519
767.6913333312671,-0.5487802429564244
767.8619999980926,-0.5489878543179758
768.0326666649182,-0.5491941961529937
768.2033333317438,-0.5493991608353589
768.3739999977748,-0.5496028623649478
768.5446666646003,-0.5498051820785802
768.715333331426,-0.5500062227932458
768.8859899981816,-0.5502058556982169
769.0566566650074,-0.5504042386536213
769.2273233318328,-0.5506012472965485
769.3979899986585,-0.5507970274907867
769.5686566646893,-0.5509914415805444
769.7393099983533,-0.5511846212791024
769.909966665109,-0.5513764275888331
770.0806333319346,-0.5515669922583883
770.2512999987601,-0.551756198956451
770.4219666655857,-0.5519441647525712
770.5926333324114,-0.5521307543245294
770.7632999976477,-0.5523160857862999
770.9339566644032,-0.5525000480152822
771.1046233312288,-0.5526827842284227
771.2752899980545,-0.5528641619229605
771.4459566648801,-0.5530443066386096
771.6166233317057,-0.5532230955583565
771.7872899985313,-0.5534006560296125
771.9579566645623,-0.5535768559337174
772.1286233313879,-0.5537518233048613
772.2992899982135,-0.5539254573891031
772.469956665039,-0.5540978659624852
772.640599998633,-0.5542689444697033
772.8112666654587,-0.5544388013202899
772.9819333322843,-0.5546073383619661
773.15259999911,-0.5547746446659578
773.3232666651407,-0.5549406187625648
773.4939333319664,-0.5551053819953997
773.664589998722,-0.5552688166306662
773.8352566655477,-0.555431038859721
774.0059233323734,-0.5555919299041615
774.1765899976095,-0.5557516123138366
774.3472566644351,-0.5559099531543925
774.5179233312607,-0.5560670755866246
774.6885799980163,-0.5562228521223042
774.8592333316803,-0.5563774127368867
775.0298999985059,-0.5565306555507918
775.2005666653315,-0.5566826986365166
775.3712333313624,-0.5568334075181542
775.541899998188,-0.5569829099789817
775.7125666650136,-0.5571310775046117
775.8832233317693,-0.5572780386183753
776.053889998595,-0.557423672062056
776.2245566654206,-0.5575681096799895
776.3952233322461,-0.5577112171449818
776.565889998277,-0.5578531361414533
776.7365566651026,-0.5579937395721166
776.9072233319282,-0.5581331341363184
777.0778899987539,-0.5582712445012421
777.2485566655795,-0.5584081707504279
777.4192133323352,-0.5585438118622285
777.5898666644096,-0.558678241576062
777.7605333312353,-0.558811343137813
777.931199998061,-0.5589432466559884
778.1018666648864,-0.5590738246727436
778.2725333317121,-0.5592032148221115
778.4431999985377,-0.5593312829866086
778.6138566652934,-0.559458149276315
778.7845233313243,-0.5595837104373272
778.9551899981499,-0.5597080865648382
779.1258566649756,-0.5598311621987971
779.2965233318012,-0.5599530494934796
779.4671899986267,-0.5600736126251527
779.6378333322207,-0.5601929970551702
779.8084999990463,-0.5603111155773546
779.9791666642825,-0.5604280765901504
780.1498333311081,-0.5605437733531535
780.3204999979337,-0.5606583046760765
780.4911666647592,-0.5607715129197207
780.661833331585,-0.5608835286840518
780.8324899983405,-0.5609942138505261
781.0031566651663,-0.5611036935471349
781.1738233319918,-0.5612118086156657
781.3444899980228,-0.5613187138150093
781.5151566648483,-0.5614242500118655
781.685823331674,-0.5615285964234646
781.856466665268,-0.5616316147259814
782.0271333320936,-0.5617334313654737
782.1977999989192,-0.5618339160310727
782.3684666657448,-0.5619332089351553
782.5391333317756,-0.562031185718019
782.7097999986012,-0.5621279556298482
782.8804666654269,-0.5622233985668667
783.0511333322526,-0.5623176332953698
783.2217999990783,-0.5624105508172845
783.3924566642443,-0.5625022592771355
783.56312333107,-0.5625926261178642
783.7337899978955,-0.5626817966018254
783.9044566647211,-0.5627696172228704
784.0751233315467,-0.5628562399674812
784.2457899983724,-0.5629415387629471
784.4164566651981,-0.5630256452565561
784.5870999979973,-0.5631084233748246
784.7577666648228,-0.5631899926163615
784.9284333316484,-0.5632702326201687
785.0990999984741,-0.5633492631874504
785.2697666652997,-0.5634269849801535
785.4404333321254,-0.563503529653569
785.611089998881,-0.5635787884628972
785.7817566657066,-0.5636528623525262
785.9524233317375,-0.5637256426029196
786.1230899985632,-0.563797227007977
786.2937566653889,-0.5638675147595966
786.4644233322144,-0.5639366202882408
786.63507999897,-0.5640044194656911
786.8057333310445,-0.564071029423509
786.9763999978702,-0.5641363545744144
787.1470666646958,-0.5642005218060491
787.3177333315214,-0.5642634474645417
787.488399998347,-0.5643252485086957
787.6590666651725,-0.5643858421880279
787.8297333319981,-0.5644452903743277
788.000399998029,-0.5645034626372477
788.1710666648547,-0.5645604796483977
788.3417233316104,-0.5646162139054961
788.512389998436,-0.5646707865047041
788.6830566652616,-0.5647240714553089
788.8537233320872,-0.5647762008144842
789.0243899989129,-0.5648270989080111
789.1950566649436,-0.5648768458798519
789.3657233317693,-0.5649252864845938
789.5363666645686,-0.5649725471215232
789.7070333313942,-0.5650185207847362
789.8776999982198,-0.5650633346275787
790.0483666650455,-0.5651068731696807
790.2190333310764,-0.5651492312205169
790.3896999979019,-0.5651903048699124
790.5603566646575,-0.5652301884993711
790.7310233314831,-0.5652687080592013
790.9016899983088,-0.5653060127313996
791.0723566651345,-0.565341939146953
791.24302333196,-0.5653766234625043
791.413689997991,-0.5654099192742885
791.5843433316548,-0.5654419747450622
791.7549999984105,-0.5654726442052065
791.9256666652361,-0.5655020628464099
792.0963333320617,-0.565530075863647
792.2669999988873,-0.5655568376483892
792.437666665713,-0.5655821918211213
792.6083333309491,-0.5656062908040245
792.7789999977747,-0.5656289847559426
792.9496666646004,-0.5656503969013918
793.1203333314259,-0.565670399550497
793.2909999982518,-0.5656891178241357
793.4616566650072,-0.5657064173817042
793.6323233318329,-0.5657224418872698
793.8029899986585,-0.565737044924435
793.9736566646894,-0.5657504202545265
794.1443233315151,-0.5657624067059362
794.314976665179,-0.5657731255051812
794.4856333319347,-0.5657824144277914
794.6562999987602,-0.565790375806717
794.8269666655858,-0.5657967935422995
794.9976333324114,-0.5658018725477766
795.1682999984423,-0.5658054934642252
795.338966665268,-0.5658078299564123
795.5096233320237,-0.5658086940559099
795.6802899988493,-0.5658082608761862
795.8509566656749,-0.5658063719004446
796.021623330911,-0.5658032008457219
796.1922899977366,-0.5657985739714323
796.3629566645621,-0.5657926523846176
796.5336099982262,-0.5657852642480232
796.7042666649819,-0.5657765971828906
796.8749333318075,-0.5657664702375282
797.0455999986331,-0.5657550424698581
797.2162666646639,-0.5657421467138346
797.3869333314896,-0.5657279665379691
797.5575999983151,-0.5657123458234464
797.7282666651408,-0.5656954127403795
797.8989333319663,-0.5656769907519306
798.069599998792,-0.5656572472846106
798.2402566655476,-0.565636031128691
798.4109233323734,-0.5656135257374372
798.5815899984043,-0.5655895524044079
798.7522566652299,-0.5655642755518863
798.9229233320555,-0.5655375220040283
799.093589998881,-0.5655094716785148
799.2642466656367,-0.5654799868514216
799.4348999977112,-0.5654492796228263
799.6055666645368,-0.5654172038535108
799.7762333313624,-0.5653838870298785
799.946899998188,-0.5653491082638084
800.1175666650136,-0.5653130603839306
800.2882333318391,-0.5652755843075863
800.4588899985949,-0.5652368417021844
800.6295566646259,-0.5651966560774543
800.8002233314514,-0.565155249899229
800.970889998277,-0.5651124895233235
801.1415566651026,-0.5650685146398655
801.3122233319283,-0.5650231489266094
801.4828799986839,-0.5649765138393196
801.6535333323479,-0.5649284356397584
801.8241999983787,-0.56487911496938
801.9948666644096,-0.5648283680982769
802.1655333312352,-0.5647763694128075
802.3361999980609,-0.564722962410732
802.5068666648865,-0.5646683555240267
802.6775333317121,-0.5646124292613776
802.848199997743,-0.5645552722308264
803.0188666645686,-0.5644967285756549
803.1895233313243,-0.5644369315949038
803.36018999815,-0.5643757103987819
803.5308566649754,-0.5643132373448311
803.7015233318011,-0.5642493734456963
803.8721899986267,-0.564184277165471
804.0428566646576,-0.564117780804767
804.2134999990463,-0.5640500384901144
804.3841666650771,-0.563980883458486
804.5548333319027,-0.563910484494915
804.7254999987284,-0.5638387020418407
804.8961666655539,-0.5637657091934632
805.0668333323796,-0.5636913537035279
805.2374999976158,-0.5636157630298075
805.4081566643714,-0.5635388046662462
805.5788233311972,-0.5634606599767503
805.7494899980227,-0.5633811379373048
805.9201566648484,-0.5633004080595769
806.090823331674,-0.563218342008008
806.2614899984995,-0.5631350956864297
806.4321566653252,-0.5630505285898988
806.6028233313561,-0.5629647920831545
806.7734899981817,-0.5628777209769188
806.9441333317757,-0.5627894713052388
807.1147999986013,-0.5626998975016939
807.2854666654268,-0.562609146759721
807.4561333322524,-0.562517061934905
807.6267999990781,-0.5624237854990398
807.7974666651091,-0.5623291490068303
807.9681233318647,-0.562233305257077
808.1387899986903,-0.5621361243222303
808.3094566655159,-0.5620377595926742
808.4801233323416,-0.5619380543781602
808.6507899975776,-0.5618371624239398
808.8214566644033,-0.5617349699375244
808.992123331229,-0.5616315758886192
809.1627666648229,-0.5615268520969904
809.3334333316485,-0.5614209283665635
809.5040999984742,-0.5613136350170003
809.6747666652998,-0.5612051390854179
809.8454333313306,-0.5610952671713045
810.0160999981563,-0.5609841773270041
810.1867566649119,-0.56087167699031
810.3574233317374,-0.5607579314967758
810.528089998563,-0.5606428044390246
810.6987566653888,-0.5605264491902854
810.8694233322144,-0.5604087449613369
811.04008999904,-0.5602898455435215
811.2107466650009,-0.5601695951303673
811.3813999978701,-0.560048129570296
811.5520666646958,-0.5599253126196487
811.7227333315213,-0.5598012767002921
811.893399998347,-0.5596758616441805
812.0640666643778,-0.5595492284955448
812.2347333312034,-0.5594212161170747
812.405399998029,-0.5592919609850088
812.5760666648546,-0.5591613012928424
812.7467333316804,-0.5590294043641822
812.917389998436,-0.5588961154704861
813.0880566652615,-0.5587615949283726
813.2587233312925,-0.5586256747069357
813.429389998118,-0.5584885380044059
813.6000566649437,-0.5583500240309669
813.7707233317693,-0.5582102844997414
813.941389998595,-0.5580691561667515
814.112033332189,-0.5579267997007454
814.2826999990145,-0.557783025663193
814.4533666650453,-0.5576379938583759
814.6240333310764,-0.5574915632177336
814.794699997902,-0.5573438742506117
814.9653666647275,-0.5571947853841533
815.1360233314832,-0.5570444383918421
815.3066899983088,-0.5568926908183403
815.4773566651345,-0.5567396836033616
815.6480233319601,-0.556585325312781
815.8186899979909,-0.5564297419068129
815.9893566648166,-0.5562727960696889
816.1600233316422,-0.5561146200960168
816.3306899984678,-0.5559550933873046
816.5013566652934,-0.5557943298442015
816.6720099981626,-0.5556321940317187
816.842666665713,-0.5554688179956049
817.0133333317439,-0.5553040798608072
817.1839999985693,-0.5551381133095388
817.354666665395,-0.5549707885767139
817.5253333322207,-0.5548022475048547
817.6959999990463,-0.5546323428866173
817.8666666642827,-0.5544612248543698
818.0373233310381,-0.554288729501638
818.2079899978638,-0.5541149885430976
818.3786566646894,-0.553939853155257
818.549323331515,-0.553763465629944
818.7199899983407,-0.5535856908352239
818.8906433320046,-0.5534066869273684
819.0612999987602,-0.5532263747154198
819.2319666647911,-0.5530448648208107
819.4026333316167,-0.5528620389785897
819.5732999984424,-0.5526780292076613
819.7439666652679,-0.5524927244852454
819.9146333320936,-0.5523062400394018
820.0852899988492,-0.5521184858371676
820.2559566656748,-0.5519295931150702
820.4266233317057,-0.5517394614924137
820.5972899985314,-0.5515481827803767
820.7679566653569,-0.5513556679089667
820.9386233321826,-0.5511620102251265
821.1092899990083,-0.5509671070611789
821.2799566642445,-0.5507710654345168
821.45062333107,-0.5505737936053979
821.6212899978957,-0.5503754014339023
821.7919333314896,-0.5501757661505128
821.9625999983152,-0.5499749827291733
822.1332666651408,-0.5497729621477457
822.3039333319664,-0.5495698051222134
822.4745999979972,-0.549365426751248
822.6452666648229,-0.5491599457947386
822.8159233315785,-0.548953284081066
822.9865899984043,-0.5487455389962166
823.1572566652297,-0.5485366278713046
823.3279233320554,-0.5483266574690865
823.4985899988809,-0.5481155498774968
823.6692566657068,-0.547903373832357
823.8399133316676,-0.5476900298670301
824.0105666645368,-0.5474756239279635
824.1812333313625,-0.5472600797779248
824.351899998188,-0.5470435032809418
824.5225666650136,-0.5468258051686969
824.6932333310444,-0.5466070460029658
824.86389999787,-0.546387151025612
825.0345566646258,-0.5461661902637144
825.2052233314514,-0.5459440683229213
825.3758899982771,-0.5457208832306533
825.5465566651026,-0.5454965543483162
825.7172233319282,-0.5452711794209455
825.8878899979593,-0.5450446709314766
826.0585566647848,-0.544817124302284
826.2292233316105,-0.5445884536304196
826.399889998436,-0.5443587788953063
826.5705466651916,-0.5441280149106499
826.7411999988556,-0.5438962315697939
826.9118666656811,-0.543663321520021
827.0825333317122,-0.5434293842505373
827.253199997743,-0.5431943462720872
827.4238666645685,-0.542958301598195
827.5945333313941,-0.5427211747773879
827.7651899981498,-0.5424830537246813
827.9358566649755,-0.5422438564531751
828.1065233318011,-0.5420036646583717
828.2771899986267,-0.5417624046156507
828.4478566646576,-0.5415201645931851
828.6185233314833,-0.5412768751484419
828.7891666650772,-0.5410326086335269
828.9598333319029,-0.5407872847226359
829.1304999987284,-0.5405409820737357
829.3011666655541,-0.5402936355368066
829.4718333323796,-0.5400453133332567
829.6424999984105,-0.5397959431340361
829.8131666652362,-0.5395455888640784
829.9838333320616,-0.539294184858163
830.1544999988876,-0.5390418028873885
830.325166665713,-0.5387883690001994
830.4958233308793,-0.5385339610026401
830.6664899977047,-0.5382784935318397
830.8371566645304,-0.5380220501714222
831.0078233313561,-0.537764548902005
831.1784899981816,-0.5375060704603281
831.3491566650073,-0.5372465292104891
831.5197999986012,-0.5369860112325361
831.6904666654269,-0.536724455128277
831.8611333314578,-0.5364619685005334
832.0317999982833,-0.5361985040917288
832.202466665109,-0.5359341153987787
832.3731333319347,-0.5356687146604437
832.5437899986903,-0.5354023650602456
832.7144566655159,-0.5351350014702431
832.8851233323414,-0.5348666954699541
833.0557899983723,-0.5345973724963231
833.226456665198,-0.5343270926026021
833.3971233320237,-0.5340557849151027
833.5677899988493,-0.5337835203143196
833.7384333316486,-0.5335102239898437
833.9090999976794,-0.5332359630597328
834.0797666645051,-0.5329606460108883
834.2504333313307,-0.5326843550241559
834.4210999981563,-0.5324070143150823
834.5917666649818,-0.5321286935444154
834.7624333318074,-0.5318493107327674
834.933099998633,-0.5315689451487212
835.1037666646638,-0.5312875492086715
835.2744233314197,-0.5310051999581968
835.4450899982452,-0.5307218023106999
835.6157566650709,-0.5304374404238662
835.7864233318963,-0.5301520224258005
835.9570899987223,-0.5298656286493515
836.1277566655477,-0.529578174838295
836.2984233323734,-0.5292897377961098
836.4690666643779,-0.5290002351103558
836.6397333312034,-0.5287097416371368
836.8103999980291,-0.5284181898366512
836.9810666648548,-0.5281256803259144
837.1517333316802,-0.5278321327284508
837.3223999977112,-0.5275375971218043
837.4930566652616,-0.5272420029699926
837.6637233312925,-0.5269454318451261
837.834389998118,-0.5266477900095505
838.0050566649436,-0.5263491842458832
838.1757233317694,-0.5260495361670523
838.3463899985949,-0.5257489225225946
838.5170566646259,-0.5254472538458645
838.6877233314515,-0.5251446080716449
838.8583899982771,-0.5248409219706052
839.0290566651026,-0.5245362628836745
839.1996999986966,-0.5242305423981839
839.3703666655223,-0.52392386933698
839.5410333323478,-0.5236161730522689
839.7116999983788,-0.5233075197072793
839.8823666644096,-0.5229978453878549
840.0530333312352,-0.5226872187749946
840.2236999980609,-0.5223755725078466
840.3943566648165,-0.5220629587713915
840.5650233316421,-0.5217492911827252
840.7356899984677,-0.5214346605670018
840.9063566652934,-0.5211189792860244
841.0770233313244,-0.5208023336542102
841.2476766649883,-0.5204846414152211
841.4183333317438,-0.5201659776196856
841.5889999985695,-0.51984625456996
841.759666665395,-0.5195255404958552
841.9303333322207,-0.5192037731928477
842.1009999990463,-0.5188810429372482
842.2716666650771,-0.5185572822226177
842.442333331903,-0.5182325474553564
842.6129899986585,-0.5179067643943263
842.7836566654842,-0.517580000799079
842.9543233323096,-0.5172521539568717
843.1249899975459,-0.5169233087066595
843.2956566643716,-0.5165933706439565
843.466323331197,-0.5162624272012858
843.6369899980227,-0.515930376254846
843.8076566648484,-0.5155973342634541
843.9783233316739,-0.5152631934115909
844.1489666652681,-0.5149280400627773
844.3196333320935,-0.5145918002339068
844.4902999981244,-0.5142545664701722
844.6609666649501,-0.5139162474586306
844.8316333317756,-0.5135769268452457
845.0022999986013,-0.5132365146041035
845.1729566653569,-0.5128951140661169
845.3436233321827,-0.5125526238160433
845.5142899990082,-0.5122091464213763
845.6849566650392,-0.5118645976671664
845.8556233318648,-0.5115190477056555
846.0262899986903,-0.5111724045932631
846.1969566655159,-0.5108247624414703
846.3675999983152,-0.5104760192114304
846.5382666643461,-0.5101262733835557
846.7089333311717,-0.5097754321161252
846.8795999979973,-0.5094235892228679
847.0502666648229,-0.5090706441339228
847.2209333316484,-0.5087166903253574
847.391599998474,-0.5083616274384151
847.5622666652998,-0.5080055748310902
847.7329333313306,-0.5076484429662395
847.9035899980863,-0.5072903230048937
848.0742566649118,-0.5069311028824924
848.2449233317377,-0.5065708777390359
848.4155899985632,-0.506209541882868
848.5862566653889,-0.505847219563045
848.7569233322143,-0.5054838202538816
848.92757999897,-0.5051194466002075
849.0982333310445,-0.5047539947211946
849.2688999978702,-0.5043875518520718
849.4395666646957,-0.5040200426434476
849.6102333315214,-0.5036515682762652
849.780899998347,-0.5032820511585718
849.951566664378,-0.5029115798174408
850.1222233319284,-0.5025400609262562
850.292889997959,-0.5021675901066663
850.4635566647848,-0.5017940447746133
850.6342233316103,-0.5014195118229698
850.804889998436,-0.5010439145146859
850.9755566652617,-0.5006673439114495
851.1462133320172,-0.5002897451410823
851.3168666656813,-0.4999112021097644
851.487533331712,-0.49953163720812466
851.6581999985377,-0.4991511481456045
851.8288666653632,-0.498769600833629
851.9995333321889,-0.49838711607349456
852.1701999990144,-0.49800363171530565
852.3408666650454,-0.4976192348094574
852.5115333310763,-0.49723380425471936
852.6821999979018,-0.4968473854750653
852.8528566646576,-0.49645990134908335
853.0235233314831,-0.49607146860016926
853.1941899983088,-0.49568198611167746
853.3648566651345,-0.49529154621600957
853.53552333196,-0.49490004091183637
853.706189997991,-0.49450757315323596
853.876833331585,-0.4941140669571732
854.0474999984104,-0.49371962809086806
854.2181666652361,-0.49332417293732334
854.3888333320617,-0.4929277666966227
854.5594999988873,-0.49253031495495436
854.7301666657131,-0.49213193848902115
854.9008333317439,-0.4917325391733045
855.0714899984996,-0.49133222788276365
855.2421566653251,-0.4909309269252698
855.4128233321508,-0.4905287216576173
855.5834899989765,-0.4901255552845734
855.7541566642125,-0.48972149288177586
855.9248233310382,-0.4893164585202303
856.0954899978639,-0.4889105260475233
856.2661566646893,-0.4885036486028232
856.436823331515,-0.48809590053985896
856.6074766651789,-0.487687204949864
856.7781333319347,-0.48727766716506393
856.9487999987603,-0.4868672521390323
857.119466664791,-0.4864559844978216
857.2901333316167,-0.48604382659353795
857.4607999984422,-0.48563081445677025
857.6314566651981,-0.48521686758421784
857.8021233320236,-0.4848020497881029
857.9727899988493,-0.4843862364942331
858.143456665675,-0.4839695278084294
858.3141233317058,-0.4835518373202554
858.4847899985314,-0.48313326909068033
858.655456665357,-0.4827137189378414
858.8261099982261,-0.48229330127902725
858.9967666649818,-0.48187188226168626
859.1674333310127,-0.4814495446903306
859.3380999978383,-0.4810261893231675
859.5087666646639,-0.4806019560004239
859.6794333314895,-0.48017678294745786
859.8500999983153,-0.4797507587604875
860.0207666651407,-0.4793237890803897
860.1914333319664,-0.47889596853921446
860.3620999979972,-0.4784672008299635
860.5327566647532,-0.47803759065185103
860.7034233315786,-0.4776070223644443
860.8740899984043,-0.4771755985149414
861.0447566652298,-0.4767432416874427
861.2154233320555,-0.47631002999207483
861.3860899988811,-0.47587586263445436
861.556733332475,-0.47544082094110357
861.7273999977111,-0.4750048068005238
861.8980666645368,-0.47456791300624224
862.0687333313624,-0.4741300622039889
862.239399998188,-0.4736913646619087
862.4100666650136,-0.47325174524345814
862.5807333310444,-0.47281125962884385
862.751389998595,-0.47236986827755945
862.9220566646258,-0.471927643766394
863.0927233314515,-0.4714844979616332
863.2633899982771,-0.47104050789236035
863.4340566651026,-0.47059563201332705
863.6047233319283,-0.4701499350467105
863.7753899979591,-0.4697033264737504
863.9460566647847,-0.4692558701297102
864.1986333314577,-0.46880747203668405
864.4238999986649,-0.46835825788236485
864.5945666654904,-0.46790814032678857
864.7652333323161,-0.46745721300110255
864.9358999991416,-0.4670053820378733
865.1065666643779,-0.46655272624894106
865.2772333312034,-0.4660991787546572
865.4478899979592,-0.4656448059633851
865.6185566647848,-0.4651895389127501
865.7892233316104,-0.464733471595069
865.959889998436,-0.46427651763378364
866.1305566652616,-0.463818736968167
866.3012233312926,-0.4633600483358918
866.471879998048,-0.4629005526346434
866.6425333317122,-0.4624401701438891
866.8131999985377,-0.4619789968352615
866.9838666653634,-0.46151692698761454
867.1545333321889,-0.4610540614900893
867.3251999990146,-0.4605902891211733
867.4958666650452,-0.46012572160902904
867.6665333318709,-0.4596602662658919
867.8371999986969,-0.4591940171127208
868.0078666655223,-0.45872690086116585
868.1785233322778,-0.45825899080719124
868.3491899983088,-0.4577901874479137
868.5198566643397,-0.4573205654206281
868.6905233311654,-0.45684997772999597
868.8611899979909,-0.4563785820271641
869.0318566648166,-0.4559062845514694
869.2024999984105,-0.4554331857397669
869.3731666652362,-0.45495920044566973
869.5438333320617,-0.4544844436348492
869.7144999980926,-0.4540088778559728
869.8851666649182,-0.4535325772733366
870.055833331744,-0.4530554770620169
870.2264999985695,-0.45257765639273495
870.3971566653252,-0.4520990581291292
870.5678233321509,-0.4516197308145279
870.7384899989763,-0.45113962323218515
870.9091566650073,-0.450658796089571
871.079823331833,-0.450177206240765
871.2504899986585,-0.4496949138153377
871.4211566654842,-0.44921187323875233
871.5918233323097,-0.4487281460530219
871.7624899975459,-0.4482436754658041
871.9331333311399,-0.44775851214603113
872.1037999979656,-0.44727255587556314
872.2744666647911,-0.44678584907593605
872.4451333316167,-0.446298323762408
872.6157999984423,-0.4458100398387273
872.7864666652679,-0.4453209386368544
872.9571233320236,-0.4448311134152955
873.1277899980545,-0.4443404901671008
873.2984566648802,-0.4438491549390973
873.4691233317059,-0.4433570244283089
873.6397899985313,-0.442864175172051
873.810456665357,-0.44237055826931637
873.9811233321825,-0.441876212034818
874.1517666657767,-0.44138105435884856
874.3224333310127,-0.44088518243303115
874.4930999978384,-0.4403885269249729
874.6637666646639,-0.43989117870561334
874.8344333314895,-0.43939312557995125
875.005099998315,-0.43889440583683753
875.1757566650709,-0.4383949665560975
875.3464233318966,-0.4378948556368276
875.5170899979273,-0.43739400373452114
875.687756664753,-0.4368924772511786
875.8584233315787,-0.43639022588437754
876.0290899984042,-0.4358872676446395
876.1997566652299,-0.43538355159978537
876.3704233312607,-0.4348791500717242
876.5410899980864,-0.4343739766296264
876.711756664912,-0.43386811649956947
876.8823999985059,-0.4333614520262566
877.0530666653316,-0.432854100632483
877.223733332157,-0.43234600732877704
877.3943999989827,-0.43183724222314324
877.5650666658082,-0.4313277007333778
877.7357333310445,-0.43081747518436536
877.9063899978003,-0.43030646802970346
878.0770566646258,-0.4297947761973341
878.2477233314514,-0.42928233694544626
878.418389998277,-0.4287692026129945
878.5890566651027,-0.42825532428225915
878.7597233319282,-0.42774073739225377
878.9303899979592,-0.4272253636125857
879.1010333315531,-0.4267092618601654
879.2716999983788,-0.42619233396683
879.4423666652043,-0.4256746933933346
879.61303333203,-0.42515623258012447
879.7836999988556,-0.4246370395213945
879.9543666656812,-0.4241170428020278
880.1250333317123,-0.4235963252555927
880.2956999985378,-0.42307478064387777
880.4663666653632,-0.4225525055840307
880.6370333321889,-0.42202937514903677
880.8076899989446,-0.4215055145960066
880.9783566649755,-0.4209807901182372
881.1490233310063,-0.4204553848701744
881.319689997832,-0.41992919672532847
881.4903566646575,-0.41940234797947423
881.6610099983214,-0.41887475027689147
881.8316666650771,-0.41834650418214475
882.0023333319028,-0.4178175148188464
882.1729999987283,-0.41728789803241373
882.3436666647594,-0.41675757011344944
882.5143333315849,-0.4162266255776954
882.6849999984106,-0.4156950223098537
882.8556666652363,-0.4151628284743111
883.0263333320618,-0.4146300067472518
883.1969999988872,-0.4140965987836101
883.3676666657132,-0.41356256121172424
883.538323331674,-0.41302790501341674
883.7089899984996,-0.41249255504340154
883.8796566653251,-0.4119565553183141
884.0503233321508,-0.4114197903418648
884.2209899989764,-0.41088235848723
884.3916566642125,-0.41034416563181675
884.5622999978066,-0.4098053243439724
884.7329666646322,-0.4092656869786254
884.9036333314577,-0.4087253451826011
885.0742999982833,-0.40818426417836534
885.2449666651089,-0.40764253453341603
885.4156333319346,-0.4071000617617171
885.5862899986903,-0.4065569356642364
885.7569566647213,-0.4060130982863558
885.9276233315468,-0.4054686280192614
886.0982899983725,-0.40492344927179347
886.268956665198,-0.40437763987603575
886.4396233320236,-0.40383111701834357
886.6102899988493,-0.4032839758343479
886.7809333324433,-0.40273619245363856
886.9515999976793,-0.4021878150743276
887.122266664505,-0.40163871570576953
887.2929333313305,-0.40108895708823317
887.4635999981563,-0.40053846819121647
887.634266664982,-0.39998736346732217
887.8049333310128,-0.3994354904022282
887.9755999978385,-0.3988829505620932
888.1462666646642,-0.39832971805174033
888.3169233314196,-0.39777587533421455
888.4875899982453,-0.3972213428091445
888.6582566650708,-0.39666621885278247
888.8289233318965,-0.39611053169857957
888.9995899979274,-0.3955543281768737
889.170256664753,-0.39499756058511376
889.3409133315087,-0.3944402781788248
889.5115666651725,-0.3938824397762352
889.6822333319982,-0.39332410422061714
889.8528999988237,-0.39276524496621695
890.0235666656496,-0.39220586706705896
890.194233332475,-0.3916459601554629
890.3648999977113,-0.3910855704587571
890.5355666645368,-0.3905246305471709
890.7062333313625,-0.38996321740472306
890.8768999981882,-0.38940125126090075
891.0475566649436,-0.3888388084576511
891.2182233317693,-0.3882758288419349
891.3888899985948,-0.38771237385475305
891.5595566646258,-0.3871484140599599
891.7302233314515,-0.3865839570087386
891.9008899982771,-0.38601892785511577
892.0715466650327,-0.3854533860022717
892.2421999986966,-0.3848872497184643
892.4128666655222,-0.3843205648611641
892.5835333323478,-0.3837532559473419
892.7541999983787,-0.3831853964664172
892.9248666652044,-0.38261690717017194
893.0955333320301,-0.3820478444390677
893.2661899987858,-0.38147811355263445
893.4368566656112,-0.38090780604629176
893.6075233316421,-0.3803368133875909
893.7781899976729,-0.3797652586416505
893.9488566644986,-0.3791930971182956
894.1195233313243,-0.37862041012434583
894.2901899981498,-0.37804709588750673
894.4608566649755,-0.37747323194635873
894.631523331801,-0.37689876772239783
894.802176665465,-0.3763237715770895
894.972833331426,-0.3757481988476874
895.1434999982517,-0.3751721130908878
895.3141666650772,-0.3745955130604452
895.4848333319027,-0.3740184247373037
895.6554999987286,-0.3734408188497329
895.8261666655541,-0.37286272062857023
895.9968233323098,-0.3722841066840705
896.1674899983406,-0.371704996451087
896.3381566651663,-0.3711253583815537
896.5088233319918,-0.37054521308945393
896.6794899988174,-0.3699645154594412
896.850156665643,-0.36938328821322447
897.0208099977175,-0.3688015017949523
897.1914666644732,-0.36821917491248934
897.3621333312988,-0.36763625872402395
897.5327999981243,-0.3670527616711935
897.70346666495,-0.36646862671427155
897.8741333317757,-0.36588389335192306
898.0447999986012,-0.3652985189330261
898.2154666654269,-0.3647125496747013
898.3861333314577,-0.36412593053830355
898.5567999982834,-0.3635387101969172
898.7274566650391,-0.36295085254572007
898.8981233318648,-0.36236242239052463
899.0687899986902,-0.3617734125360895
899.239456665516,-0.3611838565149467
899.4101233323415,-0.36059371836180226
899.5807899983723,-0.36000301318900385
899.7514433312415,-0.35941172099234714
899.9220999979974,-0.35881985382030973
900.0927666648229,-0.35822739001263537
900.2634333316485,-0.35763432683966356
900.4340999976796,-0.35704061037423135
900.6047666645051,-0.35644625055548224
900.7754333313308,-0.35585118976015967
900.9460899980862,-0.3552554503578139
901.1167566649119,-0.35465894402261083
901.2874233317376,-0.3540617071111727
901.4580899985631,-0.3534636628241914
901.628756664594,-0.3528648443989878
901.7994233314196,-0.35226514452115504
901.9700899982452,-0.3516646014047591
902.1407566650707,-0.3510630809400373
902.3114233318965,-0.35046063932966526
902.4820799986522,-0.34985716028257313
902.6527333323162,-0.3492527032000516
902.8233999991419,-0.34864715788212197
902.9940666643779,-0.34804060572054485
903.1647333312036,-0.3474329245722899
903.3353999980291,-0.3468241884940065
903.5060666648548,-0.3462143083692642
903.6767233316102,-0.34560337112563644
903.8473899984359,-0.34499126906446603
904.0180566652616,-0.34437810166651844
904.1887233312925,-0.34376377041553907
904.3593899981181,-0.34314838825886335
904.5300566649437,-0.34253184899771866
904.7007233317694,-0.34191426342579756
904.8713899985949,-0.3412955266945723
905.0420566646259,-0.3406757362839344
905.2127133321762,-0.34005479230419255
905.3833666650455,-0.3394327567957729
905.5540333318711,-0.3388095583301338
905.7246999986967,-0.338185263471952
905.8953666655223,-0.3375597753512468
906.0660333323478,-0.3369331856082488
906.2366999983788,-0.33630540290844035
906.4073566643398,-0.33567650998510096
906.5780233311652,-0.3350464127262756
906.7486899979909,-0.3344151873730203
906.9193566648164,-0.3337827569821078
907.0900233316421,-0.33314921514170576
907.2606899984678,-0.33251446482312425
907.4313333320617,-0.33187858722656954
907.6019999980927,-0.33124148171198964
907.7726666649181,-0.3306032409611897
907.943333331744,-0.3299637799209055
908.1139999985695,-0.32932318349101836
908.2846666653952,-0.32868133617279094
908.4553333322207,-0.32803837920579126
908.6259999990464,-0.32739419339858467
908.796666665077,-0.32674888059541357
908.9673333319028,-0.3261023215461619
909.1379899986584,-0.3254546336233287
909.308656665484,-0.32480573803393487
909.4793233323098,-0.3241557517585904
909.6499899975457,-0.32350456636810293
909.8206566643715,-0.3228522747019042
909.991323331197,-0.322198812521335
910.1619666647912,-0.3215442783524121
910.3326333316166,-0.3208886078669959
910.5032999984423,-0.32023187252524815
910.673966665268,-0.31957399422521304
910.8446333320935,-0.3189150362849352
911.0152999981244,-0.3182549118514055
911.1859566648802,-0.31759369121250214
911.3566233317057,-0.31693129593570923
911.5272899985314,-0.3162677867397312
911.697956665357,-0.3156030487958624
911.8686233321826,-0.314937205438873
912.0392899990081,-0.31427013129507103
912.2099566650392,-0.31360192807925613
912.3806233318646,-0.31293250223819324
912.5512899986903,-0.31226196709654147
912.721956665516,-0.3115902296777652
912.8926099983852,-0.31091738648326755
913.0632666643462,-0.31024333809846444
913.2339333311717,-0.30956820899301274
913.4045999979974,-0.3088919015522744
913.575266664823,-0.3082145102961605
913.7459333316485,-0.30753591526570634
913.9165899984042,-0.30685622408333674
914.0872566652297,-0.3061753353345005
914.2579233312606,-0.30549336231647567
914.4285899980862,-0.30481020655558155
914.599256664912,-0.30412599074014873
914.7699233317375,-0.30344062408995087
914.9405899985632,-0.30275421161890653
915.1112333321573,-0.3020666634098169
915.2818999989828,-0.30137808069453437
915.4525666658085,-0.30068838644357776
915.6232333310445,-0.29999766688960333
915.7938999978702,-0.29930584730266957
915.9645666646957,-0.29861302640471704
916.1352333315214,-0.29791912810436083
916.3058999983471,-0.29722424831199257
916.4765666643777,-0.29652831699617954
916.6472333312034,-0.29583138391835306
916.8178899979591,-0.29513340363448315
916.9885566647848,-0.2944344492879006
917.1592233316103,-0.29373445741246784
917.3298899984359,-0.29303350155008884
917.5005566652617,-0.2923315176733188
917.6712233312925,-0.29162859089688203
917.8418666656813,-0.29092469247417185
918.0125333317121,-0.29021987501265667
918.1831999985377,-0.2895141211703364
918.3538666653633,-0.28880751169500346
918.5245333321889,-0.2880999757247625
918.6951999990146,-0.28739158781160495
918.8658666650454,-0.2866823033323602
919.0365333310763,-0.2859721754032259
919.2071999979019,-0.28526117069219326
919.3778666647274,-0.2845493469475243
919.5485233314832,-0.2838366779099494
919.7191899983088,-0.2831232172880544
919.8898566651344,-0.28240897568630036
920.06052333196,-0.2816940108099902
920.231189997991,-0.28097834591960835
920.4018566648167,-0.28026201145249025
920.5724999984106,-0.2795450077257017
920.7431666652361,-0.2788273350949355
920.9138333320618,-0.2781089961255498
921.0844999988873,-0.27739000061425856
921.255166665713,-0.27667036647542415
921.4258333317439,-0.2759500951611891
921.5964999985694,-0.27522919268121526
921.7671566653253,-0.2745076467927453
921.9378233321507,-0.27378543620878143
922.1084899989764,-0.2730625667896228
922.2791566642125,-0.272339043807231
922.4498233310381,-0.27161487799597694
922.6204899978638,-0.2708900541106029
922.7911566646893,-0.2701645947611661
922.961823331515,-0.26943850673970127
923.1324899983407,-0.26871179264801826
923.3031333319346,-0.2679844485828568
923.4737999987603,-0.26725648625894194
923.644466664791,-0.2665278946431749
923.8151333316167,-0.26579869213232227
923.9857999984424,-0.26506887509764276
924.1564666652679,-0.2643384682064263
924.3271233320236,-0.26360747901015835
924.4977899988492,-0.26287593275198146
924.668456665675,-0.26214383225817683
924.8391233317058,-0.2614111853379084
925.0097899985315,-0.2606780003852125
925.180456665357,-0.259944295567348
925.3511233321826,-0.2592100703027631
925.5217899990082,-0.25847533804197526
925.6924566642443,-0.25774011310727263
925.86312333107,-0.25700441632214566
926.033766664664,-0.25626826743617215
926.2044333314896,-0.2555316631533701
926.3750999983151,-0.2547946529693848
926.5457666651407,-0.2540572196091087
926.7164333319663,-0.2533193739043755
926.8870999979974,-0.25258110667965206
927.0577566647529,-0.25184243313411786
927.2284233315786,-0.25110331990056906
927.3990899984041,-0.2503637892368684
927.56975666523,-0.24962383375627112
927.7404233320555,-0.24888347120893173
927.9110899988812,-0.24814269534861738
928.0817466656366,-0.24740154631193711
928.2523999977111,-0.24666001214650254
928.4230666645368,-0.24591811979480552
928.5937333313625,-0.24517584296371012
928.764399998188,-0.2444332008288859
928.9350666650137,-0.24369019978092837
929.1057333310446,-0.24294688148939653
929.2763999978703,-0.24220321177262166
929.4470666646957,-0.24145920512143446
929.6177333315212,-0.24071485056148445
929.7883899982771,-0.2399701635762183
929.9590566651026,-0.23922512665877024
930.1297233319283,-0.23847977891774172
930.3003899979592,-0.2377341015515894
930.4710566647848,-0.23698812119872348
930.6417233316104,-0.23624181191613547
930.812389998436,-0.2354951983059648
930.98303333203,-0.23474827050737798
931.1536999988555,-0.23400107581764668
931.3243666656812,-0.2332536026796491
931.495033331712,-0.23250588557838997
931.6656999977429,-0.23175791424824926
931.8363666645686,-0.23100972936733286
932.007033331394,-0.23026131014581758
932.1776999982197,-0.22951268779602
932.3483666650452,-0.2287638476087495
932.5190333310762,-0.22801483806420492
932.6896899986268,-0.22726562007470025
932.8603566646576,-0.226516258559263
933.0310233314833,-0.22576671027876935
933.2016899983088,-0.22501702128597623
933.3723566651345,-0.22426715394061586
933.5430099987983,-0.22351714078719306
933.713666665554,-0.2227669431368516
933.8843333323796,-0.22201660840260312
934.0549999984107,-0.22126608967533554
934.2256666652362,-0.22051541588314075
934.3963333320619,-0.21976455559334088
934.5669999988874,-0.2190135279163079
934.737666665713,-0.2182622997625742
934.9083233308793,-0.21751089732311682
935.0789899977048,-0.21675929820796994
935.2496566645304,-0.21600751895779516
935.4203233313561,-0.21525554039864658
935.5909899981816,-0.21450339330074478
935.7616566650073,-0.21375103974650408
935.932323331833,-0.21299848904709662
936.1029899986585,-0.21224572760487803
936.2736566646894,-0.21149276083242402
936.4442999982833,-0.21073957956639616
936.614966665109,-0.20998619193115917
936.7856333319345,-0.20923259633820043
936.9562999987602,-0.2084788190615957
937.1269666655859,-0.20772482306691034
937.2976333324116,-0.20697062910820135
937.4682899983725,-0.2062162094262329
937.6389566651981,-0.20546158640922527
937.8096233320236,-0.20470673614203608
937.9802899988492,-0.20395168122495538
938.1509566656748,-0.20319639841789428
938.3216233309109,-0.20244089078291969
938.4922899977366,-0.20168516199661476
938.6629566645622,-0.20092924106745907
938.8336233313878,-0.20017311522965156
939.0042899982134,-0.1994167947371944
939.1749333318076,-0.1986602537430216
939.345599998633,-0.19790351558786895
939.516266664664,-0.19714656786510992
939.6869333314895,-0.19638942069744647
939.8575999983153,-0.19563206608913883
940.0282666651408,-0.19487452165332347
940.1989233318966,-0.1941167762983336
940.3695899987221,-0.1933588249919713
940.5402566655478,-0.1926006690252129
940.7109233323733,-0.19184230992753049
940.8815899984041,-0.1910837509760297
941.0522566652298,-0.19032499390538762
941.2229233320553,-0.18956604833743393
941.393589998881,-0.18880691156068735
941.5642566657065,-0.1880475828751103
941.7349133308729,-0.18728806437948775
941.9055666645367,-0.18652835604341625
942.0762333313626,-0.18576846379748194
942.246899998188,-0.18500838733154235
942.4175666650137,-0.18424814397309672
942.5882333318393,-0.18348773233378773
942.7588999986649,-0.18272717617404696
942.9295566646258,-0.18196646721930912
943.1002233314514,-0.18120559717503382
943.270889998277,-0.18044455326195744
943.4415566651027,-0.17968336516534486
943.6122233319281,-0.1789220164496197
943.7828899987538,-0.17816053790785932
943.9535466655095,-0.17739892493309137
944.1241999983788,-0.17663718211909274
944.2948666644095,-0.17587529535271149
944.4655333312352,-0.17511329687728058
944.6361999980606,-0.17435116356208688
944.8068666648866,-0.1735889287695127
944.9775333317123,-0.17282658618772542
945.148199997743,-0.17206414068609427
945.3188666645686,-0.1713015856478092
945.4895333313941,-0.17053893295456388
945.6601899981499,-0.16977619139261443
945.8308566649755,-0.16901338765357465
946.0015233318011,-0.16825049197898126
946.1721899986267,-0.1674875404152198
946.3428566646575,-0.16672450485943283
946.5135233314832,-0.16596141844195603
946.6841766651471,-0.16519827197515677
946.8548333319028,-0.1644350883017082
947.0254999987285,-0.16367184059082523
947.1961666655541,-0.16290855165686643
947.3668333323798,-0.16214520135654006
947.5374999976159,-0.16138182524957537
947.7081666644415,-0.16061838950013788
947.8788333312671,-0.15985490878337655
948.0494999980926,-0.15909135887920572
948.2201666649182,-0.15832777025344583
948.3908333317438,-0.15756412884302387
948.5614899984996,-0.15680048670797386
948.7321566653251,-0.15603681702133299
948.9028233313562,-0.15527315858845342
949.0734899981815,-0.1545094915372855
949.2441566650074,-0.1537458833151825
949.4148099986711,-0.15298228526232416
949.585466665427,-0.15221876470972762
949.7561333322526,-0.15145525156697584
949.9267999990782,-0.15069180372241467
950.0974666651091,-0.1499283864074317
950.2681333319346,-0.1491650479318036
950.4387999987603,-0.14840173683906016
950.6094666655857,-0.14763850819816668
950.7801333324114,-0.14687533235903635
950.9507999976477,-0.14611225742317685
951.1214566644032,-0.14534924750751696
951.2921233312288,-0.14458635830656857
951.4627899980545,-0.14382354808000192
951.6334566648802,-0.14306088113090754
951.8041233317057,-0.14229830678272243
951.9747899985312,-0.14153590370796676
952.1454566645622,-0.14077360377278725
952.3160999981562,-0.14001147214008886
952.4867666649819,-0.13924945513124648
952.6574333318074,-0.1384876195906732
952.8280999986331,-0.1377259133021617
952.9987666654588,-0.13696438772960062
953.1694333322843,-0.1362029995804359
953.34008999904,-0.13544179450865004
953.5107566650707,-0.13468071916495544
953.6814233318964,-0.1339198205362923
953.8520899987219,-0.13315906162982813
954.0227566655476,-0.13239849038124737
954.1934233323733,-0.13163807134443148
954.3640899976095,-0.130877851328557
954.5347566644352,-0.13011778687485465
954.7054233312607,-0.12935793742410495
954.8760799980164,-0.12859825138880965
955.0467333316803,-0.12783876121897123
955.2173999985059,-0.12707941732966777
955.3880666653315,-0.12632025170835381
955.5587333313624,-0.12556122529242178
955.7293999981879,-0.12480237432717434
955.9000666650136,-0.12404368629351642
956.0707233317693,-0.12328521668820494
956.241389998595,-0.12252692395036667
956.4120566654204,-0.12176886540741991
956.5827233322461,-0.1210109918156626
956.7533899982769,-0.12025337043916172
956.9240566651027,-0.11949594799452029
957.0947233319282,-0.11873876393666687
957.2653899987539,-0.11798178950817255
957.4360566655796,-0.1172251051556736
957.6067133323352,-0.1164686558390277
957.7773666644096,-0.115712503501666
957.9480333312353,-0.11495659069621032
958.118699998061,-0.1142009846319121
958.2893666648864,-0.11344564665207693
958.4600333317121,-0.11269064360018077
958.6306999985376,-0.11193592432055019
958.8013566652933,-0.11118158954969866
958.9720233313243,-0.11042756248468666
959.1426899981498,-0.1096739439969138
959.3133566649755,-0.10892066559170283
959.4840233318012,-0.10816782089118088
959.6546899986267,-0.10741533073407693
959.8253566654524,-0.10666329056791346
959.9960233322779,-0.1059116208077499
960.1666899983089,-0.10516041863768551
960.3373433311781,-0.10440959398511172
960.5079999979337,-0.10365924723792469
960.6786666647592,-0.10290928868289809
960.849333331585,-0.10215981426568563
961.0199999984104,-0.10141074974640775
961.1906666644414,-0.10066217978966319
961.3613333312669,-0.09991402888634393
961.5319899980228,-0.09916637946469706
961.7026566648483,-0.09841915189157177
961.873323331674,-0.09767243866200173
962.0439899984997,-0.09692612470764524
962.2146566653253,-0.09618030265200923
962.3853233313561,-0.0954348969960151
962.5559899981818,-0.09469000128930775
962.7266566650072,-0.09394555374656473
962.8973233318329,-0.0932016645741842
963.0679766654969,-0.09245822854883272
963.2386333322526,-0.09171531093092765
963.4092999990783,-0.0909728216077753
963.5799666643143,-0.09023086614048165
963.75063333114,-0.08948935392363752
963.9212999979654,-0.08874836799113495
964.0919666647911,-0.08800782315541933
964.2626233315466,-0.08726781805242503
964.4332899983725,-0.08652826762977493
964.6039566651982,-0.08578926223197926
964.7746233312289,-0.08505070223865066
964.9452899980546,-0.08431268312853366
965.1159566648801,-0.08357512301306792
965.2866233317058,-0.08283811004557291
965.4572899985312,-0.08210155070556698
965.6279566653569,-0.0813655290566475
965.798623331388,-0.08062998145253397
965.9692666657766,-0.07989500306300576
966.1399333318074,-0.079160508262093
966.310599998633,-0.07842657952099767
966.4812666654586,-0.07769312025186433
966.6519333322843,-0.07696022259193536
966.82259999911,-0.07622780332748617
966.9932566642761,-0.07549595278213764
967.1639233311016,-0.07476457967529047
967.3345899979274,-0.07403375437704274
967.505256664753,-0.07330337353541178
967.6759233315786,-0.07257351412508183
967.8465899984042,-0.07184411727168193
968.0172566652298,-0.07111529535947861
968.1879233312608,-0.07038694911709432
968.3585899980862,-0.06965916047215102
968.5292466648419,-0.06893185002253444
968.6998999985059,-0.06820511164014194
968.8705666653316,-0.06747883460643503
969.0412333321572,-0.06675309194508829
969.2118999989829,-0.06602781842906388
969.3825666650137,-0.06530310001150591
969.5532333318394,-0.06457887635141601
969.723889998595,-0.06385524127746313
969.8945566654205,-0.06313209531038892
970.0652233322462,-0.06240953577676379
970.2358899990717,-0.061687476637917356
970.4065566643079,-0.06096599993460862
970.5772233311334,-0.06024500165817905
970.7478899979591,-0.059524538512249814
970.9185566647848,-0.05880457030492752
971.0892233316105,-0.05808517994259521
971.2598799983659,-0.05736630168476922
971.4305333320299,-0.0566480261148323
971.6011999980608,-0.05593027053559807
971.7718666648864,-0.05521310769071336
971.9425333317122,-0.05449645663862499
972.1131999985377,-0.053780408416328675
972.2838666653633,-0.05306488948543754
972.454523332119,-0.05234998676026497
972.6251899989445,-0.051635616750932034
972.7958566649755,-0.05092186239898979
972.966523331801,-0.050208632704136884
973.1371899986267,-0.04949601387971261
973.4716999991736,-0.048783940328366866
973.6833233308793,-0.0480724927443078
973.8539899977047,-0.047361575582196495
974.0246433313687,-0.04665129492538045
974.1952999981244,-0.04594156012833326
974.3659666649501,-0.04523245070575523
974.5366333317758,-0.04452388481863255
974.7072999986012,-0.043815942702293616
974.8779666654269,-0.04310854588615915
975.048623331388,-0.042401792401264855
975.2192899982134,-0.04169559361384
975.3899566650391,-0.04099004061726738
975.5606233318647,-0.04028504776069776
975.7312899986903,-0.03958071503456579
975.9019566655159,-0.03887696512408862
976.0726233323414,-0.03817390772480142
976.2432899983723,-0.03747145706810301
976.413956665198,-0.03676969593623133
976.5846233320237,-0.03606853539003373
976.7552766648929,-0.03536807567907552
976.9259333316486,-0.03466822862798785
977.0965999976794,-0.03396907699203614
977.2672666645051,-0.03327057016635074
977.4379333313307,-0.03257280203702159
977.6085999981563,-0.031875703236295586
977.7792666649818,-0.031179405267203305
977.9499233317374,-0.030483808041109194
978.1205899985631,-0.029789041164099115
978.2912566645939,-0.02909500851486044
978.4619233314197,-0.028401850729919183
978.6325899982452,-0.027709461697574506
978.8032566650709,-0.02701795701008192
978.9739233318963,-0.026327231071757693
979.1445899987223,-0.02563739745183636
979.3152566655477,-0.02494834313399098
979.4859133323034,-0.024260191385148247
979.6565666643779,-0.02357283769047419
979.8272333312034,-0.022886403264595945
979.9978999980291,-0.022200785498452873
980.1685666648548,-0.021516122488728483
980.3392333316802,-0.02083229272446558
980.5098999977112,-0.020149438393654833
980.6805566652616,-0.019467446514279948
980.8512233312925,-0.018786453595902072
981.021889998118,-0.018106329431756024
981.1925566649436,-0.017427211816111357
981.3632233317694,-0.0167489719238653
981.5338899985949,-0.016071754761943884
981.7045566646259,-0.015395419798798379
981.8752233314515,-0.014720107301322406
982.0458899982771,-0.014045688145247152
982.2165466650328,-0.013372308452456278
982.3871999986966,-0.012699830379925444
982.5578666655223,-0.01202840861840164
982.7285333323478,-0.011357904906627563
982.8991999983788,-0.01068844910357346
983.0698666644096,-0.010019914258342697
983.2405333312352,-0.009352431430592065
983.411189997991,-0.008685867155697316
983.5818566648165,-0.008020351876454904
983.7525233316421,-0.007355758083399765
983.9231899984677,-0.006692193491747143
984.0938566652934,-0.0060295292537504395
984.2645233313244,-0.005367890202609965
984.4351899981499,-0.004707152798546376
984.6058566649756,-0.00404742774715173
984.7765233318011,-0.0033886000175165007
984.947166665395,-0.002730787356566907
985.1178333322207,-0.0020738644431064495
985.2884999990463,-0.0014179371739423347
985.4591666650771,-0.0007628865547667828
985.629833331903,-0.00010881907185674064
985.8004999987285,0.0005443841895089258
985.9711666655542,0.0011966116054342867
986.1418233323096,0.0018479828243401944
986.3124899975459,0.002498379569533181
986.4831566643716,0.0031479085606154573
986.653823331197,0.0037964583800943245
986.8244899980227,0.004444139898397487
986.9951566648484,0.00509085016128245
987.1658233316739,0.005736708886543672
987.3364899984996,0.0063816448440188805
987.5071566653253,0.0070257474994186294
987.6778099981944,0.00766892365103529
987.8484666649501,0.008311276152171159
988.0191333317756,0.008952715659683827
988.1897999986013,0.009593338269021182
988.3604666654268,0.010233065049718089
988.5311333322525,0.010871995813000067
988.7017999990782,0.011510051627935444
988.8724666651091,0.012147308399172429
989.0431333319345,0.012783691169197873
989.2137999987602,0.01341927798109127
989.3844566655159,0.014053992609545743
989.5551233323415,0.014687920117623847
989.7257899975777,0.01532098786225175
989.8964566644032,0.0159532838300904
990.0671233312289,0.016584717476788132
990.2377899980545,0.017215366299881064
990.4084433317184,0.017845159037989947
990.579099998474,0.018474174669262166
990.7497666652998,0.019102345736897897
990.9204333313306,0.01972975825236027
991.0910999981563,0.020356345098223753
991.2617666649818,0.02098218089955099
991.4324333318076,0.021607199000347615
991.6030999986331,0.022231478827460065
991.7737666654588,0.022854960460656104
991.9444333322842,0.02347770533763193
992.11508999904,0.02409963910727686
992.2857566650707,0.02472084108030732
992.4564233318964,0.025341257618072623
992.6270899987221,0.0259609682420898
992.7977566655476,0.026579918093007898
992.9684233323733,0.027198157814195472
993.1390799975394,0.027815635533640658
993.3097333312035,0.028432403646811866
993.4803999980289,0.029048400735849883
993.6510666648549,0.02966369393575894
993.8217333316803,0.030278229139047583
993.992399998506,0.030892072487865338
994.1630666653316,0.03150516728814234
994.3337333313624,0.03211757899242335
994.5043999981881,0.032729258966457946
994.6750666650136,0.03334027853912573
994.8457233317692,0.03395058989612847
995.016389998595,0.0345602346125581
995.1870566654204,0.035169151288164016
995.3577233322461,0.035777402496710235
995.5283899982771,0.03638494714363546
995.6990566651026,0.03699183944543746
995.8697133318583,0.037598041097830506
996.0403666647275,0.03820360032169125
996.2110333315529,0.0388084697893268
996.3816999983788,0.03941269557333489
996.5523666644096,0.040016239128374
996.7230333312352,0.04061915288459968
996.8936999980609,0.041221399182678
997.0643666648864,0.04182301507447995
997.2350333317121,0.04242396235867591
997.4056999985378,0.04302427865025927
997.5763566652934,0.0436239331612884
997.7470233313243,0.04422295915034742
997.9176899981497,0.044821319298899286
998.0883566649754,0.045419048693847004
998.2590233318011,0.04601610838205426
998.4296899986266,0.04661252965062543
998.6003333322208,0.047208267789634134
998.7709999990464,0.0478033616736366
998.9416666642825,0.04839775686899682
999.1123333311082,0.04899149236360375
999.2829999979338,0.049584514071198287
999.4536666647593,0.05017686682577953
999.6243333315849,0.050768492269170254
999.7949999984105,0.05135943879906908
999.9656666644414,0.051949659897056445
1000.1363333312671,0.052539226420185624
1000.4844799987475,0.053128095540638305
1000.9213899985949,0.05371630034640247
1001.0920566646258,0.05430378154971207
1001.2627233314513,0.054890582407264084
1001.433389998277,0.055476653784519436
1001.6040566651027,0.05606203808960367
1001.7747233319282,0.05664668458427017
1001.9453666655223,0.05723063173615073
1002.1160333323478,0.057813825674446956
1002.2866999983787,0.058396313241722876
1002.4573666644097,0.05897803566955951
1002.6280333312354,0.05955904253447535
1002.7986999980609,0.06013926596975912
1002.9693666648866,0.06071876170265942
1003.140023331642,0.06129747151754501
1003.3106899984678,0.061875446873704894
1003.4813566652934,0.06245262169600934
1003.6520233313242,0.06302905418739474
1003.8226899981498,0.0636046943535393
1003.9933566649754,0.06417959976686519
1004.164023331801,0.06475369913936824
1004.3346899986267,0.06532705444968367
1004.5053566646575,0.06589959257787562
1004.6759999990463,0.0664713714998141
1004.8466666650772,0.06704231777709561
1005.0173333319029,0.06761249406652492
1005.1879999987284,0.06818182294931033
1005.3586666655541,0.06875036759329413
1005.5293333323796,0.06931806161491783
1005.6999999976158,0.06988498220524951
1005.8706566643716,0.07045105106349032
1006.0413233311971,0.07101632318215988
1006.2119899980228,0.07158072263843247
1006.3826566648482,0.07214432548119067
1006.553323331674,0.07270704887963705
1006.7239899984994,0.07326898250991784
1006.8946566653252,0.07383004525347125
1007.065323331356,0.07439031262190901
1007.2359899981817,0.07494970681035897
1007.4066333317758,0.07550829914295804
1007.5772999986013,0.0760660265803647
1007.7479666654268,0.07662295332655449
1007.9186333322525,0.07717900011329677
1008.0892999990781,0.07773425675634427
1008.2599666651089,0.07828865619926152
1008.4306333319346,0.07884226775599336
1008.6012999987603,0.07939502001262176
1008.771966665586,0.07994697913557774
1008.9426233323414,0.08049807062748303
1009.1132899975777,0.0810483578929884
1009.2839566644034,0.08159775764735797
1009.4546233312288,0.08214635474366146
1009.6252899980543,0.0826940708519065
1009.7959566648802,0.0832409862322892
1009.9666233317059,0.08378702195183993
1010.1372666652999,0.08433224910133624
1010.3079333313306,0.08487658727235349
1010.4785999981563,0.08542010735925276
1010.649266664982,0.08596273724324129
1010.8199333318074,0.08650456056634014
1010.9905999986331,0.08704550502517219
1011.1612666654586,0.08758563424800711
1011.3319333322843,0.08812487338040208
1011.5025999991097,0.08866329091615581
1011.6732566650708,0.08920080356913845
1011.8439233318965,0.08973749052698976
1012.0145899987222,0.09027326614660369
1012.1852566655477,0.09080821304487649
1012.3559233323733,0.09134224872918614
1012.5265899976093,0.0918754579349885
1012.6972566644351,0.09240774951605871
1012.8679233312607,0.09293920534726269
1013.0385899980863,0.093469752387454
1013.2092566649119,0.09399947106294554
1013.3798999985058,0.09452827899237885
1013.5505666653314,0.09505625643669065
1013.7212333313624,0.09558332081618338
1013.8918999981881,0.09610955791832548
1014.0625666650136,0.09663488386554776
1014.2332333318393,0.0971593834944751
1014.4038999986649,0.09768297959867339
1014.5745566654207,0.09820573787106943
1014.7452233322462,0.09872757756974748
1014.9158899982771,0.09924858077110739
1015.0865566651028,0.09976866169207736
1015.2572233319282,0.10028790188707433
1015.4278899987539,0.100806218756658
1015.5985566655794,0.10132369256257301
1015.7692233324051,0.10184023592234859
1015.9398899976411,0.10235593097883358
1016.1105466643969,0.10287069986338651
1016.2811999980607,0.10338463647265195
1016.4518666648864,0.10389765642850077
1016.6225333317121,0.10440984283420982
1016.7931999985376,0.10492109537749592
1016.9638666653634,0.10543150320648294
1017.1345333313941,0.10594097509992981
1017.3051899981499,0.1064496076237344
1017.4758566649756,0.10695731892686061
1017.6465233318011,0.10746419478911874
1017.8171899986268,0.10797014882691959
1017.9878566654522,0.10847525584952836
1018.1585233322779,0.10897944041872393
1018.3291899983087,0.10948279180452118
1018.4998566651344,0.10998523653109424
1018.6705233319601,0.11048685456224636
1018.8411666647595,0.11098756654282489
1019.0118333315847,0.11148745489258889
1019.1824999984107,0.11198641911858086
1019.3531666644415,0.11248453721001993
1019.523833331267,0.11298173511126287
1019.6944999980926,0.11347809596591375
1019.8651666649182,0.11397355180491377
1020.0358333317439,0.11446818153635835
1020.2064999985696,0.11496191156457408
1020.3771666653951,0.11545482087935827
1020.5478233313561,0.11594679873442419
1020.7184899981816,0.1164379412403839
1020.8891566650072,0.11692817655649342
1021.059823331833,0.11741758786878399
1021.2304899986584,0.1179060753744162
1021.4011566654842,0.11839370535379241
1021.571799999078,0.11888040055725226
1021.7424666643143,0.11936625320672073
1021.9131333311398,0.11985117703250239
1022.0837999979655,0.12033525399894535
1022.2544666647912,0.12081841009648209
1022.4251333316167,0.12130072133110371
1022.5957999976475,0.1217821025859267
1022.7664666644732,0.12226264408548855
1022.9371333312989,0.12274226510145851
1023.1077899980544,0.12322103461394641
1023.2784566648801,0.12369886649083356
1023.4491233317058,0.12417586313121744
1023.6197899985312,0.12465193563953214
1023.7904566653569,0.1251271787058215
1023.9611233313879,0.12560151633135222
1024.1317899982137,0.12607503012528606
1024.302456665039,0.12654765136012494
1024.4731233318648,0.12701945159115155
1024.6437899986902,0.12749034732600442
1024.8144433323541,0.12796041324759883
1024.98509999911,0.12842959042225396
1025.1557666643462,0.1288979492026432
1025.3264333311715,0.12936542073520513
1025.4970999979973,0.1298320929110017
1025.6677666648227,0.13029791574985114
1025.8384333316485,0.13076293365150782
1026.0090999976794,0.13122708908440023
1026.179766664505,0.1316904406492292
1026.3504333313306,0.13215290979579095
1026.5210899980862,0.13261456425755547
1026.6917566649122,0.13307530872224435
1026.8624233317373,0.13353522358732814
1027.0330899985631,0.13399423519950257
1027.2037566645943,0.13445242789443543
1027.3744233314196,0.1349097206382503
1027.5450799981754,0.13536620392504495
1027.7157333318394,0.135821783866681
1027.8863999986647,0.13627653943951407
1028.0570666654905,0.13673041127763672
1028.227733332316,0.1371834967262479
1028.398399999142,0.1376357261471823
1028.569066664378,0.13808716855517275
1028.7397333312035,0.13853774919350265
1028.9103999980293,0.13898754256315113
1029.0810666648547,0.13943647260263015
1029.2517233316103,0.13988461702746102
1029.4223899984358,0.14033188669109947
1029.5930566652617,0.1407783590589852
1029.7637233312923,0.1412239619390073
1029.9343899981181,0.141668762377395
1030.1050566649435,0.14211268333033394
1030.2757233317693,0.14255579240206645
1030.446389998595,0.14299800721196876
1030.6170566646258,0.14343939729647573
1030.787713332176,0.143879899048662
1030.9583666650456,0.14431960494684307
1031.129033331871,0.14475845853449712
1031.2996999986967,0.14519650739845175
1031.4703666655223,0.14563371734702374
1031.641033332348,0.14607014623716733
1031.8116999983788,0.14650573202952058
1031.98235666434,0.14694052904669508
1032.1530233311653,0.14737449695353905
1032.323689997991,0.1478076816489326
1032.4943566648167,0.14824001566349845
1032.6650233316423,0.14867155387912986
1032.8356899984678,0.14910222915276586
1033.0063566652934,0.14953212402627372
1033.1770233313243,0.14996117352025123
1033.34768999815,0.1503894414542933
1033.5183433318139,0.15081686762745333
1033.6889999985694,0.1512435108137077
1033.859666665395,0.15166932256554969
1034.0303333322206,0.1520943484139172
1034.2009999990464,0.15251853871715124
1034.3716666650773,0.15294195176889844
1034.5423333319031,0.15336452458371497
1034.7129999987285,0.15378631413749447
1034.883666665554,0.15420725723906661
1035.0543333323799,0.1546274176407991
1035.2249999976157,0.1550467283994902
1035.3956566643715,0.15546526439723873
1035.566323331197,0.15588295306466451
1035.7369899980226,0.15629986697525564
1035.9076566648482,0.15671592209881854
1036.0783233316738,0.1571311954140468
1036.2489899984998,0.15754562052628368
1036.419656665325,0.15795926406333835
1036.590323331356,0.15837207874819395
1036.7609899981815,0.15878411677335644
1036.9316333317756,0.15919531318493205
1037.1022999986012,0.1596057214195035
1037.272966665427,0.16001525398440916
1037.4436333322526,0.16042399248609532
1037.6142999990782,0.1608318821708231
1037.784966665109,0.16123899369363484
1037.9556233318647,0.16164528089072266
1038.1262899986903,0.16205079986312865
1038.2969566655158,0.16245552934901566
1038.4676233323414,0.16285950037559233
1038.6382899975774,0.1632626739317484
1038.8089566644032,0.16366509912010385
1038.9796233312288,0.16406673758731924
1039.1502899980546,0.16446762024331682
1039.3209566648802,0.1648677101174336
1039.4916233317058,0.16526704155249908
1039.6622666652997,0.16566555920438397
1039.8329333313307,0.16606331449580203
1040.0035999981562,0.16646027197031305
1040.174266664982,0.16685647046531496
1040.3449333318076,0.1672518657891506
1040.5155999986332,0.167646497076618
1040.6862666654588,0.16804027721351397
1040.8569333322844,0.16843324730300938
1041.02759999911,0.16882535462242054
1041.1982566650709,0.16921666092087953
1041.3689233318964,0.16960712055871174
1041.539589998722,0.1699967917966991
1041.7102566655476,0.17038561469490568
1041.8809233323732,0.17077365071398984
1042.0515899976094,0.1711608321372687
1042.2222566644352,0.1715472158828676
1042.3929233312606,0.1719327503623935
1042.5635899980862,0.17231747935231273
1042.7342566649118,0.17270133847958902
1042.904899998506,0.17308439863609681
1043.0755666653313,0.17346659791493738
1043.2462333313624,0.17384799079695387
1043.416899998188,0.17422855606707754
1043.5875666650138,0.17460834220795243
1043.7582333318394,0.17498730424309278
1043.928889998595,0.17536547988433987
1044.0995566654206,0.1757428213977115
1044.2702233322461,0.17611937800598698
1044.4408899982768,0.17649512162441272
1044.6115566651026,0.17687007118467313
1044.7822233319282,0.17724418406438644
1044.952889998754,0.1776175103759071
1045.1235566655796,0.17798998746060204
1045.2942233324052,0.17836166761762223
1045.4648899976414,0.17873247202733888
1045.6355333312354,0.1791024786022417
1045.806199998061,0.17947163239804606
1045.9768666648865,0.1798399830998328
1046.147533331712,0.18020746617903313
1046.3181999985377,0.1805741354852881
1046.4888666653633,0.18093992260606154
1046.6595333313944,0.18130489106821793
1046.8301999982198,0.18166898484435312
1047.0008666650454,0.1820322562730394
1047.171533331871,0.18239464540098554
1047.3421899986267,0.18275619100929855
1047.5128566654525,0.18311683047860228
1047.6835233322777,0.18347661202470755
1047.8541899983088,0.18383546372716889
1048.0248566651344,0.18419345601075937
1048.19552333196,0.1845505244288266
1048.3661899987858,0.18490672285333595
1048.5368566656111,0.18526199133302415
1048.7075233316423,0.18561639169365243
1048.8781666644413,0.18596985571348845
1049.048833331267,0.18632245070414422
1049.2194999980925,0.18667408313854014
1049.3901666649185,0.1870248357062304
1049.5608333317439,0.18737460380354584
1049.7314999985697,0.1877235073203164
1049.9021666653953,0.188071475803987
1050.072823331356,0.18841859714023126
1050.2434899981815,0.18876481463610445
1050.4141566650073,0.1891101921966988
1050.5848233318327,0.1894546620998277
1050.7554899986585,0.1897983048170927
1050.926156665484,0.1901410618410261
1051.0968233323097,0.1904829895024673
1051.2674899983406,0.19082402826613068
1051.4381566651664,0.19116424003855131
1051.6087999979657,0.19150358818998234
1051.779466664791,0.19184211198696002
1051.950133331617,0.19217977502391828
1052.1207999976475,0.19251660716336746
1052.2914666644733,0.19285254745177843
1052.4621333312987,0.19318763930351596
1052.6327999981245,0.19352179778892042
1052.80346666495,0.1938550911587425
1052.9741333317756,0.19418745114721575
1053.1447899985312,0.19451895550781317
1053.315456665357,0.1948495186868841
1053.4861233313877,0.19517919222815802
1053.6567899982133,0.19550793775429118
1053.8274566650389,0.19583582264448077
1053.9981233318645,0.19616279800319772
1054.1687899986905,0.19648891650810318
1054.3394566655159,0.19681413696367778
1054.5101233323417,0.19713849775906925
1054.6807899983723,0.19746195412366277
1054.8514433312416,0.197784555905861
1055.0220999979972,0.1981062486576057
1055.192766664823,0.19842708488965258
1055.3634333316484,0.19874704324111864
1055.5340999976795,0.19906615998148786
1055.704766664505,0.19938435366297802
1055.8754333313307,0.19970166197263126
1056.0460999981563,0.20001804541986637
1056.2167666649818,0.20033357265037444
1056.3874333318074,0.20064813392575048
1056.558089998563,0.20096180207671568
1056.7287566645941,0.20127453782168078
1056.8994233314195,0.20158640744752027
1057.0700899982453,0.20189736335159483
1057.240756665071,0.20220747235246486
1057.4114233318965,0.20251673481080257
1057.5820899987223,0.2028251769068548
1057.7527566655476,0.20313275986176893
1057.9234233323734,0.2034395162648903
1058.094079998334,0.20374541180473366
1058.2647333312034,0.20405048971008002
1058.435399998029,0.20435471601051092
1058.6060666648548,0.2046581090405615
1058.7767333316804,0.20496065070445194
1058.9473999977113,0.2052623677408391
1059.1180666645369,0.20556321090104557
1059.2887233312927,0.20586322132651977
1059.459389998118,0.2061623299695598
1059.6300566649436,0.20646060258648888
1059.8007233317692,0.20675796257308082
1059.971389998595,0.20705446057108715
1060.142056664626,0.2073500383284399
1060.3127233314515,0.20764470714272634
1060.483389998277,0.2079383841259968
1060.6540566651026,0.20823112704826197
1060.8247133318582,0.20852285114705557
1060.9953666655224,0.20881360608930594
1061.1660333323478,0.2091032902927159
1061.3366999983787,0.2093919693987906
1061.5073666644096,0.20967950565053783
1061.6780333312352,0.20996596292629888
1061.848699998061,0.21025118924919156
1062.0193666648863,0.21053526287938995
1062.1900333317121,0.2108180121414532
1062.360699997743,0.21109957985431302
1062.5313566652935,0.2113798197129498
1062.7020233313242,0.21165885552052202
1062.8726899981498,0.21193651122230522
1063.0433566649754,0.21221291635278172
1063.2140233318012,0.21248792435716696
1063.3846899986268,0.2127616650968975
1063.5553566646577,0.2130339775765752
1063.7260233314832,0.21330500453775827
1063.8966899983088,0.21357461509210218
1064.0673433319728,0.21384293696303036
1064.2379999987284,0.2141098310887772
1064.4086666655542,0.21437540891033796
1064.57933333238,0.21463952933143307
1064.7499999976158,0.2149022982278837
1064.9206666644416,0.21516357336291989
1065.091333331267,0.2154234626049077
1065.2619999980925,0.2156818074624243
1065.432666664918,0.21593871483133648
1065.603333331744,0.21619400958895843
1065.7739999977748,0.21644782169029766
1065.944656665325,0.2166999821925798
1066.115323331356,0.21695061117393574
1066.2859899981818,0.21719952598564224
1066.4566566650071,0.21744688444429536
1066.627323331833,0.2176925095696096
1066.7979899986583,0.2179365610496522
1066.9686566646894,0.21817885962515232
1067.139323331515,0.21841956861497766
1067.3099899983406,0.2186585193957089
1067.4806333319345,0.21889589183927607
1067.6512999987604,0.2191315183220007
1067.821966665586,0.21936554597281677
1067.9926333324115,0.21959780147672794
1068.1632999976475,0.21982843803063556
1068.333966664473,0.22005729766185403
1068.504633331299,0.2202845241228779
1068.6752999981243,0.22050995160102344
1068.84596666495,0.22073369628617578
1069.0166233317057,0.2209555470050264
1069.1872899985315,0.22117564505863452
1069.3579566645626,0.2213937727565225
1069.5286233313877,0.22161007281855638
1069.6992899982135,0.2218243183760663
1069.869956665039,0.2220366553469237
1070.040623331865,0.2222468505535796
1070.21128999869,0.2224550989705809
1070.3819566647212,0.22266116059075683
1070.5526233315468,0.22286518767376112
1070.7232766652107,0.22306690757429312
1070.8939333319663,0.22326648162213494
1071.064599998792,0.2234636195665394
1071.2352666656175,0.22365849495895224
1071.4059333324433,0.22385082327748013
1071.5765999976793,0.22404082352723464
1071.7472666645049,0.224228193965225
1071.9179333313307,0.2244131714065924
1072.088599998156,0.2245954908595272
1072.259266664982,0.2247753858298582
1072.4299233317374,0.22495257135361948
1072.600589998563,0.22512730633406275
1072.7712566645941,0.22529930751470206
1072.9419233314195,0.22546884689981656
1073.1125899982453,0.2256356472893285
1073.283256665071,0.22579997494255413
1073.4539233318965,0.2259615594001504
1073.6245899979274,0.22612066548872145
1073.795256664753,0.22627702243436057
1073.9659133315085,0.22643088358677174
1074.1365666651727,0.22658199702386955
1074.3072333319983,0.22673061147620766
1074.4778999988237,0.2268764763888733
1074.6485666656495,0.22701984675097286
1074.819233332475,0.2271604915876878
1074.9898999977113,0.22729865462612334
1075.1605666645366,0.2274340865732237
1075.3312333313625,0.2275670220167666
1075.501899998188,0.22769721994681202
1075.6725566649436,0.22782492791193312
1075.8432233317694,0.22794990027422768
1076.0138899985948,0.22807238710365046
1076.1845566646257,0.2281921611880127
1076.3552233314515,0.22830947087948472
1076.525889998277,0.2284240767441017
1076.6965566651027,0.2285362209316095
1076.8672233319282,0.2286456601167621
1077.0378899979592,0.22875268685055933
1077.2085466655094,0.2288570568510122
1077.3791999983787,0.22895901409879452
1077.5498666652043,0.2290583324129442
1077.72053333203,0.2291552425204151
1077.8911999988554,0.22924953694938313
1078.0618666656812,0.2293414509095385
1078.232533331712,0.22943076486773661
1078.403199997743,0.22951771177481078
1078.5738666645686,0.2296020839634573
1078.7445333313942,0.2296841128634092
1078.9151899981498,0.22976358958825643
1079.0858566649754,0.22984073007370312
1079.256523331801,0.22991532673720327
1079.4271899986268,0.22998758983073497
1079.5978566646577,0.23005729146411422
1079.7685233314833,0.23012465393294892
1079.9391899983088,0.2301894647174326
1080.1098566651344,0.23025194460608678
1080.28052333196,0.23031187202029132
1080.4511766648295,0.23036948504262844
1080.6218333323795,0.23042456980685433
1080.7924999984107,0.2304773498043279
1080.9631666652363,0.23052761419963863
1081.1338333320618,0.23057560082876064
1081.3044999988874,0.23062109692720317
1081.475166665713,0.23066434314103212
1081.645833330949,0.2307051425006916
1081.8164999977748,0.23074372478771749
1081.9871666646002,0.23077987366017808
1082.157833331426,0.2308138069462634
1082.3284899981816,0.23084532705323485
1082.4991566650074,0.2308746445513737
1082.669823331833,0.2309015689503869
1082.8404899986585,0.23092632153924597
1083.0111566646895,0.2309487157014225
1083.181823331515,0.23096896173934153
1083.3524899983408,0.23098688101044168
1083.5231566651662,0.23100267191523563
1083.693823331992,0.23101616315075274
1083.8644666655857,0.2310275671332794
1084.0351333324113,0.23103670713841667
1084.2057999984422,0.23104378402283562
1084.376466665268,0.23104862123259406
1084.5471333320936,0.2310514118105171
1084.7177999989192,0.23105198317867476
1084.888466665745,0.23105054016701768
1085.0591333309808,0.23104691270116168
1085.2297999978066,0.23104127590977244
1085.4004566645622,0.2310334758246402
1085.571123331388,0.2310237031942975
1085.7417899982133,0.2310118130605636
1085.9124566650391,0.23099797813767733
1086.0831233318645,0.23098204687563023
1086.2537899978956,0.23096419253857722
1086.424456664721,0.23094425510542518
1086.5951233315468,0.23092241765139937
1086.7657899983724,0.23089853669613178
1086.936456665198,0.23087280109656574
1087.1071099988621,0.23084505604309216
1087.2777666656177,0.23081547343703324
1087.448433332443,0.2307839377405581
1087.6190999984742,0.23075061265046376
1087.7897666652996,0.2307153702461852
1087.9604333321254,0.23067837128063362
1088.131099998951,0.2306394955470979
1088.3017666657765,0.23059887887744895
1088.4724333310128,0.23055640612537764
1088.6430999978381,0.23051224043429394
1088.8137566645942,0.23046628278312595
1088.9844233314195,0.2304186760096299
1089.1550899982453,0.2303693290926312
1089.3257566650707,0.2303183552880695
1089.4964233318965,0.2302656885376885
1089.6670899979276,0.23021144746201805
1089.8377566647528,0.23015553209950398
1090.0084233315786,0.23009806314909592
1090.1790899984044,0.23003895209921255
1090.34974666516,0.22997830848579245
1090.520399998824,0.2299160090047971
1090.6910666656495,0.22985216661286742
1090.8617333316802,0.22978668830028628
1091.032399998506,0.22971969026361488
1091.2030666653313,0.22965106165960253
1091.3737333321574,0.2295809264034231
1091.5443999989827,0.22950920965242647
1091.7150666658085,0.2294360147358389
1091.8857333310448,0.2293612595167728
1092.0563899978001,0.22928507066631001
1092.2270566646257,0.22920736350848747
1092.3977233314513,0.229128250735078
1092.568389998277,0.2290476557945034
1092.7390566651027,0.22896567756547184
1092.9097233319285,0.22888225445756707
1093.080389997959,0.22879749442603495
1093.2510566647848,0.2287113480646324
1093.4217233316103,0.228623901177535
1093.5923799983661,0.22853510944619998
1093.7630333320299,0.22844504845394722
1093.9336999988557,0.22835367084619426
1094.104366665681,0.22826105462331725
1094.2750333317122,0.22816715654631728
1094.4456999985377,0.2280720569808352
1094.6163666653633,0.22797572529529644
1094.7870333321891,0.2278782214454356
1094.9576999990145,0.22777952726953207
1095.1283666650456,0.22767968533499044
1095.2990233310065,0.22757866396609983
1095.4696899978321,0.22747651183391815
1095.6403566646577,0.22737320182357387
1095.8110233314833,0.22726877327702635
1095.9816899983089,0.22716319232320148
1096.1523566651344,0.2270565007099679
1096.32302333196,0.22694865637774886
1096.493689997991,0.22683971113034232
1096.6643566648165,0.22672962768384514
1096.8350099984805,0.22661845332366584
1097.005666665236,0.2265061460591686
1097.1763333320619,0.22639275049803004
1097.3469999988874,0.22627821122967345
1097.517666665713,0.226162590980953
1097.688333331744,0.22604585363651675
1097.8589999985695,0.2259280472795358
1098.0296666653953,0.22580912267053999
1098.200333332221,0.22568913920553108
1098.3709999990465,0.22556804185720888
1098.5416666642825,0.22544588754866557
1098.712323331038,0.22532263009046674
1098.8829899978637,0.22519832808364218
1099.0536566646892,0.22507293961662328
1099.2243233315153,0.22494650466097352
1099.3949899983404,0.22481897403715556
1099.5656566651664,0.2246904064225654
1099.7363233319916,0.22456075620052127
1099.9069899980227,0.22443009028399333
1100.0776566648485,0.22429835796848185
1100.2482999984425,0.22416562194155978
1100.418966665268,0.22403183768408214
1100.5896333320936,0.22389706529949796
1100.760299998919,0.2237612536583259
1100.9309666657448,0.22362446836723734
1101.1016333317755,0.22348666183574906
1101.2722999986013,0.2233478974666855
1101.4429666654269,0.2232081374443316
1101.6136333322524,0.22306743165778428
1101.784289999008,0.2229257314812951
1101.9549566642443,0.22278309102664542
1102.12562333107,0.2226394571851189
1102.2962899978957,0.2224948788933541
1102.4669566647212,0.22234930815461898
1102.637623331547,0.22220279394195178
1102.8082899983724,0.22205528481777342
1102.978956665198,0.22190682518565039
1103.1496233312287,0.2217573447822232
1103.3202899980545,0.2216069129824787
1103.49095666488,0.22145547108554847
1103.6616233317059,0.22130309250420543
1103.8322899985312,0.22114972662543395
1104.0029433321954,0.220995435619087
1104.173599998951,0.22084015979802304
1104.3442666657766,0.2206839585508176
1104.5149333318075,0.22052676228142423
1104.685599998633,0.22036863091553524
1104.8562666654586,0.22020951260104354
1105.0269333322844,0.22004947393875557
1105.19759999911,0.21988846234190684
1105.368266664346,0.21972653212854676
1105.5389333311716,0.2195636257293816
1105.7095899979272,0.21939980328454747
1105.880256664753,0.21923501751045713
1106.0509233315784,0.21906932510237054
1106.2215899984044,0.21890267366900737
1106.3922566652298,0.21873511651040517
1106.5629233312607,0.21856659547223897
1106.7335899980862,0.2183971694972802
1106.9042566649118,0.2182267737883656
1107.0749233317374,0.21805548133273986
1107.2455799984932,0.21788324532268546
1107.4162333321572,0.21771011999298026
1107.5868999989827,0.21753605740580284
1107.7575666650137,0.21736110834262543
1107.9282333318392,0.21718522652232536
1108.098899998665,0.21700846894052492
1108.2695666654904,0.21683078555612534
1108.4402333323162,0.21665223781340873
1108.6108999991416,0.21647276876932997
1108.7815666643778,0.2162924371282288
1108.9522233311334,0.21611118972043145
1109.1228899979592,0.21592908703235128
1109.2935566647848,0.21574607158332093
1109.4642233316104,0.2155622091630474
1109.6348899984362,0.21537744905965997
1109.8055566652615,0.2151918485819948
1109.9762233312927,0.21500534991311882
1110.146889998118,0.2148180200477052
1110.3175566649436,0.2146297996137488
1110.4882233317692,0.21444075038582824
1110.6588666653631,0.21425081033877927
1110.829533332189,0.21406004302561032
1111.0001999990147,0.21386839786068815
1111.1708666650452,0.21367594217169536
1111.3415333318712,0.2134826260770569
1111.5121999986966,0.2132885041903896
1111.6828666655224,0.21309350959752973
1111.8535333323478,0.2128976975294207
1112.0241999983787,0.2127010179119572
1112.1948666644096,0.2125035280375428
1112.3655333312352,0.21230517915071312
1112.536199998061,0.21210604999746902
1112.7068666648863,0.21190608035730354
1112.8775233316421,0.21170532589491067
1113.048189998468,0.2115037428216783
1113.2188566652935,0.2113013772458322
1113.3895233313242,0.21109817481866108
1113.5601899981498,0.21089419296524692
1113.7308566649754,0.2106893804136461
1113.9015233318012,0.21048379519691218
1114.0721899986268,0.21027737830998067
1114.2428566646577,0.21007018295568985
1114.4134999990463,0.20986215367367161
1114.5841666650772,0.2096533508974872
1114.7548333319028,0.2094437294205672
1114.9254999987284,0.2092333437400547
1115.0961666655542,0.20902214150671286
1115.26683333238,0.20881018790351513
1115.4374999976158,0.20859742620607943
1115.6081666644416,0.208383908115251
1115.778833331267,0.20816957501791886
1115.9494999980925,0.20795448508226255
1116.1201566648483,0.20773857449160138
1116.290823331674,0.2075219070610251
1116.4614899984995,0.20730441961436255
1116.632156665325,0.20708616868518115
1116.802823331356,0.2068670978532771
1116.9734899981818,0.20664727591891974
1117.1441566650071,0.20642665616034853
1117.314823331833,0.20620529812826657
1117.4854899986583,0.20598314844405555
1117.6561433315278,0.2057602639689576
1117.826799999078,0.20553658388160437
1117.997466665109,0.20531216454783646
1118.1681333319345,0.20508696299766818
1118.3387999987604,0.20486103505097464
1118.509466665586,0.2046343285277655
1118.6801333324115,0.2044069111675235
1118.8507999976475,0.20417872187688768
1119.021466664473,0.20394980977030294
1119.192133331299,0.20372012859460056
1119.3627999981243,0.20348974281389545
1119.53346666495,0.20325860634188692
1119.704133330981,0.203026781312046
1119.8747899985315,0.20279422420653065
1120.0454566645626,0.20256098094617564
1120.2161233313877,0.20232701325675898
1120.3867899982135,0.20209237803491692
1120.557456665039,0.20185704841983626
1120.728123331865,0.20162106332262653
1120.89878999869,0.20138438477638074
1121.0694566647212,0.2011470681976604
1121.2401233315468,0.20090906599742964
1121.4107899983724,0.2006704245523523
1121.5814333319663,0.20043109730443803
1121.752099998792,0.2001911347980855
1121.9227666656175,0.1999504819699912
1122.0934333324433,0.1997091860450112
1122.2640999976793,0.1994672145029921
1122.4347666645049,0.199224602791164
1122.6054333313307,0.1989813032805644
1122.776099998156,0.19873737367352315
1122.946766664982,0.19849277992138525
1123.1174233317374,0.1982475765964067
1123.288089998563,0.19800173129950824
1123.4587566645941,0.19775528162284844
1123.6294233314195,0.19750818155556057
1123.8000899982453,0.1972604726450739
1123.970756665071,0.1970121192572632
1124.1414233318965,0.1967631681488077
1124.3120899979274,0.19651358120392926
1124.482756664753,0.19626340493742125
1124.6534233315786,0.19601259564789716
1124.8240666651727,0.19576120163485755
1124.9947333319983,0.19550918034859607
1125.1653999988237,0.19525657190648826
1125.3360666656495,0.19500334857019788
1125.506733332475,0.19474954918949822
1125.6773999977113,0.19449513644499272
1125.8480666645366,0.19424015395332012
1126.0187333313625,0.1939845626011743
1126.189399998188,0.19372839957237817
1126.3600666650136,0.19347164349272325
1126.5307333310445,0.19321431692791782
1126.7013999978699,0.19295637783158515
1126.8720666646957,0.19269787960555143
1127.0427233314515,0.19243878952467364
1127.213389998277,0.19217915222909956
1127.3840566651027,0.19191893004663282
1127.5547233319282,0.19165816548805095
1127.7253899979592,0.191396827426072
1127.8960566647847,0.1911349561479705
1128.0667233316103,0.19087251141137987
1128.237389998436,0.19060953527110358
1128.4080566652615,0.19034600958950715
1128.5787133320173,0.19008195844484282
1128.7493666656812,0.18981736109688177
1128.920033331712,0.18955225062339956
1129.090699997743,0.18928660325955007
1129.2613666645686,0.18902044254938433
1129.4320333313942,0.18875373857209776
1129.6026999982198,0.1884865228327622
1129.7733666650454,0.18821877102590742
1129.9440333310763,0.18795052866615838
1130.1146999979019,0.18768172991019355
1130.2853666647275,0.18741241709776918
1130.4560333315533,0.18714255356227416
1130.6266999983789,0.1868721802568049
1130.7973566651344,0.186601235980717
1130.96802333196,0.18632976440734417
1131.1386899979912,0.18605772551315677
1131.3093566648163,0.18578516477120943
1131.4800233316423,0.18551203104944056
1131.650689998468,0.18523837577279897
1131.8213566652935,0.18496414232967728
1131.992023332119,0.18468938008036354
1132.1626899989446,0.1844140476072907
1132.333343331019,0.18413819846740162
1132.5039999977748,0.18386176508325652
1132.6746666646002,0.1835848129742288
1132.845333331426,0.18330731025929273
1133.0159999982516,0.18302930698691652
1133.1866666650772,0.18275074945471093
1133.3573333311083,0.18247167731516903
1133.5279999979339,0.18219204300077438
1133.6986666647595,0.18191189865729435
1133.869333331585,0.18163119650821877
1134.0399999984106,0.1813499834425379
1134.2106566651662,0.18106820237986798
1134.381323331992,0.18078591454828058
1134.5519899980227,0.18050306868021737
1134.7226566648483,0.18021972031890698
1134.8933233316739,0.1799358217372728
1135.0639899984997,0.17965141674411772
1135.234656665325,0.17936645786045047
1135.4053233321508,0.1790809948363471
1135.5759899989764,0.1787949795142318
1135.7466566650073,0.17850847136642575
1135.9173233318331,0.1782214185155821
1136.0879899986585,0.17793387429313295
1136.258633331458,0.177645802675753
1136.4292999982833,0.17735724854009743
1136.5999666643143,0.17706817347776013
1136.7706333311398,0.17677862453095727
1136.9412999979654,0.17648855997110358
1137.111966664791,0.17619801662120965
1137.2826333316166,0.17590696244854503
1137.4532999984424,0.17561543476683017
1137.623966665268,0.1753234028284806
1137.794623332024,0.1750309083943912
1137.9652899980545,0.1747379059642682
1138.1359566648803,0.1744444574704522
1138.3066233317056,0.17415051889376365
1138.4772899985314,0.1738561230215093
1138.647956665357,0.17356122976015972
1138.8186233321826,0.1732658841887861
1138.9892899990082,0.17297004236888835
1139.159956665039,0.17267375141729074
1139.3306233318647,0.17237696815206413
1139.5012899986903,0.17207973852986408
1139.6719566655158,0.17178202116167907
1139.8426233323414,0.17148386108514538
1140.0132899975774,0.17118521679952725
1140.1839333311716,0.17088614080502196
1140.3545999979974,0.17058659022519307
1140.5252666648228,0.17028660635002846
1140.6959333316486,0.1699861557007623
1140.8665999984742,0.16968528390795865
1141.0372666652997,0.16938396231389255
1141.2079333313307,0.16908223372699885
1141.3785999981562,0.16878007425603217
1141.549266664982,0.16847751069097303
1141.7199233317376,0.16817454301990292
1141.8905899985632,0.1678711969723125
1142.0612566653888,0.16756745537902748
1142.2319233322144,0.16726334668475312
1142.40258999904,0.16695886571198343
1142.5732566650709,0.16665403835885334
1142.7439233318964,0.16634884982460635
1142.914589998722,0.16604332973797373
1143.0852566655476,0.16573743176259928
1143.2559233323732,0.16543118329752685
1143.4265899976094,0.16512455840125717
1143.5972566644352,0.16481758380765466
1143.7679233312606,0.16451023768885112
1143.9385666648548,0.1642025365594023
1144.1092333316801,0.16389446321765022
1144.279899998506,0.16358604790577358
1144.4505666653313,0.16327727054599056
1144.6212333313624,0.1629681605709309
1144.791899998188,0.1626587018230427
1144.9625666650138,0.16234891388142542
1145.1332333318394,0.16203877081576912
1145.303899998665,0.16172829740785521
1145.4745666654903,0.16141748401424566
1145.6452233322461,0.1611063641184755
1145.8158899982768,0.16079491898362983
1145.9865566651026,0.16048318100270303
1146.1572233319282,0.1601711447368308
1146.327889998754,0.15985883146470384
1146.4985566655796,0.15954624260369238
1146.6692233324052,0.159233403089191
1146.8398899976414,0.15892030365321153
1147.0105566644668,0.15860696718094158
1147.1812233312926,0.15829337718065714
1147.351889998118,0.15797955654584642
1147.5225566649437,0.15766551446337992
1147.6932133316993,0.15735124843438855
1147.8638666653633,0.15703675060694242
1148.0345333313944,0.15672203409418797
1148.2051999982198,0.1564071236702434
1148.3758666650454,0.1560920255009474
1148.546533331871,0.1557767377117351
1148.7171999986967,0.1554612513561064
1148.8878666655223,0.15514557214642552
1149.0585333323477,0.15482970382531255
1149.2291999983786,0.1545136436293985
1149.3998666652044,0.15419740629331552
1149.5705333320298,0.15388098398534159
1149.7411999988558,0.15356439885058265
1149.9118566656111,0.15324763549575413
1150.0825233316423,0.15293070543190063
1150.253189997673,0.1526136175746437
1150.4238566644985,0.15229636135884866
1150.5945233313241,0.15197895471999545
1150.76518999815,0.15166138693706432
1150.9358566649757,0.1513436668019894
1151.1065233318013,0.15102578821329196
1151.2771899986267,0.1507077490411422
1151.4478433314957,0.15038954125527604
1151.6184999982515,0.1500711632931831
1151.7891666650771,0.14975259966699092
1151.9598333319027,0.14943385426005842
1152.1304999987283,0.14911491407798044
1152.301166665554,0.14879579051716832
1152.4718333323797,0.1484764615952334
1152.6424999984106,0.14815691886379656
1152.8131666652362,0.14783715740092776
1152.9838333320617,0.14751714392774126
1153.1544999988873,0.14719688097454978
1153.325166665713,0.14687635588959014
1153.4958333309492,0.14655556777106352
1153.6664999977747,0.14623449736535696
1153.8371566645305,0.14591315530925544
1154.0078233313561,0.14559152559113173
1154.1784899981817,0.14526960419174617
1154.349156665007,0.14494735953914784
1154.5198233318329,0.14462481486124182
1154.6904899986584,0.14430194869700935
1154.8611566646894,0.14397879289679813
1155.0318233315152,0.14365532430304828
1155.2024899983405,0.14333156781091855
1155.3731333319345,0.14300750893650635
1155.5437999987603,0.14268316839486953
1155.7144666655859,0.14235853207954868
1155.8851333324114,0.1420336137409816
1156.0557999984424,0.14170840179827943
1156.2264666652682,0.14138290824825261
1156.3971333320935,0.14105712220906125
1156.567799998919,0.1407310568379878
1156.738466665745,0.14040471081126774
1156.9091333309811,0.14007809400596427
1157.0797999978065,0.13975119570977032
1157.250466664632,0.1394240275575375
1157.4211333314577,0.13909659059210303
1157.5917899982135,0.13876889470582504
1157.7624566650388,0.13844092907796204
1157.9331233318646,0.13811269745331964
1158.1037899978955,0.13778419362218072
1158.2744566647211,0.13745542339235176
1158.4451233315472,0.1371263778231168
1158.6157899983723,0.13679706618355916
1158.786456665198,0.1364674802017893
1158.9571233320235,0.13613763061810635
1159.1277899980546,0.13580750960779603
1159.2984566648802,0.13547712317289998
1159.4691233317058,0.13514646392424587
1159.6397899985313,0.13481553565007676
1159.8104333321253,0.13448431855343357
1159.9810999989509,0.13415282295032385
1160.1517666657764,0.13382102804196727
1160.3224333310127,0.1334889461648622
1160.4930999978383,0.13315656417753424
1160.6637666646639,0.13282389307094583
1160.8344333314894,0.13249090404719585
1161.0050999983152,0.1321576113955563
1161.175766664346,0.13182399626645352
1161.3464233318966,0.1314900758999097
1161.5170899979275,0.13115582141520132
1161.6877566647531,0.13082125917799997
1161.8584233315787,0.13048637113158515
1162.029089998404,0.13015118172159493
1162.1997566652299,0.12981567295145477
1162.3704233312608,0.12947986720221172
1162.5410899980864,0.12914374495755418
1162.711756664912,0.12880732181281365
1162.8824233317375,0.12847057552487168
1163.053089998563,0.12813352906547917
1163.2237566653887,0.1277961563446451
1163.3944233322143,0.12745847956971054
1163.5650666658082,0.12712048461694683
1163.7357333310445,0.12678218889221018
1163.9063999978703,0.12644356824792952
1164.0770666646958,0.12610464806277025
1164.2477333315212,0.12576540785873225
1164.418399998347,0.12542586155177352
1164.589066664378,0.12508598924825323
1164.7597333312033,0.12474581717447207
1164.930399998029,0.1244053262383838
1165.1010666648544,0.124064536628288
1165.2717333316803,0.12372342918385984
1165.442399998506,0.12338203408768005
1165.6130666653316,0.12304031525988258
1165.7837233312925,0.1226983071228434
1165.9543899981181,0.12235598220538123
1166.1250566649437,0.12201337163234961
1166.2957233317693,0.12167045269139677
1166.4663899985949,0.12132725295130972
1166.6370566654205,0.12098375337939181
1166.807723332246,0.1206399856811275
1166.9783899982772,0.12029593343774236
1167.1490566651028,0.11995162495784041
1167.3197233319283,0.11960704865201592
1167.490389998754,0.11926223479863576
1167.6610566655795,0.11891717740810234
1167.831723332405,0.11857189889305358
1168.0023666644097,0.11822639406169688
1168.1730333312353,0.11788068159251834
1168.3436999980609,0.11753475698272607
1168.5143666648864,0.11718863124623442
1168.685033331712,0.11684230213416497
1168.8556999985378,0.11649578622343873
1169.0263666653634,0.11614907804906882
1169.197033331394,0.11580219402575913
1169.36769999822,0.11545513165220597
1169.5383666650455,0.11510790743712745
1169.7090233318008,0.11476051484213634
1169.8796899986269,0.11441296935530135
1170.0503566654525,0.11406527206325068
1170.221023332278,0.11371743460021028
1170.391689998309,0.11336946718927021
1170.5623566651343,0.11302137332529198
1170.73302333196,0.11267316426941189
1170.9036899987855,0.11232484455760447
1171.0743566656113,0.11197642269679671
1171.2450233316422,0.11162789709477348
1171.415689997673,0.11127927623265618
1171.586356664499,0.1109305627762112
1171.7569999980929,0.11058176420034738
1171.9276666649184,0.11023288037634141
1172.098333331744,0.10988392206828006
1172.2689999985696,0.10953488587447306
1172.4396666653952,0.1091857844775092
1172.6103333314259,0.10883661990039994
1172.7809999982514,0.10848740579120741
1172.9516666650773,0.10813813556940634
1173.1223333319028,0.1077888317442801
1173.2929999987284,0.10743948797899941
1173.463666665554,0.10709012444020258
1173.6343333323796,0.10674073021897952
1173.8049999984105,0.10639133398512118
1173.975656665166,0.10604191886127647
1174.1463233319919,0.10569251370268896
1174.3169899988177,0.10534310157310113
1174.487656665643,0.10499370360747023
1174.6583233308793,0.1046443015163125
1174.8289899977049,0.10429492747970592
1174.9996566645302,0.10394556225464079
1175.170323331356,0.10359623038067088
1175.3409899981816,0.10324691660608559
1175.5116566650072,0.10289764270716907
1175.6823233318328,0.10254839058482516
1175.8529899986584,0.1021991943971273
1176.0236566646895,0.10185003255861487
1176.1942999982834,0.10150093657373005
1176.364966665109,0.10115187875453044
1176.5356333319346,0.10080289717593159
1176.7062999987602,0.10045396068160167
1176.8769666655858,0.10010509701802014
1177.0476333324116,0.09975627585013801
1177.2182999984423,0.0994075291833013
1177.388966665268,0.09905882989499883
1177.5596333320937,0.09871019622934596
1177.7302999989192,0.09836160343337294
1177.9009666657446,0.09801308629322399
1178.0716333309808,0.09766462672911481
1178.2422899977366,0.09731624947859346
1178.412956664562,0.0969679330470835
1178.5836233313878,0.09661970193336115
1178.7542899982134,0.09627152898455406
1178.9249566650392,0.09592344108951024
1179.0956233318648,0.09557541888791433
1179.2662899978955,0.09522748685203836
1179.4369566647213,0.09487962281773074
1179.6076233315466,0.09453184747378907
1179.7782899983727,0.09418413503661148
1179.9489566651978,0.09383651360984636
1180.1196233320236,0.09348895977452755
1180.2902899980545,0.09314149966461518
1180.4609433317185,0.09279412264130521
1180.631599998474,0.09244685466628647
1180.8022666652996,0.09209966852345725
1180.9729333321252,0.09175259265053798
1181.2937799986205,0.09140560692117777
1181.6897333312036,0.09105873949862266
1181.860399998029,0.09071196183125924
1182.0310666648547,0.09036530541838958
1182.2017333316803,0.09001874859065279
1182.372399997711,0.08967231932890043
1182.5430666645368,0.08932599557190592
1182.7137233312924,0.08897980243241137
1182.884389998118,0.08863372081346092
1183.0550566649438,0.08828778154988787
1183.2257233317694,0.08794195744057748
1183.396389998595,0.08759627278359096
1183.5670566646259,0.08725070844993324
1183.7377233314514,0.08690529424727708
1183.908389998277,0.08656000794561378
1184.0790566651026,0.08621488107019787
1184.2497233319282,0.08586988688058196
1184.4203899987538,0.08552504450927377
1184.5910566655796,0.08518033146080348
1184.7617233316105,0.08483577891162396
1184.9323666644098,0.08449135810671635
1185.1030333312353,0.0841471111343356
1185.273699998061,0.08380300856733817
1185.4443666648865,0.08345908290124576
1185.615033331712,0.08311530370499409
1185.785699997743,0.08277169927107333
1185.9563666645686,0.08242824504737849
1186.1270333313942,0.08208496684988643
1186.2976999982197,0.08174184780436372
1186.4683666650456,0.08139892199620183
1186.6390333318711,0.081056159177041
1186.8096999986967,0.08071358429377233
1186.9803666647276,0.08037117325491222
1187.1510233314834,0.08002895479350741
1187.3216899983086,0.07968689543983884
1187.4923566651346,0.07934502226867356
1187.6630233319602,0.07900331440160058
1187.8336899987858,0.07866179434013278
1188.0043566656113,0.07832043879058637
1188.175023331642,0.07797927710858336
1188.3456899984678,0.07763828339621964
1188.5163566652932,0.07729748791463466
1188.687023332119,0.07695687086551858
1188.8576899989446,0.07661645926197137
1189.0283566649755,0.07627622670203625
1189.1989999977748,0.07593620112983576
1189.3696666646006,0.0755963579400124
1189.5403333314262,0.07525673676164175
1189.7109999982517,0.07491730484356922
1189.8816666650773,0.0745780952178926
1190.052333331903,0.0742390853771142
1190.2229999987285,0.07390030046322822
1190.3936666647592,0.07356171227457751
1190.564333331585,0.07322332032881636
1190.7349999984106,0.07288512243255472
1190.9056666652361,0.07254715026424434
1191.0763333320617,0.07220937795341588
1191.2469999988873,0.07187183220633085
1191.4176666657129,0.07153449697193551
1191.5883233316738,0.07119739907389762
1191.7589899984996,0.07086050886633476
1191.9296566653254,0.0705238533160516
1192.1003233321508,0.07018741158241242
1192.2709899989763,0.06985120227002324
1192.4416566642126,0.06951520516946146
1192.612323331038,0.06917944708817853
1192.7829899978638,0.06884390472715471
1192.9536566646893,0.0685086154640923
1193.124323331515,0.06817355946323751
1193.2949899983405,0.0678387602207649
1193.465656665166,0.06750419830479078
1193.6362999987603,0.06716989960990344
1193.8069666647912,0.06683584433614824
1193.9776333316167,0.06650204250509985
1194.1482999984423,0.06616847585698626
1194.318966665268,0.06583516796676242
1194.4896333320935,0.0655020934706305
1194.6602999989193,0.06516927065286658
1194.8309666657449,0.06483668815290268
1195.0016333317758,0.06450437165665988
1195.1722999986014,0.06417230397510586
1195.342966665427,0.0638404969436831
1195.5136333322523,0.06350894091078359
1195.6842899990081,0.0631776536474996
1195.8549566642444,0.06284661118747341
1196.0256233310697,0.06251583240786794
1196.1962899978955,0.06218529227569609
1196.366956664721,0.06185496684631586
1196.537623331547,0.06152484751567936
1196.7082899983725,0.06119496477753164
1196.878956665198,0.06086531810216074
1197.049623331229,0.06053591875216137
1197.2202899980543,0.06020675587105571
1197.3909566648804,0.05987784448617197
1197.5616233317055,0.05954917270553452
1197.7322899985313,0.059220761247218805
1197.902956665357,0.05889259984456832
1198.073599998951,0.0585647096927787
1198.2442666657766,0.058237082563870474
1198.4149333318073,0.05790973354592504
1198.585599998633,0.05758264698186485
1198.7562666654587,0.057255843171121486
1198.9269333322843,0.05692931559868263
1199.09759999911,0.05660307376299118
1199.2682666643461,0.056277094610311884
1199.4389333311715,0.055951379153861155
1199.6095999979975,0.05562592193255481
1199.7802666648229,0.05530071196257336
1199.9509333316485,0.054975748330552625
1200.121589998404,0.05465104277490979
1200.2922566652298,0.054326594452183324
1200.4629233312608,0.05400242111132208
1200.6335899980863,0.05367852648051917
1200.804256664912,0.05335492943653001
1200.9749233317375,0.05303161402525167
1201.145589998563,0.05270859823628485
1201.316256664594,0.052385876042373526
1201.4869233314196,0.0520634629390574
1201.6575899982452,0.05174134874714637
1201.828256665071,0.05141954825430187
1201.9989233318963,0.05109805324089258
1202.1695899987221,0.05077687363091707
1202.340233332316,0.05045600795202343
1202.5108999991419,0.050135459086032265
1202.681566664378,0.04981522337674945
1202.8522333312035,0.049495314518514695
1203.022899998029,0.04917570272827361
1203.1935666648546,0.04885640504532854
1203.3642333316802,0.04853742264040766
1203.5348999977111,0.04821879162533594
1203.705566664537,0.04790049466504159
1203.8762333313625,0.047582550421757304
1204.046899998188,0.04726493275182183
1204.2175666650137,0.046947667230908895
1204.3882333318393,0.04663073721685059
1204.5588999986649,0.04631415529496223
1204.7295666646958,0.04599790853956034
1204.9002333315213,0.04568201198504452
1205.070889998277,0.04536645759747333
1205.2415566651027,0.04505125452833162
1205.4122233319283,0.04473639890607065
1205.582889998754,0.04442189859014543
1205.7535566655795,0.04410775427007447
1205.9242233316104,0.04379397060139426
1206.094889998436,0.04348052842230043
1206.2655566652616,0.04316742092062763
1206.4362233320874,0.04285466134795316
1206.6068899989127,0.04254224935167454
1206.7775566657385,0.042230200763163854
1206.9482233309748,0.041918504391712276
1207.1188899978001,0.041607160689015994
1207.2895333313943,0.0412961735934389
1207.4601999982199,0.04098554880874319
1207.6308666650452,0.040675284662151354
1207.801533331871,0.04036538485008542
1207.9721999986966,0.040055885823119794
1208.1428666647275,0.03974676883876876
1208.3135333315533,0.03943803426677526
1208.4841999983787,0.03912968866388299
1208.6548666652045,0.038821735518883294
1208.8255333320299,0.038514184436493744
1208.9961999988557,0.038207064630613484
1209.166866665681,0.03790035638828155
1209.3375333317122,0.03759406559304976
1209.5081899984677,0.0372881776754092
1209.6788566652936,0.03698270008042849
1209.8495233321191,0.036677631389988447
1210.0201899989447,0.03637297587995899
1210.1908566649756,0.03606873248839406
1210.3615233310065,0.035764924817082176
1210.5321899978321,0.03546154640123763
1210.7028566646577,0.035158621864589554
1210.8735233314833,0.034856127700754136
1211.0441899983089,0.034554087988405875
1211.2148566651344,0.0342524808545201
1211.38552333196,0.033951333950286815
1211.556189997991,0.03365064987710097
1211.7268566648165,0.0333504265376891
1211.897523331642,0.03305064752571868
1212.068176665306,0.032751325141828595
1212.2388333320619,0.032452452910096824
1212.4094999988874,0.03215402617310696
1212.580166665713,0.03185604070501745
1212.750833331744,0.031558508620377713
1212.9214999985695,0.031261423856499014
1213.0921666653953,0.030964794497071794
1213.262833332221,0.03066860796646339
1213.4334999990465,0.03037286710201418
1213.6041666642825,0.030077565685355055
1213.7748333311079,0.029782728428708095
1213.9454999979337,0.029488352872898367
1214.1161666647592,0.02919445039785225
1214.286833331585,0.02890100953484638
1214.4574899983404,0.028608037794460736
1214.6281566651664,0.028315534229247423
1214.7988233319916,0.02802350085457128
1214.9694899980227,0.02773193199090852
1215.1401566648485,0.027440836718316326
1215.3108233316739,0.02715019890583516
1215.4814899985,0.026860044482347988
1215.6521566653253,0.026570361339457692
1215.822823331356,0.026281147386671037
1215.9934899981815,0.025992405698768525
1216.1641566650073,0.025704141221153717
1216.3348233318327,0.025416349452689693
1216.5054766654969,0.025129022517498455
1216.6761333322524,0.024842178631589534
1216.846799999078,0.024555826678057415
1217.0174666643143,0.024269959219975042
1217.1881333311399,0.023984555017570335
1217.3587999979657,0.023699613411066953
1217.529466664791,0.023415152082172
1217.700133331617,0.02313117762814461
1217.8707999976475,0.022847704141572982
1218.0414666644733,0.022564726601269486
1218.2121333312987,0.022282240193144186
1218.3827999981245,0.022000246722539866
1218.55346666495,0.02171873500560611
1218.7241333317756,0.02143770530173563
1218.8947999986012,0.021157171129674652
1219.0654666654268,0.020877127473036158
1219.2361233313877,0.020597576901888095
1219.4067899982133,0.0203185261994887
1219.5774566650389,0.020040006757855704
1219.7481233318645,0.019762000810088415
1219.9187899986905,0.01948450419528032
1220.0894566655159,0.01920751273133467
1220.2601233323417,0.018931021262485474
1220.4307899983723,0.018655033438927656
1220.6014566651982,0.01837954286015209
1220.7721233320235,0.018104548935845136
1220.942789998849,0.017830060661060406
1221.113456665675,0.017556066120977563
1221.2841233309111,0.017282583870551687
1221.454776664575,0.01700961981590583
1221.6254333313307,0.01673718907827952
1221.7960999981563,0.016465298239609735
1221.9667666649818,0.016193961016663264
1222.1374333318074,0.015923173964335926
1222.308099998633,0.015652934857242666
1222.478766664664,0.015383235962783388
1222.6494333314895,0.015114076611899303
1222.8200999983153,0.014845466354831026
1222.9907666651409,0.014577392704180183
1223.1614333319662,0.014309857788550595
1223.332099998792,0.014042864770946302
1223.5027666656176,0.013776417405108916
1223.6734333324434,0.013510520112329338
1223.8440999984741,0.01324520652225651
1224.0147666652997,0.012980473037857355
1224.1854233320555,0.012716301535865645
1224.356089998881,0.012452654505001057
1224.5267566657067,0.012189522217684915
1224.6974233309427,0.011926940291135424
1224.8680899977685,0.01166490155826743
1225.0387566645938,0.011403419691317578
1225.2094233314197,0.011142494974612897
1225.3800899982452,0.01088211175141636
1225.5507566650708,0.010622262848133097
1225.7214233318966,0.01036293273682516
1225.8920899979275,0.01010414172074955
1226.0627566647531,0.009845874885101873
1226.2334233315787,0.009588155599798268
1226.4040666651726,0.00933096945481127
1226.5747333319982,0.009074326455684626
1226.7453999988238,0.008818211441258576
1226.9160666656494,0.008562651019556588
1227.0867333316805,0.008307630411758303
1227.257399998506,0.008053177180610617
1227.4280666653317,0.007799288017256731
1227.5987333321573,0.00754596959268314
1227.7693999989829,0.007293222887560114
1227.9400666658082,0.007041028925338775
1228.1107333310445,0.0067894289291007435
1228.2813999978703,0.006538424780303938
1228.4520666646958,0.006288028755583558
1228.6227333315212,0.006038253677560065
1228.793399998347,0.005789115366411765
1228.964066664378,0.005540597381893315
1229.1347233319282,0.005292712808264749
1229.305389997959,0.00504545290014896
1229.4760566647847,0.004798836021656871
1229.6467233316102,0.004552865663411595
1229.817389998436,0.004307602441826422
1229.9880566652616,0.0040630618415498235
1230.1587233312925,0.003819288042917699
1230.3293899981181,0.003576272603416569
1230.5000566649437,0.0033340879168665357
1230.6707233317693,0.0030926875637532483
1230.8413899985949,0.0028521432077823327
1231.0120566654205,0.0026124097040237065
1231.182723332246,0.002373593549783063
1231.3533899982772,0.0021356280229149795
1231.5240566651028,0.0018986030344365387
1231.6947233319283,0.0016624495349859174
1231.8653666647276,0.0014272688616425626
1232.0360333315532,0.0011929773385462924
1232.2066999983788,0.0009596702033988562
1232.3773666644097,0.0007272576720907773
1232.5480333312353,0.0004958321847127862
1232.7186999980609,0.00026532385088395713
1232.8893666648864,3.5822200879347766e-05
1233.060033331712,-0.00019274574763411458
1233.2306999985378,-0.0004203056785852465
1233.4013666653634,-0.0006469198364757815
1233.572033331394,-0.0008724798903810267
1233.74269999822,-0.0010970503714109441
1233.9133666650455,-0.001320493436730289
1234.0840233318008,-0.0015428970890208607
1234.2546899986269,-0.0017641515146088593
1234.4253566654525,-0.0019843304055138376
1234.596023332278,-0.0022033070353170824
1234.766689998309,-0.002421201545973335
1234.9373566651343,-0.0026378885694845703
1235.10802333196,-0.0028534808992122535
1235.2786899987855,-0.003067850117187466
1235.4493566656113,-0.0032811170533471406
1235.6200233316422,-0.0034931594796257146
1235.790689997673,-0.0037041095260216643
1235.961356664499,-0.003913828505059497
1236.1320233313245,-0.0041224204274981765
1236.3026899981498,-0.004329751193154955
1236.4733566649757,-0.004535949441090545
1236.6440099986394,-0.004740900760366254
1236.8146666653952,-0.004944717855368564
1236.9853333314259,-0.005147277524583136
1237.1559999982514,-0.005348672995081551
1237.3266666650773,-0.005548746671900264
1237.4973333319028,-0.005747631590960011
1237.6679999987284,-0.005945178926814538
1237.838666665554,-0.0061415013584117965
1238.0093333323796,-0.006336453305345517
1238.1799999984105,-0.006530146618904273
1238.350666665236,-0.006722420542085916
1238.5213333320619,-0.006913434829933263
1238.6919999988877,-0.0071030470512251235
1238.862666665713,-0.0072913622607364845
1239.0333333309493,-0.007478219988118312
1239.2039999977746,-0.007663734241977034
1239.3746666646002,-0.007847718870208376
1239.545323331356,-0.008030298016777583
1239.7159899981816,-0.008211299980447494
1239.8866566650072,-0.00839088093000978
1240.0573233318328,-0.00856881330822756
1240.2279899986584,-0.008745278773462423
1240.3986566646895,-0.008920109921075786
1240.5693233315149,-0.009093477999699565
1240.7399899983407,-0.009265204075220596
1240.910656665166,-0.009435458463689067
1241.0813233319918,-0.00960404654560016
1241.2519899980227,-0.009771155058359108
1241.4226566648483,-0.00993661392339342
1241.5933233316741,-0.010100595898374145
1241.7639899984995,-0.010262929349196481
1241.934656665325,-0.010423789647025502
1242.1053233321506,-0.010583004468820491
1242.2759666657446,-0.010740750875834636
1242.4466333309808,-0.010896866681531722
1242.6172999978066,-0.011051522154039435
1242.787966664632,-0.011204561661844204
1242.9586333314578,-0.011356150567018915
1243.1292999982834,-0.011506169226471486
1243.2999666643143,-0.01165476647642838
1243.47063333114,-0.011801786021696624
1243.6412999979655,-0.011947369886305877
1243.8119666647913,-0.01209136185393045
1243.9826333316166,-0.01223390779643249
1244.1532999984424,-0.012374850332589735
1244.3239566651978,-0.01251436964672514
1244.4946233320236,-0.012652334139850424
1244.6652899980545,-0.012788909347092257
1244.83595666488,-0.012923938191521529
1245.0066233317057,-0.01305757849920248
1245.1772899985313,-0.013189675815758145
1245.3479566653568,-0.013320413241941486
1245.5186233321824,-0.0134496443409684
1245.689289999008,-0.013577516221399744
1245.859956665039,-0.013703892652275547
1246.0306233318647,-0.013828910844688262
1246.2012899986903,-0.01395245399153331
1246.3719566655159,-0.01407466260230549
1246.5426233323415,-0.014195406783780203
1246.713289997578,-0.014314830575579725
1246.8839566644033,-0.014432800323298533
1247.0546233312289,-0.01454945708497547
1247.225266664823,-0.014664672507506802
1247.3959333316486,-0.014778581342825305
1247.5665999984742,-0.014891051463239375
1247.7372666652998,-0.01500221808622053
1247.9079333313307,-0.015111932299013921
1248.0785999981563,-0.015220337518955471
1248.2492666649819,-0.015327301013991126
1248.4199333318074,-0.015432984694515475
1248.590599998633,-0.015537262221374085
1248.7612666654586,-0.015640269263584448
1248.9319333322844,-0.015741884544591713
1249.10259999911,-0.015842242786681754
1249.273266665141,-0.015941209877424697
1249.4439333319665,-0.016038931914234642
1249.6145999987918,-0.016135277890794348
1249.7852566655476,-0.016230417083246938
1249.9559233323732,-0.016324241184758646
1250.1265899976092,-0.016416882400312537
1250.2972566644353,-0.016508185792873026
1250.4679233312606,-0.016598296951549456
1250.6385899980864,-0.016687091967232056
1250.8092566649118,-0.016774698255829057
1250.9799233317376,-0.016860978735293377
1251.150589998563,-0.016946086125033923
1251.3212566645939,-0.017029923600570877
1251.49192333142,-0.017112606768087225
1251.662589998245,-0.01719401280342094
1251.8332566650708,-0.01727426431331851
1252.0039233318967,-0.01735327757531903
1252.1745899979273,-0.017431187181078046
1252.3452566647532,-0.0175078886915274
1252.5159133315087,-0.017583509388740308
1252.6865666651724,-0.017657934640839913
1252.8572333319983,-0.017731280997156457
1253.0278999988236,-0.017803437536365093
1253.1985666656497,-0.01787453609302875
1253.369233332475,-0.0179444583620726
1253.5398999977112,-0.018013326692981238
1253.710566664537,-0.018081052095610714
1253.8812333313624,-0.018147748654411402
1254.051899998188,-0.018213334767891352
1254.2225666650136,-0.018277906098666783
1254.3932333310445,-0.0183413799537006
1254.56389999787,-0.018403855356845848
1254.7345666646956,-0.018465187027743222
1254.9052333315212,-0.018525511214380275
1255.075899998347,-0.01858470684808761
1255.2465666651724,-0.01864290330523265
1255.4172233319282,-0.01869999642186157
1255.587889997959,-0.0187561037794703
1255.7585566647847,-0.01881116496185084
1255.9292233316103,-0.018865293775255178
1256.099889998436,-0.018918405624175502
1256.2705566652617,-0.01897060370373576
1256.4412233320872,-0.019021807471865167
1256.6118899989128,-0.01907208441754341
1256.7825566649437,-0.019121318460956868
1256.953223331769,-0.019169628933322486
1257.123889998595,-0.01921692637439157
1257.2945566654205,-0.01926331719592474
1257.4652233322463,-0.019308728772965498
1257.6358899990719,-0.01935324816507082
1257.806556664308,-0.01939685854519494
1257.9772133310637,-0.01943965188026891
1258.625733331839,-0.019481537383480577
1258.7963999986648,-0.019522604917527133
1258.9670666646957,-0.01956278496060851
1259.1377333315215,-0.019602162496307182
1259.308399998347,-0.019640598813705158
1259.4790666651727,-0.019678198117947427
1259.649733331998,-0.01971488529024013
1259.8203999988239,-0.019750761461597627
1259.9910666656494,-0.019785747372085292
1260.1617333316804,-0.01981993596787382
1260.332399998506,-0.019853278517299552
1260.5030666653315,-0.019885837733096816
1260.6737333321573,-0.019917550119463202
1260.844389998913,-0.01994852898167991
1261.0150566657385,-0.019978716063658114
1261.1857233309745,-0.0200082045908885
1261.3563899978003,-0.020036935837564034
1261.5270566646257,-0.02006497487313152
1261.6977233314515,-0.02009228473740432
1261.868389998277,-0.020118958021973575
1262.0390566651026,-0.020144993349859048
1262.2097233319284,-0.020170441530539804
1262.3803899979591,-0.02019530670903474
1262.551056664785,-0.02021961297182577
1262.7217233316103,-0.020243374928834584
1262.8923899984359,-0.020266621780234643
1263.0630566652615,-0.02028935916348946
1263.2337233312924,-0.02031160815937759
1263.4043899981182,-0.020333398618048778
1263.5750333317121,-0.020354741139695886
1263.7456999985375,-0.020375654967046436
1263.9163666653635,-0.02039611743341751
1264.0870333321889,-0.020416145476151632
1264.2576999990147,-0.02043573465547868
1264.4283666650454,-0.020454916621484454
1264.5990333310763,-0.020473679740615654
1264.7696999979019,-0.02049205326242419
1264.9403666647274,-0.020510018749827368
1265.1110333315532,-0.020527571503872608
1265.2816999983786,-0.02054470433306906
1265.4523666644097,-0.02056141742785465
1265.6230333312353,-0.020577712439175857
1265.7936999980607,-0.020593578905713176
1265.9643666648865,-0.02060902179457196
1266.135033331712,-0.020624012756514962
1266.3056899984676,-0.020638556662938092
1266.4763566652935,-0.020652655499238535
1266.6470233313244,-0.020666310355647623
1266.81768999815,-0.020679517182999537
1266.9883566649755,-0.02069228377249913
1267.159023331801,-0.020704596269456827
1267.3296899986267,-0.020716460846292035
1267.5003566654523,-0.02072786172385176
1267.671023332278,-0.020738810657463136
1267.841689998309,-0.020749281053850138
1268.0123566651346,-0.020759285520580577
1268.1830233319602,-0.020768784377149758
1268.3536899987855,-0.020777804315558725
1268.5243566656113,-0.020786308072936476
1268.695023331642,-0.020794336269813578
1268.8656899976731,-0.020801847395069215
1269.0363566644987,-0.020808881559208518
1269.2070233313243,-0.020815399242562937
1269.37768999815,-0.020821443349190845
1269.5483333317438,-0.020826974034752154
1269.7189999985694,-0.02083203137093551
1269.889666665395,-0.02083656349640189
1270.060333331426,-0.02084062502722685
1270.2309999982515,-0.020844200032636803
1270.4016666650773,-0.02084732029616855
1270.5723333319029,-0.020849952139515897
1270.7429999987285,-0.02085213311960717
1270.913666665554,-0.02085382436138669
1271.0843333323796,-0.02085505382438577
1271.2549999984108,-0.02085579361398557
1271.4256666652363,-0.020856068970468534
1271.596333332062,-0.02085585648757934
1271.7669999988875,-0.020900315160545267
1271.937666665713,-0.02094447959872026
1272.108333330949,-0.020988400936625882
1272.2789899977047,-0.021032038514654645
1272.4496566645307,-0.02107544182099069
1272.6203233313558,-0.02111858125359811
1272.7909899981819,-0.02116149804547432
1272.961656665007,-0.021204158885071163
1273.132323331833,-0.02124659736207497
1273.3029899986584,-0.02128877013372781
1273.4736566646893,-0.021330710561721908
1273.6443233315154,-0.021372394854944764
1273.8149899983407,-0.021413860272038746
1273.9856566651663,-0.021455083160753424
1274.1563233319919,-0.021496087541357345
1274.3269899980228,-0.02153683679611482
1274.4976566648481,-0.021577366490245435
1274.668323331674,-0.021617651978351207
1274.8389899984995,-0.021657722993553803
1275.009656665325,-0.02169755361032946
1275.1803233321507,-0.021737172683386895
1275.3509899989765,-0.021776549024456752
1275.521633330981,-0.021815716025985872
1275.6922999978065,-0.02185464067468924
1275.8629666646325,-0.021893358115466163
1276.0336333314576,-0.021931842525505042
1276.2042999982834,-0.021970120611608097
1276.3749666643141,-0.022008169953662855
1276.54563333114,-0.022046013993326778
1276.7162999979655,-0.02208363037713117
1276.886966664791,-0.02212104597304397
1277.0576333316167,-0.022158240457902094
1277.2282999984423,-0.022195240861951626
1277.3989666652678,-0.022232017237326793
1277.5696333320934,-0.022268596332824256
1277.7402999981243,-0.022304957648056508
1277.91096666495,-0.022341128044002647
1278.0816333317757,-0.022377079653612672
1278.2522899985313,-0.022412842294697387
1278.422956665357,-0.022448392495236353
1278.5936233321825,-0.022483754554607268
1278.7642899990083,-0.022518900918188575
1278.934956665039,-0.022553861550992434
1279.1056233318645,-0.022588609942934084
1279.2762899986903,-0.022623172270908057
1279.446956665516,-0.022657517503494033
1279.6176233323415,-0.02269167136611013
1279.7882899975777,-0.022725611768206675
1279.958956664403,-0.022759368570834177
1280.129623331229,-0.022792913785939898
1280.3002899980543,-0.022826267318112506
1280.47095666488,-0.022859395703464444
1280.6416233317057,-0.02289232719104381
1280.8122899985315,-0.02292503209527325
1280.9829433314007,-0.022957539712553893
1281.1535999981563,-0.022989818017994046
1281.3242666649817,-0.023021909831189964
1281.4949333318075,-0.0230537871156458
1281.665599998633,-0.023085474347720108
1281.8362666654589,-0.02311694515699012
1282.0069333322845,-0.023148217394154
1282.17759999911,-0.023179250491963888
1282.3482666651407,-0.02321007425196195
1282.5189333319663,-0.023240653817216166
1282.689599998792,-0.023271022428832777
1282.8602666656175,-0.023301142050353416
1283.0309333324433,-0.02333103989671943
1283.2015999976793,-0.023360675305963228
1283.3722666645049,-0.023390089730896728
1283.5429333313307,-0.023419249755770376
1283.713599998156,-0.023448186448598193
1284.0890566651026,-0.023476863363135092
1284.3962566645941,-0.023505316780523533
1284.5669233314195,-0.023533502619427313
1284.7375899982453,-0.023561456362170937
1284.908256665071,-0.02358913663327658
1285.0789233318965,-0.023616582658397688
1285.2495899979274,-0.0236437458042955
1285.420256664753,-0.023670669241597615
1285.5909233315786,-0.02369730310624003
1285.7615899984041,-0.023723689397949322
1285.9322566652297,-0.023749780334195822
1286.1029233320555,-0.023775626738672978
1286.2735899988809,-0.023801194564047775
1286.4442566657067,-0.023826522180093984
1286.6149233317376,-0.02385157049769274
1286.7855899985632,-0.02387637267128261
1286.9562466653188,-0.02390086735601014
1287.126899998188,-0.02392509701255359
1287.2975666650136,-0.023949019694076278
1287.4682333310445,-0.023972683379427467
1287.6388999978699,-0.023996034554857756
1287.8095666646957,-0.024019128946369886
1287.9802333315215,-0.024041908393601853
1288.150899998347,-0.02406441600228533
1288.3215666651727,-0.024086600276231687
1288.4922333319982,-0.024108516472718736
1288.662899998029,-0.024130117965152992
1288.8335666648547,-0.024151459091526373
1289.0042333316803,-0.024172486815446134
1289.174899998506,-0.02419324625164956
1289.3455666653313,-0.02421369242675831
1289.5162333321573,-0.024233875379486017
1289.6868999989829,-0.024253758752150745
1289.8575666650136,-0.024273383179410555
1290.0282333318394,-0.024292700340022243
1290.1988999986647,-0.024311765076950095
1290.3695566654205,-0.02433052196027266
1290.5402233322461,-0.024349019901306664
1290.710889999072,-0.024367209166844653
1290.881556664308,-0.024385136151689593
1291.0522233311335,-0.024402738375832175
1291.2228899979593,-0.024420061781841345
1291.3935566647847,-0.02443707142253911
1291.5642233316103,-0.02445379849249749
1291.7348899984358,-0.02447018952590862
1291.9055566652617,-0.024486302069413164
1292.0762233312923,-0.0245020946419511
1292.2468899981181,-0.02451762233597864
1292.4175566649435,-0.02453284545292329
1292.5882233317693,-0.024547805157654055
1292.758889998595,-0.024562457662517086
1292.9295566646258,-0.02457684166282995
1293.1002233314514,-0.0245909192531432
1293.270889998277,-0.02460473233345003
1293.4415566651026,-0.02461823691736164
1293.6121999986967,-0.02463147696643494
1293.7828666655223,-0.024644406428410794
1293.953533332348,-0.0246570700618304
1294.1241999983788,-0.02466941959597607
1294.2948666644095,-0.02468149735059065
1294.4655333312353,-0.024693264138313784
1294.636199998061,-0.024704759352759287
1294.8068666648865,-0.024715935363582953
1294.9775333317123,-0.02472683565196009
1295.148199997743,-0.024737408782937956
1295.3188666645685,-0.024747695374241572
1295.4895333313943,-0.024757659254090948
1295.66019999822,-0.02476732786599124
1295.8308666650455,-0.0247766406280972
1296.001533331871,-0.02478565684496863
1296.1721999986967,-0.02479432239098653
1296.3428566646576,-0.024802696217913676
1296.5135233314832,-0.02481071925357104
1296.684189998309,-0.024818447971915625
1296.8548566651348,-0.024825827187746077
1297.02552333196,-0.024832908644901616
1297.196189998786,-0.024839625718494282
1297.3668566656113,-0.024846035983261246
1297.5375233316422,-0.024852097316400944
1297.7081899984678,-0.024857850523007183
1297.8788566652934,-0.024863252620632267
1298.049523332119,-0.024868356834553566
1298.2201899989445,-0.024873113109585242
1298.3908566649757,-0.024877564062946982
1298.5615233310064,-0.02488165470762219
1298.732189997832,-0.024885435733008218
1298.9028566646575,-0.024888859497067227
1299.073523331483,-0.024891993687409155
1299.2441899983087,-0.02489474719690998
1299.4148566651345,-0.024897179116892737
1299.5854999987284,-0.024899228096763124
1299.7561666647593,-0.024900960138557995
1299.926833331585,-0.024902291464965535
1300.0974999984105,-0.02490328784662046
1300.268166665236,-0.02490388907928232
1300.4388333320617,-0.024904159876661412
1300.6094999988873,-0.024904036876928833
1300.7801666657128,-0.024903584390782805
1300.950833331744,-0.024902727838198954
1301.1214999985696,-0.024901530157414937
1301.2921666653951,-0.024899929648464724
1301.4628333322207,-0.024897995776506397
1301.6334999990463,-0.024895642680030052
1301.8041666642825,-0.024892948153782284
1301.974833331108,-0.02488986141501893
1302.1454999979337,-0.02488644834553642
1302.3161666647593,-0.024882638746170242
1302.4868333315849,-0.024878487684396423
1302.6574999984107,-0.0248739297822888
1302.8281666644416,-0.024869031843402237
1302.9988233319916,-0.0248637288382446
1303.1694899980228,-0.024858081108202323
1303.3401566648486,-0.024852011442246198
1303.510823331674,-0.02484559625583115
1303.6814899984997,-0.024838765037978192
1303.852156665325,-0.024831588967953164
1304.022823331356,-0.02482400158123288
1304.1934899981816,-0.024816063932561118
1304.3641566650074,-0.024807713355212237
1304.5348233318327,-0.02479901248544928
1304.7054899986585,-0.02478989644065296
1304.8761566654841,-0.0247804411192902
1305.0468233323097,-0.024770579029799813
1305.2174899983409,-0.02476037458411846
1305.3881566651662,-0.024749774907204123
1305.5588233319918,-0.024738833788859018
1305.7294899988176,-0.024727498715639725
1305.9001566656432,-0.024715832640395518
1306.0708099977176,-0.024703778163546047
1306.2414666644731,-0.024691382226011444
1306.4121333312987,-0.024678595025953213
1306.5827999981243,-0.02466546590616676
1306.75346666495,-0.02465194704979723
1306.9241333317757,-0.024638089831471744
1307.0947999986015,-0.024623836159679818
1307.2654666654269,-0.024609265913157482
1307.4361333314578,-0.024594312140772342
1307.6067999982833,-0.02457901885801347
1307.777466665109,-0.024563326710355753
1307.9481333319347,-0.024547295107506136
1308.1187999987603,-0.0245308604752817
1308.289466665586,-0.024514086269962237
1308.4601333324113,-0.024496917074795215
1308.6307999984424,-0.02447941216277358
1308.8014666652678,-0.02446150987466166
1308.9721333320936,-0.02444326877703567
1309.1427999989191,-0.024424628187337927
1309.3134566656747,-0.024405655051964827
1309.484123330911,-0.024386288481775518
1309.6547899977365,-0.024366586476439685
1309.8254566645624,-0.024346494298562685
1309.996123331388,-0.024326071287020145
1310.1667899982135,-0.024305273708704358
1310.3374566650393,-0.024284157848404875
1310.5081233318647,-0.024262676498052055
1310.6787899978958,-0.024240870968016498
1310.849456664721,-0.024218727298902808
1311.0201233315468,-0.02419628395248353
1311.1907899983723,-0.024173501714577546
1311.3614566651981,-0.02415042494862494
1311.5321233320235,-0.0241270322731078
1311.7027899980544,-0.024103367818768377
1311.87345666488,-0.0240793944242543
1312.0441233317056,-0.024055156807581697
1312.2147899985312,-0.024030582175713706
1312.3854566653567,-0.024005712421561784
1312.5561233321828,-0.023980495899845498
1312.7267666657767,-0.023954981314917488
1312.897433331013,-0.023929118418687906
1313.0680999978383,-0.023902943356443225
1313.238766664664,-0.023876410567647933
1313.4094333314895,-0.023849568074381277
1313.5800999983153,-0.02382236214047909
1313.7507666643462,-0.023794843560937497
1313.9214333311718,-0.0237669709975231
1314.0920999979974,-0.02373878590537923
1314.262766664823,-0.02371023387321235
1314.4334333316485,-0.023681360976951282
1314.604099998474,-0.023652125530766482
1314.7747666652997,-0.023622574708837166
1314.9454333313306,-0.023592654299897254
1315.1160999981562,-0.023562413569401627
1315.2867666649818,-0.023531801121257797
1315.4574233317376,-0.02350086257500912
1315.6280899985634,-0.02346955502673005
1315.7987566653887,-0.02343793037109649
1315.9694233322145,-0.023405934492544467
1316.14008999904,-0.02337362195470379
1316.3107566650708,-0.023340924965943196
1316.4814233318964,-0.02330790476748151
1316.652089998722,-0.023274521822753594
1316.8227566655478,-0.023240809828327418
1316.9934233323734,-0.023206713417546886
1317.1640899976096,-0.023172287694164618
1317.334756664435,-0.02313751623507212
1317.5054233312608,-0.023102443099623688
1317.6760899980861,-0.023067009920009606
1317.846756664912,-0.02303124583744783
1318.0174233317375,-0.022995096631350607
1318.188089998563,-0.022958612688345405
1318.358756664594,-0.02292173728588399
1318.5294233314198,-0.02288453634860783
1318.7000899982454,-0.022846941123555602
1318.870756665071,-0.0228090318281448
1319.0414233318963,-0.022770728222863846
1319.2120666654905,-0.022732095008166198
1319.382733332316,-0.022693085428842345
1319.5533999983468,-0.022653738738874777
1319.7240666651728,-0.022614016144238316
1319.8947333319982,-0.02257396050498179
1320.065399998824,-0.022533526749564912
1320.2360666656496,-0.022492764263487803
1320.4067333324751,-0.02245161452125788
1320.5773999977112,-0.022410122836302275
1320.7480666645367,-0.022368230569537913
1320.9187333313625,-0.022325979253738172
1321.0893999981881,-0.022283319192889065
1321.2600666650135,-0.02224028776674273
1321.4307333310444,-0.022196842518580125
1321.6013999978702,-0.02215302113754451
1321.7720666646956,-0.022108762255976914
1321.9427333315214,-0.022064115224382983
1322.1133999983467,-0.022018990288568928
1322.2840666651725,-0.02197344633733095
1322.4547233319283,-0.02192742434909195
1322.6253899979592,-0.02188097895332035
1322.7960566647848,-0.021834048353107108
1322.9667233316104,-0.02178669835796578
1323.137389998436,-0.021738878633443152
1323.3080566652616,-0.02169062288951716
1323.4787233320872,-0.02164186114742966
1323.6493899989127,-0.021592663715524547
1323.8200566649436,-0.02154297566363189
1323.9907233317695,-0.021492872688054856
1324.161389998595,-0.021442296451270708
1324.3320566654206,-0.02139131212253326
1324.5027233322462,-0.021339875743622644
1324.6733899990718,-0.021288044108714134
1324.844056664308,-0.021235777158086097
1325.0147233311334,-0.021183118500449304
1325.1853899979592,-0.021130028164238136
1325.3560566647848,-0.02107655052607593
1325.5267233316104,-0.021022647202001993
1325.6973799983662,-0.02096836595735524
1325.86803333203,-0.020913681459545072
1326.0386999980608,-0.020858630996612334
1326.2093666648864,-0.020803183022545198
1326.3800333317122,-0.02074737272587189
1326.5506999985378,-0.02069118329495439
1326.7213666653631,-0.020634649083059686
1326.892033332189,-0.020577739799359434
1327.0626999990147,-0.02052048187426557
1327.2333666650452,-0.020462849276113103
1327.4040333318712,-0.020404873539056144
1327.5746999986966,-0.020346524072205895
1327.7453666655224,-0.020287833101738796
1327.9160333323478,-0.020228773200892
1328.0866999983787,-0.02016937727755875
1328.2573666644096,-0.020109619328713663
1328.4280333312352,-0.02004952320740252
1328.598699998061,-0.01998906102625721
1328.7693666648863,-0.019928253226519338
1328.9400333317121,-0.01986705875606463
1329.110689998468,-0.01980550943294533
1329.2813566652935,-0.019743568766147412
1329.4520233313242,-0.019681269168214104
1329.6226899981498,-0.01961858131164912
1329.7933566649754,-0.019555534291588336
1329.9640233318012,-0.01949208635363341
1330.1346899986268,-0.019428272637728998
1330.3053566646577,-0.019364070718572966
1330.4760233314832,-0.019299509989057852
1330.6466899983088,-0.019234548610043097
1330.8173566651344,-0.019169226542367485
1330.98802333196,-0.019103517254905007
1331.1586899987858,-0.019037460820200074
1331.3293566656116,-0.018971032066624385
1331.5000233316423,-0.01890426477548651
1331.6706899984679,-0.018837132149998624
1331.8413566652932,-0.018769660395702124
1332.012023332119,-0.018701824462440675
1332.1826899989446,-0.01863365344178206
1332.3533566649753,-0.01856511779731803
1332.5240233310064,-0.01849624224917417
1332.694689997832,-0.018427012078412387
1332.865333331426,-0.01835745247403749
1333.0359999982516,-0.018287540027024124
1333.2066666650771,-0.018217301931079344
1333.3773333319027,-0.01814672332640121
1333.5479999987283,-0.01807581009321465
1333.7186666647592,-0.018004542402437408
1333.889333331585,-0.017932948432877467
1334.0599999984106,-0.01786101389501446
1334.2306666652362,-0.017788761724316055
1334.4013333320618,-0.01771617625565052
1334.5719999988873,-0.01764328531896821
1334.742666665713,-0.017570053192490408
1334.913333331744,-0.01749651227779126
1335.0839999985697,-0.017422640677731558
1335.2546666653952,-0.01734846535586565
1335.4253333322208,-0.017273969023578802
1335.5959999990464,-0.01719917702062449
1335.7666666642824,-0.017124072770583712
1335.9373333311082,-0.017048679572765024
1336.1079999979336,-0.016972980986664152
1336.2786566646896,-0.016897001356452498
1336.4493233315147,-0.01682072902798546
1336.6199899983408,-0.0167441861628587
1336.7906566651661,-0.016667365938954865
1336.961323331992,-0.016590287290775215
1337.131989998023,-0.016512944268654246
1337.3026566648484,-0.016435350110757516
1337.473323331674,-0.016357499029128753
1337.6439899984996,-0.01627940440199479
1337.8146566653254,-0.01620106009444038
1337.9853233313559,-0.016122479271050337
1338.1559899981817,-0.016043654622823575
1338.3266566650072,-0.01596460233972481
1338.4973233318328,-0.015885317208278724
1338.6679899986584,-0.015805812234039495
1338.8386566654842,-0.01572608079644443
1339.0093233323096,-0.015646136667208647
1339.1799899983407,-0.015565977764726072
1339.3506433312098,-0.015485615159864859
1339.5212999979653,-0.015405057491056128
1339.6919666647912,-0.015324307387562831
1339.8626333316165,-0.015243376089454919
1340.0332999976476,-0.015162267183194739
1340.2039666644732,-0.015080987083729238
1340.3746333312988,-0.014999534283740942
1340.5452999981244,-0.014917916030720794
1340.71596666495,-0.014836134851032275
1340.8866333317756,-0.0147541933883836
1341.0572999986011,-0.01467209174723845
1341.227966665427,-0.014589839947393666
1341.3986333314576,-0.014507433139679128
1341.5692999982834,-0.014424880227251016
1341.739966665109,-0.014342181796944733
1341.978899998665,-0.014259343912967487
1342.2519666655858,-0.014176361217215296
1342.4226333324116,-0.014093249813063594
1342.5932999984423,-0.014010004652778121
1342.763966665268,-0.013926641421401587
1342.9346333320937,-0.01384315168429019
1343.1052999989192,-0.013759557310442315
1343.2759566656748,-0.013675842694757039
1343.4466233309108,-0.01359202901119444
1343.6172899977366,-0.013508105588867591
1343.787956664562,-0.013424087569654547
1343.9586233313878,-0.01333996183792625
1344.1292899982134,-0.013255755177487342
1344.2999566650392,-0.013171452672102957
1344.4706233318648,-0.013087076691890819
1344.6412899978955,-0.013002616576871576
1344.8119566647213,-0.012918091490562032
1344.9826233315466,-0.01283348722729568
1345.1532899983727,-0.012748836836023398
1345.3239566651978,-0.01266412371577661
1345.4946233320236,-0.012579377473893849
1345.6652899980545,-0.012494573793740693
1345.83595666488,-0.012409748582120315
1346.0066233317057,-0.012324867756541567
1346.1772899985313,-0.012239951294369255
1346.3479566653568,-0.012154972918385042
1346.518609999021,-0.012069960019750888
1346.6892666657766,-0.011984889660312296
1346.8599333310126,-0.011899774908327557
1347.0305999978384,-0.01181459647276238
1347.2012666646638,-0.011729387665023778
1347.3719333314898,-0.011644131792427783
1347.5425999983152,-0.01155884956836219
1347.713266664346,-0.011473522256725925
1347.8839333311716,-0.011388164735413342
1348.0545999979972,-0.011302752909367211
1348.225266664823,-0.011217308698622055
1348.3959333316486,-0.01113181315984182
1348.5665999984742,-0.011046282482590222
1348.7372666652998,-0.01096069772895331
1348.9079333313307,-0.01087507300982854
1349.0785999981563,-0.010789385619595996
1349.2492666649819,-0.010703655091124809
1349.4199333318074,-0.010617862060601283
1349.590599998633,-0.01053203159439673
1349.7612666654586,-0.010446154726362074
1349.9319333322844,-0.01036025201615184
1350.10259999911,-0.010274299976692944
1350.273256665071,-0.01018832452833841
1350.4439233318965,-0.010102307601812991
1350.6145899987218,-0.010016273225862878
1350.7852566655476,-0.009930194498806732
1350.9559233323732,-0.009844099225755916
1351.1265899976092,-0.009757969439165737
1351.2972566644353,-0.009671829120680615
1351.4679233312606,-0.009585659560947273
1351.6385899980864,-0.009499479004749579
1351.8092566649118,-0.009413271560374277
1351.9799233317376,-0.009327065249093606
1352.150589998563,-0.00924083422642502
1352.3212566645939,-0.009154595404364347
1352.49192333142,-0.009068332064018109
1352.662589998245,-0.008982068758604645
1352.8332566650708,-0.008895785894410306
1353.0039233318967,-0.0088095114373272
1353.1745899979273,-0.00872322079166668
1353.3452566647532,-0.008636929076289835
1353.5159233315785,-0.008550619401961604
1353.6865899984043,-0.008464315411214495
1353.85725666523,-0.008377996258853698
1354.0279233320555,-0.00829169758941155
1354.1985666656497,-0.008205393804869706
1354.369233332475,-0.008119113107762893
1354.5398999977112,-0.00803282408439835
1354.710566664537,-0.00794654797337317
1354.8812333313624,-0.007860261898934769
1355.051899998188,-0.007773987988876254
1355.2225666650136,-0.007687713980267742
1355.3932333310445,-0.0076014717728483455
1355.56389999787,-0.007515234936242747
1355.7345666646956,-0.007429023041593999
1355.9052333315212,-0.007342815923398411
1356.075899998347,-0.007256641904395767
1356.2465666651724,-0.007170461737984394
1356.4172333319982,-0.007084291520531838
1356.5878999980291,-0.006998114895069366
1356.7585666648547,-0.006911947532293252
1356.9292333316803,-0.006825770289417485
1357.099899998506,-0.006739603880240532
1357.2705666653317,-0.00665342700550886
1357.4412333321573,-0.006567269641268876
1357.6118999989826,-0.006481111923274851
1357.7825666650137,-0.006394968442667153
1357.953223331769,-0.006308812293540889
1358.123889998595,-0.006222662081007029
1358.2945566654205,-0.006136503994329896
1358.4652233322463,-0.0060503767792359974
1358.6358899990719,-0.005964248415032842
1358.806556664308,-0.0058781503390286476
1358.9772233311337,-0.005792070385153002
1359.147889997959,-0.005706026462840242
1359.3185566647849,-0.005619990125625257
1359.4892233316102,-0.0055339583053367015
1359.659889998436,-0.005447933067924956
1359.8305566652616,-0.005361935775908121
1360.0012233312925,-0.005275938326416137
1360.171889998118,-0.005189964510724375
1360.3425566649437,-0.005104003063056999
1360.5132233317695,-0.00501807705837748
1360.6838899985949,-0.0049321601160783575
1360.8545566646258,-0.004846270773612955
1361.0252233314513,-0.004760394711350239
1361.195879998207,-0.004674544286731869
1361.3665333318709,-0.004588703248120135
1361.5371999986967,-0.004502896383083564
1361.707866665522,-0.004417102717713024
1361.878533332348,-0.004331356667230397
1362.0491999983788,-0.004245639669739181
1362.2198666644097,-0.004159973014257726
1362.3905333312352,-0.004074337526210866
1362.5611999980608,-0.003988755398089757
1362.7318666648864,-0.0039032097433883577
1362.902533331712,-0.0038176935821734605
1363.073199997743,-0.0037321956913251753
1363.2438666645687,-0.0036467352977845547
1363.4145333313943,-0.003561290506609713
1363.5851999982199,-0.0034758714104700344
1363.7558666650452,-0.003390473318822394
1363.926533331871,-0.003305114332533615
1364.0971999986966,-0.0032197829399904726
1364.2678666647275,-0.0031344819155412562
1364.4385333315533,-0.0030492123602783123
1364.6091999983787,-0.0029639865406709794
1364.7798666652045,-0.002878780046970593
1364.9505333320299,-0.002793614251425858
1365.1211899987857,-0.0027084695401837717
1365.2918566656112,-0.0026233115612039446
1365.4625233316422,-0.002538133843008718
1365.6331899984677,-0.0024529625309384373
1365.8038566652936,-0.0023677989322299967
1365.9745233321191,-0.0022826448823350014
1366.1451899989447,-0.002197486800512699
1366.3158566649756,-0.0021123289646026683
1366.4865233310065,-0.0020271609200241078
1366.6571899978321,-0.0019419947983696274
1366.8278566646577,-0.0018568289119698775
1366.998523331483,-0.001771672866187443
1367.1691899983089,-0.0016865279555275524
1367.3398566651344,-0.0016013973652464581
1367.51052333196,-0.001516268318698967
1367.681189997991,-0.0014311458017987892
1367.8518566648165,-0.0013460304265927288
1368.0225233316419,-0.0012609208472588443
1368.1931899984677,-0.0011758072175310956
1368.3638566652933,-0.0010906767073715674
1368.5345233313244,-0.0010055316902644257
1368.7051899981502,-0.0009203484387262094
1368.875833331744,-0.0008351386507692906
1369.0464999985695,-0.0007499214547222906
1369.2171666653953,-0.0006646963991622167
1369.387833332221,-0.0005794838983553571
1369.5584999990463,-0.0004942886660379602
1369.7291666642825,-0.0004091309332504886
1369.899833331108,-0.0003239896082522806
1370.0704999979337,-0.0002388856297180937
1370.241166664759,-0.00015381555740385098
1370.411833331585,-6.879536110869719e-05
1370.5824999984104,1.618710179315286e-05
1370.7531666644413,0.0001011137242625652
1370.923833331267,0.00018599341567705988
1371.0944999980925,0.00027081476085143445
1371.2651666649185,0.00035557523721955743
1371.4358333317439,0.0004402824313769817
1371.6064999985697,0.0005249411066593971
1371.777166665395,0.0006095419797549777
1371.947833331426,0.0006941197639402523
1372.1184999982515,0.0007786638191464491
1372.2891666650771,0.0008631645808485299
1372.459833331903,0.0009475729706142411
1372.6304999987283,0.00103190453879134
1372.8011566654839,0.001116137452453445
1372.9718233323097,0.00120030993961592
1373.1424899983406,0.001284405184557863
1373.3131566651664,0.0013684372258625141
1373.4838233319917,0.001452396241420653
1373.6544899988176,0.001536296898859189
1373.825156665643,0.0016201069956870635
1373.9958233308794,0.00170384466918466
1374.1664899977047,0.001787501480175343
1374.3371566645305,0.0018710825402994133
1374.5078233313561,0.0019545753865847044
1374.6784899981817,0.0020379902305511476
1374.849156665007,0.0021213140207010065
1375.0198233318329,0.002204574567830843
1375.1904899986584,0.0022877812019139825
1375.3611566646891,0.002370923634467721
1375.5318233315152,0.00245398904946648
1375.7024899983405,0.0025369610656580275
1375.8731566651663,0.002619857282278083
1376.0438233319917,0.0027026886695527747
1376.2144899980228,0.0027854403395091995
1376.3851566648482,0.0028681150451982758
1376.5557999984424,0.0029507193837084392
1376.7264666652682,0.003033255475815531
1376.8971333320935,0.0031156746828522866
1377.067799998919,0.0031980038826020987
1377.238466665745,0.003280240158601407
1377.4091333309811,0.0033623858108113593
1377.5797999978067,0.003444437870951873
1377.750466664632,0.0035263846010323806
1377.9211333314574,0.003608201173724151
1378.0917999982835,0.0036899219926225147
1378.2624666643144,0.0037715489414042788
1378.4331333311397,0.0038530884685487933
1378.6037999979656,0.003934534086729166
1378.7744666647911,0.004015887713303551
1378.945133331617,0.004097160757209959
1379.1157999984423,0.0041783466183373565
1379.286466665268,0.0042594138801141405
1379.4571333320935,0.004340365133824352
1379.6277999981244,0.004421172257624856
1379.7984666649502,0.004501871314504899
1379.9691333317758,0.004582429453554955
1380.1397999986013,0.004662882602374556
1380.310456665357,0.004743196402949986
1380.4811233321825,0.004823363589490347
1380.651789999008,0.004903406285736934
1380.8224566650392,0.004983338283233691
1380.9931233318646,0.00506315010446126
1381.1637899986902,0.005142856721629881
1381.3344566655157,0.005222477023418455
1381.5051233323416,0.005302003793512462
1381.6757899975778,0.0053813943693880205
1381.8464566644034,0.00546066997914101
1382.017123331229,0.005539824485858759
1382.1877899980548,0.005618884246174175
1382.3584566648801,0.005697862456237239
1382.5291233317057,0.0057767803246322165
1382.6997899985313,0.005855598479191976
1382.8704566645622,0.005934305629165712
1383.041123331388,0.006012911298651124
1383.2117899982136,0.0060914299954726425
1383.3824566650387,0.006169868316425248
1383.5531233318648,0.006248229753266458
1383.7237899986903,0.006326527553336903
1383.894456664721,0.006404771724003518
1384.0651233315468,0.006482969065890795
1384.2357666651408,0.006561126358816508
1384.4064333319664,0.006639231855813012
1384.5770999987922,0.006717298877754444
1384.7477666656177,0.006795361607237203
1384.9184333324433,0.006873398587246219
1385.0890999976793,0.006951428700872628
1385.259766664505,0.007029451974339862
1385.4304333313307,0.007107504915442107
1385.601099998156,0.007185530697629879
1385.771766664982,0.007263543237346988
1385.9424333310128,0.007341536537720901
1386.1130999978384,0.007419590198387643
1386.283766664664,0.007497683150018688
1386.4544333314896,0.007575832811657375
1386.6250999983151,0.007653995665725826
1386.7957666651407,0.007732192301515601
1386.9664333319665,0.007810395709906105
1387.1370999979972,0.007888653152385435
1387.307766664823,0.007966913927505493
1387.4784333316486,0.008045221745826224
1387.649099998474,0.008123564170501257
1387.8197666652998,0.00820193321540918
1387.9904333321253,0.008280309355503149
1388.1610999989512,0.008358714887622793
1388.3317666657763,0.008437131889333798
1388.5024233317374,0.008515536458815157
1388.673089998563,0.00859394196276004
1388.8437566653888,0.008672394512771277
1389.0144233322144,0.0087508783667219
1389.18508999904,0.008829431603530485
1389.3557566642762,0.008908008373116935
1389.5264233311016,0.008986671310418477
1389.6970899979274,0.00906539730983544
1389.867756664753,0.00914421782918432
1390.0384233315785,0.009223128697301203
1390.2090899984044,0.009302112047258624
1390.3797566652297,0.00938112062464702
1390.5504233312608,0.009460125571395835
1390.7210899980864,0.009539112064356502
1390.8917566649118,0.009618085172532407
1391.0624233317376,0.009697032471764278
1391.2330899985632,0.009775961436077608
1391.403756664594,0.009854884352240334
1391.5744233314197,0.009933833320331502
1391.7450899982455,0.010012784208812341
1391.9157566650708,0.010091804745377084
1392.0864233318964,0.010170862921884547
1392.257089998722,0.010249988690351625
1392.427733332316,0.010329160180572962
1392.5983999991417,0.010408396199443785
1392.769066664378,0.010487561404550021
1392.9397333312036,0.010566714134858303
1393.110399998029,0.010645885815946323
1393.2810666648547,0.010725192595654472
1393.4517333316803,0.010804654824005661
1393.622399997711,0.010884240117146749
1393.7930666645368,0.010963933778639707
1393.9637333313622,0.011043747043209578
1394.134399998188,0.011123639753795336
1394.3050666650138,0.01120367748041292
1394.4757333318391,0.011283847453251325
1394.646399998665,0.011364232044684001
1394.8170666646959,0.011444768808991777
1394.9877333315212,0.01152553967352673
1395.1583999983468,0.011606451482077215
1395.3290666651726,0.011687580748859703
1395.4997333319982,0.01176887581965763
1395.6703999988235,0.011850418916806955
1395.8410666656496,0.011932102656802356
1396.0117333316805,0.01201400706886508
1396.182389998436,0.012096035503601775
1396.3530566652616,0.012178241087541486
1396.5237233320872,0.012260601834877542
1396.6943899989128,0.012343180301590444
1396.8650566657384,0.012425983032118674
1397.0357233309746,0.01250897490689124
1397.2063899978002,0.012592110648126214
1397.3770566646258,0.012675438902390448
1397.5477233314516,0.012758906620216805
1397.718389998277,0.012842561196530815
1397.8890566651025,0.012926401260508619
1398.0597233319281,0.013010498300335308
1398.230389997959,0.013094826792946762
1398.4010566647846,0.013179468644324944
1398.5717233316104,0.013264346081401465
1398.7423899984358,0.013349478197166618
1398.9130566652616,0.013434755462897121
1399.0837233312925,0.013520250131917452
1399.254389998118,0.013605909170449113
1399.4250566649437,0.013691741204576655
1399.5957233317692,0.013777725177832921
1399.7663899985948,0.013863893782509892
1399.9370566654204,0.013950223446497677
1400.1076999990146,0.01403661258783304
1400.2783666650453,0.014123096237825756
1400.4490333310764,0.01420962990886102
1400.6196999979018,0.01429624886797256
1400.7903666647276,0.014382895642969715
1400.9610333315534,0.014469619543176066
1401.1316999983787,0.014556373746572081
1401.3023666644096,0.014643223068337022
1401.4730333312352,0.014730123562557804
1401.6436999980608,0.014817095686874815
1401.8143666648864,0.014904108476340395
1401.9850333317122,0.014991207840416694
1402.1556999985378,0.015078386098589936
1402.3263666653634,0.01516564638098011
1402.4970333313943,0.01525287370805031
1402.6676999982196,0.015340099215579224
1402.8383666650454,0.015427172373626867
1403.0090333318713,0.015514139105995988
1403.1796999986966,0.015600901137140497
1403.3503666655222,0.01568748101226088
1403.5210333323478,0.01577373411225861
1403.6916999983787,0.015859801966880846
1403.8623666652043,0.015945542665233306
1404.03303333203,0.01603108335042592
1404.2036999988554,0.01611627203897113
1404.3743666656815,0.01620125745168155
1404.545023331642,0.016285904580239548
1404.715689997673,0.016370376594066222
1404.8863566644986,0.016454486283980937
1405.0570233313242,0.0165383354331571
1405.2276899981498,0.016621762130633662
1405.3983566649754,0.016704929243962788
1405.569023331801,0.01678770418936169
1405.7396899986268,0.016870229534370704
1405.9103566646577,0.016952362822912074
1406.0810233314833,0.0170342230429841
1406.2516899983088,0.017115595906473276
1406.4223566651344,0.01719670799806955
1406.59302333196,0.01727740209931515
1406.7636899979912,0.017357813066671234
1406.9343566648163,0.017437808548611284
1407.1050233316423,0.017517526169882825
1407.275689998468,0.017596776998028744
1407.4463566652935,0.01767577511621886
1407.6170233321188,0.01775439588989703
1407.7876899989446,0.017832763667481454
1407.9583566649756,0.01791073412433625
1408.1290099978446,0.017988440614808338
1408.2996666646002,0.018065669557323756
1408.470333331426,0.018142575613645733
1408.6409999982516,0.018219023796665904
1408.8116666650772,0.01829520754510587
1408.9823333311083,0.018370784710319513
1409.1529999979336,0.018446007330118634
1409.3236666647595,0.018520720547871686
1409.494333331585,0.01859512062378588
1409.6649999984106,0.01866902340709694
1409.835666665236,0.01874260617402847
1410.0063333320618,0.01881563426946487
1410.1769999980925,0.01888834714640059
1410.3476666649183,0.018960579306547886
1410.5183333317439,0.019032502423995044
1410.6889999985694,0.019103927102364446
1410.859666665395,0.019175046789664685
1411.0303333322206,0.019245658840582807
1411.2009999990464,0.01931597227922711
1411.3716666650773,0.0193858085137639
1411.5423333319031,0.019455352526001172
1411.7129999987285,0.019524442024776836
1411.883666665554,0.019593255052724398
1412.0543333323799,0.0196617309814036
1412.2249899975457,0.019729978763434953
1412.3956566643715,0.019797826457222972
1412.566323331197,0.019865407968007596
1412.7369899980226,0.019932513011426144
1412.9076566648482,0.019999248485913713
1413.0783233316738,0.020065399416078482
1413.2489899984998,0.020131203391803992
1413.419656665325,0.020196524086133087
1413.590323331356,0.02026156936866273
1413.7609899981815,0.020326134745454784
1413.9316566650073,0.02039039065095597
1414.102323331833,0.02045411802919332
1414.2729899986584,0.020517531133304477
1414.4436566646896,0.02058042062754054
1414.6143233315152,0.02064296565427189
1414.7849899983405,0.02070499371163776
1414.955656665166,0.0207666264191607
1415.126323331992,0.020827757175580986
1415.2969899988175,0.02088854178249226
1415.467656665643,0.02094879985848402
1415.638323331674,0.021008699554599358
1415.8089899984996,0.021068046932542193
1415.9796566653251,0.021127019288998045
1416.150323332151,0.021185451016008643
1416.3209899989763,0.021243488826597615
1416.491633330981,0.021300931631684727
1416.6622999978067,0.021357939816850035
1416.832966664632,0.021414271412481367
1417.0036333314579,0.02147009654452752
1417.1742999982832,0.021525212599272536
1417.344966665109,0.021579870174502375
1417.5156333319349,0.02163390219922864
1417.6862999987602,0.021687470227778564
1417.8569666647911,0.02174039788941127
1418.0276333316167,0.021792850835952615
1418.1982999984423,0.021844605368543317
1418.3689666652679,0.02189586060227152
1418.5396333320937,0.021946403576590567
1418.710299998919,0.02199652869966734
1418.8809666657448,0.02204609245371932
1419.0516333317757,0.022095276665219342
1419.2222999986013,0.02214373240139215
1419.392966665427,0.022191699927523265
1419.5636333322527,0.022238932665902503
1419.734299999078,0.02228560645491927
1419.9049666643143,0.022331417181646298
1420.0756333311397,0.02237665346406856
1420.2462899978957,0.022421190375203695
1420.4169566647213,0.022465162537306134
1420.5876233315469,0.02250823989498537
1420.7582899983722,0.022550635902991445
1420.928956665198,0.02259230074343525
1421.099623331229,0.02263346118235053
1421.2702899980545,0.022673915447107965
1421.44095666488,0.022713881159118814
1421.6116233317057,0.022753112455486477
1421.7822899985317,0.02279175309400355
1421.9529566653569,0.0228295703454408
1422.123623331388,0.022866864885676876
1422.2942899982133,0.022903320062212955
1422.4649566650392,0.022939165785102068
1422.6356233318647,0.022974261639039564
1422.8062899986903,0.023008786917836664
1422.976956665516,0.02304255150337206
1423.1476233323415,0.023075681433721563
1423.3182899983722,0.02310801890921725
1423.488956665198,0.023139747857989862
1423.6596233320238,0.02317036507767624
1423.8302899988491,0.023200197450767096
1424.0009566656747,0.02322887403544175
1424.1715999976793,0.02325671338976714
1424.3422666645051,0.023283402975685846
1424.5129333313305,0.02330921198087053
1424.6835999981563,0.02333404739481933
1424.8542666649819,0.023358160858024626
1425.0249333318075,0.0233813713847698
1425.195599998633,0.023403859719173272
1425.366266664664,0.023425422018724506
1425.5369333314898,0.023446101528649465
1425.707599998315,0.023465473370129324
1425.878266665141,0.023483851680571082
1426.0489333319665,0.02350093058181431
1426.219599998792,0.023516943829683844
1426.3902666656177,0.023531676507090253
1426.5609333324433,0.02354530351234859
1426.7315999984742,0.023557913207897522
1426.9022666652997,0.02356974961953774
1427.0729333321253,0.02358049048301956
1427.243599998951,0.023590291933505786
1427.4142666657767,0.02359898225279837
1427.584933331013,0.02360670973017775
1427.7555999978383,0.023612661336822015
1427.926266664664,0.023617195076655693
1428.0969333314895,0.023620086088596726
1428.2675999983153,0.02362165315731717
1428.4382566650706,0.023621668166815987
1428.6089233318964,0.023620310931316377
1428.7795899979274,0.023617490540545162
1428.950256664753,0.023613202418184806
1429.1209233315788,0.023607228823356224
1429.291589998404,0.02359999601305867
1429.4622566652297,0.02359138884150507
1429.6329233312606,0.02358167764719207
1429.8035899980864,0.023570606742459185
1429.9742566649118,0.023558269269647835
1430.1449233317376,0.023544591170953713
1430.3155899985634,0.023529959934701788
1430.4862566653887,0.023514682496901595
1430.6569233322145,0.02349868598188233
1430.82758999904,0.023482330390963597
1430.9982566650708,0.023465378477800863
1431.1689233318964,0.02344834881746201
1431.339589998722,0.023431068928630224
1431.5102566655476,0.02341393527454302
1431.6809233323734,0.023396733041696913
1431.8515899976096,0.023380239574727974
1432.0222566644352,0.023364105504539646
1432.1929133311908,0.02334888633436876
1432.3635666648547,0.023333756704105344
1432.53423333168,0.02331924838296334
1432.7048999985059,0.02330489433043105
1432.8755666653315,0.02329149878677235
1433.0462333313621,0.023278588802708996
1433.2168999981882,0.023267124852378786
1433.3875666650138,0.023256432758127492
1433.5582333318393,0.02324685761038552
1433.728899998665,0.023237826050135413
1433.8995666654905,0.023230012097348294
1434.070233332316,0.02322304391995175
1434.2408999983468,0.023217411366272003
1434.4115666651726,0.023212673202222863
1434.5822333319982,0.023208900092589083
1434.752899998824,0.023205495111683433
1434.9235666656496,0.023203199212803026
1435.094233332475,0.023201339033283544
1435.2648999977112,0.0232006225766568
1435.4355666645367,0.023200571117310304
1435.6062333313625,0.023201836015998942
1435.7768999981881,0.023203792913453158
1435.9475666650135,0.023206984923408933
1436.1182333310444,0.02321092871706619
1436.2888999978702,0.023215947644088672
1436.4595666646956,0.023221646752390645
1436.6302233314514,0.023227782469790095
1436.8008899982772,0.023234135138906126
1436.9715566651025,0.02324035785473927
1437.1422233319283,0.023246620899698815
1437.312889997959,0.02325258066710359
1437.4835566647848,0.023258492762571182
1437.6542233316104,0.02326394253708595
1437.824889998436,0.023269216760346476
1437.9955566652616,0.023274138782801598
1438.1662233320872,0.02327852524338975
1438.3368899989127,0.02328137021379436
1438.5075566649436,0.023283124814500126
1438.6782233317695,0.023285063342138305
1438.848889998595,0.02328671695422204
1439.0195566654206,0.023288903689429655
1439.1902233322462,0.02329143074805589
1439.3608899990718,0.02329464974030794
1439.531556664308,0.02329702421896616
1439.7022233311334,0.02330102270240235
1439.8728899979592,0.02330196842906447
