Time (minutes),Amplitude
0.04012333154678345,0.2086819722104727
0.21078999837239581,0.45740403905446114
0.3814566651980082,0.20890931248323077
0.5521233320236206,0.45743982372786707
0.722789998849233,0.20883695323072965
0.8934566656748453,0.45748574237300826
1.0641233317057293,0.20872874234659508
1.2347899985313417,0.4575326326317548
1.405456665356954,0.2086043235789188
1.5761233321825663,0.4575773906854238
1.746789999008179,0.208470204929041
1.9174566642443338,0.4576206185927733
2.0881233310699465,0.20832854663417866
2.258789997895559,0.45766095726583417
2.429456664721171,0.2081774872184091
2.6001233315467838,0.4576936908951228
2.770789998372396,0.20801569005744291
2.9414566651980083,0.45771733319482294
3.112099997997284,0.20784584957278437
3.282766664822897,0.45773618568284985
3.453433331648509,0.20767211058415377
3.6240999984741213,0.45775390543773004
3.7947666652997336,0.20749631623598735
3.965433332125346,0.4577705173695404
4.136099998950959,0.2073191114528217
4.30676666577657,0.4577858427146357
4.477433331807454,0.2071397023780404
4.648099998633066,0.4577983126212452
4.818766665458679,0.2069561876200945
4.989433332284292,0.45780681684464763
5.160099999109904,0.20676783665543746
5.33076666434606,0.4578106088725343
5.501433331171671,0.20657406061754752
5.672099997997284,0.4578081179088284
5.842766664822896,0.20637333481937983
6.013433331648509,0.4577978036933431
6.184099997679392,0.20616518593107616
6.3547666645050045,0.4577812268928419
6.525433331330618,0.20595140120328073
6.69609999815623,0.45776069062478786
6.8667566649119065,0.205733320331571
7.037423331737519,0.4577368418409361
7.208089998563132,0.20551106295462462
7.378756664594015,0.457709980158063
7.549423331419627,0.20528507370550514
7.720089998245238,0.4576804725014715
7.890756665070851,0.20505534104732334
8.061423331896464,0.4576474226102995
8.232089998722076,0.20482115338051143
8.402756665547688,0.457610260505719
8.5734233323733,0.20458324933747368
8.744089998404185,0.4575705603718301
8.914756665229797,0.20434381685778974
9.08542333205541,0.45753021207666356
9.256089998881022,0.2041038684424652
9.426756665706634,0.45748888472236626
9.597423330942789,0.20386263920886744
9.768089997768403,0.457445899456637
9.938756664594015,0.20362019758878203
10.109423331419627,0.4574015947779982
10.28008999824524,0.20337698827484899
10.450756665070852,0.457356833066566
10.621413331826528,0.20313407900022554
10.792066664695739,0.4573131691851465
10.962733331521353,0.20289263687114759
11.133399998346965,0.45727164461197883
11.304066665172575,0.2026531958813361
11.474733331998188,0.4572324134280881
11.645399998823802,0.20241615983795586
11.816066665649414,0.4571956233888134
11.986733331680298,0.20218177196534076
12.157399998505912,0.4571610886840179
12.328066665331523,0.2019496482067339
12.498733332157135,0.4571286863117704
12.669399998982747,0.2017196042670329
12.84006666580836,0.457098491918182
13.010733331044516,0.20149159936395533
13.181399997870127,0.4570707749391592
13.35206666469574,0.20126604176577031
13.522733331521351,0.45704563251149094
13.693399998346965,0.2010429296044317
13.864066664377848,0.45702277501853483
14.03473333120346,0.20082204715863997
14.20539999802907,0.457002315899107
14.376066664854685,0.20060369676356332
14.546723331610362,0.45698434217199096
14.717389998435973,0.20038765095383237
14.888056665261587,0.4569680696087556
15.05872333129247,0.20017300663969917
15.229389998118084,0.4569529896985627
15.400056664943696,0.19996006621781381
15.570723331769306,0.45693961833950586
15.74138999859492,0.19974922065881215
15.912056665420533,0.45692854243880493
16.082723332246143,0.19954068253199692
16.25338999827703,0.45691996743010765
16.42405666510264,0.19933414968937788
16.594723331928254,0.4569131656194305
16.765389998753864,0.19912885481640863
16.93605666557948,0.4569068693266839
17.10672333240509,0.19892398268852204
17.277389997641247,0.4569004141836471
17.448056664466858,0.198719790016151
17.61872333129247,0.45689447474737954
17.78938999811808,0.19851717299669255
17.960056664943696,0.4568903260444254
18.130723331769307,0.19831746138191436
18.301379998524983,0.45688969862750045
18.472033331394197,0.19812159813098057
18.642699998219808,0.4568933317354392
18.81336666504542,0.19792999263765781
18.984033331871032,0.456901492004599
19.154699998696646,0.19774283930219363
19.325366665522257,0.45691390833528445
19.496033332347867,0.19755996709469387
19.666699998378753,0.4569304660987151
19.837366665204367,0.1973812787146476
20.008033332029978,0.45695110891927865
20.17869999885559,0.19720673300599267
20.349366665681202,0.4569752739815554
20.52003333171209,0.19703651009681467
20.69069999774297,0.4570033554036606
20.861366664568582,0.1968710819495606
21.032033331394196,0.45703613936121695
21.202699998219806,0.1967108854401258
21.37336666504542,0.4570743143391192
21.544033331076303,0.19655651986951117
21.714699997901917,0.4571183306646201
21.88536666472753,0.19640807310248812
22.05603333155314,0.45716804640512065
22.226689998308817,0.19626535100565393
22.39735666513443,0.45722329718537935
22.568023331960042,0.19612837478533068
22.738689997990924,0.45728375498842483
22.90935666481654,0.19599668521918676
23.080023331642153,0.45734921675414464
23.250689998467763,0.19587039298175776
23.421356665293374,0.45742009277757567
23.592023332118988,0.19574994489978786
23.762689998944598,0.4574964068804018
23.93335666497548,0.19563517959823087
24.104023331801095,0.4575780881213031
24.274689998626712,0.19552625114555477
24.445356665452323,0.45766536937078445
24.616023332277933,0.19542315443869107
24.78668999830882,0.4577576752606836
24.957356664339702,0.1953251543439404
25.128023331165316,0.4578542895184994
25.298689997990927,0.1952318867093367
25.469356664816537,0.45795506455681184
25.640023331642148,0.19514332199023995
25.810689998467762,0.45806021934801266
25.98133333206177,0.1950599244349068
26.151999998092652,0.45817055133806867
26.322666664918263,0.19498228379237506
26.493333331743877,0.4582864453851894
26.663999998569487,0.19491063186771984
26.834666665395098,0.4584081102421338
27.005333332220715,0.19484514835645456
27.175999999046326,0.4585359013649142
27.34666666507721,0.1947859965230599
27.51733333190282,0.45867004147194024
27.687999998728436,0.1947334825552827
27.858666665554047,0.45881070848044697
28.029333332379657,0.19468780322700166
28.199999997615812,0.45895794927052064
28.370666664441426,0.19464905831067056
28.541333331267037,0.459111594165507
28.711999998092654,0.19461710609234284
28.882666664918265,0.45927155278200826
29.05333333174388,0.19459196372953788
29.223999997774758,0.4594378579890642
29.394666664600372,0.1945735778877632
29.565333331425983,0.459610653617878
29.7359999982516,0.19456206884782432
29.906656665007272,0.4597901716400852
30.077323331832883,0.19455758265192719
30.2479899986585,0.4599764887376416
30.418656664689383,0.1945600985134529
30.589323331514993,0.4601695955940071
30.759989998340604,0.19456943596695622
30.930656665166218,0.4603691254833284
31.10132333199183,0.19458526896189832
31.271989998817446,0.4605751559799012
31.442656665643057,0.19460798733243673
31.61332333167394,0.4607881236238271
31.783989998499557,0.1946377283710941
31.954656665325167,0.4610080317113735
32.12532333215078,0.1946744918143775
32.295989998976395,0.4612348297184189
32.46665666421255,0.1947182025870515
32.63732333103816,0.4614682184252798
32.80798999786377,0.19476867016844038
32.97865666468938,0.4617079888633494
33.14932333151499,0.1948256401166738
33.3199899983406,0.46195372065412843
33.49065666516621,0.19488875972875744
33.66129999876022,0.4622050221222015
33.8319666647911,0.19495780360014617
34.00263333161672,0.46246170194647107
34.17329999844234,0.19503253244177907
34.34396666526794,0.4627232703027126
34.51463333209356,0.19511259137455408
34.68529999891917,0.46298933919844876
34.85596666574479,0.19519773806381094
35.02663333177567,0.4632595947543851
35.19729999860128,0.19528759056442677
35.36796666542689,0.4635336497578277
35.5386333322525,0.1953818305164916
35.70929999907811,0.463811142951491
35.87996666431427,0.195480144553684
36.05063333113988,0.464091609397893
36.22129999796549,0.19558201525235364
36.391966664791106,0.4643747279936853
36.56263333161672,0.19568738544098194
36.7332999976476,0.4646606085469238
36.90396666447322,0.1957962456674693
37.074633331298834,0.4649488870248603
37.24529999812444,0.19590812866238982
37.41595666488011,0.4652390528776143
37.586623331705724,0.1960225974892879
37.75728999853134,0.4655306776943688
37.92795666535695,0.19613941210622948
38.09862333138784,0.4658236447842601
38.26928999821345,0.19625865679823173
38.43995666503906,0.4661181020413185
38.61062333186467,0.1963803908968285
38.78128999869028,0.4664141213518641
38.9519566655159,0.19650475183832036
39.12262333234152,0.46671184840271457
39.293289998372394,0.19663177894754252
39.46395666519801,0.4670112940805484
39.63462333202362,0.1967614923066439
39.80528999884923,0.4673125702348773
39.97595666567484,0.1968939626342795
40.146623330911,0.4676157176404282
40.31728999773661,0.1970291605296894
40.48795666456222,0.4679207244124258
40.65862333138784,0.1971669910098318
40.82928999821345,0.4682275190734927
40.999956665039065,0.19730735181991035
41.170623331864675,0.4685360038535284
41.34126666466395,0.19745015916810676
41.511933331489566,0.46884611184686015
41.682599998315176,0.19759532885561665
41.853266665140794,0.4691577902155584
42.0239333319664,0.19774283549290092
42.194599998792015,0.469471041229237
42.365266665617625,0.19789259404507717
42.53593333244324,0.4697858390397668
42.706599998474125,0.1980445821492358
42.877266665299736,0.4701022221278817
43.047933332125346,0.19819878787099884
43.218599998950964,0.47042014893781653
43.389266665776574,0.19835515638570386
43.55993333101273,0.47073960837295326
43.73059999783834,0.1985136928133393
43.90126666466395,0.47106067060619494
44.07193333148956,0.19867442115572959
44.24259999831518,0.47138346648682494
44.41326666434607,0.19883742269018523
44.58392333189646,0.4717080288248598
44.75458999792735,0.1990027775394452
44.92525666475296,0.47203440186660633
45.09592333157857,0.19917043872627124
45.26658999840418,0.4723626109090663
45.4372566652298,0.1993404772441167
45.607923331260686,0.472692705176947
45.7785899980863,0.1995128845266463
45.94925666491191,0.47302461872882234
46.119923331737525,0.19968752333679857
46.290589998563135,0.47335829623497944
46.461256665388746,0.19986433683559507
46.631923332214356,0.473693736862949
46.80258999903997,0.20004323407787686
46.97325666507085,0.4740308267863196
47.14392333189646,0.20022401799892092
47.31458999872208,0.4743692866059803
47.48525666554768,0.20040650985495545
47.6559233323733,0.47470882473460774
47.82658999760945,0.20059051018072416
47.99725666443507,0.4750492484581913
48.16792333126068,0.20077585095364026
48.33857999801636,0.47539040916480985
48.5092333316803,0.20096234613678865
48.67989999850591,0.4757321812079842
48.85056666533153,0.20114986602863077
49.02123333136241,0.4760744504040504
49.19189999818802,0.20133832549154418
49.36256666501363,0.4764171132275883
49.53323333183924,0.20152762913557556
49.70389999866485,0.47676005841286156
49.87456666549046,0.20171760115090448
50.04523333231608,0.4771030593981566
50.21589999834697,0.2019080943910829
50.38656666517258,0.4774460393065762
50.55723333199819,0.2020991416190387
50.7278999988238,0.4777889401232929
50.89856666564942,0.20229052897621716
51.06923333247503,0.4781314612512232
51.23989999771119,0.20248203679054724
51.410566664536795,0.47847342807884236
51.58123333136241,0.20267349595302853
51.75189999818802,0.47881482247081264
51.92256666501363,0.20286486769932108
52.093233331044516,0.47915565281243744
52.26388999859491,0.20305611309150032
52.4345566646258,0.479495885539401
52.60522333145142,0.20324721885247365
52.77588999827704,0.479835528396384
52.94655666510264,0.203438167823088
53.11722333192826,0.4801744762489909
53.287889997959134,0.20362878631070047
53.45855666478475,0.48051255042908225
53.62922333161036,0.20381888924954988
53.79988999843598,0.48084962095429257
53.97055666526158,0.20400830833725905
54.1412233320872,0.48118551109100305
54.31188999891282,0.20419676558069705
54.482556664943694,0.4815199863393097
54.65322333176931,0.2043840561787458
54.823889998594915,0.48185288197339393
54.99455666542053,0.20456999823310992
55.16522333224615,0.4821839885529235
55.33588999907175,0.20475441440318665
55.506556664307915,0.4825131593016433
55.67722333113353,0.20493714041184496
55.847889997959136,0.48284023402121823
56.01854666471481,0.2051180416719695
56.18919999837876,0.48316513646370063
56.359866665204365,0.20529700046140795
56.530533332029975,0.48348774054995336
56.70119999806086,0.2054737878504696
56.871866664886475,0.4838078466247526
57.04253333171209,0.20564805586287183
57.213199998537696,0.48412511176316064
57.383866665363314,0.20581962348825122
57.55453333218893,0.48443943072435963
57.725199999014535,0.20598853678294918
57.895866665045425,0.48475075885663504
58.06653333187103,0.20615455298322174
58.237199998696646,0.485058882768694
58.40786666552225,0.2063174629159004
58.57853333234787,0.4853636133933609
58.74919999837876,0.20647698158331812
58.91986666440963,0.48566467831166504
59.09053333123525,0.20663291156274072
59.26119999806085,0.48596188961115716
59.43185666481654,0.20678508757299807
59.60252333164216,0.48625510450086484
59.773189998467764,0.20693327138073067
59.94385666529338,0.4865440512907044
60.11452333132426,0.20707716030905218
60.285189998149875,0.48682844767318845
60.455856664975485,0.20721646616109055
60.626523331801096,0.4871080116375848
60.797189998626706,0.2073508592813847
60.96785666465759,0.4873824114059993
61.1385233314832,0.20748007222315926
61.30918999830882,0.48765138872544367
61.47985666513442,0.2076038528670149
61.65052333196004,0.4879144893198444
61.821189998785655,0.20772166638511005
61.99185666561127,0.4881711820867281
62.16252333164216,0.20783319716705959
62.333189998467766,0.488421378826162
62.503856665293384,0.20793832158751194
62.67452333211899,0.4886649283469199
62.845189998944605,0.20803666684431887
63.01584333181381,0.488901462610598
63.18649999777476,0.20812790288969413
63.35716666460037,0.48913074145561586
63.52783333142598,0.20821184481549068
63.69849999825159,0.4893525455492815
63.869166665077216,0.20828811717316456
64.03983333190281,0.4895664727739634
64.21049999872844,0.20835633421288657
64.38116666475932,0.4897721990351012
64.55183333158493,0.20841618664309758
64.72249999841054,0.48996932798431025
64.89316666523615,0.2084672725226504
65.06383333206176,0.49015750980754486
65.23449999888737,0.20850930929207068
65.40516666571298,0.4903363681927096
65.57583333174388,0.2085418816643362
65.74649999856949,0.4905054427713127
65.9171666653951,0.20856454838912608
66.08783333222071,0.4906642391447516
66.25849999904632,0.2085768405725672
66.42916666428248,0.49081229010894284
66.59983333110809,0.2085783209898441
66.77049999793371,0.4909491202027153
66.94116666475932,0.20856860534707977
67.111823331515,0.49107437088157363
67.28248999834061,0.20854740554406437
67.45315666516622,0.49118778124308743
67.62382333199182,0.20851443747912884
67.79448999802273,0.49128904557508124
67.96515666484834,0.2084693735489576
68.13582333167395,0.4913776484025511
68.30648999849956,0.208411651978641
68.47715666532517,0.4914529715215697
68.64782333135605,0.20834071995282333
68.81848999818166,0.4915145393426546
68.98915666500729,0.20825622478084263
69.15982333183288,0.49156198493641556
69.3304899986585,0.20815784164806214
69.5011566654841,0.491595006593739
69.67182333230973,0.20804527889494182
69.84248999834062,0.49161333877532953
70.01315666516622,0.2079182284162568
70.18380999803544,0.49161677746071925
70.3544666647911,0.20777653619856618
70.52513333161671,0.4916051921427599
70.6957999976476,0.207620002580195
70.86646666447321,0.4915783393160321
71.03713333129882,0.20744839203982962
71.20779999812444,0.49153605090255875
71.37846666495005,0.20726151595992018
71.54913333177566,0.49147809429436873
71.71979999860129,0.20705913086759642
71.89046666542689,0.49140418821090887
72.06113333145778,0.20684102715484057
72.23179999828338,0.4913140842280149
72.402466665109,0.20660698344859943
72.57313333193461,0.4912075372788242
72.74379999876024,0.20635676372088238
72.91446666558583,0.491084354182488
73.08513333241144,0.20609014541167162
73.25579999844233,0.49094441058655064
73.42646666526794,0.20580699296091698
73.59713333209355,0.49078759938763206
73.76779999891917,0.2055072099155283
73.93845666567483,0.4906137766617911
74.10912333091099,0.20519059599562933
74.27978999773661,0.4904227777993034
74.45045666456222,0.20485697156412316
74.62112333138785,0.49021449963398195
74.79178999821345,0.20450621764296945
74.96245666503907,0.48998884427126244
75.13312333186467,0.2041382528302372
75.30378999789556,0.4897456568733849
75.47445666472116,0.20375289139450473
75.64512333154678,0.48948469152339996
75.8157899983724,0.20334989225111424
75.986456665198,0.4892057171819805
76.15712333202362,0.20292902493493328
76.3277899980545,0.48890842091013953
76.49845666488011,0.20249000625711347
76.66912333170572,0.48859246274776125
76.83978999853133,0.20203250482645993
77.01045666535694,0.48825751363852954
77.18112333218258,0.2015561414699227
77.35176666577658,0.4879030308374725
77.52243333101273,0.20106023970710823
77.69309999783835,0.4875280462257777
77.86376666466394,0.20054380331530383
78.03443333148957,0.4871312427639632
78.20509999831518,0.20000556470763367
78.37576666434606,0.4867110223991867
78.54643333117168,0.19944406652974578
78.71709999799728,0.4862655230123238
78.8877666648229,0.19885734649260733
79.0584333316485,0.48579239354646775
79.22909999847413,0.19824306650030415
79.39976666529972,0.4852890802134413
79.57043333133062,0.19759870766832938
79.74109999815623,0.4847528348110563
79.91176666498184,0.1969218208635719
80.08243333180747,0.48418126567991504
80.25309999863308,0.19621035471809892
80.42376666545867,0.48357246214074523
80.5944333322843,0.19546273204525044
80.7650999991099,0.48292519126601124
80.93576666514079,0.19467814244315676
81.10642333189647,0.4822388484738969
81.27708999872206,0.19385619354372083
81.4477566655477,0.48151311304479627
81.6184233323733,0.1929966152534089
81.78908999760947,0.4807477806740558
81.95975666443506,0.19209923019607641
82.13042333126069,0.4799427753069646
82.30108999808628,0.19116404162431858
82.47175666491191,0.47909819436005285
82.64242333173752,0.19019114675768498
82.81308999856313,0.47821422347926257
82.98375666459401,0.18918074351313674
83.15442333141964,0.47729113659692224
83.32508999824525,0.18813311307684957
83.49575666507086,0.47632928344412667
83.66642333189645,0.18704858171396965
83.83708999792735,0.47532903306542107
84.00775666475297,0.1859274834195649
84.17842333157857,0.4742907330541022
84.34907999833425,0.1847701027201241
84.5197333319982,0.4732147044707453
84.6903999988238,0.18357674176935912
84.86106666564942,0.4721012976014862
85.03173333247503,0.18234774882056137
85.20239999771118,0.4709508773891855
85.3730666645368,0.1810834606467416
85.5437333313624,0.4697638136927411
85.71439999818803,0.17978421468732866
85.88506666501362,0.468540434165724
86.05573333104451,0.1784502915385896
86.22639999787013,0.4672810334727177
86.39706666469573,0.1770819719856453
86.56773333152135,0.4659859340590869
86.73839999834695,0.17567959507338818
86.90906666517257,0.4646555136477745
87.0797333319982,0.17424350972309127
87.25039999802907,0.463290123236827
87.42106666485469,0.17277405121070996
87.5917333316803,0.46189010587442286
87.76239999850591,0.17127154539613054
87.93306666533151,0.4604558108969619
88.10373333215713,0.16973635224635658
88.27438999891281,0.4589876379584624
88.44505666494369,0.16816887273703135
88.61572333176932,0.4574860145151251
88.78638999859493,0.16656949159379472
88.95705666542054,0.45595132322307874
89.12772333224615,0.16493855443448224
89.29838999907176,0.4543839309118313
89.46905666430791,0.16327642926375563
89.63972333113352,0.45278423820070884
89.81038999795913,0.16158350689111622
89.98105666478475,0.4511526592426902
90.15172333161037,0.15986017924617088
90.32238999843598,0.44948960672721305
90.49305666526159,0.15810684108097767
90.66372333129247,0.44779549961974924
90.83438999811808,0.15632386591351366
91.00505666494368,0.44607073010298215
91.1757233317693,0.15451163245332533
91.34638999859492,0.4443157008028091
91.51704666535059,0.1526705411298598
91.68769999901454,0.44253085354665406
91.85836666504541,0.1508010199820108
92.02903333187103,0.44071664373863795
92.19969999869664,0.1489035094847904
92.37036666552225,0.4388735377052387
92.54103333234787,0.14697844711451633
92.71169999837875,0.4370019880794357
92.88236666440963,0.14502628219356506
93.05303333123524,0.4351024795599571
93.22369999806088,0.14304748150812666
93.39436666488646,0.43317550050941894
93.56503333171209,0.14104249912665756
93.73569999774297,0.4312215256982585
93.90636666456858,0.13901176898524115
94.07703333139419,0.4292410167816555
94.24769999821982,0.13695575494870785
94.41836666504541,0.4272344725073654
94.58903333187104,0.13487492843969198
94.75969999869665,0.42520239023952233
94.93035666465758,0.1327697327855977
95.1010233314832,0.42314524598712744
95.27168999830882,0.13064062957540598
95.44235666513443,0.4210635307685666
95.61302333196004,0.12848806838780885
95.78368999878566,0.4189577131448637
95.95435666561129,0.12631247586624558
96.12502333164215,0.4168282522802314
96.29568999846776,0.12411430749908293
96.46635666529338,0.41467563151786113
96.63702333211899,0.12189403230098289
96.8076899989446,0.4125003296273126
96.97835666497548,0.11965211116159448
97.14902333100636,0.41030281588349476
97.31968999783199,0.11738898278323853
97.4903566646576,0.408083551113091
97.66102333148321,0.11510507724968914
97.8316899983088,0.4058429735608702
98.00234333197275,0.11280080552570498
98.17299999872843,0.40358152901794164
98.34366666475931,0.11047659616905976
98.51433333158494,0.4012996824771271
98.68499999841055,0.10813289623518063
98.85566666523616,0.3989978891966481
99.02633333206178,0.10577014610595406
99.19699999888738,0.39667662871996157
99.36766666571299,0.10338878184892158
99.53833333174389,0.39433636019121604
99.70899999856948,0.10098924504420435
99.8796666653951,0.39197753016001263
100.05033333222072,0.09857194796370804
100.22099999904633,0.38960057564036094
100.39166666428247,0.09613733180281397
100.56233333110809,0.3872059516570447
100.7329999979337,0.09368581925529418
100.90366666475931,0.38479410399348013
101.07433333158492,0.09121781933640473
101.24499999841055,0.38236545165441077
101.41566666444143,0.08873374470574774
101.58633333126704,0.37992041673503557
101.75699999809267,0.08623399871293139
101.92765666484833,0.3774594114539453
102.09832333167394,0.08371895113370927
102.26898999849956,0.3749828259209376
102.43965666532517,0.08118898574921682
102.61032333135606,0.37249103201030936
102.78098999818164,0.07864444465734159
102.95165666500728,0.36998444306850314
103.12232333183287,0.07608573682274389
103.2929899986585,0.3674634419037667
103.46365666548411,0.07351322424654107
103.63432333230972,0.36492840234633467
103.8049899983406,0.07092724229501626
103.97565666516621,0.36237964749370494
104.14632333199184,0.06832811940454334
104.31698999881746,0.35981754783669667
104.48765666564304,0.06571622441094928
104.65832333087921,0.35724246778881247
104.82898999770482,0.06309187008168525
104.99965666453042,0.354654706263911
105.17029999812443,0.060455333735410836
105.34096666495005,0.35205454723220875
105.51163333177567,0.0578069027492823
105.68229999860128,0.3494423000232415
105.8529666654269,0.05514686936528765
106.02363333145777,0.34681826078343514
106.1942999982834,0.05247551827813958
106.364966665109,0.3441827065284456
106.53563333193463,0.04979310087743419
106.70629999876022,0.3415358736963953
106.87696666558584,0.0470998428998473
107.04763333241144,0.33887801541844365
107.21829999844233,0.044395984279328185
107.38896666526796,0.33620937159704095
107.55963333209357,0.04168175632190545
107.73029999891915,0.33353016650485273
107.90096666574478,0.03895738148901765
108.07163333098092,0.330840621099977
108.24229999780655,0.036223048801523286
108.41295666456224,0.32814092435544784
108.58362333138783,0.033478920805658396
108.75428999821345,0.32543126267878697
108.92495666503905,0.03072519937441299
109.09562333186469,0.3227118418341662
109.26628999789554,0.027962044779796212
109.43695666472118,0.3199828323096658
109.60762333154678,0.025189680204660447
109.7782899983724,0.3172444334407896
109.94895666519801,0.022408255735738916
110.11962333202362,0.3144968035375781
110.2902899980545,0.019617923957883244
110.46095666488011,0.3117400942871053
110.63162333170574,0.01681883370167723
110.80228999853134,0.3089744730901154
110.97295666535695,0.014011126728187395
111.14362333218256,0.3062000391507837
111.31428999900818,0.011194890313679382
111.48495666503905,0.3034168827623768
111.65562333186467,0.008370221428436693
111.82626666466395,0.3006251064063562
111.99693333148957,0.00553722406059734
112.16759999831518,0.29782485702080846
112.33826666434607,0.002696034627879816
112.50893333117168,0.29501623081385514
112.67959999799727,-0.0001532594770529725
112.8502666648229,0.292199347919481
113.02093333164851,-0.0030105403826181116
113.19159999847413,0.2893742986881566
113.36226666529974,-0.005875747282372931
113.53293333133063,0.28654120214433443
113.70359999815624,-0.008748768233201868
113.87426666498183,0.2837001539052003
114.04493333180744,-0.011629542240790899
114.21559999863307,0.2808512296080843
114.38626666545868,-0.014517989011449565
114.5569333322843,0.2779944976271509
114.72759999910991,-0.017414060666408562
114.8982666651408,0.2751300243855041
115.06892333189646,-0.02031770927043718
115.23958999872207,0.27225786460703294
115.41025666554769,-0.02322885305978734
115.5809233323733,0.2693780598119395
115.75158999760944,-0.02614744308427868
115.92225666443505,0.2664906817432936
116.09292333126068,-0.029073393961336146
116.26358999808629,0.26359577109853516
116.43425666491191,-0.032006686254724186
116.60492333173752,0.2606933713842536
116.77558999856312,-0.03494726074190517
116.94625666459402,0.25778358020654746
117.11692333141964,-0.03789505663901257
117.28758999824522,0.2548664581229155
117.45825666507085,-0.0408500455137854
117.62892333189647,0.25194204316124497
117.79958999792734,-0.043812206464631305
117.97025666475297,0.24901035080367737
118.14092333157858,-0.04678150912136493
118.31156666517259,0.24607142182989794
118.48223333199819,-0.049757928847295914
118.6528999988238,0.24312525074971764
118.8235666656494,-0.052741484210010084
118.99423333247503,0.24017183789938457
119.16489999771117,-0.055732150335723964
119.3355666645368,0.23721119873168378
119.50623333136241,-0.058729918144642956
119.67689999818802,0.234243335931152
119.84756666501362,-0.06173480475804782
120.01823333104451,0.23126824624018943
120.18889999787011,-0.06474680278372187
120.35956666469573,0.22828594986520642
120.53023333152134,-0.06776587480767518
120.70089999834697,0.2252965032123869
120.87156666517258,-0.07079196116609691
121.04223333199818,0.22229995510242115
121.21289999802907,-0.07382500985836107
121.38356666485467,0.2192963508799652
121.55422333161036,-0.07686498281146249
121.72488999843597,0.2162856921661753
121.8955566652616,-0.0799119017470285
122.0662233320872,0.21326795167779194
122.2368899989128,-0.08296576606386022
122.4075566649437,0.21024316612374955
122.5782233317693,-0.0860265918810137
122.7488899985949,0.2072111323313467
122.91955666542053,-0.08909465769372038
123.09022333224615,0.20417144287916658
123.26088999907176,-0.09217032509433176
123.43155666430792,0.20112363244193346
123.60222333113352,-0.09525400498099208
123.77288999795914,0.19806724098142342
123.94355666478475,-0.09834610935399703
124.11422333161036,0.19500188749249125
124.28487999836602,-0.10144687128302411
124.45553333202997,0.19192735838845065
124.62619999806086,-0.10455644195686857
124.7968666648865,0.1888434507120619
124.96753333171209,-0.10767498739998015
125.1381999985377,0.1857500049874888
125.3088666653633,-0.11080259515253107
125.47953333218894,0.18264697749583497
125.65019999901456,-0.1139392576539519
125.82086666504543,0.17953439245629169
125.99153333187103,-0.11708493078045538
126.16219999869665,0.17641230350308923
126.33286666552226,-0.120239551490401
126.50353333234787,0.17328080539147003
126.67419999837875,-0.12340303536042124
126.84486666440962,0.17013998873676486
127.01553333123525,-0.12657528255777276
127.18619999806086,0.166989954951539
127.35686666488648,-0.12975623193190497
127.52753333171208,0.16383075752132248
127.69818999846777,-0.13294583270540336
127.86885666529338,0.16066244812508348
128.03952333132426,-0.13614397606179338
128.21018999814987,0.15748515198994778
128.38085666497548,-0.13935052980921112
128.5515233318011,0.15429898107950976
128.72218999862673,-0.1425653877639495
128.8928566646576,0.15110403781508094
129.0635233314832,-0.14578846534159914
129.23418999830884,0.1479004522166489
129.40485666513445,-0.14901959595091777
129.57552333196003,0.1446884131640836
129.74618999878567,-0.15225862394497802
129.91685666561128,0.1414680770119224
130.08752333164216,-0.15550536628758307
130.25818999846777,0.13823961642259175
130.42885666529338,-0.1587596345927032
130.599523332119,0.13500321825806044
130.7701766649882,-0.16202126384084667
130.94083333174385,0.13175905187230216
131.11149999777476,-0.1652900520906314
131.2821666646004,0.1285073348615232
131.452833331426,-0.1685658351342943
131.6234999982516,0.12524821425161886
131.7941666650772,-0.17184841260203196
131.9648333319028,0.1219819238269832
132.13549999872845,-0.1751375905909629
132.3061666647593,0.11870863559099366
132.47683333158494,-0.17843320285073874
132.64749999841055,0.11542851888081407
132.81816666523616,-0.18173509990883702
132.98883333206177,0.11214174352346402
133.15949999888738,-0.1850430912546327
133.330166665713,0.10884848097201229
133.50083333174388,-0.1883569939221545
133.67148999849957,0.1055489032214244
133.84215666532515,-0.19167664892909997
134.0128233321508,0.1022431710197352
134.18348999897643,-0.19500184381741748
134.35415666421255,0.09893154775690759
134.52482333103814,-0.19833233384072707
134.69548999786375,0.0956142523898528
134.86615666468938,-0.20166790844951632
135.036823331515,0.09229150168007638
135.20748999834058,-0.20500833310991787
135.37815666516622,0.08896351932715485
135.54882333199185,-0.20835338244892357
135.71948999802274,0.08563054320759617
135.89015666484832,-0.21170283322577296
136.06082333167396,0.08229282422020763
136.23148999849954,-0.21505641821251006
136.40215666532518,0.07895063177159994
136.57282333135603,-0.21841390233864078
136.74348999818167,0.07560415799137973
136.91413333177567,-0.221775074834068
137.08479999860128,0.07225366067408191
137.2554666654269,-0.22513970622740057
137.4261333322525,0.06889934951421608
137.59679999907812,-0.22850757074596756
137.76746666431427,0.0655414470750717
137.93813333113985,-0.23187848362476596
138.1087999979655,0.06218017163564169
138.2794666647911,-0.2352522333847571
138.4501333316167,0.058815736264625454
138.6207999976476,-0.2386285955357298
138.7914666644732,0.055448391380398976
138.96213333129882,-0.24200731423793304
139.13279999812443,0.05207840895680437
139.30346666495007,-0.24538813135740542
139.47413333177565,0.04870609903151493
139.6447999986013,-0.24877068053416354
139.81546666542687,0.04533187700337484
139.98613333145778,-0.25215453783485975
140.15678999821344,0.04195612728935381
140.32745666503905,-0.25553934264060885
140.49812333186466,0.03857924643028635
140.66878999869027,-0.2589246971269562
140.8394566655159,0.03520162317570023
141.01012333234152,-0.2623102330323264
141.1807899983724,0.031823643023956946
141.35145666519801,-0.2656955991297686
141.5221233320236,0.028445681189871806
141.69278999884926,-0.269080418104976
141.86345666567485,0.025068078503010623
142.03412333091097,-0.2724643701892871
142.20478999773664,0.02169115690550319
142.37545666456222,-0.27584712292173563
142.54612333138783,0.018315269263778168
142.71678999821341,-0.2792283352646204
142.88743333180747,0.014940804902373494
143.05809999863305,-0.2826076222136589
143.22876666466397,0.011568161713630065
143.39943333148955,-0.2859846041441642
143.57009999831516,0.008197709677753056
143.7407666651408,-0.28935889907349344
143.9114333319664,0.004829782702264143
144.082099998792,-0.29273019624356417
144.25276666561763,0.0014647562332926187
144.42343333244327,-0.2960982019560009
144.59409999847415,-0.001897070439988173
144.76476666529973,-0.2994626976654622
144.93543333212534,-0.005255467873257392
145.10609999895095,-0.302823382675368
145.2767666657766,-0.008609975166728168
145.44743333101275,-0.3061797111277406
145.61809999783833,-0.011960066206501458
145.78876666466397,-0.30953118146582187
145.95943333148955,-0.015305261014107585
146.13008999824524,-0.3128773260457721
146.30075666507082,-0.01864508635417862
146.47142333189646,-0.3162176801567681
146.64208999792734,-0.021979084114160087
146.81275666475295,-0.31955180932099136
146.98342333157856,-0.02530680962493124
147.1540899984042,-0.3228792985470235
147.3247566652298,-0.02862783009619699
147.49542333126067,-0.3261997015965916
147.6660899980863,-0.031941672550155883
147.8367566649119,-0.32951254064313484
148.00742333173753,-0.035247858899688365
148.1780899985631,-0.33281735735804074
148.34875666538875,-0.03854594677241084
148.51942333221436,-0.33611372766705405
148.69008999903997,-0.04183551844114427
148.86073333104451,-0.3394012515136115
149.03139999787012,-0.045116176081578564
149.2020666646957,-0.3426795538396798
149.37273333152137,-0.04838752884408814
149.54339999834696,-0.34594825477950025
149.71406666437784,-0.05164916224650506
149.88473333120345,-0.34920689643419195
150.0553999980291,-0.05490066783034129
150.2260666648547,-0.35245502989647376
150.3967333316803,-0.05814162455339025
150.56739999850592,-0.35569230129650553
150.73806666533153,-0.061371708151180884
150.90873333136238,-0.3589183782739442
151.07939999818805,-0.06459059379913218
151.25006666501363,-0.3621329791020584
151.42073333183924,-0.06779798449035059
151.59138999859493,-0.3653357089477561
151.76205666542054,-0.07099347779333087
151.93272333224616,-0.3685261508719944
152.10338999827704,-0.07417662305106604
152.27405666510265,-0.3717038010145131
152.44472333192826,-0.07734688917516074
152.61538999875387,-0.37486821193753267
152.78605666557945,-0.08050387986146931
152.9567233324051,-0.3780189728954051
153.12738999764125,-0.08364716572417367
153.29805666446686,-0.3811557817032687
153.46872333129247,-0.0867764647700812
153.6393899981181,-0.3842783000545339
153.8100566649437,-0.08989135915958761
153.9807233317693,-0.38738597795554053
154.1513899985949,-0.09299127435101263
154.3220566646258,-0.39047835417844456
154.4927233314514,-0.09607579239818384
154.66338999827704,-0.3935550368707344
154.83404666503273,-0.09914448203920018
155.00469999869665,-0.39661554999441706
155.17536666552223,-0.1021968731136122
155.34603333234787,-0.3996594037117079
155.51669999837878,-0.10523247419672227
155.68736666520437,-0.4026861591938161
155.85803333202998,-0.10825086974045064
156.0286999988556,-0.4056954436308443
156.19936666568123,-0.11125172535587603
156.37003333171208,-0.4086869282775248
156.54069999774296,-0.11423458004372583
156.71136666456857,-0.4116601166464875
156.88203333139418,-0.1171990088939616
157.0526999982198,-0.4146146092974948
157.2233666650454,-0.12014460467199303
157.3940333310763,-0.4175499664341692
157.56469999790193,-0.12307092522008152
157.73535666465762,-0.42046576850324335
157.9060233314832,-0.1259775376739592
158.0766899983088,-0.42336159106765303
158.24735666513442,-0.12886399912903954
158.41802333196006,-0.4262370372003902
158.5886899979909,-0.13172995744573443
158.75935666481655,-0.42909167629213196
158.93002333164216,-0.1345749466266865
159.10068999846777,-0.43192505242664986
159.27135666529335,-0.13739857382442766
159.44202333211896,-0.4347367203747302
159.6126899989446,-0.14020038078768668
159.78335666497549,-0.4375263099634342
159.9540233318011,-0.14298006841220834
160.1246899986267,-0.4402934708306932
160.29533333142598,-0.14573717999259833
160.4659999982516,-0.44303777490106766
160.63666666507723,-0.1484713403138744
160.80733333110808,-0.4457588935026228
160.9779999979337,-0.1511822032810048
161.14866666475933,-0.4484564849125563
161.31933333158491,-0.15386938646235657
161.48999999841052,-0.4511300654656902
161.66066666523616,-0.15653233959377438
161.83133333206177,-0.45377913617498483
162.00199999809266,-0.15917057742604726
162.17266666491827,-0.45640312497766855
162.34333333174388,-0.16178355065007952
162.5139999985695,-0.4590016354763296
162.6846666653951,-0.1643708679631057
162.8553333322207,-0.46157423118986485
163.02599999904632,-0.1669320372194184
163.1966566650073,-0.46412042302358425
163.3673233318329,-0.16946665856187915
163.53798999865847,-0.4666398245881186
163.7086566654841,-0.17197430644486522
163.87932333230975,-0.46913205508753414
164.04998999754588,-0.17445469836005817
164.22065666437146,-0.47159689614645217
164.3913233311971,-0.17690744029461772
164.56198999802274,-0.47403381039871034
164.73265666484832,-0.1793321719722422
164.90332333167393,-0.47644247053175987
165.07398999849957,-0.18172842344520515
165.24465666532518,-0.47882237482678786
165.41532333135606,-0.1840957814930476
165.58598999818167,-0.4811731578318523
165.75665666500726,-0.1864339074805608
165.9273233318329,-0.4834944867202258
166.0979899986585,-0.18874251905537204
166.2686433315277,-0.48578607773540117
166.4392999990781,-0.19102138753322062
166.609966665109,-0.48804771595723423
166.7806333319346,-0.19327036484511428
166.95129999876022,-0.4902791858924648
167.12196666558586,-0.1954891839706415
167.29263333241144,-0.49248013538245133
167.4632999976476,-0.19767758011843387
167.6339666644732,-0.49465024830115784
167.80463333129882,-0.19983517702278214
167.97529999812443,-0.49673531904547347
168.14596666495004,-0.20177805791456363
168.31663333098095,-0.4987392987833704
168.48729999780653,-0.20369913257893876
168.65796666463217,-0.5007203567251822
168.82863333145775,-0.20559779413577148
168.99928999821344,-0.5026779384989123
169.16995666503902,-0.2074737463587548
169.3406233318647,-0.5046118688563914
169.51128999869027,-0.20932667129346277
169.68195666472116,-0.506521623302248
169.8526233315468,-0.2111563000828884
170.0232899983724,-0.5084070171449805
170.19395666519802,-0.21296248756118064
170.36462333202363,-0.510267801465785
170.53528999884924,-0.21474519740813566
170.70595666567485,-0.5121039677510653
170.87662333170573,-0.2165042159286375
171.04728999853134,-0.513915218697093
171.21795666535695,-0.2182391909932304
171.3886233321826,-0.5157009132139643
171.55928999900817,-0.21994957332338028
171.7299566642443,-0.5174605587173061
171.90059999783836,-0.22163482342136123
172.07126666466394,-0.5191936015730095
172.24193333148955,-0.22329436708038225
172.4125999983152,-0.5208995617348969
172.5832666651408,-0.22492783304604563
172.75393333196638,-0.5225780327761792
172.9245999979973,-0.2265348477215189
173.0952666648229,-0.5242285860111877
173.2659333316485,-0.22811491758737795
173.43659999847415,-0.5258507344383663
173.60726666529973,-0.2296675893185357
173.77793333212537,-0.5274441515714948
173.94859999895095,-0.2311924361233655
174.11926666577656,-0.5290083021269362
174.28993333180748,-0.23268888717697742
174.46058999856314,-0.5305424185941157
174.63125666538878,-0.23415621763270442
174.80192333221436,-0.5320458720166997
174.97258999903997,-0.23559390800598745
175.14325666427612,-0.5335181164679852
175.3139233311017,-0.23700143272266438
175.48458999792737,-0.5349586429465129
175.65525666475295,-0.2383782922615156
175.82592333157857,-0.5363669439981367
175.99658999840418,-0.23972415791674076
176.16725666522981,-0.5377428802139945
176.3379233312607,-0.24103872715947186
176.50858999808628,-0.5390859354984813
176.67925666491192,-0.24232133739806935
176.84992333173753,-0.5403953649808587
177.02058999856314,-0.24357118697250063
177.1912466653188,-0.5416704981229475
177.36189999898275,-0.24478788754218417
177.5325666650136,-0.542911122610024
177.70323333183924,-0.24597105442913322
177.87389999866485,-0.5441167470605949
178.04456666549046,-0.24712019585060166
178.21523333231607,-0.5452868080340046
178.38589999914169,-0.24823471143682083
178.55656666437784,-0.546420622705838
178.72723333120345,-0.24931383412096267
178.89789999802906,-0.5475174444302713
179.0685666648547,-0.25035707282604586
179.23923333168028,-0.5485768081660376
179.4098999977112,-0.2513640024213075
179.5805666645368,-0.5495983836802486
179.7512333313624,-0.2523341522862826
179.92189999818802,-0.550581684633439
180.0925566649437,-0.25326714021833907
180.26322333176932,-0.551526297994391
180.4338899985949,-0.25416247694758204
180.60455666462582,-0.5524316616969938
180.77522333145143,-0.2550196219621281
180.94588999827704,-0.553297233154834
181.11655666510265,-0.2558380754478047
181.28722333192826,-0.5541224444329346
181.4578899987539,-0.25661724673214076
181.62855666557948,-0.5549068696360361
181.79922333161034,-0.25735667631360376
181.96988999843597,-0.5556499528467547
182.14055666526158,-0.25805577649881295
182.3112233320872,-0.5563510704852908
182.4818899989128,-0.2587139911354879
182.6525466656685,-0.5570098300129676
182.82319999774296,-0.2593310335660283
182.99386666456857,-0.5576260237018972
183.1645333313942,-0.2599065497200213
183.33519999821982,-0.5581990801378386
183.5058666650454,-0.2604398357978926
183.67653333187104,-0.5587284259981099
183.84719999869665,-0.26093041062964184
184.01786666472753,-0.5592134309668324
184.18853333155312,-0.2613778224073012
184.35919999837876,-0.5596538039296381
184.52986666520437,-0.2617818436170541
184.70053333202998,-0.5600493895180093
184.8711999988556,-0.26214235857471246
185.04185666561128,-0.5604002390545854
185.21252333164216,-0.2624591435902089
185.38318999846777,-0.5607058709869243
185.55385666529338,-0.26273160895014297
185.72452333211896,-0.560965727553582
185.8951899989446,-0.2629591460579003
186.06585666497548,-0.5611789405728723
186.23652333100637,-0.26314089483687986
186.40718999783198,-0.5613447283967039
186.57785666465756,-0.26327637505934115
186.74852333148323,-0.5614626301738895
186.9191899983088,-0.2633651006241335
187.08985666513442,-0.5615322738317761
187.26052333196003,-0.26340681155229856
187.43118999799094,-0.5615535236945493
187.60183333158494,-0.26340130338546847
187.77249999841055,-0.5615259559685876
187.94316666523616,-0.2633482161467105
188.11383333206177,-0.5614494545227533
188.28449999888738,-0.26324740103080296
188.455166665713,-0.5613239452077063
188.62583333174388,-0.2630984690762555
188.7964999985695,-0.5611488668875798
188.9671666653951,-0.2629012081514579
189.1378333322207,-0.560923905051718
189.30849999904632,-0.2626552885660045
189.47916666428247,-0.560648746538472
189.6498333311081,-0.26236043343425824
189.82049999793372,-0.5603231397413955
189.99116666475933,-0.2620165199516963
190.16183333158492,-0.5599470229345261
190.33249999841055,-0.26162345235377055
190.50315666516622,-0.5595203093750978
190.67382333199185,-0.2611813346356299
190.84448999802274,-0.559043427864247
191.01515666484835,-0.2606907101205166
191.18582333167396,-0.5585165218590081
191.35648999849954,-0.26015164912906974
191.52715666532518,-0.5579397402146585
191.69782333135603,-0.2595644197292099
191.86848999818167,-0.5573133979442648
192.03915666500728,-0.2589293378976198
192.2098233318329,-0.5566376655871305
192.3804899986585,-0.25824639740246436
192.55115666548414,-0.5559125538369329
192.72182333230973,-0.2575159048691882
192.89248999834064,-0.5551385600519881
193.0631433312098,-0.25673801299511967
193.2337999979655,-0.5543155511949075
193.40446666479107,-0.255912506147216
193.5751333316167,-0.5534433150560572
193.7457999976476,-0.255039092690332
193.91646666447323,-0.5525213484992195
194.08713333129882,-0.2541172100086792
194.25779999812443,-0.551549162603156
194.42846666495007,-0.2531465459249704
194.59913333177565,-0.5505265105757773
194.7697999986013,-0.252126815674614
194.94046666542687,-0.5494530748957741
195.11113333145778,-0.2510577596611878
195.2817999982834,-0.5483285694270686
195.45246666510897,-0.24993906989703538
195.6231333319346,-0.547152672885754
195.79378999869027,-0.24877049432264173
195.9644566655159,-0.5459252338904502
196.13512333234152,-0.24755173851538662
196.3057899983724,-0.544645988594085
196.476456665198,-0.2462826882930861
196.6471233320236,-0.5433148791616229
196.81778999884926,-0.24496305892309717
196.98845666567485,-0.5419315746655321
197.15912333091097,-0.24359258589333252
197.32978999773664,-0.540495838847108
197.50045666456222,-0.2421709856067719
197.67112333138783,-0.5390072298891992
197.84178999821341,-0.24069775817839964
198.01244333187742,-0.5374653032244863
198.18309999863305,-0.23917255636556423
198.35376666466397,-0.5358697079678832
198.52443333148955,-0.2375949711156368
198.6950999983152,-0.5342200775340225
198.8657666651408,-0.23596481928207025
199.0364333319664,-0.5325163849451113
199.20709999879202,-0.2342817382466273
199.37776666561763,-0.5307578337723142
199.54843333244327,-0.23254501524648474
199.71909999847415,-0.5289440588262738
199.88976666529973,-0.23075429836535474
200.06043333212534,-0.5270745736233465
200.23109999895095,-0.22890923138688618
200.4017666657766,-0.525149201454795
200.57243333101275,-0.227009565627447
200.7430899977684,-0.5231677757088059
200.91375666459402,-0.22505512828133384
201.08442333141963,-0.521130154568157
201.25508999824524,-0.22304588807923023
201.42575666507082,-0.5190364368625608
201.5964233318965,-0.22098184624005984
201.76708999792734,-0.5168865743160502
201.93775666475295,-0.21886295623704285
202.10842333157856,-0.5146806267535136
202.2790899984042,-0.2166893526279251
202.4497566652298,-0.5124188633328101
202.62042333126067,-0.21446120639791041
202.7910899980863,-0.5101014179190225
202.9617566649119,-0.2121786512299975
203.13242333173753,-0.507728541172261
203.3030899985631,-0.20984195877774
203.4737333321571,-0.5053004479307437
203.64439999898272,-0.20745124954933472
203.81506666580836,-0.5028173238728729
203.98573333104451,-0.2050067791226178
204.1563999978701,-0.5002795237761627
204.3270666646957,-0.20250881012240401
204.49773333152137,-0.4976870613868311
204.66839999834696,-0.19995726693618276
204.83906666437784,-0.4950399813677976
205.00973333120345,-0.1973523757761869
205.1803999980291,-0.49233874341028094
205.35106666485473,-0.19469451076986022
205.5217333316803,-0.4895836621075671
205.69238999843597,-0.19198405580059574
205.86305666526158,-0.48677514748692835
206.03372333129246,-0.18922114854318878
206.20438999811807,-0.48391329163378
206.3750566649437,-0.18640595798435428
206.5457233317693,-0.4809982244454844
206.71638999859493,-0.1835386272929873
206.88705666542054,-0.4780300953450301
207.05772333224613,-0.1806192742961953
207.22838999827704,-0.4750090595749334
207.39905666510262,-0.17764816405564113
207.56972333192826,-0.47193537838434463
207.74038999875387,-0.17462547616915983
207.91105666557945,-0.46880924523556217
208.0817233324051,-0.17155144675428913
208.25238999764127,-0.4656309363811481
208.42303333123527,-0.1684263691225146
208.59369999806086,-0.46240074917288027
208.7643666648865,-0.16525063183064462
208.93503333171208,-0.45911904083560306
209.1056999985377,-0.1620245524852028
209.27636666536333,-0.4557861456602419
209.44703333139424,-0.15874848605184927
209.61769999821982,-0.4524024358029503
209.7883666650454,-0.15542277094312118
209.959033331871,-0.4489682421957036
210.12969999869665,-0.15204778109323253
210.30036666552223,-0.4454839224549166
210.47103333234787,-0.14862390895192726
210.6416899983088,-0.4419498025289678
210.81235666513444,-0.14515144367316982
210.98302333196003,-0.43836621276701376
211.15368999878564,-0.14163074470355072
211.32435666561128,-0.43473353327594894
211.49502333164213,-0.1380622049477624
211.66568999767304,-0.43105215253778756
211.83635666449862,-0.1344462288851575
212.00702333132426,-0.42732244300629446
212.1776899981499,-0.13078321713122343
212.34835666497548,-0.42354478276385404
212.5190233318011,-0.1270735573345526
212.68968999862668,-0.41971962438566796
212.8603566646576,-0.12331765785541114
213.03102333148323,-0.415847335000971
213.20167666514712,-0.11951602695938547
213.37233333190278,-0.4119283474580765
213.54299999872842,-0.11566903925625818
213.71366666555406,-0.4079631727656889
213.88433333237967,-0.11177724008818969
214.0549999984105,-0.40395235864172835
214.22566666523616,-0.10784129082962209
214.39633333206174,-0.3998965316140543
214.56699999888738,-0.10386176301461256
214.737666665713,-0.3957962972365189
214.90833333094915,-0.09983940359079108
215.07899999777473,-0.3916524625325859
215.24966666460037,-0.09577499929446295
215.42033333142598,-0.38746585202316586
215.59098999818167,-0.09166938746204457
215.76165666500728,-0.38323731436617964
215.93232333183286,-0.08752333148724281
216.1029899986585,-0.37896759330853713
216.27365666468936,-0.08333765811025723
216.444323331515,-0.3746574935592515
216.6149899983406,-0.07911313830844685
216.7856566651662,-0.37030774072797196
216.95632333199183,-0.07485052899524579
217.12698999802274,-0.3659190592924172
217.29765666484832,-0.07055054757890829
217.46832333167396,-0.3614921973966203
217.63898999849954,-0.06621395609774897
217.80965666532515,-0.3570279135748097
217.9803233321508,-0.061841574090966966
218.15097666581468,-0.3525270863689586
218.32163333098097,-0.05743403316788976
218.49229999780655,-0.3479902589597805
218.66296666463217,-0.05299206941162221
218.83363333145775,-0.34341829459811957
219.0042999982834,-0.048516545958365936
219.17496666431424,-0.3388120553982625
219.34563333113988,-0.04400824345179262
219.51629999796546,-0.33417226610029815
219.6869666647911,-0.039467935517559366
219.8576333316167,-0.3294995589148228
220.02829999844235,-0.03489619025487362
220.19896666526793,-0.3247945737902251
220.3696233320236,-0.030293681296007385
220.5402899980545,-0.3200578758616477
220.71095666488014,-0.025660987925368594
220.88162333170573,-0.31529017685377025
221.05228999853134,-0.020998838526674654
221.22295666535697,-0.31049218870038575
221.39362333218259,-0.016308016530920573
221.56428999900817,-0.3056647199595628
221.73495666503905,-0.01158921756679588
221.90562333186466,-0.300808437268685
222.0762899986903,-0.006843275436305171
222.24695666551594,-0.2959242057886461
222.41762333234152,-0.0020710322194367847
222.588276664416,-0.2910127999335714
222.7589333311717,0.002726740667652401
222.9295999979973,-0.2860750658443471
223.1002666648229,0.007549225729978509
223.27093333164854,-0.281111786480092
223.44159999847415,0.01239566063508855
223.61226666529973,-0.2761237192838037
223.7829333313306,0.017265327531449593
223.95359999815622,-0.27111158442211686
224.12426666498186,0.022157528183295177
224.29493333180744,-0.2660760639972186
224.46559999863308,0.027071474905648485
224.6362666654587,-0.26101795366469527
224.80693333228433,0.03200635454082646
224.9775999991099,-0.2559380788167311
225.14826666514077,0.036961158719316885
225.31892333189649,-0.2508374160540108
225.48958999872207,0.04193535092486648
225.6602566655477,-0.24571654379605498
225.8309233323733,0.04692814216162658
226.00158999760947,-0.24057629864319896
226.17225666443505,0.051938608521069976
226.3429233312607,-0.2354175723714119
226.5135899980863,0.056965877965054215
226.68425666491194,-0.2302412250067061
226.85492333173752,0.062009027094775605
227.0255899985631,-0.22504821007499412
227.19625666459402,0.06706724915532232
227.36692333141963,-0.21983933193283012
227.53756666501363,0.07213969236494283
227.70823333183927,-0.21461538931066282
227.87889999866485,0.07722541180153757
228.04956666549046,-0.20937742765149162
228.2202333323161,0.08232348875138766
228.39089999834695,-0.20412630407331855
228.5615666651726,0.08743293191538072
228.7322333319982,-0.19886300426619727
228.90289999882384,0.09255278682349152
229.07356666564942,-0.1935885485132542
229.244233332475,0.09768216148109483
229.4148999977112,-0.1883037754234976
229.58556666453683,0.10282000165529817
229.7562333313624,-0.18301007362838467
229.92689999818805,0.10796505028958536
230.09756666501363,-0.17770847767466458
230.26822333176932,0.11311649717683721
230.4388899985949,-0.17239966959724606
230.60955666462579,0.11827340658766101
230.78022333145145,-0.16708471839274872
230.95088999827703,0.12343462847481013
231.12155666510267,-0.16176468238196323
231.29222333192826,0.12859926280085232
231.46288999795917,-0.15644042136696346
231.63355666478475,0.13376635966453795
231.80422333161036,-0.15111299099937908
231.974889998436,0.13893473359122907
232.14555666526158,-0.14578349325686737
232.3162233320872,0.14410337741923848
232.4868666656812,-0.1404530712694301
232.6575333317121,0.14927103337915926
232.82819999774296,-0.13512295266625987
232.9988666645686,0.15443658141741995
233.16953333139423,-0.12979423718762864
233.34019999821982,0.1595989305811204
233.5108666650454,-0.12446815962590266
233.6815333310763,0.16475678012805337
233.85219999790192,-0.11914601481445047
234.0228666647275,0.16990889080808574
234.19353333155314,-0.1138291532629901
234.36419999837875,0.1750539245196838
234.5348666652044,-0.10851885993754078
234.70552333196002,0.1801905844939514
234.87618999799096,-0.10321653811257864
235.04685666481654,0.18531765009457463
235.21752333164213,-0.0979233183653222
235.38818999846777,0.1904339446222384
235.55885666529338,-0.09264036409696036
235.72952333211896,0.19553829226268057
235.9001899989446,-0.08736890861987698
236.07085666497545,0.20062936512993676
236.2415233318011,-0.082110643366378
236.41218999862673,0.20570548253039314
236.5828566654523,-0.07686706978344561
236.7534999982516,0.210765227235846
236.9241666650772,-0.07163959844806739
237.09483333110808,0.21580735215917246
237.2654999979337,-0.06642951704053504
237.43616666475933,0.22083052229437627
237.60683333158494,-0.061238043630880236
237.77749999841052,0.22583357950897037
237.94816666523616,-0.05606642517604251
238.11883333206174,0.23081524651800747
238.28949999809265,-0.05091568440012506
238.4601666649183,0.23577453825628805
238.63083333174387,-0.045786995598748104
238.80149999856948,0.24071021967249798
238.97216666539506,-0.04068151154995533
239.1428333322207,0.24562118050774126
239.31349999904631,-0.035600324437068766
239.4841666650772,0.25050624269420985
239.65482333183292,-0.0305447367092936
239.8254899986585,0.2553641724984369
239.9961566654841,-0.02551598823631799
240.16682333230975,0.26019372636601745
240.3374899975459,-0.020515368327999613
240.50815666437148,0.26499371362677904
240.6788233311971,-0.015544099482283791
240.84948999802273,0.2697628717793652
241.02015666484832,-0.010603324963428147
241.19082333167393,0.274500015957929
241.36148999849956,-0.005694179511393193
241.5321566653252,0.2792040685816699
241.70279999812442,-0.0008177179231233562
241.87346666495006,0.2838739119535959
242.04413333177567,0.004024804994948625
242.21479999860125,0.2885083035033534
242.3854666654269,0.008832309810161552
242.5561333322525,0.2931061115888701
242.72679999907808,0.013603641256836897
242.897466665109,0.2976662196088674
243.06813333193458,0.018337724525358232
243.23879999876021,0.3021875102845268
243.40946666558585,0.02303326194239557
243.58013333241146,0.3066687096621531
243.75079999764756,0.027689030922929878
243.92145666440328,0.31110859372157806
244.09212333122892,0.032303744607348375
244.2627899980545,0.31550583620628336
244.4334566648801,0.03687594529649752
244.6041233317057,0.3198590615725819
244.77478999853133,0.04140425037052869
244.94545666456224,0.3241668536128291
245.11612333138783,0.0458872595946044
245.2867899982134,0.32842765962571535
245.45745666503908,0.05032298916811147
245.62812333186466,0.3326393059992993
245.7987899986903,0.054708973148802034
245.9694566647212,0.33679921692131615
246.1400999991099,0.05904211291178097
246.31076666514076,0.34090442889179506
246.4814333319664,0.06331915383240916
246.65209999879198,0.344951603124693
246.82276666561765,0.06753606280659977
246.99343333244323,0.34893644011287295
247.1640999976794,0.07168823064613301
247.33476666450503,0.3528544262359764
247.5054333313306,0.07577081173862502
247.67609999815622,0.3567005517787787
247.8467666649818,0.07977864025229574
248.0174333310127,0.36047043184601724
248.1880899985631,0.08370749018449401
248.358756664594,0.36415990864653974
248.52942333141965,0.08755355928909507
248.70008999824523,0.36776593758776416
248.87075666507084,0.09131422678265923
249.04142333189648,0.37128625090875716
249.21208999792734,0.09498736189478611
249.38275666475292,0.37471897121963904
249.55342333157859,0.09857116355362394
249.72408999840417,0.3780622552572735
249.8947566652298,0.10206383693471041
250.0654233320554,0.381314501595037
250.23608999888103,0.10546394308395825
250.4067466656367,0.3844743586643384
250.5773999977112,0.10877023209060499
250.7480666645368,0.3875406133140504
250.9187333313624,0.11198154911218333
251.089399998188,0.3905121921064733
251.26006666501362,0.1150969246729754
251.43073333104448,0.39338815650237724
251.60139999787012,0.11811545218277718
251.77206666469573,0.3961676034877694
251.94273333152137,0.12103626315889161
252.113399998347,0.3988496521323812
252.2840666651726,0.12385845407287326
252.4547333319982,0.4014333604582354
252.62538999795916,0.12658113035989593
252.79605666478474,0.4039179036586979
252.96672333161035,0.1292035088126413
253.137389998436,0.40630249725913037
253.30805666526157,0.1317248166143472
253.4787233320872,0.4085863829381536
253.64938999891282,0.13414431825540332
253.8200566649437,0.410768797757867
253.99072333176932,0.13646120965423708
254.1613899985949,0.412848919744765
254.33205666542054,0.13867470126127102
254.50272333224615,0.4148260166080198
254.67338999907173,0.14078410840664782
254.84405666430789,0.4166994201476872
255.01472333113355,0.1427887526754826
255.18538999795913,0.418468437765613
255.35604666471482,0.1446879483355206
255.52669999837877,0.4201323894433744
255.69736666520436,0.14648103453310682
255.86803333202997,0.42169063752892844
256.0386999980609,0.14816741632007838
256.2093666648865,0.42314264018652126
256.38003333171207,0.14974660372940513
256.55069999853765,0.42448792732039176
256.72136666536323,0.15121813593615763
256.89203333218893,0.4257260235202279
257.0626899989446,0.15258154749423763
257.2333566649755,0.42685650442190515
257.4040233318011,0.15383646521687244
257.5746899986267,0.4278790335338005
257.7453566654523,0.1549825812193398
257.9160233322779,0.4287933255690881
258.0866899983088,0.15601961834018635
258.2573566643397,0.429599107844332
258.4280233311653,0.15694732589085914
258.5986899979909,0.43029614195239574
258.76935666481654,0.15776547821648787
258.9400233316422,0.43088419868993777
259.11068999846776,0.158473855477605
259.2813566652934,0.4313630819624233
259.45202333132426,0.1590723169103107
259.6226766649882,0.43173269439604617
259.79333333174384,0.1595608065604692
259.9639999985695,0.43199299032599353
260.1346666653951,0.15993930919001853
260.30533333222075,0.4321439533767552
260.47599999904634,0.16020783639853156
260.6466666650772,0.4321856105122932
260.8173333319029,0.16036645380613893
260.98799999872847,0.4321180412658091
261.15866666555405,0.1604152890482497
261.32933333237963,0.4319413782622896
261.49998999754587,0.16035448779763556
261.67065666437145,0.4316557486908307
261.8413233311971,0.160184213112021
262.0119899980227,0.4312613444611658
262.1826566648483,0.159904710186949
262.353323331674,0.43075842840573825
262.5239899984996,0.15951627916384392
262.69465666532517,0.4301472910616536
262.8653233313561,0.1590192382553874
263.03598999818166,0.42942824955863584
263.20665666500724,0.15841395193912503
263.3773233318329,0.42860166806840416
263.54798999865847,0.1577008128927361
263.7186566646894,0.427667918183667
263.88932333151496,0.1568802212283096
264.05997666517897,0.42662740727096526
264.23063333193465,0.15595262854511785
264.40129999876024,0.42548060000578675
264.5719666655858,0.15491853780298828
264.7426333324114,0.42422799870916655
264.9132999976476,0.15377848082013523
265.0839666644732,0.4228701274395374
265.2546333312988,0.15253301339438355
265.42529999812444,0.42140752887303
265.59596666495,0.15118270150390997
265.7666233317057,0.41984075783715596
265.93728999853136,0.14972814824043915
266.10795666456227,0.41817042652920927
266.27862333138785,0.14817001857086998
266.44928999821343,0.41639720407077907
266.619956665039,0.14650901128871954
266.79062333186465,0.41452179120865024
266.96128999869023,0.1447458697170171
267.1319566647212,0.4125449176393926
267.3026233315468,0.14288135890215228
267.4732899983724,0.4104673350494036
267.643956665198,0.14091627595699524
267.81462333202364,0.40828982017090093
267.9852666656176,0.13885144044278064
268.1559333324432,0.4060132032081058
268.3265999976794,0.13668773214345623
268.497266664505,0.4036383601614142
268.66793333133063,0.13442607840553972
268.83859999815627,0.4011662087077058
269.00926666498185,0.13206742845046007
269.1799333310127,0.39859769024180053
269.35059999783834,0.12961274945363915
269.5212666646639,0.39593377341477287
269.6919333314895,0.12706305321976702
269.8625999983152,0.39317545950560756
270.03325666507084,0.12441935940334758
270.20392333189653,0.3903237544760041
270.3745899979274,0.12168269708017691
270.54525666475297,0.38737967854184624
270.7159233315786,0.11885413252346383
270.8865899984042,0.38434430508901307
271.05725666522983,0.11593477516472296
271.2279233320554,0.3812187323147008
271.398589998881,0.11292573958302436
271.5692566657067,0.37800406525055674
271.73992333173754,0.10982814909709736
271.9105899985631,0.3747014174150377
272.08125666538876,0.1066431553939993
272.25191333214445,0.37131194404169515
272.4225666650137,0.1033719581476937
272.5932333310445,0.3678368382283522
272.7638999978701,0.100015740705944
272.93456666469575,0.3642772536709951
273.1052333315214,0.09657566592628568
273.275899998347,0.3606343414924251
273.44656666517255,0.09305291536623371
273.6172333319982,0.3569092854715771
273.78789999802905,0.08944870482740792
273.9585666648547,0.3531033030052229
274.1292333316803,0.08576428777385875
274.2998999985059,0.34921763522018134
274.4705566652616,0.08200089903114019
274.6412233320872,0.34525351880734606
274.8118899989128,0.07815982458621414
274.9825566649437,0.34121222747021096
275.1532233317693,0.07424235177524488
275.3238899985949,0.33709504103779037
275.49455666542053,0.07024978010219143
275.66522333224617,0.3329032461885161
275.83588999907175,0.06618340371031431
276.0065566643079,0.32863814690388377
276.1772233311335,0.062044535760767704
276.3478899979591,0.3243010083630636
276.5185566647848,0.057834439169878286
276.68919999837874,0.3198931187326499
276.8598666652044,0.05355446743280757
277.03053333202996,0.31541581536843666
277.2011999980608,0.04920596196968591
277.3718666648864,0.31087043649216706
277.5425333317121,0.044790285038408
277.71319999853773,0.30625833948519915
277.88386666536337,0.04030880021705208
278.05453333218895,0.3015808760416252
278.22519999901454,0.03576289882624439
278.39586666504545,0.2968394328522146
278.566533331871,0.03115395650267503
278.7371999986966,0.29203540327748423
278.90785666545236,0.02648339507869361
279.07852333227794,0.287170154389243
279.2491899983089,0.02175251128161963
279.4198566643397,0.2822450124171819
279.59052333116534,0.016962686927073135
279.7611899979909,0.27726134923405205
279.93185666481656,0.012115309426444556
280.10252333164215,0.27222057551399625
280.2731899984677,0.007211861987700131
280.4438566652933,0.26712415571643056
280.6145233313242,0.0022537802821677904
280.78518999814986,0.2619735295958809
280.9558433318138,-0.002757478988429285
281.1264999985695,0.2567701454179225
281.2971666653951,-0.007820419250672861
281.4678333322207,0.2515154982692577
281.6384999990463,-0.012933466348122312
281.8091666650772,0.24621114916210404
281.9798333319028,-0.01809514412896865
282.15049999872844,0.2408585582355395
282.321166665554,-0.023303903387274467
282.4918333323796,0.23545923383233516
282.6624999976158,-0.028558289395764457
282.8331666644414,0.23001461063994302
283.003833331267,-0.03385679168861018
283.1744999980926,0.22452622487780965
283.34515666484833,-0.03919787885889716
283.5158233316739,0.2189956260532814
283.68648999849955,-0.0445800061325126
283.8571566653252,0.21342434759415954
284.02782333135605,-0.05000161956791895
284.1984899981816,0.20781391291397652
284.36915666500727,-0.05546128358924088
284.53982333183285,0.20216580689902966
284.71048999865855,-0.060957354991918546
284.8811333322525,0.19648168158037874
285.05179999907807,-0.06648818015314512
285.222466665109,0.1907631156955045
285.39313333193456,-0.07205217005643297
285.56379999876026,0.18501167659754741
285.73446666558584,-0.0776477568294845
285.9051333324115,0.17922891209993136
286.0757999976476,-0.08327335764179981
286.2464666644732,0.17341636539247385
286.4171333312988,-0.08892742785892542
286.5877999981244,0.16757560350438705
286.75846666495005,-0.0946084476896949
286.92912333170574,0.1617081258768682
287.0997899985313,-0.10031486814326065
287.2704566645622,0.15581550012709725
287.4411233313878,-0.10604512971501161
287.6117899982134,0.14989926608481552
287.7824566650391,-0.11179771582229088
287.9531233318647,0.14396093583407504
288.1237899986903,-0.11757108505116645
288.29445666472117,0.13800206544057403
288.4651233315468,-0.1233636903047992
288.6357899983724,0.13202424346860878
288.80645666519797,-0.12917390433435985
288.9771233320236,0.12602911775502668
289.1477899988492,-0.13500002077504644
289.31843333244325,0.12001833831786429
289.48909999767943,-0.1408404562596842
289.659766664505,0.113993459297097
289.8304333313306,-0.14669374018049272
290.00109999815623,0.10795592428604553
290.1717666649818,-0.15255840735240508
290.34243333101267,0.10190726149227192
290.51309999783837,-0.15843288677391779
290.68376666466395,0.0958487465435369
290.8544333314896,-0.1643164876397698
291.02509999831517,0.08978108761800249
291.19576666514075,-0.1702085332651264
291.3664233318965,0.0837049452194032
291.53708999792735,-0.17610858305143032
291.707756664753,0.07762083863767436
291.8784233315786,-0.18201612190775326
292.04908999840416,0.07152951912990704
292.21975666522985,-0.18793026070115756
292.39042333205543,0.0654320520642668
292.561089998881,-0.19384996664724513
292.73175666570665,0.05932945353783391
292.9024233317375,-0.1997742987453476
293.07306666453684,0.053222802063106436
293.2437333313624,-0.2057020971547642
293.414399998188,0.04711340139831254
293.58506666501364,-0.21163195360367718
293.75573333104455,0.04100272162335591
293.92639999787013,-0.21756238332559905
294.0970666646957,0.03489224619046651
294.26773333152136,-0.22349188818463886
294.43839999834694,0.028783504560780816
294.6090666651726,-0.22941888784105463
294.7797333319982,0.022678071180673196
294.95039999802907,-0.23534183559748603
295.1210666648547,0.01657746111591464
295.29172333161034,-0.24125917804083294
295.462389998436,0.010483220225631897
295.6330566652616,-0.24716942810937706
295.8037233320872,0.004396820918758781
295.9743899989128,-0.25307109216767176
296.1450566649437,-0.001680190449129791
296.31572333176933,-0.25896259744339956
296.4863899985949,-0.007746251674335609
296.6570566654205,-0.2648423927794309
296.8277233322462,-0.01379981260613781
296.9983899990718,-0.2707089292504827
297.16905666430796,-0.0198392983108669
297.3397133310636,-0.27656055968721877
297.51036666472754,-0.02586302446157694
297.6810333315531,-0.2823955745145535
297.85169999837876,-0.03186933035252668
298.0223666652044,-0.2882123326520332
298.19303333203,-0.03785659884727826
298.3636999980609,-0.29400921727845053
298.53436666488653,-0.04382320010126549
298.7050333317121,-0.29978458465038504
298.8756999985377,-0.04976751671395035
299.04635666529333,-0.3055368128590404
299.21702333211897,-0.0556879258150757
299.38768999894467,-0.31126426672117435
299.5583566649755,-0.061582811728168714
299.7290233318011,-0.31696536896696104
299.89968999862674,-0.06745060426441248
300.0703566654523,-0.3226385269367365
300.2410233322779,-0.0732897235315283
300.4116899983088,-0.3282821491128547
300.5823566643397,-0.07909859826640331
300.7530233311653,-0.33389468606516504
300.9236899979909,-0.08487566347137421
301.0943566648165,-0.3394745819436167
301.2649999984106,-0.09061940116471706
301.43566666523617,-0.34502033247920433
301.6063333320618,-0.09632828140071427
301.77699999809266,-0.3505304326858965
301.94766666491824,-0.10200080134552637
302.1183333317439,-0.35600332219590497
302.28899999856947,-0.10763536698387577
302.45966666539505,-0.3614374373505102
302.6303333322207,-0.11323044045520386
302.8009999990463,-0.36683125029421604
302.9716666650772,-0.11878446841023291
303.14233333190276,-0.3721831951901777
303.31299999872846,-0.12429588296188546
303.4836566654841,-0.37749171418775057
303.65432333230973,-0.12976315418429166
303.8249899975459,-0.38275526642936675
303.9956566643715,-0.13518470610104072
304.1663233311971,-0.3879722303273756
304.3369899980227,-0.14055895627496356
304.50765666484835,-0.3931410918389502
304.67832333167394,-0.1458844337419261
304.8489899984995,-0.3982603613711328
305.01965666532516,-0.15115966343621692
305.190323331356,-0.4033286242078627
305.3609899981817,-0.1563832371965441
305.5316433318456,-0.4083444629521071
305.70229999860123,-0.16155371764059148
305.8729666654269,-0.4133064261097689
306.04363333225245,-0.16666967960821383
306.21429999907815,-0.4182131365941439
306.384966665109,-0.17172972955690696
306.55563333193464,-0.4230630942919236
306.7262999987602,-0.17673235764874967
306.89696666558586,-0.42785481433206335
307.06763333241145,-0.18167609306961013
307.2382899975777,-0.43258679076091233
307.40895666440326,-0.18655940474867183
307.5796233312289,-0.4372574423408539
307.7502899980545,-0.1913807216402064
307.92095666488007,-0.44186524354680345
308.0916233317057,-0.19613853302782064
308.2622899985313,-0.4464085974441969
308.43295666456225,-0.2008312449528966
308.60362333138784,-0.45088593293135604
308.7742899982135,-0.20545733354121515
308.94495666503906,-0.45529571521964873
309.11562333186464,-0.2100152728723673
309.2862899986903,-0.45963641853296305
309.4569333322843,-0.21450354512984726
309.6275999991099,-0.46390652120355375
309.79826666514083,-0.21892076692040435
309.9689333319664,-0.4681047584825771
310.13959999879205,-0.22326560540740623
310.31026666561763,-0.47222972172249356
310.4809333324432,-0.22753666101253364
310.6515999976794,-0.4762799825871521
310.822266664505,-0.23173252460329882
310.99292333126067,-0.4802541230846647
311.16358999808625,-0.2358518035147869
311.3342566649119,-0.48415071296745166
311.5049233317376,-0.2398930946312724
311.67558999856317,-0.48796839269779674
311.846256664594,-0.24385501553278324
312.01692333141966,-0.4917057432044581
312.18758999824524,-0.24773621035939247
312.3582566650709,-0.4953614335821035
312.52892333189646,-0.2515354084130671
312.6995899979273,-0.4989341168708633
312.870256664753,-0.2552513162406077
313.0409233315786,-0.5024225036297985
313.21157999833423,-0.25888263929187283
313.38223333199824,-0.5058252323661656
313.5528999988238,-0.2624279822888111
313.7235666656494,-0.509140936956449
313.89423333247504,-0.2658860460106225
314.06489999771117,-0.5123683341635117
314.2355666645368,-0.26925555085951614
314.4062333313624,-0.515506145619819
314.576899998188,-0.2725352693522226
314.7475666650136,-0.518553098038841
314.91822333176935,-0.2757240026759877
315.08888999859494,-0.5215080367831352
315.2595566646258,-0.278820615152115
315.43022333145143,-0.5243697693126048
315.600889998277,-0.28182388962483507
315.7715566651026,-0.5271370564747566
315.9422233319282,-0.28473264226217826
316.11288999795914,-0.5298087978379831
316.2835566647848,-0.2875458729465483
316.45422333161036,-0.5323840019633395
316.62488999843595,-0.2902625802025818
316.7955566652616,-0.5348616672581079
316.9662233320872,-0.29288184182806015
317.13686666568117,-0.5372409269491131
317.3075333317121,-0.2954027855508382
317.47819999774293,-0.5395208499882702
317.6488666645686,-0.29782453121503616
317.81953333139415,-0.5417006008907541
317.9901999982198,-0.300146157812303
318.16086666504543,-0.5437793315633765
318.3315333310763,-0.3023668558257003
318.5021999979019,-0.5457563086332907
318.67286666472756,-0.3044860227404791
318.84353333155315,-0.5476309061390289
319.0141999983788,-0.30650306072740013
319.18486666520437,-0.5494026343040102
319.35552333196006,-0.30841741122776717
319.5261899979909,-0.5510708909895317
319.6968566648165,-0.31022839105873085
319.86752333164213,-0.5526349777368582
320.03818999846783,-0.311935288627838
320.2088566652934,-0.5540941594584221
320.379523332119,-0.31353744529785155
320.55018999894463,-0.5554477900229937
320.7208566649755,-0.3150342460250415
320.89149999777476,-0.5566952699556088
321.06216666460034,-0.3164251170225085
321.232833331426,-0.5578359571992652
321.40349999825156,-0.31770953558514275
321.57416666507714,-0.5588694121397064
321.74483333110805,-0.3188869409674861
321.91549999793375,-0.5597949847305022
322.08616666475933,-0.31995669061076787
322.25683333158497,-0.5606120746979337
322.42749999841055,-0.3209183777301453
322.5981566651662,-0.5613203235372167
322.7688233319918,-0.32177157465666684
322.9394899980227,-0.5619191229458107
323.1101566648484,-0.32251564253695847
323.28082333167396,-0.5624079719877938
323.45148999849954,-0.32315012978165725
323.6221566653252,-0.5627864417112485
323.79282333215076,-0.32367475099810433
323.96348999897634,-0.563054241522383
324.13415666500725,-0.3240892006730244
324.3048233318329,-0.5632110954622991
324.47548999865853,-0.324393215159487
324.6461433315277,-0.5632567331427244
324.8167999982834,-0.3245866330610104
324.98746666431424,-0.5631910392882263
325.1581333311399,-0.32466921724297826
325.3287999979655,-0.5630137026093867
325.4994666647911,-0.3246407933662449
325.6701333316167,-0.5627246607903365
325.8407999984423,-0.32450129015081813
326.0114666652679,-0.5623236984119369
326.18213333209354,-0.32425055637299266
326.3527899980545,-0.5618107705116104
326.52345666488014,-0.32388865790366966
326.6941233317057,-0.5611859431415827
326.86478999853136,-0.32341547119068115
327.03545666535695,-0.5604491885992029
327.20612333218253,-0.3228309852229222
327.37678999900817,-0.55960044053532
327.547456665039,-0.3221351839480256
327.7181233318647,-0.5586398076504336
327.8887899986903,-0.32132821427151725
328.0594566655159,-0.5575673951421403
328.2301233323415,-0.3204101398722639
328.40078999757765,-0.5563832897480802
328.57143333117165,-0.3193811790511843
328.74209999799723,-0.5550877454304421
328.9127666648229,-0.3182417446093628
329.0834333316485,-0.5536811343494275
329.25409999847415,-0.3169920233638635
329.4247666652997,-0.5521636405904585
329.5954333313306,-0.31563210355544724
329.7660999981562,-0.5505350726262803
329.9367666649818,-0.3141618909744962
330.10742333173755,-0.5487955765557806
330.27808999856313,-0.312581688754505
330.4487566653887,-0.5469454314005229
330.6194233322144,-0.3108918074113348
330.79008999904,-0.5449849207204432
330.96075666507085,-0.30909243817338994
331.1314233318965,-0.5429143259681847
331.30208999872207,-0.3071840191679877
331.4727566655477,-0.5407340800803716
331.6434233323733,-0.30516694305539666
331.8140899976094,-0.5384446374895566
331.98475666443505,-0.3030418647579208
332.15542333126075,-0.5360466042722738
332.3260799980164,-0.30080922958345957
332.4967333316803,-0.5335404520447009
332.6673999985059,-0.2984695778179573
332.8380666653315,-0.5309268089912241
333.0087333313624,-0.29602345429304
333.17939999818805,-0.5282060346813309
333.3500666650136,-0.29347138939436007
333.52073333183927,-0.5253789072490137
333.69139999866485,-0.29081409947393194
333.8620666654905,-0.5224461298410069
334.0327233322462,-0.2880525115738757
334.20338999827703,-0.519408935095611
334.3740566651026,-0.28518779296327856
334.54472333192825,-0.5162686631005748
334.7153899987539,-0.2822212667823239
334.8860566655795,-0.513026484714405
335.05672333240506,-0.2791538897903874
335.22738999764124,-0.5096836004828917
335.3980566644668,-0.2759867533189802
335.5687233312925,-0.5062408713028302
335.7393899981181,-0.27272071711632734
335.9100566649437,-0.5026991696671296
336.0807233317693,-0.2693566817328834
336.2513666653633,-0.49905936340653095
336.4220333313941,-0.26589563987959475
336.5926999982198,-0.49532263390953046
336.76336666504545,-0.26233880608511717
336.9340333318711,-0.49149038134289874
337.1046999986967,-0.2586876164648965
337.27536666552226,-0.4875640478709107
337.44603333234784,-0.25494337339163353
337.61669999837875,-0.4835451524481356
337.78736666520433,-0.25110779733190663
337.9580233319601,-0.4794356686403523
338.12868999878566,-0.24718280093304962
338.2993566656113,-0.4752375654670664
338.4700233316422,-0.24317013152180178
338.64068999767306,-0.4709526313942131
338.81135666449865,-0.2390716067396849
338.9820233313243,-0.46658275440564534
339.15268999814987,-0.23488895816804908
339.32335666497545,-0.4621296365833421
339.49399999856945,-0.23062352544878698
339.66466666539515,-0.4575944538984593
339.835333331426,-0.2262764748949637
340.00599999825164,-0.4529783539924245
340.1766666650772,-0.22184897522317593
340.3473333319028,-0.44828256403408057
340.51799999872844,-0.21734232286393562
340.688666665554,-0.4435085236902565
340.8593333323796,-0.2127579766024911
341.0299999984105,-0.43865763260575685
341.20066666523616,-0.20809724940838217
341.37133333206174,-0.4337311628815827
341.5419999988873,-0.20336140676998035
341.71265666564307,-0.42873033609352157
341.8833233308792,-0.1985516302440802
342.0539899977048,-0.42365633007366105
342.22465666453047,-0.19366917741005651
342.39532333135605,-0.41851050208819135
342.56598999818164,-0.18871537661323812
342.7366566650073,-0.41329423507267743
342.9073233318329,-0.18369154974647806
343.0779899986585,-0.40800882700204577
343.24864333152766,-0.17859901176522305
343.41929999828335,-0.4026556281462458
343.58996666510905,-0.17343915298439075
343.7606333319346,-0.39723613984630957
343.93129999876027,-0.16821349825969678
344.10196666558585,-0.3917518685367716
344.27263333241143,-0.16292361234900396
344.4432999984423,-0.3862043624288415
344.61396666526787,-0.15757097533614928
344.78463333209356,-0.38059504409424516
344.95528999884925,-0.15215696848027394
345.12595666567483,-0.37492527338065146
345.296623330911,-0.14668300497807754
345.4672899977366,-0.3691965583342737
345.63795666456224,-0.1411506482548321
345.8086233313878,-0.3634103899326841
345.97928999821346,-0.13556131859230722
346.14995666503904,-0.357568205329325
346.3206233318646,-0.1299164119973191
346.49128999789554,-0.3516713580933563
346.6619566647211,-0.12421733854675836
346.8326233315468,-0.3457214305734628
347.0032899983724,-0.11846575078033925
347.1739333319664,-0.3397202156434724
347.344599998792,-0.11266354679848495
347.5152666656176,-0.33366964039850133
347.6859333324432,-0.10681258710589688
347.85659999847405,-0.32757148251396284
348.0272666652997,-0.10091446103357277
348.1979333321254,-0.32142725621442825
348.36859999895097,-0.09497062247115087
348.5392666657766,-0.31523836850764453
348.70992333094284,-0.08898250124090848
348.8805899977684,-0.3090063421974421
349.051256664594,-0.082951702343493
349.2219233314196,-0.30273286237185465
349.3925899982452,-0.07687990533846802
349.5632566650708,-0.29641948797653817
349.73392333189645,-0.0707684921038829
349.9045899979274,-0.29006746395143457
350.075256664753,-0.06461880848899325
350.2459233315786,-0.2836782413771138
350.4165666651726,-0.058432329940071706
350.58723333199816,-0.2772533490023817
350.75789999882375,-0.05221068887207212
350.92856666564944,-0.27079443083323507
351.0992333316803,-0.04595549283677727
351.26989999850593,-0.2643030236158403
351.4405666653315,-0.039668276360523134
351.6112333321572,-0.25778071984138373
351.7818999989828,-0.033350687731413524
351.9525666658084,-0.25122925427564036
352.12323333104456,-0.02700446083517906
352.29389999787014,-0.24465044189377977
352.4645666646957,-0.020631373536957223
352.6352233314514,-0.23804595218992605
352.80588999827705,-0.014233143089889908
352.97655666510263,-0.23141751230236848
353.1472233319282,-0.00781149719613978
353.3178899979592,-0.22476672072665188
353.48855666478477,-0.0013679907200574329
353.65922333161035,-0.2180952091298722
353.829889998436,0.005095764856133381
354.00055666526157,-0.21140452273819685
354.1712133320172,0.011578271435131005
354.3418666656812,-0.2046963240063519
354.5125333317121,0.018077849683118763
354.6831999985377,-0.19797230396186846
354.8538666653633,0.024592762544730227
355.0245333321889,-0.19123429284730903
355.19519999901456,0.031121114547394753
355.3658666650454,-0.18448421271878412
355.5365333310763,0.037661072061813676
355.7071999979019,-0.17772383224050103
355.8778566646576,0.04421086458882457
356.0485233314832,-0.1709550021456613
356.2191899983089,0.050768525459789444
356.38985666513446,-0.16417965096338114
356.56052333196004,0.05733216304934303
356.7311899979909,-0.15739971930119465
356.90185666481653,0.06389979912634261
357.0725233316422,-0.15061751576018306
357.24318999846776,0.07046908507615585
357.4138433321317,-0.1438353956615536
357.5844999988874,0.07703779341860115
357.75516666571303,-0.1370554629862389
357.9258333317439,0.08360397325433018
358.09649999856947,-0.13027971704390742
358.26716666539517,0.09016542852375731
358.43783333222075,-0.12351056129812864
358.60849999904633,0.09671950351338403
358.77916666428246,-0.11675122900816194
358.94983333110815,0.10326276094074636
359.12049999793373,-0.11000529169589622
359.2911666647593,0.10979186190384842
359.4618333315849,-0.10327610536520869
359.63249999841054,0.11630355586772269
359.80315666516617,-0.0965671674930986
359.97382333199187,0.12279441812707859
360.1444899980228,-0.08988158557266089
360.31515666484836,0.12926161553394042
360.48582333167394,-0.08322221409813478
360.6564899984995,0.13570232629990522
360.82715666532516,-0.07659164198410719
360.997823331356,0.14211434181292495
361.16848999818166,-0.06999164301127178
361.3391333317757,0.1484960566651087
361.5097999986013,-0.06342370729674807
361.68046666542693,0.1548459728369971
361.8511333322525,-0.05688938513182878
362.0217999990781,0.16116249947036748
362.1924666643143,-0.05039030176028206
362.36313333113986,0.1674439953616743
362.5337999979655,-0.04392815270170386
362.7044666647911,0.17368881287880225
362.8751233315468,-0.03750457801320409
363.0457899983724,0.1798953460153952
363.216456665198,-0.031121130917390345
363.38712333122885,0.18606202641129976
363.55778999805455,-0.024779430598381058
363.7284566648801,0.19218725547375065
363.8991233317057,-0.018481019117090918
364.0697899985313,0.19826949961176799
364.24045666535693,-0.01222740962854452
364.4111233313878,0.20430733279585328
364.5817766650518,-0.006019820268956328
364.7524333318074,0.21029958450098513
364.9230999986331,0.00014059892843692977
365.0937666654587,0.21624508539824336
365.2644333322843,0.006252738859636621
365.43509999910987,0.22214278176457258
365.60576666434605,0.012315623790453058
365.7764333311717,0.2279917889751277
365.94709999799727,0.01832848700094954
366.1177666648229,0.23379139648035777
366.28842333157866,0.024290656370893192
366.45908999840424,0.2395408793037255
366.6297566652298,0.03020143348342153
366.8004233312607,0.24523951453701298
366.9710899980863,0.03606017353167121
367.1417566649119,0.25088674032487934
367.3124233317375,0.041866455605448924
367.4830899985631,0.25648215797698426
367.653756664594,0.04761988108893926
367.82442333141967,0.262025360306858
367.99508999824525,0.0533200634210447
368.1657566650709,0.2675158858925501
368.3364133318265,0.05896649025128945
368.50706666549047,0.27295317046568685
368.6777333323161,0.06455861934324855
368.8483999991417,0.27833659859057
369.0190666643779,0.07009579791161652
369.18973333120346,0.283665505646297
369.36039999802904,0.07557738674829415
369.5310666648546,0.2889392066530972
369.7017333316803,0.08100267756960099
369.87239999771117,0.294156922007245
370.0430566652616,0.08637083718073006
370.21372333129244,0.299317711291562
370.3843899981181,0.09168086418138097
370.55505666494366,0.30442057328270483
370.7257233317693,0.0969318202715427
370.8963899985949,0.309464572376576
371.06705666462585,0.10212277754844938
371.23772333145143,0.31444881167483674
371.408389998277,0.107252861508993
371.57905666510266,0.3193724117561513
371.74969999869666,0.11232121203370954
371.92036666552224,0.32423451379721885
372.0910333323479,0.11732696945200659
372.26169999837873,0.3290343038970624
372.43236666440964,0.12226938562212021
372.6030333312352,0.3337710519759041
372.77369999806086,0.1271476932324306
372.9443666648865,0.3384439667807005
373.1150333317121,0.13196116089545218
373.285699997743,0.3430523098759248
373.45635666529336,0.1367090625175625
373.62702333132427,0.34759534668577713
373.79768999814985,0.14139069223925058
373.96835666497543,0.3520723461466711
374.1390233318011,0.14600535249045937
374.3096899986267,0.3564826482465875
374.48035666465756,0.15055239993122935
374.6510233314832,0.36082561245631106
374.82168999830884,0.15503117899505117
374.99233333190284,0.3651005779014392
375.1629999987284,0.15944099350770483
375.33366666555406,0.3693068111670815
375.5043333323797,0.1637810876693083
375.6749999976158,0.37344356219209474
375.8456666644414,0.16805073633786
376.01633333126705,0.3775101056122683
376.18699999809263,0.17224917893246086
376.35766666491827,0.3815056707142272
376.52833333174385,0.17637562524996825
376.69898999849954,0.3854295342465366
376.8696566653251,0.18042934012459594
377.04032333135603,0.38928099727480986
377.2109899981817,0.18440965261993086
377.38165666500726,0.393059384309252
377.55232333183284,0.18831589823467101
377.72298999865853,0.39676406745022
377.89365666468944,0.19214745730416613
378.064323331515,0.400394463031549
378.234966665109,0.19590372976180842
378.4056333319346,0.40394997689391793
378.5762999987602,0.19958414112815606
378.7469666655858,0.4074300979426901
378.9176333324114,0.20318823484599816
379.0882999976476,0.4108343882127613
379.2589666644732,0.2067155658331385
379.4296333312988,0.41416233443521117
379.6002999981244,0.2101654994245887
379.77095666488015,0.4174133568290013
379.9416233317057,0.21353753362594224
380.1122899985313,0.4205869300060802
380.2829566645622,0.21683109964799252
380.4536233313878,0.4236825074601958
380.62428999821344,0.22004569068005314
380.794956665039,0.4266996534560576
380.96562333186466,0.22318088414218534
381.13628999869024,0.4296380166756319
381.3069566647212,0.22623625209607165
381.47760999838516,0.4324971301926686
381.6482666651408,0.22921137384561122
381.8189333319664,0.43527655826370887
381.98959999879196,0.2321056852730137
382.16026666561766,0.43797563098924425
382.33093333244324,0.2349184284430541
382.50159999767936,0.440593653315045
382.672266664505,0.23764894577226717
382.84293333133064,0.4431299931635115
383.0135999981562,0.24029653551911237
383.1842566649119,0.44558389241383534
383.3549233317375,0.24286050600076348
383.5255899985631,0.4479547309978631
383.696256664594,0.24534017027965901
383.8669233314196,0.4502418356998389
384.03758999824527,0.24773491357128802
384.2082566650709,0.45244467240010827
384.3789233318965,0.25004413270589976
384.54958999792734,0.4545626614429237
384.72024666547776,0.2522673021187723
384.890899998347,0.4565954150833237
385.06156666517256,0.254404039131905
385.23223333199815,0.45854252773028165
385.40289999882384,0.256453901477609
385.5735666656494,0.46040362458738154
385.744233332475,0.2584165691127752
385.9148999977112,0.4621784086063688
386.08556666453677,0.2602917985841087
386.2562333313624,0.46386670570404276
386.4268899981181,0.2620794627385191
386.5975566649437,0.4654684035901169
386.7682233317693,0.2637794357315175
386.9388899985949,0.4669833783225478
387.10955666462576,0.2653916422472767
387.28022333145134,0.4684115907185251
387.4508899982771,0.2669160434329253
387.6215566651027,0.4697530118815493
387.79222333192826,0.26835263956015337
387.9628899979591,0.4710077471994621
388.13353333234784,0.2697016234443675
388.30419999837875,0.4721760147151567
388.47486666520433,0.2709632242105088
388.6455333320299,0.4732580351969731
388.8161999988556,0.2721376594179223
388.9868666656812,0.4742539936022082
389.15753333171216,0.2732251108752967
389.328199997743,0.4751641057273051
389.4988666645686,0.27422587100930534
389.6695333313942,0.4759887123152039
389.84018999814987,0.27514031439967596
390.01085666497545,0.476728178999522
390.18152333180103,0.2759687847059747
390.35218999862667,0.47738284841042095
390.5228566646576,0.2767116425790572
390.6935233314832,0.47795306783197794
390.8641899983088,0.2773692477320354
391.03485666513444,0.4784391860241849
391.20552333196,0.2779419913166778
391.376166665554,0.47884164761409886
391.5468333323796,0.2784304005724079
391.7174999984105,0.47916101283735146
391.88816666523616,0.2788350773047383
392.05883333206174,0.4793978739187477
392.2294999988873,0.27915661903343747
392.400166665713,0.47955284209539384
392.57083333094914,0.27939563308702964
392.7414999977747,0.47962654278752614
392.9121666646003,0.2795527440329359
393.08282333135605,0.47961960160942424
393.25348999818164,0.27962866146581444
393.4241566650073,0.47953274426689285
393.5948233318329,0.2796241599688729
393.7654899986585,0.4793667107976073
393.93615666468935,0.27953994558213835
394.106823331515,0.4791222148505631
394.27748999834057,0.27937673559804865
394.44815666516627,0.4788000098501477
394.61879999876027,0.27913529926779346
394.78946666558585,0.47840087777654894
394.96013333241143,0.27881645895894724
395.1307999984423,0.4779256311751111
395.30146666526787,0.2784210580812623
395.47213333209356,0.47737512296368734
395.6427999989192,0.2779499363200727
395.81346666574484,0.47675019890014936
395.9841333309809,0.2774039622011373
396.1547899977366,0.47605174834217606
396.32545666456224,0.27678405292168506
396.4961233313878,0.47528070576235487
396.66678999821346,0.2760911463445803
396.83745666503904,0.4744380024364341
397.0081233318646,0.27532621460922224
397.17878999789554,0.4735246137994779
397.3494566647211,0.2744902503562553
397.5201233315468,0.472541464163665
397.6907899983724,0.2735841614634963
397.86144333203634,0.47148944994483194
398.032099998792,0.27260894797028673
398.2027666656176,0.47036965768119227
398.3734333324432,0.27156571193247725
398.54409999847405,0.46918319522264107
398.7147666652997,0.2704555048806417
398.8854333321254,0.46793111514221525
399.05609999895097,0.26927940874534173
399.2267666657766,0.4666145304549155
399.39743333101273,0.26803855824294537
399.5680899977684,0.46523456364137816
399.738756664594,0.266734039920837
399.9094233314196,0.4637922988736397
400.0800899982452,0.2653669597646699
400.2507566650708,0.4622888513385716
400.42142333189645,0.26393843981322823
400.5920899979274,0.4607253198319926
400.762756664753,0.262449592931043
400.9334233315786,0.4591028300000387
401.10407999833427,0.26090157859192314
401.27473333199816,0.4574225230224221
401.44539999882375,0.2592955430155059
401.61606666564944,0.4556855205104665
401.7867333316803,0.25763262534633025
401.95739999850593,0.45389294234191585
402.1280666653315,0.25591396830977675
402.2987333321572,0.45204591476733347
402.4693999989828,0.254140715996668
402.6400666658084,0.4501455700552343
402.8107233309746,0.2523140414677322
402.9813899978002,0.44819308605790187
403.1520566646258,0.250435166417847
403.3227233314514,0.4461897007021375
403.49338999827705,0.24850531428331551
403.66405666510263,0.444136623696301
403.8347233319282,0.24652568214183268
404.0053899979592,0.44203496546136983
404.17605666478477,0.24449736584225817
404.34672333161035,0.43988579106010917
404.51736666520435,0.242421479235043
404.68803333202993,0.4376902491012952
404.8586999988555,0.24029922677872287
405.0293666656812,0.4354495444574255
405.2000333317121,0.23813183766475202
405.3706999985377,0.4331649157188303
405.5413666653633,0.2359205670484109
405.7120333321889,0.4308376266233172
405.88269999901456,0.2336666664001114
406.0533666650454,0.4284689589587845
406.2240233310064,0.23137144049329683
406.39468999783196,0.4260602324779736
406.5653566646576,0.2290361988771896
406.7360233314832,0.4236127384456657
406.9066899983089,0.22666223692741172
407.07735666513446,0.42112780019412244
407.24802333196004,0.22425087409479175
407.4186899979909,0.41860670604424616
407.58935666481653,0.22180339173354677
407.75999999841054,0.41605071515412473
407.9306666652361,0.2193210809535766
408.1013333320617,0.41346110750596815
408.2719999988874,0.21680524257731956
408.44266666571303,0.4108391628152881
408.6133333317439,0.21425716075378812
408.78399999856947,0.40818617068096325
408.95465666532516,0.21167810991897817
409.12532333215074,0.40550344061481264
409.29598999897644,0.20906939293283763
409.4666566642125,0.4027923101632666
409.63732333103815,0.20643236319694122
409.80798999786373,0.4000541078961064
409.9786566646894,0.2037683270291093
410.149323331515,0.3972901515738444
410.3199899983406,0.2010786045966285
410.49063333193465,0.3945017697477111
410.6612999987602,0.19836450831025465
410.8319666647911,0.3916902836317559
411.0026333316167,0.195627365105218
411.1732999984423,0.38885698777645233
411.3439666652679,0.19286846006663655
411.5146333320936,0.3860031407458897
411.68529999891916,0.19008906976247833
411.85596666574475,0.38313001445330214
412.02662333170576,0.18729045936916774
412.19728999853135,0.3802388305566393
412.367956665357,0.18447385707284236
412.53862333218257,0.3773307883795833
412.70928999900815,0.18164047224987723
412.87995666424433,0.3744070930703458
413.05062333106997,0.1787914896716202
413.22128999789555,0.37146885072318947
413.39195666472114,0.17592794973933143
413.56262333154683,0.3685169446537791
413.7332766652107,0.1730507035548641
413.9039333319664,0.36555205406188973
414.0745999979973,0.17016044952757042
414.2452666648229,0.36257470239824463
414.4159333316485,0.1672577632642869
414.58659999847407,0.3595852533393161
414.7572666652997,0.16434295054817946
414.9279333321253,0.35658379519368294
415.098599998951,0.16141609095158446
415.26926666577657,0.3535702743479406
415.4399233317375,0.15847713083657433
415.6105899985631,0.35054448170549296
415.7812566653887,0.15552598115095798
415.9519233322144,0.3475063317271736
416.12258999904,0.15256271191739948
416.2932566642761,0.3444559238139103
416.4639233311017,0.14958756106604457
416.63458999792726,0.34139362818128155
416.80525666475296,0.14660109602076993
416.97591333150865,0.33832008716762396
417.1465666651726,0.1436040631361566
417.3172333319982,0.3352360775480997
417.4878999980291,0.14059727107023906
417.6585666648547,0.3321424064960321
417.82923333168026,0.13758153654500618
417.99989999850584,0.3290399203906186
418.1705566652616,0.13455774598093398
418.3412233320872,0.32592954125138235
418.5118899989128,0.13152682743953695
418.6825566649437,0.3228122056910201
418.85322333176936,0.12848971768544953
419.02388999859494,0.31968887676067836
419.1945566654205,0.125447393093244
419.3652233322461,0.31656054585577603
419.5358899990717,0.12240083948457202
419.706546664238,0.3134282023850496
419.87719999790187,0.11935103958839952
420.04786666472745,0.31029283775109395
420.21853333155315,0.11629896736640379
420.38919999837873,0.30715542248518557
420.55986666520437,0.11324559122433918
420.73053333202995,0.3040169278624161
420.90119999806086,0.11019187350206469
421.0718666648865,0.3008783169503995
421.2425333317121,0.1071387695951913
421.4131899984677,0.2977405505836995
421.5838566652934,0.10408722708348116
421.754523332119,0.2946045600211006
421.92518999894463,0.1010381555487406
422.0958566649755,0.2914712453075084
422.26652333180107,0.09799244132941726
422.43718999862676,0.28834149256428965
422.60785666545235,0.09495096838626185
422.7785233322779,0.285216146090245
422.9491766651471,0.09191453178919656
423.119833331108,0.28209597930231795
423.2904999979337,0.0888838763314315
423.4611666647594,0.27898174519780816
423.63183333158497,0.08585974824074569
423.80249999841055,0.27587422684884944
423.97316666523614,0.08284293345583547
424.1438233319918,0.27277420593910134
424.3144899980227,0.07983420044125038
424.4851566648484,0.2696824663380707
424.65582333167396,0.07683435444987659
424.82648999849954,0.26659983743237314
424.9971566653252,0.07384425748659551
425.16782333215076,0.2635272224165876
425.33848999897634,0.0708648629029263
425.50915666500725,0.2604656000338579
425.6798099978764,0.0678971608022671
425.8504666646321,0.2574159353365287
426.0211333314577,0.06494211738813564
426.1917999982834,0.25437918466254705
426.36246666431424,0.06200067641000675
426.5331333311398,0.2513562941011988
426.7037999979655,0.059073783434339465
426.8744666647911,0.24834819742664851
427.0451333316167,0.056162363038933356
427.2157999984423,0.24535580109587413
427.38645666519795,0.05326731527856363
427.55712333202365,0.24238001510107493
427.7277899980545,0.050389547221377035
427.8984566648801,0.23942174441811898
428.06912333170567,0.0475299558425868
428.23978999853136,0.23648188129177355
428.410456665357,0.04468942545851549
428.5811233321826,0.23356131385525392
428.75178999900817,0.041868831271131605
428.922456665039,0.23066092931252066
429.09309999783835,0.03906905707009171
429.26376666466393,0.22778161361176977
429.4344333314895,0.03629097234002045
429.6050999983152,0.22492423796388702
429.77576666434607,0.03353544661184947
429.94643333117165,0.22208967346473624
430.11708999792734,0.030803340907125578
430.2877566647529,0.21927879298715042
430.4584233315785,0.02809552562474378
430.6290899984042,0.2164924544257566
430.7997566652299,0.025412840766163354
430.97042333126063,0.2137314991630769
431.14108999808633,0.022756098890102203
431.3117566649119,0.21099674355202686
431.4824233317375,0.02012609278564609
431.6530799984932,0.2082889771897751
431.8237333321571,0.017523602004712358
431.9943999989828,0.20560899603827515
432.16506666580835,0.014949423566400256
432.3357333310445,0.20295760284261002
432.50639999787006,0.012404353929841743
432.67706666469576,0.20033559453241148
432.84773333152134,0.009889158134385678
433.01839999834704,0.19774372921900774
433.1890666643778,0.007404576472625336
433.3597233319283,0.19518273560197044
433.53038999795916,0.004951296956646018
433.70105666478474,0.19265331930500718
433.8717233316103,0.002530016731698273
434.042389998436,0.19015619964206068
434.2130566652616,0.0001414403156586396
434.38372333129246,0.18769206828536203
434.55438999811815,-0.0022137744241605755
434.72505666494374,0.185261583228631
434.8957233317693,-0.004534984747476753
435.0663666653633,0.18286539795832463
435.2370333321889,-0.006821611319976225
435.4076999990145,0.18050407259971596
435.57836666504534,-0.00907313889119693
435.7490333310763,0.178178174760133
435.919699997902,-0.011288990047206859
436.09036666472747,0.17588830995396143
436.2610233314832,-0.013468591487096436
436.4316899983088,0.17363508133049535
436.60235666513444,-0.015611346698761472
436.77302333196,0.1714191099439365
436.9436899979909,-0.0177166596209474
437.11435666481657,0.1692409773316963
437.28502333164215,-0.019783966420919567
437.45568999846773,0.1671012775851171
437.62635666529343,-0.02181266302631601
437.7969999988874,0.16500061153928178
437.96766666571295,-0.023802187011550378
438.1383333317438,0.1629395209476731
438.30899999856956,-0.025752025434173285
438.47966666539514,0.1609185379903631
438.6503333322207,-0.027661671977076766
438.8209999990463,0.15893816836717614
438.99166666428255,-0.02953063733889336
439.16233333110813,0.1569989229573043
439.3329999979337,-0.031358428816960784
439.50365666468934,0.15510130239073855
439.674323331515,-0.03314457943871741
439.84498999834057,0.1532457723521533
440.01565666516626,-0.03488865033383504
440.18632333199184,0.15143279604580173
440.3569899980227,-0.036590188064326026
440.52763333161676,0.14966282621147778
440.69829999844234,-0.03824876537902338
440.8689666652679,0.14793627538928708
441.03963333209356,-0.03986401832643688
441.21029999891914,0.14625348140448094
441.3809666657447,-0.041435667803017454
441.5516333317757,0.14461473340645506
441.7222999986013,-0.04296342750652376
441.89296666542685,0.1430203391469283
442.0636233321826,-0.04444701941277402
442.2342899990082,0.14147060573870673
442.4049566642443,-0.04588616312092947
442.5756233310699,0.1399658013806934
442.7462899978956,-0.04728060988338456
442.91695666472117,0.13850620258035035
443.0876233315468,-0.048630097716460825
443.2582899983724,0.1370920769922213
443.428956665198,-0.04993438389293839
443.59962333122894,0.13572366007452202
443.77027666489283,-0.051193267906888454
443.9409333316486,0.13440114701004935
444.11159999847416,-0.052406579228758056
444.28226666529974,0.1331246916501159
444.4529333321253,-0.05357420988034161
444.6235999989509,0.13189440809247108
444.7942566657066,-0.05469607380363293
444.96492333173757,0.13071039917009558
445.13558999856315,-0.05577210383935209
445.30625666538873,0.12957274604395597
445.4769233322143,-0.056802226671214553
445.64758999903995,0.1284815312915225
445.81825666427613,-0.05778640375471046
445.9889233311018,0.12743678808143108
446.1595899979273,-0.05872460951991901
446.33025666475294,0.12643857139560338
446.5008999983469,-0.05961678409583583
446.6715666651726,0.12548694366293894
446.8422333319983,-0.06046289481777378
447.0128999980291,0.12458192547442039
447.1835666648547,-0.06126292821190569
447.3542333316803,0.12372352675800938
447.52489999850593,-0.06201690611299837
447.6955666653315,0.12291174565187528
447.8662333321571,-0.06272485165720572
448.0368999989827,0.12214656493267963
448.2075566649437,-0.0633868254381977
448.3782233317694,0.12142792664746123
448.548889998595,-0.06400291462547263
448.71955666542055,0.12075573860266291
448.8902233322462,-0.0645732318178959
449.0608899990718,0.12012990941033257
449.23154666423795,-0.06509787407166286
449.4021999979019,0.11955038040602306
449.57286666472754,-0.06557692333036833
449.7435333315531,0.11901704948503752
449.9141999983787,-0.06601053545873231
450.0848666652043,0.11852973853954056
450.25553333203,-0.0663989232250335
450.42619999806084,0.11808825293464104
450.59686666488653,-0.06674230531861097
450.7675333317121,0.11769239428228183
450.9381899984677,-0.06704086529976781
451.1088566652934,0.11734199680958737
451.27952333211897,-0.06729478790235642
451.45018999894455,0.11703685186819175
451.6208566649754,-0.06750428767273726
451.7915233318011,0.11677675741599026
451.96218999862674,-0.06766956986778683
452.1328566654523,0.11656151685789126
452.3035233322779,-0.0677908499693381
452.47416666507723,0.11639092062816218
452.6448333311081,-0.06786834665570832
452.81549999793367,0.11626480340054411
452.98616666475925,-0.0679022510552933
453.15683333158483,0.11618298412980606
453.32749999841053,-0.06789278791168213
453.4981666652362,0.11614524662393623
453.6688233319918,-0.06784020811032276
453.8394899980227,0.11615132473134636
454.01015666484835,-0.06774481273510279
454.18082333167393,0.11620092301754856
454.3514899984995,-0.06760691667718527
454.5221566653252,0.11629371381256055
454.6928233321508,-0.06742688506346291
454.8634899989764,0.11642931923685354
455.03415666500734,-0.06720508082636598
455.2048099978765,0.11660741998901067
455.37546666463214,-0.06694183820809149
455.5461333314578,0.11682766122651421
455.71679999828336,-0.06663755308402902
455.8874666643143,0.11708964874811177
456.05813333113986,-0.06629261738458536
456.2287999979655,0.11739299294959135
456.3994666647911,-0.06590744436106184
456.57013333161666,0.11773726540110806
456.74079999844236,-0.06548246952602743
456.911456665198,0.11812205183940283
457.08212333202357,-0.06501810878346252
457.2527899980545,0.11854695265265258
457.42345666488006,-0.06451478516369467
457.59412333170576,0.11901152742907688
457.76478999853134,-0.0639729555250211
457.93544333219523,0.11951528390797803
458.106099998951,-0.06339315052391464
458.27676666577656,0.1200577180083864
458.4474333310127,-0.06277588087152881
458.6180999978384,0.12063824252473648
458.78876666466397,-0.06212179128293053
458.95943333148955,0.12125607622233553
459.1300999983152,-0.061431653445100536
459.30076666434604,0.12191038342851554
459.4714333311716,-0.06070631131678686
459.64208999792737,0.1226002452567555
459.81275666475295,-0.05994663220270516
459.9834233315786,0.12332482090201279
460.1540899984042,-0.05915335698481973
460.32475666522976,0.12408338453995205
460.49542333126067,-0.058327213342169476
460.66607999881114,0.12487516935150562
460.83673333168036,-0.05746894419882413
461.00739999850595,0.12569943407220346
461.1780666653315,-0.05657923717872523
461.3487333321571,0.1265555314094039
461.5193999989827,-0.05565869622774772
461.69006666580833,0.12744288123764924
461.8607333310445,-0.05470793015259502
462.03139999787015,0.1283608787174877
462.20206666469574,-0.053727512898145965
462.37272333145137,0.12930901275273815
462.54338999827706,-0.05271795540971065
462.71405666510265,0.13028672913098635
462.8847233319282,-0.05167986928779551
463.0553899979592,0.1312934135815712
463.22605666478466,-0.0506138701195122
463.3967233316104,0.13232846934406112
463.567389998436,-0.04952055897660498
463.7380566652616,0.13339127990921174
463.9087133320173,-0.048400554846557864
464.0793666656812,0.1344812181406561
464.2500333317121,-0.0472545064918904
464.42069999853777,0.13559766233105272
464.59136666536335,-0.04608303052745287
464.76203333218893,0.13673999064413178
464.9326999990145,-0.044886757271346965
465.1033566649755,0.1379075919600188
465.27402333100633,-0.04366626624598344
465.4446899978319,0.1390999363090834
465.6153566646575,-0.0424221022245076
465.7860233314832,0.14031644974885835
465.9566899983089,-0.04115488424068718
466.12735666513447,0.14155651481145848
466.29802333196005,-0.03986523212314376
466.4686899979909,0.14281953345986848
466.6393433316549,-0.03855374407669132
466.8099999984105,0.14410492657232032
466.9806666652362,-0.03722100525832372
467.15133333206177,0.14541211444252683
467.32199999888746,-0.03586761285405504
467.49266666571305,0.1467404890639208
467.6633333317439,-0.03449417987958227
467.83398999849953,0.14808945220288589
468.0046566653251,-0.033101307053299105
468.17532333215075,0.14945840352142858
468.34598999897645,-0.03168962773508611
468.5166566642125,0.15084670575319972
468.68732333103816,-0.030259783793752035
468.85798999786385,0.15225374983803464
469.02865666468944,-0.02881238298166773
469.199323331515,0.15367892916849044
469.3699766651789,-0.027348036983394778
469.5406333319346,0.15512162407480135
469.7112999987602,-0.02586736252901959
469.88196666479115,0.15658121245174259
470.05263333161673,-0.024370963547495652
470.2232999984423,0.15805711013037796
470.3939666652679,-0.022859418263816433
470.56462333202364,0.15954874742046626
470.7352899988493,-0.02133331160957382
470.90595666567486,0.1610555512711764
471.0766233317057,-0.019793193097109776
471.2472899985313,0.16257697285943248
471.417956665357,-0.018239626039011705
471.5886233321826,0.16411244763315883
471.75928999900816,-0.016673169283504898
471.9299566642443,0.1656614422764259
472.10062333107,-0.015094365157892373
472.2712666646639,0.16722340910712696
472.4419333314895,-0.01350377895864625
472.6125999983152,0.16879779967911807
472.7832666651408,-0.01190193973226367
472.9539333319664,0.17038408368873856
473.1245999979973,-0.010289388352635634
473.29526666482286,0.17198169588703058
473.46593333164856,-0.008666674530842154
473.636599998474,0.1735901092005742
473.8072566652298,-0.0070343291985428165
473.9779233320554,0.17520876308531658
474.148589998881,-0.005392917456723191
474.3192566657067,0.1768371142134328
474.48992333173754,-0.0037429423596472286
474.6605899985631,0.17847470645775465
474.8312466653189,-0.0020848515544726345
475.00189999818804,0.18012109104760043
475.1725666650136,-0.00041909864134622533
475.3432333310445,0.18177581957058211
475.51389999787006,0.0012538485133962907
475.68456666469575,0.1834384295086572
475.8552333315214,0.002933508590897836
476.025899998347,0.185108468805931
476.19656666517255,0.004619422208796752
476.36723333199814,0.18678549181694995
476.53788999795916,0.00631114252341978
476.70855666478474,0.18846906416446413
476.87922333161043,0.008008242057860509
477.049889998436,0.19015877206916043
477.2205566652616,0.009710319822100194
477.3912233320872,0.1918542271860879
477.56187999884287,0.01141696427334772
477.73253333171203,0.1935549811713219
477.90319999774295,0.013127696237056542
478.0738666645686,0.1952605562290977
478.2445333313943,0.014842063640828414
478.41519999821975,0.19697053296675626
478.58586666504544,0.016559641480792576
478.7565333310763,0.198684509959398
478.9271999979019,0.018280027178190893
479.0978666647276,0.20040211669852126
479.26852333148315,0.0200028520563567
479.43918999830885,0.20212298615928329
479.60985666513443,0.021727745431446316
479.78052333196,0.20384674536271016
479.951189997991,0.02345433744530473
480.12185666481656,0.2055730192047735
480.29250999848045,0.02518224628824247
480.4631666652361,0.20730145016660761
480.63383333206184,0.02691109830052127
480.8044999988874,0.20903168026767266
480.975166665713,0.02864051971966783
481.14583333094913,0.2107633407393355
481.3164999977748,0.03037017011574267
481.4871666646004,0.21249613230964434
481.657833331426,0.032099748876963013
481.8284999982516,0.21422974986964524
481.99916666507727,0.033828905111529535
482.16982333183284,0.21596384546042965
482.34048999865854,0.03555728025081289
482.5111566646894,0.2176980766073796
482.681823331515,0.037284510591041126
482.85248999834056,0.21943210273681352
483.02314333200457,0.039010227581206765
483.1937999987602,0.2211655577378051
483.36446666558584,0.04073407914992382
483.5351333324114,0.2228981264377997
483.70579999844233,0.04245577562947915
483.87646666526797,0.2246295243173829
484.04713333209355,0.04417498038632871
484.21779999891913,0.22635940227272403
484.38846666574483,0.04589130797847757
484.5591333309809,0.22808739034513809
484.7297899977366,0.047604388862947454
484.90045666456217,0.22981313559630728
485.07112333138787,0.04931387132031111
485.24178999821345,0.23153629545588975
485.4124566650391,0.05101940260269898
485.58312333186467,0.2332565036461661
485.7537899978955,0.052720628792934265
485.9244566647212,0.23497340546046522
486.0951233315468,0.05441721559151685
486.2657899983724,0.23668666403730154
486.43643333196644,0.05610879774516581
486.607099998792,0.23839589717744328
486.7777666656176,0.05779497070649086
486.9484333324432,0.24010068474674975
487.1190999984741,0.059475343977064526
487.2897666652997,0.24180065728106895
487.4604233320554,0.061149605583942605
487.631089998881,0.24349554415144548
487.8017566657066,0.06281746051684194
487.9724233309427,0.2451850437307637
488.1430899977684,0.06447856966043042
488.31375666459405,0.2468688477859212
488.4844233314196,0.0661326373593558
488.6550899982452,0.24854668462154245
488.8257566650708,0.06777938388656178
488.99641333182643,0.2502182981680684
489.1670666646958,0.06941853265135078
489.3377333315214,0.2518834126543811
489.508399998347,0.0710498033783087
489.67906666517257,0.25354174696284504
489.8497333319982,0.07267292342464404
490.0203999988238,0.255193044327534
490.19105666557954,0.07428759579996783
490.3617233316103,0.2568369862557234
490.532389998436,0.07589348073405143
490.70305666526167,0.25847326994971387
490.87372333208725,0.07749033416204036
491.04438999891283,0.26010169461451627
491.2150566657385,0.07907796680162439
491.38572333097454,0.2617220876236416
491.55638999780024,0.08065616643490205
491.7270566646258,0.26333424109080195
491.8976999982198,0.082224676758358
492.0683666650454,0.26493790192683414
492.239033331871,0.08378326024576065
492.40969999869657,0.26653283513303533
492.58036666472753,0.08533165889168984
492.7510333315531,0.2681187811499699
492.9216899983088,0.0868696100785087
493.0923566651345,0.26969551050328255
493.26302333195997,0.08839689465336632
493.43368999878567,0.2712628218874355
493.60435666561125,0.08991327550880156
493.7750233316421,0.2728205091821094
493.9456899984677,0.09141853717021589
494.1163566652934,0.2743683895383583
494.287023332119,0.09291246503080182
494.45767666498824,0.27590622798996367
494.6283333317439,0.09439485422588144
494.7989999977748,0.27743382336881345
494.96966666460037,0.09586553954313688
495.14033333142595,0.2789510134572243
495.31099999825153,0.09732435025613638
495.4816666650771,0.2804576380277009
495.6523333319028,0.09877112022416781
495.8229899986585,0.2819535258899047
495.9936566646894,0.10020565597184086
496.164323331515,0.28343847722331567
496.33498999834063,0.10162774707069995
496.5056566651662,0.284912288289036
496.6763233319918,0.1030371442022249
496.8469899988175,0.2863747009609532
497.0176566656431,0.10443359788035636
497.1883233316739,0.28782550328619433
497.35896666447326,0.10581697466920695
497.52963333129884,0.28926464225828424
497.7002999981244,0.10718723390063876
497.87096666495006,0.29069209251768796
498.04163333098097,0.10854425647525605
498.21229999780655,0.2921077122386012
498.38295666456224,0.10988788779299193
498.5536233313878,0.2935113727128586
498.7242899982134,0.11121804076573734
498.8949566650391,0.2949030361309706
499.0656233318647,0.1125346637969199
499.23628999869027,0.29628265632076356
499.4069566647211,0.11383766326562159
499.57762333154676,0.29765011427492827
499.74828999837234,0.11512690014011812
499.91895666519804,0.2990052542839014
500.089599998792,0.11640219328039111
500.2602666656177,0.3003479048792346
500.43093333244326,0.11766337576378204
500.6015999976794,0.30167791333542426
500.77226666450497,0.11891029507918119
500.94293333133066,0.30299519041880546
501.11358999808624,0.12014288152409179
501.2842566649118,0.3042996528524473
501.4549233317375,0.12136101850900424
501.6255899985632,0.3055911649074902
501.79625666459407,0.12256453416451366
501.96692333141965,0.30686950467708585
502.13758999824523,0.12375316309347321
502.30825666507087,0.308134334272738
502.47892333189645,0.12492658562128488
502.6495799986522,0.30938529898945283
502.8202333323161,0.12608451865132728
502.99089999834706,0.31062209828904935
503.16156666517264,0.12722676519393222
503.3322333319982,0.31184455181743226
503.5028999988238,0.12835319070052548
503.6735666656494,0.31305254152081824
503.8442233324051,0.12946365334466556
504.01488999764126,0.3142459429441431
504.18555666446684,0.13055805000058382
504.3562233312925,0.3154246847607414
504.52688999811807,0.13163628997378626
504.69755666494365,0.3165886300309745
504.86822333176934,0.13269818710063835
505.0388899985949,0.3177375460723791
505.2095566646258,0.13374353518446966
505.3802233314515,0.3188711847041167
505.5508666650454,0.13477206884644718
505.72153333187106,0.3199891847342761
505.89219999869664,0.1357833995992063
506.0628666655222,0.3210911448862162
506.2335333323479,0.13677721152169459
506.4041999983788,0.32217675078630403
506.57485666513446,0.13775321025503823
506.74552333196004,0.32324562504226945
506.9161899987856,0.13871104481948252
507.0868566656113,0.3242973728173454
507.2575233316422,0.139650459384207
507.42818999767303,0.32533177367481586
507.5988566644986,0.1405713000033111
507.7695233313242,0.32634871655652725
507.9401899981498,0.14147347104036584
508.1108433318139,0.3273481477935865
508.28149999856953,0.14235693133164462
508.4521666653951,0.328330006900885
508.62283333142597,0.1432215739631705
508.7934999982516,0.32929417729685195
508.9641666650772,0.14406729256595174
509.13483333190277,0.33024056439832106
509.30549999872846,0.14489402903124116
509.4761566654841,0.33116910973194025
509.64682333230974,0.145701758145215
509.81748999834065,0.3320797943398447
509.98815666516623,0.14649048374757634
510.1588233319918,0.3329726125551317
510.3294899988174,0.14726017841677425
510.50015666564303,0.33384751316765865
510.6708233308792,0.148010789185247
510.8414899977048,0.33470444633066726
511.0121333312988,0.14874228737751252
511.1827999981244,0.33554340216023654
511.3534666649501,0.14945466751799347
511.52413333177566,0.3363643462393813
511.69479999860124,0.15014790216033114
511.8654666654269,0.33716726415855597
512.0361233313878,0.15082200887523525
512.2067899982135,0.33795219857937997
512.3774566650391,0.1514769796210111
512.5481233318646,0.33871912408663346
512.7187899986902,0.15211278846797827
512.8894566655159,0.3394680507156127
513.0601233323416,0.15272948565770095
513.2307899983723,0.340199018393858
513.401456665198,0.1533270896217453
513.5721233320237,0.3409120458668643
513.7427666648229,0.1539056198778455
513.9134333316485,0.341607169744819
514.0840999976795,0.15446512913881053
514.254766664505,0.3422844526976815
514.4254333313306,0.15500566724157266
514.5960999981562,0.34294392936449614
514.7667566649119,0.1555272521499032
514.9374233317375,0.3435855966902556
515.1080899985631,0.15602983873440326
515.278756664594,0.3442093734597538
515.4494233314197,0.1565133327975706
515.6200899982452,0.34481516357901676
515.7907466650009,0.15697771390816473
515.9613999986649,0.34540300081310005
516.1320666654905,0.15742307128127073
516.302733332316,0.34597300587556695
516.4733999991417,0.1578495328117733
516.6440666643778,0.3465252691139798
516.8147333312035,0.15825711572960385
516.985399998029,0.34705975664565814
517.1560666648547,0.15864582453933704
517.3267333316803,0.34757652728785765
517.4973899984359,0.15901580108044247
517.6680566652616,0.3480757562601263
517.8387233312924,0.15936719191771925
518.0093899981181,0.3485576405691938
518.1800566649438,0.15970014354321446
518.3507233317694,0.3490223214723374
518.521379998525,0.1600147575570949
518.6920333321889,0.34946989339448287
518.8626999990145,0.16031112944943587
519.0333666650454,0.34990043029131535
519.2040333318711,0.160589336711652
519.3746999986967,0.35031401940326024
519.5453666655222,0.16084945344711646
519.7160333323479,0.3507107518932862
519.8866999983787,0.16109154690486194
520.0573666644096,0.35109067320478554
520.2280233311652,0.1613156630202962
520.3986899979909,0.3514538304340053
520.5693566648166,0.16152189554111773
520.7400233316421,0.3518002621526437
520.9106899984678,0.16171026165538452
521.0813566652934,0.35212995330489316
521.2520099981626,0.1618808107762082
521.4226666649183,0.35244306055545416
521.5933333317439,0.16203368569318177
521.7639999985695,0.3527397444230603
521.9346666653951,0.16216897687363938
522.1053333322208,0.35302000839027997
522.2759999990463,0.16228671562900446
522.4466666650771,0.35328386935849176
522.6173333319027,0.16238697556878023
522.7879999987284,0.35353138466666056
522.9586666655539,0.1624697762510476
523.1293233323097,0.35376253292068843
523.2999899975459,0.16253512412021737
523.4706566643714,0.35397735149834747
523.6413233311971,0.16258307341459888
523.8119899980227,0.35417589187550325
523.9826433316867,0.16261364160901406
524.1532999984423,0.35435811978583726
524.323966665268,0.16262677121207197
524.4946333320936,0.3545239220329351
524.6652999981245,0.16262238231400938
524.8359666649501,0.3546731554170886
525.0066333317757,0.162600373733684
525.1772999986013,0.3548056733955731
525.3479666654268,0.1625606143401013
525.5186333322524,0.3549213290642028
525.6892899990082,0.16250299889728603
525.8599566650391,0.3550200390718064
526.0306233318647,0.16242744874396597
526.2012899986903,0.35510167972970785
526.3719566655159,0.16233377253147652
526.5426233323415,0.35516591211521886
526.7132899975776,0.1622216080550521
526.8839333311716,0.3552122632576025
527.0545999979973,0.16209052445603203
527.2252666648229,0.3552402754585169
527.3959333316485,0.16194012342746275
527.5665999984742,0.35524944740061676
527.7372666652998,0.16176990946126407
527.9079333313306,0.3552392315677846
528.0785999981563,0.16157939198282825
528.2492666649817,0.3552091755479875
528.4199233317374,0.16136818446548212
528.590589998563,0.35515893732469744
528.7612566653888,0.16113606351281148
528.9319233322144,0.35508839052300234
529.10258999904,0.16088295861054722
529.2732566650709,0.35499752796114276
529.4439133318265,0.16060889541178397
529.6145666646958,0.35488643030449957
529.7852333315213,0.1603139601475485
529.955899998347,0.3547551627567868
530.1265666643778,0.15999819152541372
530.2972333312034,0.35460373760095354
530.467899998029,0.15966162067214712
530.6385666648547,0.3544321790502752
530.8092333316804,0.15930425713825525
530.979899998506,0.3542404917657996
531.1505566652615,0.1589260813738469
531.3212233312925,0.3540286620994665
531.491889998118,0.15852713930437573
531.6625566649437,0.353796746715719
531.8332233317693,0.15810750673373591
532.003889998595,0.35354482690585703
532.1745466653506,0.15766722350392195
532.3451999990145,0.3532729623388775
532.5158666650453,0.15720634837810832
532.6865333310764,0.3529812594059472
532.857199997902,0.15672505657357144
533.0278666647275,0.35266993039702804
533.1985333315531,0.1562235790263753
533.3691899983088,0.3523391957120486
533.5398566651345,0.15570211839797915
533.7105233319601,0.351989316486944
533.8811899979909,0.15516102238513063
534.0518566648165,0.35162072967726604
534.2225233316422,0.15460069121860173
534.3931899984678,0.3512338352093339
534.5638566652934,0.15402142196174148
534.7345233313242,0.350828934506197
534.9051766649882,0.1534235608490825
535.0758333317439,0.3504064621279276
535.2464999985693,0.1528075763851849
535.417166665395,0.3499669286204203
535.5878333322207,0.15217390315046533
535.7584999990463,0.3495107497093821
535.9291666642824,0.15152288461399854
536.0998233310381,0.34903824922743343
536.2704899978638,0.15085484672214686
536.4411566646894,0.34854972765945236
536.611823331515,0.1501701019866512
536.7824899983407,0.34804546071676523
536.9531566651663,0.14946896052670686
537.1238233319918,0.34752578686666924
537.2944899980228,0.14875176882937807
537.4651566648483,0.34699104280050724
537.6358099985122,0.14801884920550393
537.8064666652679,0.3464415140334375
537.9771333320936,0.1472704583968735
538.1477999989193,0.3458774112343867
538.3184666657447,0.1465067927923649
538.4891333317757,0.3452989338909021
538.6597999986013,0.14572809811284354
538.8304566653569,0.34470635312341485
539.0011233321826,0.14493462614567595
539.1717899990083,0.3440998754369315
539.3424566642443,0.14412652946786372
539.51312333107,0.3434796724386084
539.6837899978956,0.14330405276157004
539.8544566647212,0.34284601138133586
540.0251233315469,0.1424674750154531
540.1957899983723,0.34219915296485076
540.366456665198,0.14161705094154167
540.5370999979972,0.34153936871312873
540.7077666648229,0.14075305297520846
540.8784333316485,0.3408669207721358
541.0490999984743,0.13987571599454862
541.2197666652999,0.3401820371554196
541.3904333321254,0.13898530313342966
541.561089998881,0.3394849409759185
541.7317566657066,0.1380820394486601
541.9024233317375,0.3387758798242442
542.0730899985631,0.13716615123502676
542.2437566653887,0.3380551533197602
542.4144233322143,0.13623791143083352
542.58507999897,0.3373230187301766
542.7557333310444,0.13529757894909097
542.9263999978701,0.33657970569894907
543.0970666646958,0.13434536611441464
543.2677333315214,0.33582539359389973
543.438399998347,0.13338145816218072
543.6090666651726,0.33506023569289856
543.7797333319982,0.13240604489864513
543.9503999980291,0.33428441516425217
544.1210666648547,0.13141928600293415
544.2917233316105,0.33349808434708506
544.462389998436,0.13042133022869035
544.6330566652616,0.3327013843318543
544.8037233320872,0.12941231657553717
544.9743899989128,0.3318944823538283
545.1450566649437,0.12839240791333265
545.3157133316994,0.3310775393595742
545.4863666645685,0.12736175932316363
545.6570333313941,0.330250668127887
545.8276999982198,0.1263205467876221
545.9983666650454,0.32941403746516207
546.1690333310763,0.1252689643199011
546.3396999979019,0.3285678154806792
546.5103666647276,0.12420714159438567
546.6810333315532,0.32771216075211657
546.8516999983788,0.1231352355694663
547.0223566651345,0.3268472418674089
547.19302333196,0.1220534108753257
547.3636899979908,0.3259731438311349
547.5343566648165,0.12096173230052111
547.7050233316422,0.3250899406555563
547.8756899984677,0.11986026063041873
548.0463333320617,0.324197678319125
548.2169999988874,0.11874909683214968
548.387666665713,0.3232964655801075
548.5583333309492,0.1176284059781536
548.7289999977747,0.32238647067907983
548.8996666646004,0.11649832540372365
549.070333331426,0.3214678184985092
549.2409999982517,0.11535891913325966
549.4116666650773,0.32054048177426864
549.5823333311081,0.11421019432430206
549.7529899986584,0.3196044478144874
549.9236566646894,0.11305223095034424
550.0943233315149,0.31865972543126136
550.2649899983405,0.11188500600338577
550.4356566651662,0.31770627128052087
550.6063233319917,0.11070848889798257
550.7769766648611,0.3167440614119002
550.9476333324114,0.10952261019604682
551.1182999984424,0.3157730252619149
551.2889666652679,0.10832738606743088
551.4596333320936,0.3147932924985956
551.6302999989192,0.107122960094473
551.8009566656749,0.31380496560322224
551.971623330911,0.10590931489281798
552.1422899977366,0.3128080022368756
552.3129566645623,0.10468640432838816
552.4836233313878,0.3118023362804208
552.6542899982135,0.10345418776536262
552.824956665039,0.31078791334815503
552.9956233318646,0.10221268277456158
553.1662899978955,0.30976473614338124
553.3369566647212,0.10096193196605448
553.5076099983851,0.3087328488200546
553.6782666651409,0.09970196065206977
553.8489333319665,0.307692328190239
554.019599998792,0.09843282021257048
554.1902666656176,0.3066432301165895
554.3609333324432,0.09715456706936434
554.5315999984741,0.30558555442478685
554.7022566652297,0.09586724936940579
554.8729233320553,0.3045193488551765
555.043589998881,0.0945709294917929
555.2142566657067,0.30344471001324697
555.3849233309427,0.09326568367580318
555.5555899977684,0.3023617303763254
555.726256664594,0.09195161375708318
555.8969233314197,0.30127052959896605
556.0675899982452,0.0906288386009297
556.2382466650009,0.30017111539359415
556.4088999986649,0.08929733602476873
556.5795666646957,0.29906344305307414
556.7502333315213,0.08795711538352334
556.920899998347,0.29794764389388895
557.0915666651726,0.08660825894984375
557.2622333319981,0.2968238512629631
557.4328899987538,0.08525094465850772
557.6035566655795,0.2956923217104539
557.7742233316103,0.08388547770155748
557.944889998436,0.29455332735557405
558.1155566652617,0.08251200224754045
558.2862233320873,0.29340697520518194
558.4568799988429,0.08113060507510084
558.627533331712,0.2922533391687093
558.798199997743,0.07974135795372829
558.9688666645686,0.29109253487358866
559.1395333313942,0.07834436220798165
559.3101999982198,0.2899247088908796
559.4808666650454,0.07693975460614919
559.651533331871,0.28874993697793977
559.8221999986966,0.07552762975078126
559.9928666647277,0.2875683273468223
560.1635233314831,0.07410813618962803
560.3341899983088,0.2863800699895413
560.5048566651344,0.07268145840749864
560.6755233319601,0.28518533850262684
560.8461899987857,0.07124773111744218
561.0168566656113,0.2839842567184481
561.1874999976159,0.06980708833895373
561.3581666644415,0.2827769844340426
561.5288333312672,0.06835967651544174
561.6994999980927,0.28156368122371933
561.8701666649183,0.06690562732747064
562.0408333317439,0.2803445525500347
562.2114999977747,0.06544515346972046
562.3821666646003,0.27911980424329874
562.552833331426,0.06397851186354264
562.7234999982517,0.27788967353260813
562.8941566650071,0.0625058650143678
563.0648233318328,0.27665436845779606
563.2354899986585,0.06102745867186305
563.4061566646894,0.2754141164471046
563.576823331515,0.059543466860682674
563.7474899983406,0.27416905395921376
563.9181333319347,0.05805397492894904
564.0887999987602,0.27291929344054205
564.2594666655858,0.05655906741136467
564.4301333324114,0.2716649300980588
564.6007999976475,0.055058877299977854
564.7714666644731,0.2704060970135374
564.9421233312289,0.053553572879299446
565.1127899980545,0.26914290010894243
565.2834566648801,0.05204330648635657
565.4541233317057,0.2678754782502291
565.6247899985314,0.05052816727671912
565.7954566645623,0.2666038672774421
565.9661233313878,0.049008095866030006
566.1367899982134,0.2653279594531739
566.3074566650391,0.04748309993687606
566.4781233318647,0.2640478902325232
566.6487766655287,0.04595343973383927
566.8194333322842,0.26276398507843957
566.9900999991098,0.04441939868912342
567.1607666651407,0.26147645100560724
567.3314333319664,0.042881112008503856
567.5020999987921,0.2601854037584408
567.6727566655476,0.04133879043936297
567.8434233323733,0.258891185416347
568.0140899976094,0.0397927737622535
568.1847566644351,0.25759411198384796
568.3554233312607,0.038243239718086394
568.5260899980864,0.2562943566833788
568.696756664912,0.03669041379570334
568.8674233317375,0.2549921621336621
569.0380899985631,0.035134503623661356
569.2087566645939,0.25368772528980765
569.3793999981881,0.033575603461765996
569.5500666650136,0.25238116848738396
569.7207333318393,0.032013816340915706
569.8913999986648,0.2510725567645623
570.0620666654905,0.03044924270467755
570.2327333323161,0.24976193641679148
570.403399998347,0.028881978990154503
570.5740566651027,0.24844944706736655
570.7447233319283,0.027312141671359758
570.9153899987539,0.2471352381602425
571.0860566655795,0.025739882837127467
571.256723332405,0.24581949591706959
571.4273899976413,0.024165426960806053
571.5980333312352,0.2445023358036289
571.7686999980608,0.022588885282166824
571.9393666648864,0.2431838590503601
572.1100333317121,0.021010362039868516
572.2806999985378,0.24186418437937685
572.4513666653633,0.01943000602843778
572.6220333313943,0.24054349349707016
572.7926999982199,0.017847942558288428
572.9633666650454,0.23922181487085364
573.134033331871,0.016264224408155815
573.3046899986267,0.23789926106833006
573.4753566654523,0.014679131541856842
573.646023332278,0.23657613720542267
573.8166899983088,0.013092808554903378
573.9873566651344,0.23525259625459566
574.1580233319601,0.011505363443489496
574.3286666647593,0.23392884816161463
574.4993333315849,0.009917008677968443
574.6699999984105,0.2326050706560704
574.8406666644414,0.00832789673462975
575.0113333312671,0.2312813835455538
575.1819999980926,0.006738149989650789
575.3526666649183,0.22995793200884607
575.523323331674,0.005147934818162491
575.6939899984995,0.22863484104453755
575.8646566653251,0.0035573970441288507
576.035323331356,0.22731213085961527
576.2059899981816,0.0019665467651135506
576.3766566650072,0.22598982775036539
576.5473233318329,0.00037544636285316075
576.7179899986585,0.22466807620072496
576.8886566654841,-0.0012157749061979188
577.059299999078,0.2233470049750364
577.2299666643142,-0.002806962882314879
577.4006333311399,0.22202673013436475
577.5712999979654,-0.004397960241174346
577.7419666647911,0.22070729993079877
577.9126333316168,-0.005988722898736051
578.0832899983724,0.21938862602459297
578.253956665198,-0.0075792946669339
578.4246233312289,0.21807080740874057
578.5952899980546,-0.009169487829457111
578.7659566648802,0.21675412515531217
578.9366233317057,-0.01075908323961463
579.1072899985313,0.21543874199486523
579.2779566653569,-0.012347970594161083
579.4486233313878,0.21412483863683007
579.6192899982134,-0.01393599814622706
579.7899333318076,0.21281260750962852
579.960599998633,-0.015522903926549005
580.1312666654587,0.21150228990628261
580.3019333322843,-0.01710849550931419
580.4725999991099,0.21019401559791154
580.643266664346,-0.01869274091851328
580.8139233311018,0.2088879201728446
580.9845899979274,-0.02027549964721078
581.155256664753,0.20758413831818376
581.3259233315786,-0.021856674029200693
581.4965899984041,0.20628275752976963
581.6672566652298,-0.02343610651840761
581.8379133311907,0.20498393868579656
582.0085666648547,-0.025013658364788124
582.1792333316803,0.20368778506684826
582.349899998506,-0.026589255708430154
582.5205666653316,0.20239433200643978
582.6912333321573,-0.02816279510606814
582.8618999989828,0.20110362604927706
583.0325666650136,-0.02973421977092134
583.2032333318392,0.19981572351525895
583.3738999986649,-0.031303492553188574
583.5445566654205,0.19853070716822915
583.7152233322462,-0.032870512966785406
583.8858899990718,0.197248670479357
584.0565566643079,-0.03443519545043441
584.2272233311335,0.19596970256754997
584.397889997959,-0.035997402782529775
584.5685566647848,0.1946938931073439
584.7391999983787,-0.037557087361760604
584.9098666652044,0.19342126598319725
585.08053333203,-0.03911419066047078
585.2511999980609,0.19215196567154036
585.4218666648865,-0.040668577678164446
585.592533331712,0.1908860380062059
585.7631899984677,-0.04222026906640264
585.9338566652934,0.18962336325931314
586.104523332119,-0.04376930638304651
586.2751899989446,0.18836394300503423
586.4458566649755,-0.04531562135161969
586.6165233318011,0.18710788535649442
586.7871899986267,-0.04685909328148104
586.9578566654524,0.1858553089851671
587.1285233322778,-0.04839969338804861
587.2991766651472,0.18460613161423003
587.469833331108,-0.049937567093139804
587.6404999979337,0.1833601448776446
587.8111666647594,-0.05147281017777122
587.981833331585,0.18211731327192848
588.1524999984106,-0.05300534712969809
588.3231666652362,0.1808777589622342
588.4938333320617,-0.05453503775036669
588.6644899980226,0.17964161780699558
588.8351566648483,-0.05606173511485528
589.0058233316739,0.17840906499948014
589.1764899984995,-0.0575852710246704
589.3471566653251,0.17718027639074596
589.517809998989,-0.05910549922601427
589.6884666657448,0.17595542573782583
589.8591333309809,-0.060622315230387636
590.0297999978065,0.1747345930338716
590.2004666646322,-0.062135647905333415
590.3711333314578,0.17351789747945764
590.5417999982834,-0.06364530897985174
590.7124666643142,0.17230549690421354
590.8831333311399,-0.06515121727525591
591.0537999979655,0.17109740602457243
591.2244566647212,-0.06665347063856478
591.3951233315468,0.1698935192008859
591.5657899983723,-0.06815212622372151
591.7364566651979,0.1686938428269072
591.9071233320235,-0.06964709858282357
592.0777899980545,0.16749841944794439
592.2484566648802,-0.07113834108961019
592.4190999984742,0.16630726733214396
592.5897666652997,-0.07262583979100008
592.7604333321253,0.16512043914081193
592.9310999989509,-0.0741094639573214
593.1017666657766,0.1639381499599339
593.2724333310127,-0.07558903110510784
593.4430899977684,0.16276053168457078
593.613756664594,-0.07706452195345047
593.7844233314196,0.16158758950496382
593.9550899982453,-0.0785359357335658
594.1257566650709,0.16041938832781102
594.2964233318964,-0.08000318809256937
594.4670899979274,0.15925588894037748
594.637756664753,-0.08146627620830126
594.8084233315785,0.15809705879659475
594.9790799983342,-0.08292513435721266
595.1497333319983,0.15694311017888035
595.3203999988239,-0.0843795706594325
595.4910666656494,0.1557942324917254
595.6617333316804,-0.0858294330862375
595.8323999985059,0.15465049889761304
596.0030666653315,-0.08727464777574974
596.1737233320872,0.15351196535737205
596.3443899989128,-0.08871516945786607
596.5150566657384,0.15237866717521753
596.6857233309745,-0.09015099895121215
596.8563899978002,0.15125070924116685
597.0270566646257,-0.09158200782035887
597.1977233314514,0.15012824650541098
597.368389998277,-0.093008050268023
597.5390566651027,0.1490113363001599
597.7097133318583,-0.09442907023364411
597.8803666647275,0.14790005983528337
598.0510333315531,-0.09584498989330847
598.2216999983788,0.1467944946705711
598.3923666652043,-0.0972557185939958
598.5630333320299,0.14569472488258028
598.7336999988555,-0.09866114674409063
598.9043566656112,0.14460082647953287
599.0750233316421,-0.1000612048344351
599.2456899984678,0.143512859533357
599.4163566652933,-0.1014558360637088
599.587023332119,0.1424309831574929
599.7576899989447,-0.1028449263461193
599.9283333317438,0.14135527640661896
600.0989999977749,-0.10422844214225131
600.2696666646004,0.1402857201394063
600.440333331426,-0.10560631227790016
600.6109999982516,0.13922240906175648
600.7816666650772,-0.10697841038470918
600.9523333319028,0.1381655177684634
601.1229999987283,-0.10834465549608152
601.2936666647594,0.13711507130610645
601.464333331585,-0.10970512257084751
601.6349899983405,0.13607102738109034
601.8056566651661,-0.1110597645916422
601.9763233319918,0.1350335019092804
602.1469899988175,-0.11240842187736932
602.317656665643,0.13400260528553712
602.4883233316739,-0.11375101757763503
602.6589766645432,0.13297839356791036
602.8296333312989,-0.11508744750675735
603.0002999981244,0.13196093076555793
603.1709666649501,-0.11641771620862436
603.3416333309809,0.1309501660008229
603.5122999978066,-0.11774186900803287
603.6829566645622,0.1299461221125784
603.8536233313878,-0.11905982741023703
604.0242899982134,0.12894887557117998
604.194956665039,-0.12037151002342654
604.3656233318646,0.12795845226900684
604.5362899986903,-0.12167686845178984
604.7069566647211,0.12697484580339718
604.8776233315468,-0.1229758711574182
605.0482899983724,0.1259980637396634
605.218956665198,-0.12426847688058021
605.3896099988619,0.12502815265082018
605.5602666656176,-0.1255546867461064
605.7309333324432,0.12406514168770189
605.9015999976793,-0.12683450812077332
606.0722666645049,0.12310909991904173
606.2429333313306,-0.12810784346734166
606.4135999981562,0.12216012042296606
606.5842566649119,-0.1293746372768668
606.7549233317375,0.12121823683545029
606.9255899985632,-0.13063486911946035
607.096256664594,0.12028341270378949
607.2669233314197,-0.13188855701403662
607.4375899982452,0.11935566893566857
607.6082333318393,-0.13313560056136475
607.7788999986649,0.1184351198501562
607.9495666654905,-0.13437595437479863
608.120233332316,0.1175217793434389
608.290899998347,-0.13560960575811967
608.4615666651725,0.11661567805936902
608.6322333319982,-0.1368365595007873
608.8028999988238,0.11571676315344277
608.9735666656494,-0.13805680831064934
609.1442333324751,0.11482491447462902
609.3148899976411,-0.1392704236249944
609.4855566644668,0.11393998938330015
609.6562233312925,-0.14047744048299451
609.8268899981182,0.11306210901629599
609.9975566649438,-0.14167775336537536
610.1682233317694,0.11219133772987525
610.3388799985249,-0.14287144318328718
610.5095333313942,0.11132762568617255
610.6801999982198,-0.1440585542506812
610.8508666650454,0.1104708769559107
611.021533331871,-0.14523916074523754
611.1921999986967,0.10962097672114805
611.3628666655222,-0.1464133018387272
611.5335233322779,0.10877796314390116
611.7041899983087,-0.14758099021374688
611.8748566651344,0.10794172051019355
612.0455233319601,-0.14874236057266496
612.2161899987857,0.10711205394655635
612.3868566656113,-0.14989748526474547
612.5575233316421,0.10628905795810435
612.7281899976731,-0.1510462668389216
612.8988566644987,0.10547285887900751
613.0694999980926,-0.15218867323269775
613.2401666649182,0.1046634702700195
613.4108333317438,-0.15332470364111964
613.5814999985695,0.10386088531537162
613.7521666653951,-0.15445448073790827
613.922833331426,0.10306489246230442
614.0934999982516,-0.1555781462727229
614.2641566650072,0.10227534874443334
614.434823331833,-0.15669577769833046
614.6054899986584,0.10149211901634089
614.7761566654841,-0.15780747988307417
614.9468233323098,0.10071509363204569
615.1174899983406,-0.15891330335694615
615.2881333311399,0.0999441984962417
615.4587999979656,-0.16001325975339353
615.6294666647912,0.09917944578907348
615.8001333316167,-0.1611073616091794
615.9707999976476,0.09842087249833495
616.1414666644732,-0.16219570088363808
616.3121333312988,0.0976683156374012
616.4827999981244,-0.16327840801692872
616.6534666649501,0.09692161247796614
616.8241233317058,-0.1643555503469751
616.9947899985312,0.0961807152169128
617.1654566653569,-0.16542717500647824
617.3361233313879,0.09544546446650233
617.5067899982134,-0.16649347850183452
617.677456665039,0.09471562897861122
617.8481233318646,-0.167554674457684
618.0187666654587,0.09399099810339505
618.1894333322844,-0.16861091213835824
618.3600999991099,0.0932713945083611
618.5307666643461,-0.16966239555344412
618.7014333311716,0.09255668241862286
618.8720999979972,-0.17070924635084617
619.0427566647529,0.09184668427698897
619.2134233315786,-0.17175176833175057
619.3840899984041,0.09114096245437452
619.5547566652298,-0.17279035158593475
619.7254233312607,0.09043927274180068
619.8960899980863,-0.17382499345047978
620.0667566649118,0.0897417820018894
620.2374233317375,-0.17485548941275367
620.4080899985631,0.0890486940431153
620.578756664594,-0.1758817836222266
620.7493999989827,0.08836007474139179
620.9200666650137,-0.17690378261814735
621.0907333318393,0.08767587032983186
621.2613999986648,-0.17792148014187925
621.4320666654905,0.08699615361542562
621.602733332316,-0.17893474814881938
621.7733899990717,0.08632103810987717
621.9440566643079,-0.17994365155594397
622.1147233311336,0.08565038475595728
622.2853899979592,-0.18094824615234956
622.4560566647848,0.0849841018934138
622.6267233316104,-0.1819485508981112
622.797389998436,0.08432230972645881
622.96803333203,-0.1829444610314936
623.1386999980608,0.08366522555954356
623.3093666648864,-0.18393586651598043
623.4800333317121,0.08301283548169251
623.6506999985377,-0.18492281391985646
623.8213666653634,0.082365044670762
623.9920233321191,-0.1859053467349456
624.1626899989445,0.08172183101611957
624.3333566649756,-0.18688349731345227
624.5040233318011,0.08108316613683457
624.6746899986267,-0.18785735762977676
624.8453566654523,0.08044890645909307
625.0160233322779,-0.18882701905188465
625.1866899983088,0.07981892925311113
625.3573566643397,-0.18979252136574917
625.5280099980037,0.07919318577997599
625.6986666647592,-0.19075393217652248
625.8693333315849,0.07857162872042445
626.0399999984105,-0.19171145916326726
626.2106666652361,0.07795403440288075
626.3813333320617,-0.19266523034132343
626.5519999980927,0.07734042510546545
626.7226666649182,-0.19361499396313292
626.8933233316739,0.0767311960564272
627.0639899984996,-0.19456053911849922
627.2346566653252,0.07612634083321752
627.4053233321508,-0.1955021670347409
627.5759899989764,0.07552550446975023
627.7466566650073,-0.1964400699361752
627.9173233318329,0.0749286198555723
628.0879899986585,-0.19737431928571728
628.2586566654842,0.0743355906332469
628.4292999982833,-0.19830496367664457
628.5999666643143,0.0737463757371264
628.7706333311398,-0.19923208441177098
628.9412999979655,0.07316090986813686
629.1119666647911,-0.2001557404647791
629.2826333316167,0.07257914935805104
629.4532899983724,-0.20107596064419128
629.6239566651981,0.07200097151605694
629.7946233320237,-0.20199281020515897
629.9652899980545,0.0714264054298249
630.13595666488,-0.20290613907997992
630.3066233317057,0.07085555683839692
630.4772899985313,-0.2038160179998604
630.6479333321254,0.07028833425690059
630.818599998951,-0.20472252935430335
630.9892666657765,0.0697246959058348
631.1599333310127,-0.20562568851572557
631.3305999978384,0.06916451707091717
631.5012666646641,-0.20652579134843965
631.6719233314195,0.06860743036741125
631.8425899982452,-0.20742305978875494
632.0132566650708,0.06805349019299851
632.1839233318965,-0.2083173126285046
632.3545899979273,0.06750283392065168
632.525256664753,-0.20920855447979514
632.6959233315786,0.06695534449375214
632.8665899984042,-0.21009702306483066
633.0372566652297,0.06641068365657864
633.2079133319854,-0.21098293515241764
633.3785666656495,0.06586877661983656
633.5492333316803,-0.2118661113356749
633.719899998506,0.06532983282397183
633.8905666653314,-0.21274655342410395
634.0612333321571,0.06479380287043933
634.2318999989827,-0.21362435743873978
634.4025566657385,0.06426060106635768
634.5732233309747,-0.21449965938972734
634.7438899978002,0.063729929636944
634.9145566646258,-0.21537256768731858
635.0852233314514,0.06320176180344235
635.2558899982771,-0.21624292714190763
635.4265466650327,0.06267633151556648
635.5971999986966,-0.2171106372618751
635.7678666647275,0.062153683901655064
635.9385333315531,-0.21797574799377217
636.1091999983788,0.061633739142700254
636.2798666652045,-0.21883830433825033
636.45053333203,0.06111652419359613
636.6211999988557,-0.2196982684629452
636.7918666656813,0.060601975981703
636.962533331712,-0.2205557336503365
637.1331899984677,0.06008994744050565
637.3038566652933,-0.22141077644162582
637.4745233321189,0.059580385175421774
637.6451899989446,-0.22226349384672264
637.8158566649755,0.05907322138793339
637.9865233310063,-0.22311400782606813
638.1571666646004,0.058568398981124904
638.327833331426,-0.22396230791480978
638.4984999982515,0.05806577724913207
638.6691666650771,-0.22480850944794004
638.8398333319028,0.057565327539348614
639.0104999987285,-0.22565260205126592
639.1811666647593,0.05706705270022252
639.351823331515,-0.22649463393934455
639.5224899983407,0.05657089340470757
639.6931566651663,-0.22733456445002917
639.8638233319919,0.05607694253034815
640.0344899988174,-0.22817229953025844
640.205156665643,0.055585214409736364
640.3758233316739,-0.22900791482385832
640.5464899984996,0.05509561526678138
640.7171566653252,-0.22984142439541505
640.8878099981944,0.05460807185930839
641.05846666495,-0.23067287791325172
641.229133330981,0.054122536283591205
641.3997999978066,-0.231502234720703
641.5704666646321,0.053639109196801885
641.7411333314578,-0.23232946770804003
641.9117899982135,0.05315780817727729
642.0824566650391,-0.2331547696548414
642.2531233318647,0.052678546097291674
642.4237899986903,-0.23397801908797292
642.5944566647212,0.05220141651071714
642.7651233315468,-0.23479915763721898
642.9357899983725,0.05172631920930167
643.1064433320364,-0.235618264823131
643.277099998792,0.05125316334691514
643.4477666656176,-0.23643540773610128
643.6184333324433,0.050781971639644034
643.7890999976795,-0.23725043616701524
643.959766664505,0.05031284257652387
644.1304333313307,-0.238063340040622
644.3010999981562,0.049845796124990176
644.4717666649818,-0.2388741501278921
644.6424333310126,0.04938084115357368
644.8130899985632,-0.23968282531149146
644.983756664594,0.04891795068896808
645.1544233314196,-0.2404894525068761
645.3250899982452,0.04845715012211981
645.4957566650708,-0.24129396337967268
645.6664233318965,0.04799843466041536
645.8370666654904,-0.24209643032740194
646.0077333323161,0.047541766296017925
646.1783999983469,-0.2428968035738355
646.3490666651726,0.047087233126346884
646.5197333319982,-0.24369498085816046
646.6903999988239,0.046634866529789286
646.8610666656494,-0.2444909001868007
647.0317233324051,0.04618466573032833
647.2023899976413,-0.24528451492799358
647.3730566644668,0.04573666706655261
647.5437233312925,-0.24607580000351037
647.7143899981181,0.04529075931352214
647.8850566649437,-0.24686489826650998
648.0557233317693,0.04484682684172892
648.2263899985949,-0.24765185497210682
648.3970566646258,0.044404845155549814
648.5677133313815,-0.24843671995713895
648.7383666650454,0.043964730944122156
648.9090333318711,-0.24921955629140072
649.0796999986967,0.04352641606802905
649.2503666655223,-0.25000044138568417
649.4210333323479,0.04309004136876032
649.5916999983788,-0.25077911203961173
649.7623566651343,0.04265576040770027
649.93302333196,-0.25155554350052106
650.1036899987856,0.04222369772374065
650.2743566656112,-0.2523296006018379
650.4450233316422,0.041793942939490264
650.615689997673,-0.253101183949248
650.786333331267,0.04136659294437322
650.9569999980926,-0.2538702290930445
651.1276666649183,0.04094144095380732
651.298333331744,-0.25463695039417267
651.4689999985694,0.04051841486221224
651.6396666653951,-0.2554012861580865
651.810333331426,0.04009762514749536
651.9809899981817,-0.2561631098178988
652.1516566650073,0.039679117734337604
652.3223233318329,-0.25692241246336783
652.4929899986585,0.03926281128656698
652.663656665484,-0.25767924663590375
652.8343233323097,0.038848747587239885
653.0049899983406,-0.25843343441927435
653.1756566651662,0.038437037197419394
653.3463233319918,-0.2591849830716954
653.5169666647911,0.038027663537075485
653.6876333316168,-0.2599339724482678
653.8582999976476,0.037620636389099585
654.0289666644733,-0.260680230667233
654.1996333312989,0.037216120486781065
654.3702999981244,-0.2614236621167191
654.5409566648801,0.03681409088396485
654.7116233317057,-0.2621644138997476
654.8822899985314,0.0364143231311628
655.052956665357,-0.2629026986058558
655.2236233313879,0.036016726391169096
655.3942899982135,-0.2636384228133886
655.5649566650391,0.035621436821977936
655.735599998633,-0.26437138069824073
655.9062666654587,0.035228612171433006
656.0769333322844,-0.265101439031524
656.2475999991099,0.03483836009649734
656.4182666643461,-0.26582857975294244
656.5889333311717,0.03445073014253167
656.7595999979973,-0.2665526315373897
656.9302666648229,0.03406586579057333
657.1009333316485,-0.2672733852882129
657.2715899984042,0.03368397605612331
657.4422566652298,-0.26799073222895675
657.6129233312606,0.033305216841070795
657.7835899980862,-0.2687045746071377
657.9542566649119,0.032929561308231055
658.1249233317375,-0.26941492972915504
658.2955799984932,0.032557038408372305
658.4662333321571,-0.2701219645019768
658.6368999989828,0.03218742238372356
658.8075666650136,-0.2708257538412432
658.9782333318393,0.031820836104443175
659.1488999986649,-0.2715260718585398
659.3195666654905,0.031457542898129444
659.4902233322462,-0.27222263006489067
659.6608899990717,0.03109761053618653
659.831556664308,-0.2729154679470388
660.0022233311336,0.030741024677740144
660.1728899979591,-0.27360450944582226
660.3435566647847,0.030387903782668813
660.5142133315404,-0.27428965394715776
660.6848666652044,0.030038295272132014
660.8555333320301,-0.27497085950271455
661.0261999980609,0.029692236643383624
661.1968666648866,-0.2756480450195871
661.3675333317121,0.029349840383793648
661.5381999985377,-0.2763210717292623
661.7088666653633,0.029011182622031274
661.8795333321889,-0.27698982452034315
662.0501999990145,0.028676377056312825
662.2208566649755,-0.2776541700450852
662.3915233318011,0.028345549636544884
662.5621899986266,-0.2783140468686187
662.7328566654523,0.028018860110277568
662.9035233322779,-0.2789692477851445
663.0741899983088,0.027696425199037242
663.244843331178,-0.27961974951053303
663.4154999979337,0.027378288822859257
663.5861666647594,-0.28026543655451286
663.7568333315849,0.027064475041749348
663.9274999984106,-0.2809064056032001
664.0981666652362,0.026754726569295336
664.2688333320618,-0.2815428089042792
664.4394899980227,0.026449084894519425
664.6101566648483,-0.28217453372221357
664.7808233316739,0.026147569408951327
664.9514899984995,-0.2828016199710695
665.1221566653252,0.02585023826838676
665.2928233321508,-0.2834239095776536
665.4634899989763,0.025557285719959463
665.6341566650073,-0.28404123618565724
665.8048233318328,0.025268837260380986
665.9754766647022,-0.2846534975143424
666.1461333314577,0.024984985846057406
666.3167999982834,-0.28526055889080515
666.4874666643143,0.024705910556333806
666.6581333311399,-0.28586232563907243
666.8287999979655,0.02443178576851466
666.999466664791,-0.28645836400726554
667.1701233315468,0.024162792702888475
667.3407899983724,-0.2870487441222328
667.511456665198,0.023898915379177915
667.6821233320236,-0.28763343155140664
667.8527899980545,0.02364027848174176
668.0234566648801,-0.28821233683593206
668.194109998544,0.02338689102065748
668.3647666652998,-0.2887853977251529
668.5354333321253,0.0231388286677988
668.706099998951,-0.28935247001744124
668.8767666657766,0.0228961508284561
669.0474333310127,-0.2899135679377854
669.2180999978383,0.02265889803198156
669.3887566645941,-0.29046862489729564
669.5594233314197,0.022427106704513426
669.7300899982453,-0.2910175150052463
669.9007566650708,0.022200871353408955
670.0714233318964,-0.2915602423604695
670.2420899979273,0.02198018951538793
670.4127566647529,-0.29209679427719226
670.5834233315785,0.021764975667926022
670.7540899984042,-0.292627302857762
670.9247466651599,0.021555191571258972
671.0953999988238,-0.29315174360438273
671.2660666656495,0.021350965590991224
671.4367333316803,-0.2936700490684013
671.6073999985059,0.021152192613067708
671.7780666653315,-0.2941825222164974
671.9487333321572,0.020958595372794257
672.1193899989128,-0.2946891237082814
672.2900566657385,0.020770400970433374
672.4607233309746,-0.29518941096849444
672.6313899978002,0.020588087841566405
672.8020566646258,-0.2956830123414803
672.9727233314513,0.020411856038483576
673.1433799982071,-0.2961698451568497
673.314033331871,0.020241836501417945
673.4846999986967,-0.29664982422881214
673.6553666647276,0.02007804159784907
673.8260333315532,-0.29712284803916467
673.9966999983787,0.019920542619565287
674.1673666652043,-0.29758883293903726
674.3380333320299,0.01976941214712274
674.5086999988556,-0.29804772454711315
674.6793666656812,0.01962453020197829
674.8500233316421,-0.29849969866085635
675.0206899984678,0.01948596715814435
675.1913566652934,-0.2989447694363596
675.362023332119,0.0193537101722622
675.5326899989446,-0.2993830033759831
675.7033566649754,0.019227600401037336
675.8739999977748,-0.2998145500568226
676.0446666646003,0.019107728845689977
676.215333331426,-0.3002391841298967
676.3859999982517,0.018994175436842068
676.5566666650773,-0.30065686140625303
676.7273333319029,0.018886903683995433
676.8979999987284,-0.3010676198443696
677.0686566646893,0.018785886030381314
677.2393233315149,-0.301471508803203
677.4099899983406,0.01869115709469235
677.5806566651662,-0.3018686061087082
677.7513233319918,0.018602608178673576
677.9219899988174,-0.3022588959549243
678.0926333324114,0.018520358525016736
678.2632999976477,-0.30264223949685487
678.4339666644731,0.018444479422659622
678.6046333312988,-0.3030186762691313
678.7752999981245,0.018374848559426338
678.9459666649501,-0.3033883378593872
679.1166333309809,0.01831142777484359
679.2872999978065,-0.3037511698363493
679.4579666646322,0.018254289714351647
679.6286233313879,-0.30410721945602065
679.7992899982135,0.018203423943255824
679.969956665039,-0.30445634446236647
680.1406233318646,0.018159093911404568
680.3112899986902,-0.30479832016656494
680.4819566647211,0.01812123965678785
680.6526233315468,-0.3051332556628834
680.8232666651407,0.01808988882055928
680.9939333319664,-0.30546119450316245
681.164599998792,0.01806497183676499
681.3352666656176,-0.30578205172108536
681.5059333324432,0.01804653619003703
681.6765999976794,-0.30609582383230305
681.8472566644351,0.018034515755163405
682.0179233312607,-0.30640258579501134
682.1885899980863,0.01802885573900357
682.3592566649119,-0.306702383263782
682.5299233317376,0.01802961776157279
682.7005899985631,-0.3069950768876727
682.871256664594,0.018036959353855006
683.0419233314196,-0.30728048997209517
683.2125899982453,0.018050761832991324
683.3832566650708,-0.3075588311660427
683.553899998665,0.01807090620034017
683.7245666654906,-0.30783018432416726
683.8952333323161,0.018097502433294485
684.0658999983469,-0.30809439580082904
684.2365666651726,0.01813061071364247
684.4072333319982,-0.30835148208204505
684.5778899987539,0.01817023750541982
684.7485566655795,-0.30860140248868745
684.9192233324051,0.01821624533649859
685.0898899976412,-0.30884420496158893
685.2605566644668,0.018268984829890617
685.4312233312925,-0.3090796335090327
685.6018899981179,0.018328524648485386
685.7725333317121,-0.30930760958330883
685.9431999985377,0.018394929015291394
686.1138666653634,-0.3095280483635884
686.2845333313942,0.01846805004385884
686.4551999982198,-0.3097410450053184
686.6258666650455,0.018547896771163856
686.7965233318012,-0.3099466023005687
686.9671899986267,0.01863446678051521
687.1378566654523,-0.31014491910802955
687.3085233322779,0.018727563010800696
687.4791899983088,-0.3103359535435237
687.6498566651344,0.018827138322392918
687.8205233319601,-0.31051964041132357
687.9911899987856,0.01893325190145223
688.1618566656113,-0.31069601125478974
688.3325099984804,0.019045782238441934
688.5031666644414,-0.3108651736399444
688.673833331267,0.01916463958927022
688.8444999980927,-0.3110276785829257
689.0151666649183,0.019289166802833033
689.1858333317439,-0.31118377553563226
689.3564999985695,0.01941947161556948
689.527166665395,-0.31133296688288636
689.6978233313561,0.019555847381740047
689.8684899981816,-0.31147514068728355
690.0391566650072,0.019698419867076846
690.2098233318328,-0.3116105734016744
690.3804899986584,0.01984723273052796
690.5511433323225,-0.3117390790488371
690.7217999990783,0.020002272724103223
690.8924666643143,-0.3118608908368706
691.06313333114,0.020163427682272826
691.2337999979655,-0.3119759740083649
691.4044666647911,0.02033078351703154
691.5751333316167,-0.3120842970825644
691.7457899983724,0.020504097494754236
691.9164566651981,-0.312186208524997
692.0871233312289,0.020682927127416123
692.2577899980545,-0.31228214517139863
692.4284566648801,0.02086686290328711
692.5991233317056,-0.312372581442766
692.7697899985312,0.021055696983722574
692.9404566653569,-0.3124576155177049
693.111123331388,0.021249406214041422
693.2817899982134,-0.3125372121723604
693.4524333318075,0.02144785300515117
693.623099998633,-0.31261158416983237
693.7937666654587,0.02165098138581321
693.9644333322843,-0.31268073918128164
694.1350999991099,0.021858619109605702
694.305766664346,-0.3127449429842482
694.4764233311017,0.02207052403131879
694.6470899979274,-0.31280432254322976
694.817756664753,0.02228671578694584
694.9884233315786,-0.3128586193566433
695.1590899984042,0.02250742903502164
695.3297566652298,-0.31290768947842673
695.5004133311908,0.02273273564300674
695.6710666648547,-0.3129516242158832
695.8417333316804,0.022962473782146258
696.012399998506,-0.31299053301240154
696.1830666653316,0.023196640145109165
696.3537333321572,-0.31302459364647595
696.5243999989827,0.02343505409596906
696.6950566649436,-0.31305392842205954
696.8657233317693,0.02367765745137458
697.0363899985949,-0.3130787723775651
697.2070566654205,0.023924020004075057
697.3777233322461,-0.31309930167457584
697.5483899990717,0.02417418200763135
697.7190566643079,-0.3131154783208279
697.8897233311334,0.024428187575846496
698.0603899979591,-0.31312724922416213
698.2310466647149,0.024686045088944286
698.4016999983788,-0.31313466133806744
698.5723666652045,0.024947797171279425
698.74303333203,-0.31313774763569613
698.9136999980609,0.02521319754416782
699.0843666648864,-0.3131367754543322
699.2550333317121,0.025482188570784665
699.4256899984678,-0.31313179894163096
699.5963566652933,0.025754819602305242
699.7670233321189,-0.3131227301316529
699.9376899989445,0.026030997723769555
700.1083566649755,-0.3131096422603409
700.279023331801,0.026310500006269638
700.4496666646004,-0.3130927958836158
700.6203333314259,0.026593262040623747
700.7909999982518,-0.3130722287574041
700.9616666650771,0.02687949143309935
701.1323333311082,-0.31304786105313576
701.3029999979337,0.02716897036248847
701.4736666647593,-0.31301991260132184
701.6443233315151,0.027461412580428776
701.8149899983407,-0.3129884868171911
701.9856566651663,0.02775698117417133
702.1563233319919,-0.31295326377653176
702.3269899980227,0.028055641376164255
702.4976566648483,-0.31291436123404526
702.6683233316738,0.02835720220922518
702.8389899984995,-0.3128719263419258
703.0096566653252,0.028661803784768895
703.1802999989192,-0.31282561316186974
703.3509666657449,0.028969635591184713
703.521633330981,-0.3127753345488687
703.6922999978066,0.029280608632793272
703.8629666646322,-0.3127213582956102
704.0336333314578,0.029594457843507147
704.2042899982135,-0.3126637452480559
704.3749566650391,0.029911273385692307
704.5456233318647,-0.3126026555338473
704.7162899978955,0.03023082727004629
704.8869566647211,-0.3125382731815401
705.0576233315467,0.030553043085265654
705.2282899983724,-0.31247073641338324
705.3989333319663,0.030877788483482188
705.569599998792,-0.31240011623437164
705.7402666656176,0.031204985584457782
705.9109333324434,-0.31232648826472725
706.0815999984742,0.03153452888454715
706.2522666652998,-0.3122499614783747
706.4229233320555,0.03186638072672785
706.593589998881,-0.3121706184808156
706.7642566657066,0.032200454436019536
706.9349233309429,-0.312088511992597
707.1055899977684,0.032536367531572456
707.276256664594,-0.3120040316767077
707.4469233314196,0.03287394251949715
707.6175899982452,-0.3119171847200484
707.7882566650709,0.03321340828071072
707.9589233318964,-0.31182776573829507
708.1295666646959,0.03355481301653535
708.3002333315214,-0.31173568052891215
708.470899998347,0.03389836638347193
708.6415666651726,-0.31164086583876405
708.8122333319982,0.03424414893396826
708.9828999988238,-0.3115434255124531
709.1535566655796,0.03459187994160936
709.3242233316104,-0.3114435763991888
709.494889998436,0.03494151558943804
709.6655566652615,-0.31134152889963235
709.8362233320871,0.035292992526867524
710.0068899989128,-0.3112370082968221
710.1775566657385,0.03564628028987918
710.348199997743,-0.3111300298743205
710.5188666645686,0.03600142925340512
710.6895333313943,-0.311020485496173
710.86019999822,0.0363585145088878
711.0308666650454,-0.3109082463453031
711.2015333318711,0.03671774885503955
711.3721899986267,-0.3107933566791242
711.5428566646576,0.03707919782256233
711.7135233314832,-0.3106758318887074
711.8841899983088,0.03744287227690037
712.0548566651344,-0.3105555979502691
712.22552333196,0.03780869077286694
712.3961899987856,-0.3104326998358622
712.5668566656113,0.03817679578021456
712.7375233316421,-0.31030716638868605
712.9081766645113,0.03854713462988954
713.0788333312672,-0.3101789844601094
713.2494999980926,0.038919558638522735
713.4201666649184,-0.3100485640182038
713.5908333317439,0.039293691465348425
713.7614999977748,-0.3099160219914666
713.9321666646003,0.03966952880963273
714.1028333314259,-0.30978136676553203
714.2734899981817,0.04004700182974564
714.4441566650073,-0.3096448099568738
714.6148233318329,0.04042564059158791
714.7854899986585,-0.3095065340951528
714.9561566646893,0.04080521606525776
715.1268099983533,-0.30936680562485874
715.2974666651091,0.04118554741284237
715.4681333319346,-0.30922573679797677
715.6387999987603,0.04156655120432234
715.8094666655859,-0.30908322950879835
715.9801333324115,0.0419483869148157
716.1507999976476,-0.30893942864078244
716.3214566644033,0.042331355690043565
716.492123331229,-0.30879405296954343
716.6627899980546,0.04271549925622727
716.8334566648801,-0.308647073651848
717.0041233317057,0.043100795447208705
717.1747899985314,-0.3084986949998607
717.3454566645621,0.043486485929736855
717.5161233313878,-0.3083497555463699
717.6867899982135,0.0438723450651974
717.857456665039,-0.3082002995248266
718.028099998633,0.044258309371805596
718.1987666654588,-0.3080504858159226
718.3694333322844,0.04464424608078161
718.54009999911,-0.3079003858570163
718.7107666651408,0.04502987368011134
718.8814333319665,-0.30775038128641674
719.0520899987221,0.04541487920765026
719.2227566655476,-0.3076003672008491
719.3934233323732,0.0458000455136264
719.5640899976095,-0.30744944601448027
719.734756664435,0.04618574576075866
719.9054233312606,-0.307297671193947
720.0760366654397,0.04657175528881772
720.2466566650073,-0.30714517073711
720.4173233318329,0.04695769917640456
720.5879899986585,-0.30699237274582714
720.7586566654842,0.047343134932752426
720.9293233323098,-0.3068397154706563
721.0999899975459,0.0477277338382101
721.2706333311398,-0.30668724025850486
721.4412999979654,0.04811161590272611
721.6119666647911,-0.3065349723536978
721.7826333316167,0.0484945891779027
721.9532999984424,-0.30638274472765037
722.123966665268,0.04887666922129173
722.2946233320237,-0.30623077419590994
722.4652899980545,0.049257839815214734
722.63595666488,-0.3060792522389485
722.8066233317057,0.049638084263655576
722.9772899985313,-0.3059281194527798
723.147956665357,0.050017424090363534
723.3186233321826,-0.305777278881377
723.4892666657765,0.05039580847236756
723.6599333310127,-0.3056265975754455
723.8305999978384,0.05077349701209821
724.0012666646641,-0.3054759270145656
724.1719333314895,0.05115037467766095
724.3425999983152,-0.30532589697580775
724.5132566650708,0.05152592958949168
724.6839233318965,-0.3051766965419588
724.8545899979273,0.05190016191217458
725.025256664753,-0.3050280666296006
725.1959233315786,0.05227297500500462
725.3665899984042,-0.30488005024770315
725.5372566652297,0.05264497943892953
725.7079233312608,-0.30473208484291286
725.8785899980863,0.053016193454847975
726.049246664842,-0.3045843472385471
726.219899998506,0.05338619392111151
726.3905666653314,-0.3044371458251212
726.5612333321571,0.05375490860728848
726.7318999989827,-0.30429060703204586
726.9025666658084,0.05412200539475938
727.0732333310445,-0.304144712880154
727.2438899978002,0.05448739019729854
727.4145566646258,-0.30399965911793425
727.5852233314515,0.054850765368782146
727.7558899982771,-0.3038558006343854
727.9265566651027,0.05521203634987834
728.0972233319283,-0.30371303953349554
728.2678799978892,0.055571271839651486
728.4385333315531,-0.3035712242500955
728.6091999983788,0.055928620846164116
728.7798666652045,-0.3034303892235573
728.95053333203,0.05628391827207923
729.1211999988557,-0.3032905843206786
729.2918666656813,0.05663726305378305
729.4625233316422,-0.30315165309676045
729.6331899984677,0.05698876288196144
729.8038566652933,-0.3030133959065516
729.974523332119,0.057338692098673094
730.1451899989446,-0.30287545862648335
730.3158566649755,0.057687308997339246
730.4865233310063,-0.30273789925689
730.657189997832,0.05803448825130888
730.8278566646576,-0.30260082225312024
730.9984999982515,0.05838012566328643
731.1691666650771,-0.3024639202051215
731.3398333319028,0.05872463040737845
731.5104999987285,-0.30232717464106856
731.6811666647593,0.059067825322297915
731.8518333315849,-0.30219053565971327
732.0224999984105,0.05940956549355875
732.1931566651663,-0.30205425785447954
732.3638233319919,0.05974973693196056
732.5344899988174,-0.3019183326745944
732.705156665643,0.060088386386690604
732.8758233316739,-0.3017827690437222
733.0464899984996,0.06042572521562131
733.2171333312988,-0.30164765859051595
733.3877999981244,0.06076175937278954
733.55846666495,-0.3015128234717936
733.7291333309809,0.06109621934913765
733.8997999978066,-0.3013789413902781
734.0704666646321,0.06142851693783036
734.2411233313878,-0.3012465387101939
734.4117899982135,0.06175870038812288
734.5824566650391,-0.30111499352239324
734.7531233318647,0.062087370159755906
734.9237899986903,-0.3009838981323872
735.0944566647212,0.06241475835246184
735.2651233315468,-0.3008533007864312
735.4357899983725,0.06274062741338866
735.606456665198,-0.300723089279016
735.7771233320236,0.06306580965092502
735.9477766656876,-0.300592262414822
736.1184333324433,0.06339062060582615
736.2890999976795,-0.30046088540647187
736.459766664505,0.06371500331151454
736.6304333313307,-0.3003288322305414
736.8010999981562,0.06403932587739321
736.9717566649119,-0.3001958674990371
737.1424233317375,0.0643635348126767
737.3130899985632,-0.3000618959896376
737.483756664594,0.06468742936921155
737.6544233314196,-0.2999269866823569
737.8250899982452,0.06501109572269867
737.9957566650709,-0.2997914596851619
738.1663999986649,0.06533426903955457
738.3370666654904,-0.2996554400285413
738.5077333323161,0.065656970224374
738.6783999983469,-0.29951892744232966
738.8490666651726,0.06597901172582535
739.0197333319982,-0.2993818093842588
739.190389998754,0.06630070807117038
739.3610566655796,-0.29924393961130913
739.5317233324051,0.06662232833456548
739.7023899976413,-0.29910533330886124
739.873056664467,0.06694371347216044
740.0437233312925,-0.2989658920658719
740.2143899981181,0.06726502414679478
740.3850333317121,-0.2988257539412034
740.5556999985376,0.0675864259147253
740.7263666653632,-0.2986844996400945
740.8970333313943,0.06790767001984616
741.06769999822,-0.298542964671963
741.2383666650454,0.06822878061840429
741.4090333318711,-0.29840044957000894
741.5796999986967,0.06855019757280255
741.7503666655223,-0.2982568748402739
741.9210333323479,0.06887163099513732
742.0916899983088,-0.298112210471369
742.2623566651345,0.06919316183007673
742.43302333196,-0.2979662112391836
742.6036899987856,0.06951502579874001
742.7743566656113,-0.2978189057721225
742.9450099984805,0.06983722025125999
743.1156666644414,-0.2976700839248877
743.286333331267,0.07015992880858757
743.4569999980926,-0.29751953873705655
743.6276666649183,0.07048356516151277
743.798333331744,-0.29736723790145586
743.9689999985694,0.0708080313737486
744.1396666653951,-0.2972136537199763
744.310323331356,0.07113294236650544
744.4809899981817,-0.2970588565668089
744.6516566650073,0.07145820044819073
744.8223233318329,-0.2969027549911198
744.9929899986585,0.07178393427783476
745.1636433323224,-0.29674542877288707
745.3342999990781,0.07211010622134352
745.5049666643142,-0.2965868683788249
745.6756333311398,0.0724367563141713
745.8462999979654,-0.29642748603328634
746.016966664791,0.07276342007220261
746.1876333316168,-0.2962679180767696
746.3582999976476,0.0730897730800195
746.5289666644733,-0.2961076701716416
746.6996333312989,0.07341629305314601
746.8702899980545,-0.29594658110583605
747.0409566648801,0.07374306362797341
747.2116233317057,-0.2957845946884352
747.3822899985314,0.07406999497565464
747.552956665357,-0.2956213949815458
747.7236233313879,0.07439735857558417
747.8942899982135,-0.29545678957216803
748.0649333318074,0.07472581293100411
748.235599998633,-0.2952903258631922
748.4062666654587,0.07505501143259433
748.5769333322844,-0.2951222867051699
748.7475999991099,0.07538502846012848
748.9182666643461,-0.29495224844425216
749.0889233311017,0.07571592314593302
749.2595899979274,-0.29478048107235
749.430256664753,0.07604768983628457
749.6009233315787,-0.2946067983717863
749.7715899984042,0.07638054525668062
749.9422566652298,-0.2944311265240861
750.1129133311907,0.07671423209676001
750.2835666648547,-0.29425377759113264
750.4542333316804,0.07704856294180504
750.6248999985058,-0.29407503723959744
750.7955666653315,0.07738356992652345
750.9662333321571,-0.2938949257412858
751.1368999989827,0.0777189466464526
751.3075666650136,-0.2937136451469659
751.4782333318393,0.0780546164319522
751.6488999986649,-0.293531159143107
751.8195566654206,0.07839039246310901
751.9902233322462,-0.29334791179997893
752.1608899990717,0.07872585235551283
752.331556664308,-0.29316393081552705
752.5022233311336,0.0790609926201293
752.6728899979591,-0.29297960628253655
752.8435466647148,0.07939546138885274
753.0141999983787,-0.2927948464377278
753.1848666652044,0.07972940876902367
753.3555333320301,-0.2926095327782968
753.5261999980609,0.08006274546593857
753.6968666648866,-0.29242412678048346
753.8675333317121,0.08039499679276865
754.0381899984678,-0.29223904651923605
754.2088566652934,0.08072611380190105
754.379523332119,-0.2920542315625113
754.5501899989447,0.08105620867866621
754.7208566649755,-0.29186942230383656
754.8915233318011,0.081385509937297
755.0621666646005,-0.29168469451781875
755.232833331426,0.0817134426135386
755.4034999982516,-0.29150088086589987
755.5741666650772,0.08203927210456029
755.744833331108,-0.2913187230306237
755.9154999979337,0.0823627139066648
756.0861666647594,-0.2911381720438815
756.2568233315149,0.08268386090551806
756.4274899983408,-0.29095913744918694
756.5981566651661,0.08300288830940707
756.7688233319919,-0.29078134206586304
756.9394899980227,0.08332007999505729
757.1101566648483,-0.2906044544641057
757.2808233316739,0.08363574105489782
757.4514899984995,-0.2904281720957878
757.6221566653252,0.08395008709726905
757.7927999989191,-0.2902522407385652
757.9634666657447,0.08426306829375009
758.1341333309808,-0.290076858011358
758.3047999978064,0.08457474650901713
758.4754666646322,-0.28990150455140284
758.6461333314577,0.08488559491998435
758.8167899982134,-0.28972607010465434
758.9874566650391,0.08519563348387593
759.1581233318647,-0.28955059293161506
759.3287899978956,0.08550438917670412
759.4994566647212,-0.2893752966759861
759.6701233315468,0.08581224762365265
759.8407899983724,-0.28919987208001013
760.0114333319664,0.0861192477511494
760.182099998792,-0.2890243430475227
760.3527666656175,0.08642539343797949
760.5234333324432,-0.28884879203844044
760.6940999984741,0.08673068310783472
760.8647666652998,-0.2886729279199842
761.0354233320553,0.0870356694700489
761.206089998881,-0.28849616791661076
761.3767566657066,0.08734046809654486
761.5474233309428,-0.28831868700111274
761.7180899977684,0.08764488199540159
761.8887566645941,-0.2881407019764165
762.0594233314197,0.08794874617251813
762.2300899982453,-0.2879621321255495
762.4007566650708,0.08825187952312354
762.5714233318965,-0.2877837889624494
762.7420666646958,0.08855402008131519
762.9127333315213,-0.2876054944988095
763.083399998347,0.08885535757621076
763.2540666651726,-0.2874266785615047
763.4247333319981,0.08915628653388408
763.5953999988238,-0.28724737636019027
763.7660566655795,0.08945684285175513
763.9367233316104,-0.28706751904630573
764.107389998436,0.08975699802412734
764.2780566652616,-0.28688722893300345
764.4487233320872,0.09005660121702477
764.6193899989128,-0.2867066892327285
764.7900566657385,0.09035540827583317
764.960699997743,-0.286525489757031
765.1313666645685,0.0906538847307617
765.3020333313941,-0.2863436091938956
765.4726999982198,0.09095206691176662
765.6433666650455,-0.2861610836770786
765.814033331871,0.09124996616508935
765.9846899986267,-0.2859776555653865
766.1553566646576,0.09154768440159645
766.3260233314833,-0.28579336996077753
766.4966899983089,0.09184554161435406
766.6673566651344,-0.2856079748749972
766.8380233319601,0.09214360615182715
767.0086899987857,-0.2854213715875599
767.1793566656113,0.09244198420684346
767.3500233316422,-0.28523355585101345
767.5206766645114,0.09274090263481462
767.6913333312671,-0.2850438281473582
767.8619999980926,0.09304050761739774
768.0326666649182,-0.28485258267669283
768.2033333317438,0.09334081818616881
768.3739999977748,-0.28465971625199427
768.5446666646003,0.09364200490619212
768.715333331426,-0.28446486603306
768.8859899981816,0.09394454493878558
769.0566566650074,-0.2842676563637318
769.2273233318328,0.09424817914609977
769.3979899986585,-0.28406843812099447
769.5686566646893,0.09455272947128475
769.7393099983533,-0.28386712955663956
769.909966665109,0.09485853387767139
770.0806333319346,-0.28366332655372184
770.2512999987601,0.09516599144286207
770.4219666655857,-0.28345689170859767
770.5926333324114,0.09547517491720028
770.7632999976477,-0.2832476590527566
770.9339566644032,0.09578632250433183
771.1046233312288,-0.28303561833563257
771.2752899980545,0.09609915722735306
771.4459566648801,-0.28282084079202874
771.6166233317057,0.09641385171992092
771.7872899985313,-0.2826031779521774
771.9579566645623,0.09673053095508087
772.1286233313879,-0.2823824254346531
772.2992899982135,0.09704935803906206
772.469956665039,-0.2821587228299959
772.640599998633,0.09737034365912633
772.8112666654587,-0.2819320350982916
772.9819333322843,0.09769347171389996
773.15259999911,-0.28170244233713315
773.3232666651407,0.0980188938146232
773.4939333319664,-0.28146975010584496
773.664589998722,0.09834646582233632
773.8352566655477,-0.2812339353158951
774.0059233323734,0.09867636466966188
774.1765899976095,-0.28099482170372253
774.3472566644351,0.09900864744297727
774.5179233312607,-0.28075228325917356
774.6885799980163,0.0993433860284921
774.8592333316803,-0.2805063946148086
775.0298999985059,0.09968042697567961
775.2005666653315,-0.28025735386230244
775.3712333313624,0.10001982870314682
775.541899998188,-0.28000485123289154
775.7125666650136,0.10036172978990669
775.8832233317693,-0.27974894188521937
776.053889998595,0.10070600316808284
776.2245566654206,-0.2794896646025047
776.3952233322461,0.10105265561077421
776.565889998277,-0.2792270420697549
776.7365566651026,0.10140145736809154
776.9072233319282,-0.27896135568054564
777.0778899987539,0.10175241461297498
777.2485566655795,-0.2786931038386228
777.4192133323352,0.10210507694270363
777.5898666644096,-0.2784223242390138
777.7605333312353,0.10245982921956401
777.931199998061,-0.278148481574819
778.1018666648864,0.10281663834992122
778.2725333317121,-0.2778716395482112
778.4431999985377,0.10317536190582227
778.6138566652934,-0.277591870048194
778.7845233313243,0.1035359556850772
778.9551899981499,-0.2773096062082292
779.1258566649756,0.10389807714590837
779.2965233318012,-0.2770248884929024
779.4671899986267,0.10426187359222432
779.6378333322207,-0.27673742655798445
779.8084999990463,0.10462712026963154
779.9791666642825,-0.27644803127717443
780.1498333311081,0.104993414041272
780.3204999979337,-0.27615678527787696
780.4911666647592,0.10536092228535653
780.661833331585,-0.2758629558567414
780.8324899983405,0.10573005796891274
781.0031566651663,-0.2755664456805917
781.1738233319918,0.10610087586252646
781.3444899980228,-0.2752670959112697
781.5151566648483,0.10647328486314407
781.685823331674,-0.2749650348802202
781.856466665268,0.10684690149105312
782.0271333320936,-0.2746608073913348
782.1977999989192,0.10722167006818067
782.3684666657448,-0.27435449369991066
782.5391333317756,0.10759736369122466
782.7097999986012,-0.2740463803058449
782.8804666654269,0.10797398453773487
783.0511333322526,-0.27373645526598755
783.2217999990783,0.10835139793813774
783.3924566642443,-0.27342500437878003
783.56312333107,0.10872953532925779
783.7337899978955,-0.2731118334114141
783.9044566647211,0.10910815773327115
784.0751233315467,-0.27279708105174066
784.2457899983724,0.10948709612369632
784.4164566651981,-0.27248117747150097
784.5870999979973,0.10986610689982074
784.7577666648228,-0.27216415972906377
784.9284333316484,0.11024536465623122
785.0990999984741,-0.27184596942557004
785.2697666652997,0.11062475890765266
785.4404333321254,-0.2715270528353911
785.611089998881,0.1110037151677254
785.7817566657066,-0.2712078130569866
785.9524233317375,0.11138220107388022
786.1230899985632,-0.2708882297402524
786.2937566653889,0.11176022312005805
786.4644233322144,-0.27056843129570407
786.63507999897,0.11213750283483309
786.8057333310445,-0.27024844474049337
786.9763999978702,0.11251398711119463
787.1470666646958,-0.26992870444597256
787.3177333315214,0.11288900297415558
787.488399998347,-0.2696099817087647
787.6590666651725,0.11326197504201915
787.8297333319981,-0.26929267505187343
788.000399998029,0.1136332623255764
788.1710666648547,-0.2689758568857931
788.3417233316104,0.11400315979256191
788.512389998436,-0.2686594090059966
788.6830566652616,0.11437180266687805
788.8537233320872,-0.26834327510268324
789.0243899989129,0.11473895823615028
789.1950566649436,-0.2680281714176236
789.3657233317693,0.11510463051279014
789.5363666645686,-0.2677131452393981
789.7070333313942,0.11546920953504289
789.8776999982198,-0.26739856818727803
790.0483666650455,0.11583220149310328
790.2190333310764,-0.26708478004771924
790.3896999979019,0.11619359519970705
790.5603566646575,-0.26677185434606765
790.7310233314831,0.11655356776165032
790.9016899983088,-0.266458815652856
791.0723566651345,0.11691253577691789
791.24302333196,-0.26614556268710204
791.413689997991,0.1172706002532479
791.5843433316548,-0.26583222694263914
791.7549999984105,0.11762748015748792
791.9256666652361,-0.2655190329616595
792.0963333320617,0.11798320700670557
792.2669999988873,-0.2652058107647653
792.437666665713,0.11833773836356931
792.6083333309491,-0.2648926462529441
792.7789999977747,0.11869094965159045
792.9496666646004,-0.2645797177368374
793.1203333314259,0.11904295350091847
793.2909999982518,-0.2642670858933904
793.4616566650072,0.11939367301708742
793.6323233318329,-0.2639547624616548
793.8029899986585,0.11974290117109768
793.9736566646894,-0.2636429646733258
794.1443233315151,0.1200899455659751
794.314976665179,-0.26333207537715525
794.4856333319347,0.12043539438519416
794.6562999987602,-0.26302126281481397
794.8269666655858,0.12078041301238161
794.9976333324114,-0.26270893552347885
795.1682999984423,0.12112520513265887
795.338966665268,-0.2623962732145973
795.5096233320237,0.12146887695336372
795.6802899988493,-0.2620832926747648
795.8509566656749,0.12181149452209285
796.021623330911,-0.2617702291212718
796.1922899977366,0.12215283332990794
796.3629566645621,-0.2614571230704978
796.5336099982262,0.1224930176645641
796.7042666649819,-0.2611438776987209
796.8749333318075,0.1228318843384839
797.0455999986331,-0.260830520932323
797.2162666646639,0.12316973669201048
797.3869333314896,-0.26051691089935436
797.5575999983151,0.12350633650913204
797.7282666651408,-0.26020338685086103
797.8989333319663,0.12384203254720694
798.069599998792,-0.2598892766348255
798.2402566655476,0.12417703231997898
798.4109233323734,-0.2595748280893265
798.5815899984043,0.12451089231234173
798.7522566652299,-0.2592601333138247
798.9229233320555,0.12484381454677089
799.093589998881,-0.25894503257101564
799.2642466656367,0.12517566332604224
799.4348999977112,-0.2586302312002733
799.6055666645368,0.12550530652131425
799.7762333313624,-0.2583165968348545
799.946899998188,0.1258330650325816
800.1175666650136,-0.2580028689338258
800.2882333318391,0.12615948775815922
800.4588899985949,-0.2576893351723732
800.6295566646259,0.12648446988305811
800.8002233314514,-0.2573760463216393
800.970889998277,0.12680717507017175
801.1415566651026,-0.2570642236875382
801.3122233319283,0.1271274400570445
801.4828799986839,-0.2567532591757975
801.6535333323479,0.12744614637928306
801.8241999983787,-0.2564425344503129
801.9948666644096,0.12776294771015612
802.1655333312352,-0.25613235196203027
802.3361999980609,0.1280778555152838
802.5068666648865,-0.2558230316706927
802.6775333317121,0.12839002972785796
802.848199997743,-0.25551563300479996
803.0188666645686,0.12869978116482483
803.1895233313243,-0.25520929099481665
803.36018999815,0.1290076115269402
803.5308566649754,-0.25490348339829766
803.7015233318011,0.12931351131071472
803.8721899986267,-0.25459866677428317
804.0428566646576,0.12961718617947993
804.2134999990463,-0.2542947785095
804.3841666650771,0.12991878367189622
804.5548333319027,-0.2539916823866855
804.7254999987284,0.13021822186704884
804.8961666655539,-0.25368983649468324
805.0668333323796,0.13051495581819358
805.2374999976158,-0.2533895510617757
805.4081566643714,0.13080915492474723
805.5788233311972,-0.2530909719638742
805.7494899980227,0.13110012594214263
805.9201566648484,-0.25279413310774945
806.090823331674,0.131388004795324
806.2614899984995,-0.2524995906488047
806.4321566653252,0.13167226752013125
806.6028233313561,-0.2522076928281624
806.7734899981817,0.1319526690249407
806.9441333317757,-0.25191839897523244
807.1147999986013,0.13222922150085814
807.2854666654268,-0.2516319408815004
807.4561333322524,0.13250178755342104
807.6267999990781,-0.25134828306871015
807.7974666651091,0.13277046355456792
807.9681233318647,-0.25106723214652754
808.1387899986903,0.1330352704746249
808.3094566655159,-0.25078923038874124
808.4801233323416,0.1332957244583122
808.6507899975776,-0.2505144854706937
808.8214566644033,0.13355155760543785
808.992123331229,-0.2502436604500395
809.1627666648229,0.13380265102062172
809.3334333316485,-0.2499767299636743
809.5040999984742,0.13404869148188245
809.6747666652998,-0.2497137326798366
809.8454333313306,0.1342892778642164
810.0160999981563,-0.24945510788318806
810.1867566649119,0.1345241679017343
810.3574233317374,-0.24920073383564617
810.528089998563,0.1347534253294895
810.6987566653888,-0.24895117905149922
810.8694233322144,0.13497646211367206
811.04008999904,-0.24870719069505207
811.2107466650009,0.1351925780504842
811.3813999978701,-0.24846897349898683
811.5520666646958,0.13540187098643003
811.7227333315213,-0.24823660568416578
811.893399998347,0.13560424107336663
812.0640666643778,-0.24801003232109267
812.2347333312034,0.13579942664991068
812.405399998029,-0.24778952149403824
812.5760666648546,0.1359874932433769
812.7467333316804,-0.2475749660085875
812.917389998436,0.1361681571059934
813.0880566652615,-0.24736680229313704
813.2587233312925,0.1363411584568584
813.429389998118,-0.24716508056660308
813.6000566649437,0.1365061519299154
813.7707233317693,-0.246970258822949
813.941389998595,0.13666307392951768
814.112033332189,-0.24678230115452018
814.2826999990145,0.13681192632233283
814.4533666650453,-0.24660089653641026
814.6240333310764,0.13695297523443034
814.794699997902,-0.2464263084283407
814.9653666647275,0.13708608751770296
815.1360233314832,-0.24625862063086587
815.3066899983088,0.13721117774706412
815.4773566651345,-0.2460979096086325
815.6480233319601,0.13732803274897545
815.8186899979909,-0.2459449970081099
815.9893566648166,0.13743600448530746
816.1600233316422,-0.24579996971548662
816.3306899984678,0.13753495840402552
816.5013566652934,-0.24566315634971117
816.6720099981626,0.1376247663369145
816.842666665713,-0.24553450784030345
817.0133333317439,0.13770528486740097
817.1839999985693,-0.24541430495566932
817.354666665395,0.13777637223369818
817.5253333322207,-0.24530250226557224
817.6959999990463,0.13783796967611225
817.8666666642827,-0.24519906152852586
818.0373233310381,0.13789009127017354
818.2079899978638,-0.24510375240945187
818.3786566646894,0.13793316023850427
818.549323331515,-0.24501631129313686
818.7199899983407,0.13796731911091026
818.8906433320046,-0.24493676094145314
819.0612999987602,0.13799217825389284
819.2319666647911,-0.2448660986949432
819.4026333316167,0.13800731826135695
819.5732999984424,-0.24480419037279555
819.7439666652679,0.13801270544041186
819.9146333320936,-0.24475113831665649
820.0852899988492,0.13800837673078575
820.2559566656748,-0.24470717763017075
820.4266233317057,0.13799381851737466
820.5972899985314,-0.2446726981204346
820.7679566653569,0.13796915661032144
820.9386233321826,-0.24464757676824625
821.1092899990083,0.13793445025026407
821.2799566642445,-0.24463166950697962
821.45062333107,0.13788967309321817
821.6212899978957,-0.24462518760081375
821.7919333314896,0.1378346719284185
821.9625999983152,-0.244627821908437
822.1332666651408,0.13776991004751793
822.3039333319664,-0.24463954560064627
822.4745999979972,0.13769522142248491
822.6452666648229,-0.24466067647397638
822.8159233315785,0.13760998046267953
822.9865899984043,-0.24469194068750133
823.1572566652297,0.1375138137374313
823.3279233320554,-0.24473349378942422
823.4985899988809,0.13740651166437884
823.6692566657068,-0.24478552244112167
823.8399133316676,0.13728833002747876
824.0105666645368,-0.2448475744126961
824.1812333313625,0.13715928534216826
824.351899998188,-0.24491994197192898
824.5225666650136,0.13701914629888917
824.6932333310444,-0.24500253437657238
824.86389999787,0.13686850429659628
825.0345566646258,-0.24509491528962568
825.2052233314514,0.13670766751563385
825.3758899982771,-0.24519661492506023
825.5465566651026,0.13653682197568456
825.7172233319282,-0.245307699751099
825.8878899979593,0.1363558110137522
826.0585566647848,-0.2454282420187831
826.2292233316105,0.13616461361237628
826.399889998436,-0.24555841462442268
826.5705466651916,0.13596271219792955
826.7411999988556,-0.2456986238247245
826.9118666656811,0.13575040048276293
827.0825333317122,-0.24584822354995747
827.253199997743,0.13552808075233644
827.4238666645685,-0.24600718670560798
827.5945333313941,0.1352956589553966
827.7651899981498,-0.24617567400953838
827.9358566649755,0.1350530436126022
828.1065233318011,-0.24635366966797873
828.2771899986267,0.13480034852557313
828.4478566646576,-0.2465411234051099
828.6185233314833,0.13453751767710975
828.7891666650772,-0.24673817078219007
828.9598333319029,0.13426457720432228
829.1304999987284,-0.24694462506829634
829.3011666655541,0.13398166058004635
829.4718333323796,-0.24716051266794722
829.6424999984105,0.13368881676960914
829.8131666652362,-0.24738568697813462
829.9838333320616,0.13338626127881176
830.1544999988876,-0.24762003866606722
830.325166665713,0.13307394119117744
830.4958233308793,-0.24786357571932105
830.6664899977047,0.13275189243167
830.8371566645304,-0.24811613866108934
831.0078233313561,0.13242012103788905
831.1784899981816,-0.2483778236531996
831.3491566650073,0.1320786159448893
831.5197999986012,-0.2486485681425036
831.6904666654269,0.13172730265623936
831.8611333314578,-0.24892879812752272
832.0317999982833,0.13136546324697734
832.202466665109,-0.2492193030078349
832.3731333319347,0.1309929827204388
832.5437899986903,-0.2495196679938735
832.7144566655159,0.13061015925394415
832.8851233323414,-0.2498298886387492
833.0557899983723,0.13021694797582817
833.226456665198,-0.2501498071799372
833.3971233320237,0.12981368228270415
833.5677899988493,-0.25047915882847904
833.7384333316486,0.1294004824650627
833.9090999976794,-0.2508178017061872
834.0797666645051,0.1289775610565784
834.2504333313307,-0.2511653204719813
834.4210999981563,0.12854519015791904
834.5917666649818,-0.2515216629703832
834.7624333318074,0.12810361914435786
834.933099998633,-0.25188637709121614
835.1037666646638,0.12765300526907286
835.2744233314197,-0.2522599304687824
835.4450899982452,0.12719293669340154
835.6157566650709,-0.2526421005877545
835.7864233318963,0.12672367250561795
835.9570899987223,-0.2530327216682766
836.1277566655477,0.12624533716714073
836.2984233323734,-0.2534317311448548
836.4690666643779,0.12575807404257822
836.6397333312034,-0.25383897361574304
836.8103999980291,0.12526201189776137
836.9810666648548,-0.25425451588082904
837.1517333316802,0.12475681922515396
837.3223999977112,-0.25467853423653986
837.4930566652616,0.12424287089978452
837.6637233312925,-0.2551107096532367
837.834389998118,0.12372017474759354
838.0050566649436,-0.2555508392573637
838.1757233317694,0.12318868875681516
838.3463899985949,-0.2559991573927444
838.5170566646259,0.12264843810998953
838.6877233314515,-0.25645548255797246
838.8583899982771,0.12209962711163345
839.0290566651026,-0.2569198314215689
839.1996999986966,0.12154240764081269
839.3703666655223,-0.2573918111032118
839.5410333323478,0.12097660191864067
839.7116999983788,-0.25787192827336475
839.8823666644096,0.12040217553669787
840.0530333312352,-0.2583600840816997
840.2236999980609,0.11981933581840233
840.3943566648165,-0.2588558764415691
840.5650233316421,0.1192287639078178
840.7356899984677,-0.2593584969704664
840.9063566652934,0.11863074889653308
841.0770233313244,-0.2598677704628787
841.2476766649883,0.1180255208666094
841.4183333317438,-0.2603835298020346
841.5889999985695,0.11741334029451643
841.759666665395,-0.2609054035200996
841.9303333322207,0.11679464160372136
842.1009999990463,-0.26143326112454296
842.2716666650771,0.11616928714550284
842.442333331903,-0.2619671931311107
842.6129899986585,0.11553742823093187
842.7836566654842,-0.26250700676039945
842.9543233323096,0.11489929878554604
843.1249899975459,-0.26305214832830504
843.2956566643716,0.11425527068784178
843.466323331197,-0.2636024369273445
843.6369899980227,0.1136054845913172
843.8076566648484,-0.26415758795941807
843.9783233316739,0.1129500427297384
844.1489666652681,-0.2647173901813149
844.3196333320935,0.1122894226826311
844.4902999981244,-0.2652817622030743
844.6609666649501,0.11162355041684807
844.8316333317756,-0.26585059256254534
845.0022999986013,0.11095266439674975
845.1729566653569,-0.26642366432576786
845.3436233321827,0.11027680935329508
845.5142899990082,-0.2670008531084016
845.6849566650392,0.1095960705847808
845.8556233318648,-0.2675821878228643
846.0262899986903,0.10891084911884817
846.1969566655159,-0.2681671368195386
846.3675999983152,0.10822137530752365
846.5382666643461,-0.26875549408732186
846.7089333311717,0.10752772681454266
846.8795999979973,-0.2693472872026025
847.0502666648229,0.10683001698766668
847.2209333316484,-0.2699422304959299
847.391599998474,0.10612857789142965
847.5622666652998,-0.270540014590799
847.7329333313306,0.10542344990874296
847.9035899980863,-0.27114066366889533
848.0742566649118,0.10471499882832348
848.2449233317377,-0.27174360803028214
848.4155899985632,0.10400360034778407
848.5862566653889,-0.2723485958076899
848.7569233322143,0.10328921368546756
848.92757999897,-0.2729558816507305
849.0982333310445,0.10257184405783845
849.2688999978702,-0.27356517642276484
849.4395666646957,0.10185189474894953
849.6102333315214,-0.27417644144216885
849.780899998347,0.10112921309325311
849.951566664378,-0.2747898045918281
850.1222233319284,0.10040384226279504
850.292889997959,-0.2754050177357054
850.4635566647848,0.09967603665830024
850.6342233316103,-0.2760214666327658
850.804889998436,0.09894655246388247
850.9755566652617,-0.2766388943024445
851.1462133320172,0.09821534460548884
851.3168666656813,-0.2772577025180919
851.487533331712,0.09748214081545817
851.6581999985377,-0.27787783399164795
851.8288666653632,0.09674699531692996
851.9995333321889,-0.27849867178298804
852.1701999990144,0.09601021707074306
852.3408666650454,-0.27912071714180614
852.5115333310763,0.09527170447056572
852.6821999979018,-0.27974329926198965
852.8528566646576,0.09453252385692638
853.0235233314831,-0.280365802421927
853.1941899983088,0.09379270000715567
853.3648566651345,-0.28098799626155263
853.53552333196,0.09305264830632042
853.706189997991,-0.2816093861708245
853.876833331585,0.0923127049205352
854.0474999984104,-0.282230139165144
854.2181666652361,0.09157250462466761
854.3888333320617,-0.2828504203354814
854.5594999988873,0.09083248480295995
854.7301666657131,-0.2834696567072981
854.9008333317439,0.09009258040752571
855.0714899984996,-0.28408802970570834
855.2421566653251,0.08935273751647292
855.4128233321508,-0.2847056389538816
855.5834899989765,0.0886130934965392
855.7541566642125,-0.2853224971973487
855.9248233310382,0.08787382505583895
856.0954899978639,-0.28593829567779366
856.2661566646893,0.08713509508094507
856.436823331515,-0.28655312606089933
856.6074766651789,0.08639674736259598
856.7781333319347,-0.2871671213235394
856.9487999987603,0.08565821134786333
857.119466664791,-0.28778099606216107
857.2901333316167,0.08491995103094678
857.4607999984422,-0.2883939841441076
857.6314566651981,0.08418253073919607
857.8021233320236,-0.2890052543421231
857.9727899988493,0.08344652000017479
858.143456665675,-0.28961394214787867
858.3141233317058,0.08271252653308148
858.4847899985314,-0.29021981768907745
858.655456665357,0.08198061985634032
858.8261099982261,-0.29082276336373514
858.9967666649818,0.08125087598810372
859.1674333310127,-0.291422247308586
859.3380999978383,0.08052425722041644
859.5087666646639,-0.29201776316455863
859.6794333314895,0.07980035031834316
859.8500999983153,-0.29261029427081703
860.0207666651407,0.07907868771344254
860.1914333319664,-0.2931998810113153
860.3620999979972,0.0783591693384893
860.5327566647532,-0.2937866132582942
860.7034233315786,0.07764176225526838
860.8740899984043,-0.29437021468652835
861.0447566652298,0.07692680529144354
861.2154233320555,-0.2949507168919557
861.3860899988811,0.07621443660988966
861.556733332475,-0.2955277097800342
861.7273999977111,0.07550514251870187
861.8980666645368,-0.2961007645776079
862.0687333313624,0.07479903847158985
862.239399998188,-0.2966700712141035
862.4100666650136,0.07409584292090797
862.5807333310444,-0.2972357495411436
862.751389998595,0.07339607809158155
862.9220566646258,-0.2977975188261045
863.0927233314515,0.0726998674407618
863.2633899982771,-0.2983547894925925
863.4340566651026,0.07200768057113804
863.6047233319283,-0.298907692892735
863.7753899979591,0.07131946284210906
863.9460566647847,-0.29945571893303186
864.1986333314577,0.07063584282413105
864.4238999986649,-0.2999983469904905
864.5945666654904,0.06995663659598828
864.7652333323161,-0.3005358228101101
864.9358999991416,0.06928195919702097
865.1065666643779,-0.3010680029073045
865.2772333312034,0.06861200595436659
865.4478899979592,-0.3015948301761638
865.6185566647848,0.06794707845179629
865.7892233316104,-0.3021159775343738
865.959889998436,0.06728719137258636
866.1305566652616,-0.3026312490690526
866.3012233312926,0.06663289618179127
866.471879998048,-0.3031401874092036
866.6425333317122,0.0659842637075741
866.8131999985377,-0.3036428151402107
866.9838666653634,0.06534123940948554
867.1545333321889,-0.30413890872127386
867.3251999990146,0.06470409504597287
867.4958666650452,-0.3046281272551704
867.6665333318709,0.06407311263099218
867.8371999986969,-0.3051103899981491
868.0078666655223,0.06344846854124563
868.1785233322778,-0.30558565163635
868.3491899983088,0.0628303503384704
868.5198566643397,-0.30605351422032384
868.6905233311654,0.06221930536704384
868.8611899979909,-0.30651291477985215
869.0318566648166,0.06161557785792306
869.2024999984105,-0.30696425707587677
869.3731666652362,0.061019230541264416
869.5438333320617,-0.3074075623863412
869.7144999980926,0.060429921041126496
869.8851666649182,-0.3078435693221228
870.055833331744,0.05984753082727953
870.2264999985695,-0.30827198507450077
870.3971566653252,0.05927217187007005
870.5678233321509,-0.3086928727910668
870.7384899989763,0.058704018175985584
870.9091566650073,-0.3091060657506747
871.079823331833,0.05814327140380783
871.2504899986585,-0.3095113555803494
871.4211566654842,0.057590101579094125
871.5918233323097,-0.30990859057207865
871.7624899975459,0.057044524961276
871.9331333311399,-0.3102978113894486
872.1037999979656,0.056506670990084884
872.2744666647911,-0.3106782937789338
872.4451333316167,0.0559773384274397
872.6157999984423,-0.3110496928792999
872.7864666652679,0.05545680770572712
872.9571233320236,-0.31141174099465685
873.1277899980545,0.05494485768417316
873.2984566648802,-0.3117646673801564
873.4691233317059,0.05444141930127285
873.6397899985313,-0.3121083363823727
873.810456665357,0.05394668761560735
873.9811233321825,-0.31244291055353335
874.1517666657767,0.05346093467601556
874.3224333310127,-0.31276770406821397
874.4930999978384,0.05298426200235097
874.6637666646639,-0.3130828327773354
874.8344333314895,0.05251654519691272
875.005099998315,-0.313388949863493
875.1757566650709,0.05205760245654305
875.3464233318966,-0.3136858182666406
875.5170899979273,0.05160764215725841
875.687756664753,-0.31397293214503824
875.8584233315787,0.05116717124695315
876.0290899984042,-0.3142498909821176
876.1997566652299,0.050737009653482594
876.3704233312607,-0.3145159604589448
876.5410899980864,0.05031733966324067
876.711756664912,-0.31477074524587606
876.8823999985059,0.04990843445969639
877.0530666653316,-0.31501373696540014
877.223733332157,0.049510308966975204
877.3943999989827,-0.3152456458309226
877.5650666658082,0.0491228518697436
877.7357333310445,-0.3154659524052733
877.9063899978003,0.04874650195425853
878.0770566646258,-0.3156742180309175
878.2477233314514,0.04838142982480831
878.418389998277,-0.3158706395915692
878.5890566651027,0.04802797702933064
878.7597233319282,-0.3160549577914225
878.9303899979592,0.04768656112988123
879.1010333315531,-0.3162263762781303
879.2716999983788,0.04735783530824218
879.4423666652043,-0.31638423366972374
879.61303333203,0.04704185803546377
879.7836999988556,-0.31652833429054544
879.9543666656812,0.04673915313323735
880.1250333317123,-0.3166586044763872
880.2956999985378,0.0464497057780805
880.4663666653632,-0.3167746299458313
880.6370333321889,0.04617400033741029
880.8076899989446,-0.3168758158239728
880.9783566649755,0.045912294381076114
881.1490233310063,-0.31696195880303296
881.319689997832,0.04566402905949889
881.4903566646575,-0.31703403267666364
881.6610099983214,0.04542891297079632
881.8316666650771,-0.3170922364017398
882.0023333319028,0.04520702916837789
882.1729999987283,-0.31713639347327655
882.3436666647594,0.044998358310087305
882.5143333315849,-0.3171667738283422
882.6849999984106,0.04480255565721474
882.8556666652363,-0.31718407243965907
883.0263333320618,0.044619287609777965
883.1969999988872,-0.3171885385992761
883.3676666657132,0.04444857623520946
883.538323331674,-0.31718003196463845
883.7089899984996,0.04429103762305739
883.8796566653251,-0.31715744738431095
884.0503233321508,0.04414743850728566
884.2209899989764,-0.31711983782281594
884.3916566642125,0.04401838837340461
884.5622999978066,-0.31706681057131925
884.7329666646322,0.04390410206258852
884.9036333314577,-0.3169975270129943
885.0742999982833,0.04380548869815362
885.2449666651089,-0.316912568556142
885.4156333319346,0.043721573019339335
885.5862899986903,-0.31681222166041284
885.7569566647213,0.043652421221101904
885.9276233315468,-0.3166966895925424
886.0982899983725,0.04359788434904988
886.268956665198,-0.31656593046978737
886.4396233320236,0.043558104727372336
886.6102899988493,-0.31641970881044507
886.7809333324433,0.04353288647198601
886.9515999976793,-0.3162589454774649
887.122266664505,0.04352201083092712
887.2929333313305,-0.316082383872395
887.4635999981563,0.043527017661546326
887.634266664982,-0.3158891264347314
887.8049333310128,0.04354791867016308
887.9755999978385,-0.31567863817054403
888.1462666646642,0.0435852905162407
888.3169233314196,-0.3154516802813975
888.4875899982453,0.043638446224824726
888.6582566650708,-0.31520831930308957
888.8289233318965,0.043706941331115405
888.9995899979274,-0.3149502554293516
889.170256664753,0.04378972671310271
889.3409133315087,-0.31467740197373895
889.5115666651725,0.04388701347282737
889.6822333319982,-0.3143897692317748
889.8528999988237,0.04399859927512987
890.0235666656496,-0.31408750241801836
890.194233332475,0.044124906962936826
890.3648999977113,-0.3137704398919229
890.5355666645368,0.044265660795441565
890.7062333313625,-0.313438394330609
890.8768999981882,0.04442077774903955
891.0475566649436,-0.3130913653639205
891.2182233317693,0.044590340620378595
891.3888899985948,-0.3127294359921996
891.5595566646258,0.044774240559939664
891.7302233314515,-0.31235301181401726
891.9008899982771,0.04497267339403904
892.0715466650327,-0.31196148279019026
892.2421999986966,0.04518545181630278
892.4128666655222,-0.31155533153723514
892.5835333323478,0.0454122767078381
892.7541999983787,-0.31113483857293533
892.9248666652044,0.04565272380908423
893.0955333320301,-0.31070025612861063
893.2661899987858,0.04590655128288884
893.4368566656112,-0.31025183784653027
893.6075233316421,0.046173385650442905
893.7781899976729,-0.30978975299480443
893.9488566644986,0.046452601165950375
894.1195233313243,-0.3093154869600867
894.2901899981498,0.046742968378377214
894.4608566649755,-0.3088294504285256
894.631523331801,0.047044384316988194
894.802176665465,-0.3083322967455688
894.972833331426,0.04735613495502137
895.1434999982517,-0.30782463512267577
895.3141666650772,0.04767765613992575
895.4848333319027,-0.3073074598899203
895.6554999987286,0.04800830973824155
895.8261666655541,-0.30678107548779165
895.9968233323098,0.048347885238370844
896.1674899983406,-0.3062457060404362
896.3381566651663,0.048696120620010414
896.5088233319918,-0.3057016081814383
896.6794899988174,0.049052725786708426
896.850156665643,-0.30514907800682034
897.0208099977175,0.049417269091734474
897.1914666644732,-0.304588584303664
897.3621333312988,0.04978960580851613
897.5327999981243,-0.30401992760530344
897.70346666495,0.050170106434732284
897.8741333317757,-0.30344257565031757
898.0447999986012,0.05055910063239536
898.2154666654269,-0.3028562934726757
898.3861333314577,0.05095670060262909
898.5567999982834,-0.3022610464141987
898.7274566650391,0.05136281251355597
898.8981233318648,-0.3016571369468178
899.0687899986902,0.051776975520661
899.239456665516,-0.3010451011323351
899.4101233323415,0.052199053551461545
899.5807899983723,-0.30042492731981474
899.7514433312415,0.052629135734304174
899.9220999979974,-0.2997966241443647
900.0927666648229,0.05306711045515871
900.2634333316485,-0.2991604429323932
900.4340999976796,0.05351279878733021
900.6047666645051,-0.29851633536070304
900.7754333313308,0.053966060403404806
900.9460899980862,-0.2978644700905792
901.1167566649119,0.054426717267213535
901.2874233317376,-0.297204779108843
901.4580899985631,0.05489469987099043
901.628756664594,-0.2965373928692518
901.7994233314196,0.05536983136840838
901.9700899982452,-0.2958624855380058
902.1407566650707,0.05585167008044986
902.3114233318965,-0.29518029851680205
902.4820799986522,0.05634010449102156
902.6527333323162,-0.2944908335046024
902.8233999991419,0.05683516201266202
902.9940666643779,-0.29379413380440494
903.1647333312036,0.05733664085031689
903.3353999980291,-0.2930902921910964
903.5060666648548,0.05784452527629169
903.6767233316102,-0.292379385968029
903.8473899984359,0.058359095443370056
904.0180566652616,-0.2916608194769939
904.1887233312925,0.05888050105559997
904.3593899981181,-0.2909348021575591
904.5300566649437,0.059408434596004464
904.7007233317694,-0.2902013922011345
904.8713899985949,0.059943045386196735
905.0420566646259,-0.28946049471718244
905.2127133321762,0.0604844331167696
905.3833666650455,-0.28871200751118364
905.5540333318711,0.061032967491094485
905.7246999986967,-0.28795576345759494
905.8953666655223,0.06158883886468156
906.0660333323478,-0.2871914579961053
906.2366999983788,0.06215207303809787
906.4073566643398,-0.28641904189790085
906.5780233311652,0.06272291735433047
906.7486899979909,-0.28563823187046294
906.9193566648164,0.06330167068790842
907.0900233316421,-0.2848487608769314
907.2606899984678,0.06388853546528349
907.4313333320617,-0.28405023211781866
907.6019999980927,0.06448407959922818
907.7726666649181,-0.28324216579776884
907.943333331744,0.06508856270805304
908.1139999985695,-0.2824243447639289
908.2846666653952,0.065702339694937
908.4553333322207,-0.2815961530281313
908.6259999990464,0.06632584161018155
908.796666665077,-0.28075700427997313
908.9673333319028,0.06695943920168042
909.1379899986584,-0.27990691336688145
909.308656665484,0.06760335652812498
909.4793233323098,-0.2790456770479085
909.6499899975457,0.06825768292066894
909.8206566643715,-0.2781731322927816
909.991323331197,0.06892266061071088
910.1619666647912,-0.2772893972521669
910.3326333316166,0.06959815947841823
910.5032999984423,-0.27639449111183195
910.673966665268,0.0702844439944432
910.8446333320935,-0.2754881071675545
911.0152999981244,0.07098193007585869
911.1859566648802,-0.27456961694506726
911.3566233317057,0.07169118288144911
911.5272899985314,-0.2736385076717696
911.697956665357,0.0724129313250211
911.8686233321826,-0.2726938598821119
912.0392899990081,0.07314726632804602
912.2099566650392,-0.27173569014297994
912.3806233318646,0.07389444750222574
912.5512899986903,-0.2707639192276164
912.721956665516,0.07465443282034565
912.8926099983852,-0.2697784883066258
913.0632666643462,0.07542750935874161
913.2339333311717,-0.26877913883279003
913.4045999979974,0.07621360786628613
913.575266664823,-0.2677658999747386
913.7459333316485,0.07701300642874981
913.9165899984042,-0.26673843234390593
914.0872566652297,0.07782577006227494
914.2579233312606,-0.2656969528155992
914.4285899980862,0.07865184747771177
914.599256664912,-0.2646410986779009
914.7699233317375,0.07949153925070655
914.9405899985632,-0.2635708407643737
915.1112333321573,0.08034499076907019
915.2818999989828,-0.2624860640939867
915.4525666658085,0.0812123238243421
915.6232333310445,-0.26138658806409787
915.7938999978702,0.08209388757411133
915.9645666646957,-0.260272073623639
916.1352333315214,0.08299009091797167
916.3058999983471,-0.25914224889769166
916.4765666643777,0.08390077098422224
916.6472333312034,-0.2579973329795488
916.8178899979591,0.08482647376232694
916.9885566647848,-0.2568368570918426
917.1592233316103,0.08576718552114362
917.3298899984359,-0.25566085268719346
917.5005566652617,0.08672302015367589
917.6712233312925,-0.25446904792854064
917.8418666656813,0.08769409196115871
918.0125333317121,-0.2532618171394452
918.1831999985377,0.0886801313277678
918.3538666653633,-0.25203960842563106
918.5245333321889,0.08968044620907059
918.6951999990146,-0.2508025125727879
918.8658666650454,0.0906951781293077
919.0365333310763,-0.24955067353643054
919.2071999979019,0.09172421996354457
919.3778666647274,-0.24828427276559045
919.5485233314832,0.09276743588800009
919.7191899983088,-0.24700345767188328
919.8898566651344,0.09382451116907904
920.06052333196,-0.24570913543782125
920.231189997991,0.09489445998349379
920.4018566648167,-0.24440216742018867
920.5724999984106,0.09597672872035157
920.7431666652361,-0.24308300480955541
920.9138333320618,0.09707123123874538
921.0844999988873,-0.24175149048745817
921.255166665713,0.09817807399534291
921.4258333317439,-0.24040774565830564
921.5964999985694,0.0992970520945758
921.7671566653253,-0.23905202535952302
921.9378233321507,0.10042804808748604
922.1084899989764,-0.23768406497581138
922.2791566642125,0.1015713094762739
922.4498233310381,-0.23630384754464168
922.6204899978638,0.10272685090012322
922.7911566646893,-0.23491106940080064
922.961823331515,0.10389479917387918
923.1324899983407,-0.23350607495114892
923.3031333319346,0.10507469261280857
923.4737999987603,-0.23208935621634558
923.644466664791,0.10626595316766996
923.8151333316167,-0.23066137799585193
923.9857999984424,0.10746829916947657
924.1564666652679,-0.22922225737868784
924.3271233320236,0.10868158434718105
924.4977899988492,-0.22777228304357877
924.668456665675,0.10990555388148897
924.8391233317058,-0.22631156978990738
925.0097899985315,0.11114027980477859
925.180456665357,-0.22484011078603272
925.3511233321826,0.11238565401937171
925.5217899990082,-0.22335795435843517
925.6924566642443,0.1136416509787472
925.86312333107,-0.22186532033273423
926.033766664664,0.11490775853156908
926.2044333314896,-0.22036287509972916
926.3750999983151,0.1161837179881522
926.5457666651407,-0.21885087006745452
926.7164333319663,0.1174694130722857
926.8870999979974,-0.21732921030150815
927.0577566647529,0.11876479537934323
927.2284233315786,-0.2157980968420058
927.3990899984041,0.12006971518354304
927.56975666523,-0.2142576012377361
927.7404233320555,0.12138413444734934
927.9110899988812,-0.21270776218334958
928.0817466656366,0.12270781066794258
928.2523999977111,-0.21114911834114802
928.4230666645368,0.12404024570946731
928.5937333313625,-0.20958203317477797
928.764399998188,0.12538128775155033
928.9350666650137,-0.20800640764883335
929.1057333310446,0.126730921388793
929.2763999978703,-0.206422465194331
929.4470666646957,0.1280890875349243
929.6177333315212,-0.2048301948004164
929.7883899982771,0.12945550444413195
929.9590566651026,-0.20322992480549923
930.1297233319283,0.13082994857703
930.3003899979592,-0.20162201512660102
930.4710566647848,0.13221183804651918
930.6417233316104,-0.20000720161662658
930.812389998436,0.13360078859475547
930.98303333203,-0.19838552271143317
931.1536999988555,0.13499666438245703
931.3243666656812,-0.1967572172519803
931.495033331712,0.1363991420102816
931.6656999977429,-0.19512273553688247
931.8363666645686,0.13780776046231435
932.007033331394,-0.19348255356572389
932.1776999982197,0.1392220788180601
932.3483666650452,-0.19183706276552473
932.5190333310762,0.1406415893731041
932.6896899986268,-0.1901869915064201
932.8603566646576,0.14206590207760336
933.0310233314833,-0.1885325227285089
933.2016899983088,0.1434948972575823
933.3723566651345,-0.1868738458085499
933.5430099987983,0.14492825493876746
933.713666665554,-0.1852111593895492
933.8843333323796,0.14636585155186194
934.0549999984107,-0.18354463496497517
934.2256666652362,0.14780752509484352
934.3963333320619,-0.18187431959961747
934.5669999988874,0.1492532156023629
934.737666665713,-0.18020017111972036
934.9083233308793,0.15070294163529221
935.0789899977048,-0.17852221890699854
935.2496566645304,0.15215657564604418
935.4203233313561,-0.17684056374379142
935.5909899981816,0.15361408197957216
935.7616566650073,-0.17515521548447477
935.932323331833,0.15507542443500696
936.1029899986585,-0.1734662600688045
936.2736566646894,0.1565404044091031
936.4442999982833,-0.17177376337568326
936.614966665109,0.1580090067944779
936.7856333319345,-0.17007762282564584
936.9562999987602,0.159481294113501
937.1269666655859,-0.16837812657372747
937.2976333324116,0.16095700330417853
937.4682899983725,-0.16667554038647894
937.6389566651981,0.16243588847260002
937.8096233320236,-0.1649699809777924
937.9802899988492,0.1639179308482853
938.1509566656748,-0.16326141905979746
938.3216233309109,0.1654031719300227
938.4922899977366,-0.16154974625631677
938.6629566645622,0.16689133203788437
938.8336233313878,-0.1598354942827921
939.0042899982134,0.16838208346047998
939.1749333318076,-0.15811889812870214
939.345599998633,0.16987518933620646
939.516266664664,-0.1564002476404433
939.6869333314895,0.1713703636339176
939.8575999983153,-0.15467968077466987
940.0282666651408,0.17286745109456678
940.1989233318966,-0.15295738214391533
940.3695899987221,0.1743662322705127
940.5402566655478,-0.1512335017257899
940.7109233323733,0.17586645336686257
940.8815899984041,-0.14950833979278438
941.0522566652298,0.1773677782267877
941.2229233320553,-0.14778224430478046
941.393589998881,0.17886988833161208
941.5642566657065,-0.14605546587489057
941.7349133308729,0.1803725290717333
941.9055666645367,-0.14432825882262013
942.0762333313626,0.18187553527337438
942.246899998188,-0.14260084153225544
942.4175666650137,0.183378618560982
942.5882333318393,-0.14087361577361712
942.7588999986649,0.18488134852760155
942.9295566646258,-0.1391471666042969
943.1002233314514,0.18638315698993008
943.270889998277,-0.13742166570291625
943.4415566651027,0.18788406090183163
943.6122233319281,-0.13569740682266207
943.7828899987538,0.18938369621607007
943.9535466655095,-0.13397487719543058
944.1241999983788,0.19088144514784214
944.2948666644095,-0.13225436299189544
944.4655333312352,0.19237715758386312
944.6361999980606,-0.13053633891886804
944.8068666648866,0.19387028421897604
944.9775333317123,-0.12882136818892206
945.148199997743,0.19536016862542796
945.3188666645686,-0.12711002449464373
945.4895333313941,0.19684621364411536
945.6601899981499,-0.1254027715695844
945.8308566649755,0.19832805660418876
946.0015233318011,-0.12370000806561528
946.1721899986267,0.1998054906610348
946.3428566646575,-0.12200208383065587
946.5135233314832,0.20127814651380507
946.6841766651471,-0.12030933950375404
946.8548333319028,0.20274540344121691
947.0254999987285,-0.11862252374772167
947.1961666655541,0.20420669457934404
947.3668333323798,-0.11694199660117172
947.5374999976159,0.2056617658389788
947.7081666644415,-0.1152681038064151
947.8788333312671,0.2071100982081945
948.0494999980926,-0.11360144928558295
948.2201666649182,0.20855114849195883
948.3908333317438,-0.11194248821186192
948.5614899984996,0.2099845876352913
948.7321566653251,-0.11029152620066263
948.9028233313562,0.2114101230384804
949.0734899981815,-0.10864892815964838
949.2441566650074,0.21282725282452697
949.4148099986711,-0.10701543980223639
949.585466665427,0.21423544272308329
949.7561333322526,-0.10539161236536058
949.9267999990782,0.21563425907241804
950.0974666651091,-0.10377779992372463
950.2681333319346,0.21702314976128145
950.4387999987603,-0.10217449817603609
950.6094666655857,0.2184017033457834
950.7801333324114,-0.10058212265564648
950.9507999976477,0.2197694244348816
951.1214566644032,-0.09900110850321044
951.2921233312288,0.22112581610040352
951.4627899980545,-0.097432099774944
951.6334566648802,0.22247040216163838
951.8041233317057,-0.09587554904664565
951.9747899985312,0.22380266169243956
952.1454566645622,-0.09433210770269869
952.3160999981562,0.22512210069233252
952.4867666649819,-0.09280222590508684
952.6574333318074,0.22642820418930526
952.8280999986331,-0.09128632256300054
952.9987666654588,0.22772064579254508
953.1694333322843,-0.08978458462823476
953.34008999904,0.22899902810895384
953.5107566650707,-0.08829754683436726
953.6814233318964,0.23026285152541048
953.8520899987219,-0.08682559856440963
954.0227566655476,0.23151178390404772
954.1934233323733,-0.08536900917325561
954.3640899976095,0.232745503444992
954.5347566644352,-0.08392816767627988
954.7054233312607,0.23396363136819737
954.8760799980164,-0.08250350189885063
955.0467333316803,0.23516576198653108
955.2173999985059,-0.08109540732008019
955.3880666653315,0.23635136746012791
955.5587333313624,-0.07970436514647335
955.7293999981879,0.23751999719173167
955.9000666650136,-0.07833071596660526
956.0707233317693,0.2386714092473004
956.241389998595,-0.07697465916826733
956.4120566654204,0.23980545187861982
956.5827233322461,-0.07563649280177283
956.7533899982769,0.24092188525483518
956.9240566651027,-0.07431661380748143
957.0947233319282,0.2420201374991311
957.2653899987539,-0.07301547000096048
957.4360566655796,0.24309998162418986
957.6067133323352,-0.07173320990911261
957.7773666644096,0.2441612159667745
957.9480333312353,-0.07047032948736821
958.118699998061,0.24520320405838048
958.2893666648864,-0.06922741970842036
958.4600333317121,0.2462253519076533
958.6306999985376,-0.06800501747338825
958.8013566652933,0.24722746928542522
958.9720233313243,-0.06680330152113938
959.1426899981498,0.2482093797052549
959.3133566649755,-0.06562270491629155
959.4840233318012,0.24917050363058885
959.6546899986267,-0.06446385264460153
959.8253566654524,0.2501102307031115
959.9960233322779,-0.06332729890501339
960.1666899983089,0.25102819596761256
960.3373433311781,-0.06221334827593161
960.5079999979337,0.2519240980442627
960.6786666647592,-0.06112235473609381
960.849333331585,0.2527975300327815
961.0199999984104,-0.06005472171955188
961.1906666644414,0.25364804283436715
961.3613333312669,-0.059010826949564395
961.5319899980228,0.25447524168914926
961.7026566648483,-0.05799105593870874
961.873323331674,0.2552787412205746
962.0439899984997,-0.056995918404269506
962.2146566653253,0.25605819787318723
962.3853233313561,-0.05602557388639611
962.5559899981818,0.2568136171067602
962.7266566650072,-0.055079746423407946
962.8973233318329,0.2575453521864798
963.0679766654969,-0.05415821812074212
963.2386333322526,0.25825334907939734
963.4092999990783,-0.05326131682253973
963.5799666643143,0.25893724107566984
963.75063333114,-0.05238934969438384
963.9212999979654,0.2595967771440351
964.0919666647911,-0.051542497211263305
964.2626233315466,0.2602318029483021
964.4332899983725,-0.05072091047653938
964.6039566651982,0.26084220360647675
964.7746233312289,-0.0499247092283956
964.9452899980546,0.2614279037352779
965.1159566648801,-0.04915388606466738
965.2866233317058,0.26198893896175396
965.4572899985312,-0.04840841029771347
965.6279566653569,0.2625252147987753
965.798623331388,-0.047688377684175914
965.9692666657766,0.2630366778343978
966.1399333318074,-0.04699375934110357
966.310599998633,0.26352335443503605
966.4812666654586,-0.04632471066120152
966.6519333322843,0.2639850568493295
966.82259999911,-0.04568133567245411
966.9932566642761,0.26442180289425454
967.1639233311016,-0.04506356873140044
967.3345899979274,0.264833523733078
967.505256664753,-0.04447163939414183
967.6759233315786,0.2652199468826155
967.8465899984042,-0.04390560127062467
968.0172566652298,0.2655812297061999
968.1879233312608,-0.04336523379080897
968.3585899980862,0.2659176518375801
968.5292466648419,-0.04285040152091778
968.6998999985059,0.2662291739524252
968.8705666653316,-0.04236127648308599
969.0412333321572,0.26651551801425344
969.2118999989829,-0.04189806987779257
969.3825666650137,0.2667765624776736
969.5532333318394,-0.04146056362858137
969.723889998595,0.2670126573242983
969.8945566654205,-0.04104865021639059
970.0652233322462,0.2672238197238897
970.2358899990717,-0.04066241107012707
970.4065566643079,0.2674099820462582
970.5772233311334,-0.040301915404704514
970.7478899979591,0.26757092567338847
970.9185566647848,-0.03996717741292683
971.0892233316105,0.2677066349776229
971.2598799983659,-0.03965806349498955
971.4305333320299,0.2678174601884591
971.6011999980608,-0.03937438484687711
971.7718666648864,0.26790344127747967
971.9425333317122,-0.03911619600696851
972.1131999985377,0.26796458144594315
972.2838666653633,-0.038883438751001004
972.454523332119,0.26800094449198275
972.6251899989445,-0.03867604106801971
972.7958566649755,0.2680126052268822
972.966523331801,-0.03849403025750949
973.1371899986267,0.2679995376123854
973.4716999991736,-0.03833732529116514
973.6833233308793,0.2679617569022363
973.8539899977047,-0.03820605476854287
974.0246433313687,0.26789922534332195
974.1952999981244,-0.03810021393862389
974.3659666649501,0.26781195229372784
974.5366333317758,-0.03801983200445588
974.7072999986012,0.26769981606077814
974.8779666654269,-0.03796494742058659
975.048623331388,0.26756280441437946
975.2192899982134,-0.03793560183716752
975.3899566650391,0.26740096792466067
975.5606233318647,-0.03793175964462582
975.7312899986903,0.2672143635820234
975.9019566655159,-0.03795335257526546
976.0726233323414,0.26700304305521944
976.2432899983723,-0.038000366315777495
976.413956665198,0.26676697585029835
976.5846233320237,-0.03807283621093141
976.7552766648929,0.26650605000487765
976.9259333316486,-0.038170994515052174
977.0965999976794,0.2662200278713274
977.2672666645051,-0.038294870147061844
977.4379333313307,0.2659088008622149
977.6085999981563,-0.038444667734995906
977.7792666649818,0.26557215500350095
977.9499233317374,-0.038620921227412966
978.1205899985631,0.26520973969944606
978.2912566645939,-0.03882395352281608
978.4619233314197,0.26482131716983676
978.6325899982452,-0.03905395820464911
978.8032566650709,0.2644067411018324
978.9739233318963,-0.0393110941533832
979.1445899987223,0.26396573662933315
979.3152566655477,-0.0395956518253274
979.4859133323034,0.2634981296178978
979.6565666643779,-0.03990764199335085
979.8272333312034,0.2630040064918149
979.9978999980291,-0.040247005503444094
980.1685666648548,0.2624833943251064
980.3392333316802,-0.04061383656905718
980.5098999977112,0.2619362518704796
980.6805566652616,-0.041008174663399594
980.8512233312925,0.26136261552961754
981.021889998118,-0.04142996821769046
981.1925566649436,0.26076250187986943
981.3632233317694,-0.0418793015071174
981.5338899985949,0.260135914519924
981.7045566646259,-0.04235610876084591
981.8752233314515,0.25948292665897077
982.0458899982771,-0.04286031200334858
982.2165466650328,0.25880368842490425
982.3871999986966,-0.04339172374517215
982.5578666655223,0.2580984697077456
982.7285333323478,-0.04395005924514082
982.8991999983788,0.2573674884992909
983.0698666644096,-0.04453510199153982
983.2405333312352,0.25661085163178443
983.411189997991,-0.04514671889058389
983.5818566648165,0.2558287238020787
983.7525233316421,-0.04578472945441076
983.9231899984677,0.25502115621870525
984.0938566652934,-0.04644914584938282
984.2645233313244,0.25418808819088484
984.4351899981499,-0.047140008924899494
984.6058566649756,0.2533294812910347
984.7765233318011,-0.047857285237636424
984.947166665395,0.25244538003078165
985.1178333322207,-0.04860091523329142
985.2884999990463,0.2515358453517385
985.4591666650771,-0.049370830963928844
985.629833331903,0.25060096608737803
985.8004999987285,-0.05016683522720693
985.9711666655542,0.24964101051646734
986.1418233323096,-0.050988650698748056
986.3124899975459,0.24865630239981498
986.4831566643716,-0.051835862995415566
986.653823331197,0.24764729904419114
986.8244899980227,-0.052707975524210235
986.9951566648484,0.2466144755258172
987.1658233316739,-0.053604491602467795
987.3364899984996,0.2455582120499993
987.5071566653253,-0.05452497567075651
987.6778099981944,0.2444789006374346
987.8484666649501,-0.055468946286527196
988.0191333317756,0.24337711077925986
988.1897999986013,-0.05643583294651698
988.3604666654268,0.24225338200675323
988.5311333322525,-0.05742510178727867
988.7017999990782,0.24110813269918818
988.8724666651091,-0.058436312600651186
989.0431333319345,0.239941846683893
989.2137999987602,-0.05946884898562058
989.3844566655159,0.23875511982395276
989.5551233323415,-0.06052212528340954
989.7257899975777,0.23754852475558236
989.8964566644032,-0.061595645358547474
990.0671233312289,0.23632263868373213
990.2377899980545,-0.06268875969458143
990.4084433317184,0.2350780887205471
990.579099998474,-0.06380086371141072
990.7497666652998,0.23381535542044507
990.9204333313306,-0.06493154719654871
991.0910999981563,0.23253473614351092
991.2617666649818,-0.06608057137209974
991.4324333318076,0.23123654041108763
991.6030999986331,-0.06724750804341421
991.7737666654588,0.22992117900385414
991.9444333322842,-0.0684318511628861
992.11508999904,0.22858923979574644
992.2857566650707,-0.06963303304473308
992.4564233318964,0.22724126101725714
992.6270899987221,-0.07085053967347388
992.7977566655476,0.22587779500826333
992.9684233323733,-0.07208355201816737
993.1390799975394,0.2244996906807169
993.3097333312035,-0.07333121152180032
993.4803999980289,0.22310778328311529
993.6510666648549,-0.07459272748133121
993.8217333316803,0.22170286108449336
993.992399998506,-0.0758674253480185
994.1630666653316,0.22028553046938687
994.3337333313624,-0.07715468199105091
994.5043999981881,0.21885641456069177
994.6750666650136,-0.07845393058152936
994.8457233317692,0.21741600369504588
995.016389998595,-0.0797645723266567
995.1870566654204,0.2159649741294652
995.3577233322461,-0.0810858531696177
995.5283899982771,0.2145041621809573
995.6990566651026,-0.08241694541783672
995.8697133318583,0.21303423333069615
996.0403666647275,-0.08375717906924843
996.2110333315529,0.21155585160261076
996.3816999983788,-0.08510591572253208
996.5523666644096,0.2100696593060886
996.7230333312352,-0.08646246695529025
996.8936999980609,0.20857632002536805
997.0643666648864,-0.08782619281158839
997.2350333317121,0.2070764435394879
997.4056999985378,-0.08919641414243698
997.5763566652934,0.2055706782915952
997.7470233313243,-0.09057247669930008
997.9176899981497,0.2040596584566224
998.0883566649754,-0.0919537425177897
998.2590233318011,0.20254407237057184
998.4296899986266,-0.09333958919075268
998.6003333322208,0.20102443744963613
998.7709999990464,-0.09472952747420747
998.9416666642825,0.19950136902735108
999.1123333311082,-0.09612299242981592
999.2829999979338,0.19797537786344246
999.4536666647593,-0.09751949120868549
999.6243333315849,0.19644704098079113
999.7949999984105,-0.09891847977456804
999.9656666644414,0.1949168288781378
1000.1363333312671,-0.10031955206221141
1000.4844799987475,0.19338519521342135
1000.9213899985949,-0.10172220399709177
1001.0920566646258,0.19185259869572516
1001.2627233314513,-0.10312586908544596
1001.433389998277,0.19031969284677924
1001.6040566651027,-0.10452991521487723
1001.7747233319282,0.18878707557970648
1001.9453666655223,-0.10593367919751275
1002.1160333323478,0.18725546795558873
1002.2866999983787,-0.10733646874837725
1002.4573666644097,0.1857255850177924
1002.6280333312354,-0.10873759645031125
1002.7986999980609,0.18419817233030336
1002.9693666648866,-0.11013634252870261
1003.140023331642,0.18267395402915243
1003.3106899984678,-0.11153200958119545
1003.4813566652934,0.18115361403214442
1003.6520233313242,-0.11292390340410653
1003.8226899981498,0.17963772156860094
1003.9933566649754,-0.11431164731795396
1004.164023331801,0.17812668029488876
1004.3346899986267,-0.11569471113618429
1004.5053566646575,0.17662115941815756
1004.6759999990463,-0.11707248769720958
1004.8466666650772,0.17512169106217185
1005.0173333319029,-0.11844445670039437
1005.1879999987284,0.17362885443520606
1005.3586666655541,-0.11981004925231116
1005.5293333323796,0.17214320977943798
1005.6999999976158,-0.1211687111494159
1005.8706566643716,0.1706653120313084
1006.0413233311971,-0.1225199045026907
1006.2119899980228,0.16919571671662356
1006.3826566648482,-0.12386305978592087
1006.553323331674,0.16773505641784295
1006.7239899984994,-0.1251975882362382
1006.8946566653252,0.1662839728362853
1007.065323331356,-0.1265228850014902
1007.2359899981817,0.1648430347259881
1007.4066333317758,-0.12783827579034684
1007.5772999986013,0.16341288195100168
1007.7479666654268,-0.12914308668839727
1007.9186333322525,0.16199419591285671
1008.0892999990781,-0.13043666072342341
1008.2599666651089,0.1605876428727763
1008.4306333319346,-0.13171839616635572
1008.6012999987603,0.15919378431024694
1008.771966665586,-0.13298767205623344
1008.9426233323414,0.15781325404542088
1009.1132899975777,-0.13424378884685528
1009.2839566644034,0.15644685937795563
1009.4546233312288,-0.13548596912774427
1009.6252899980543,0.15509535690033047
1009.7959566648802,-0.13671358473037656
1009.9666233317059,0.15375933702301525
1010.1372666652999,-0.13792596592537928
1010.3079333313306,0.15243950151304317
1010.4785999981563,-0.13912237922482798
1010.649266664982,0.15113655536416837
1010.8199333318074,-0.14030219971622646
1010.9905999986331,0.1498510684677784
1011.1612666654586,-0.14146483147053074
1011.3319333322843,0.14858357719475426
1011.5025999991097,-0.14260973890909734
1011.6732566650708,0.1473347150941914
1011.8439233318965,-0.14373626332711037
1012.0145899987222,0.14610517583383048
1012.1852566655477,-0.14484383322808508
1012.3559233323733,0.1448955847162695
1012.5265899976093,-0.14593171281724726
1012.6972566644351,0.14370666551769531
1012.8679233312607,-0.1469992505705993
1013.0385899980863,0.1425390511786396
1013.2092566649119,-0.1480458093633829
1013.3798999985058,0.1413932969451854
1013.5505666653314,-0.14907083754266437
1013.7212333313624,0.14027000111367352
1013.8918999981881,-0.15007375544126939
1014.0625666650136,0.13916976431043476
1014.2332333318393,-0.1510539558008209
1014.4038999986649,0.13809313273316948
1014.5745566654207,-0.15201087655746878
1014.7452233322462,0.13704069181999817
1014.9158899982771,-0.15294387411212926
1015.0865566651028,0.13601308203453907
1015.2572233319282,-0.15385244742700166
1015.4278899987539,0.13501074043406253
1015.5985566655794,-0.15473615222817233
1015.7692233324051,0.13403417710973722
1015.9398899976411,-0.15559444299272795
1016.1105466643969,0.13308397308151157
1016.2811999980607,-0.15642669414148833
1016.4518666648864,0.13216074787684706
1016.6225333317121,-0.1572323690919781
1016.7931999985376,0.13126509359107852
1016.9638666653634,-0.15801088275946684
1017.1345333313941,0.13039759469079504
1017.3051899981499,-0.15876169159244852
1017.4758566649756,0.12955867234312607
1017.6465233318011,-0.15948441218566206
1017.8171899986268,0.1287487543496574
1017.9878566654522,-0.16017849050409028
1018.1585233322779,0.12796830426911845
1018.3291899983087,-0.16084352302140895
1018.4998566651344,0.12721771081851369
1018.6705233319601,-0.1614791291012162
1018.8411666647595,0.12649738407615815
1019.0118333315847,-0.16208483269503798
1019.1824999984107,0.125807869050248
1019.3531666644415,-0.16266009863559322
1019.523833331267,0.12514974105774254
1019.6944999980926,-0.1632043484950901
1019.8651666649182,0.12452335568753871
1020.0358333317439,-0.16371736121404032
1020.2064999985696,0.12392893678241172
1020.3771666653951,-0.16419880991169297
1020.5478233313561,0.12336691054023272
1020.7184899981816,-0.16464843279462194
1020.8891566650072,0.12283753111683202
1021.059823331833,-0.16506596121908443
1021.2304899986584,0.12234111030287202
1021.4011566654842,-0.16545086327344805
1021.571799999078,0.12187823155723558
1021.7424666643143,-0.1658026290269672
1021.9131333311398,0.12144933429429715
1022.0837999979655,-0.16612088126002217
1022.2544666647912,0.12105475234090714
1022.4251333316167,-0.1664052156416905
1022.5957999976475,0.1206948278411868
1022.7664666644732,-0.16665553215644138
1022.9371333312989,0.12036959064352734
1023.1077899980544,-0.16687164062414797
1023.2784566648801,0.12007939744308511
1023.4491233317058,-0.1670531836783771
1023.6197899985312,0.11982457879916224
1023.7904566653569,-0.1671999723924873
1023.9611233313879,0.1196053231684352
1024.1317899982137,-0.16731168851670405
1024.302456665039,0.1194218819640244
1024.4731233318648,-0.16738801300017656
1024.6437899986902,0.1192745490780276
1024.8144433323541,-0.16742869352423653
1024.98509999911,0.11916357941178608
1025.1557666643462,-0.16743337742261793
1025.3264333311715,0.11908922184046915
1025.4970999979973,-0.1674019756010539
1025.6677666648227,0.11905150818073068
1025.8384333316485,-0.1673343035059457
1026.0090999976794,0.11905068976809921
1026.179766664505,-0.16722996483648822
1026.3504333313306,0.11908718909379332
1026.5210899980862,-0.16708868723091483
1026.6917566649122,0.11916145814743992
1026.8624233317373,-0.16691002590654666
1027.0330899985631,0.11927389084158099
1027.2037566645943,-0.16669372101249133
1027.3744233314196,0.11942469049088972
1027.5450799981754,-0.16643962515826263
1027.7157333318394,0.11961403227982588
1027.8863999986647,-0.1661475156179951
1028.0570666654905,0.11984211179648481
1028.227733332316,-0.1658172836724823
1028.398399999142,0.120108801265455
1028.569066664378,-0.1654491056892131
1028.7397333312035,0.12041402822064763
1028.9103999980293,-0.16504292513203694
1029.0810666648547,0.12075783403981347
1029.2517233316103,-0.16459873014219492
1029.4223899984358,0.12114031230716349
1029.5930566652617,-0.1641164417239232
1029.7637233312923,0.12156153458252077
1029.9343899981181,-0.16359594530480737
1030.1050566649435,0.12202159552587015
1030.2757233317693,-0.16303705478464264
1030.446389998595,0.12252073984462492
1030.6170566646258,-0.1624396274412739
1030.787713332176,0.12305887674150574
1030.9583666650456,-0.16180386697088425
1031.129033331871,0.12363590380577733
1031.2996999986967,-0.16112966554014369
1031.4703666655223,0.12425178422389306
1031.641033332348,-0.16041697111347128
1031.8116999983788,0.12490662248274773
1031.98235666434,-0.15966568589315794
1032.1530233311653,0.12560052990627563
1032.323689997991,-0.15887563662553847
1032.4943566648167,0.126333679243044
1032.6650233316423,-0.1580466946865414
1032.8356899984678,0.12710629486250075
1033.0063566652934,-0.1571787993024126
1033.1770233313243,0.12791838914216433
1033.34768999815,-0.15627200026328816
1033.5183433318139,0.1287698614226906
1033.6889999985694,-0.1553262826765237
1033.859666665395,0.12966069519185378
1034.0303333322206,-0.15434161706671118
1034.2009999990464,0.13059085513064184
1034.3716666650773,-0.15331806026305242
1034.5423333319031,0.13156029051984539
1034.7129999987285,-0.15225574256188634
1034.883666665554,0.13256888161759112
1035.0543333323799,-0.1511548173077546
1035.2249999976157,0.13361656562278088
1035.3956566643715,-0.15001538314614185
1035.566323331197,0.13470326172469393
1035.7369899980226,-0.1488375542342942
1035.9076566648482,0.13582885948181492
1036.0783233316738,-0.14762146897789521
1036.2489899984998,0.1369932208293761
1036.419656665325,-0.14636730751335325
1036.590323331356,0.1381960613653343
1036.7609899981815,-0.1450751168503117
1036.9316333317756,0.13943731474346574
1037.1022999986012,-0.1437450288064293
1037.272966665427,0.14071697071050887
1037.4436333322526,-0.14237716709391898
1037.6142999990782,0.14203482117236524
1037.784966665109,-0.14097178731685778
1037.9556233318647,0.14339053773977187
1038.1262899986903,-0.13952915135932753
1038.2969566655158,0.14478359978402439
1038.4676233323414,-0.13804967694439377
1038.6382899975774,0.1462135890749661
1038.8089566644032,-0.1365337247576558
1038.9796233312288,0.14768026826006883
1039.1502899980546,-0.1349815553991313
1039.3209566648802,0.14918327964358433
1039.4916233317058,-0.13339349467436973
1039.6622666652997,0.15072238393924206
1039.8329333313307,-0.13176987016110878
1040.0035999981562,0.15229725458316626
1040.174266664982,-0.13011095627436303
1040.3449333318076,0.15390754429568432
1040.5155999986332,-0.1284171565469892
1040.6862666654588,0.1555530479838176
1040.8569333322844,-0.1266887199664618
1041.02759999911,0.1572333396245535
1041.1982566650709,-0.12492615111912697
1041.3689233318964,0.15894818614953934
1041.539589998722,-0.12312956699872787
1041.7102566655476,0.16069712931526026
1041.8809233323732,-0.12129969087120661
1042.0515899976094,0.16247963133720683
1042.2222566644352,-0.11943694206589876
1042.3929233312606,0.1642952160170741
1042.5635899980862,-0.11754177746705552
1042.7342566649118,0.1661434742337677
1042.904899998506,-0.11561454399858288
1043.0755666653313,0.1680241198993282
1043.2462333313624,-0.11365562030393889
1043.416899998188,0.16993658498089342
1043.5875666650138,-0.11166538894951648
1043.7582333318394,0.17188056650981343
1043.928889998595,-0.1096441655114477
1044.0995566654206,0.17385566991017634
1044.2702233322461,-0.10759234983047464
1044.4408899982768,0.1758615752306815
1044.6115566651026,-0.10551003403169394
1044.7822233319282,0.17789815154554786
1044.952889998754,-0.10339754501483081
1045.1235566655796,0.17996507761072372
1045.2942233324052,-0.10125541995805767
1045.4648899976414,0.18206189428041555
1045.6355333312354,-0.09908413621347614
1045.806199998061,0.18418805425394008
1045.9768666648865,-0.09688442707395403
1046.147533331712,0.18634281990988863
1046.3181999985377,-0.09465670972652018
1046.4888666653633,0.1885259033108658
1046.6595333313944,-0.09240142477727291
1046.8301999982198,0.1907366677056654
1047.0008666650454,-0.09011921299319262
1047.171533331871,0.19297454233206313
1047.3421899986267,-0.08781057995428096
1047.5128566654525,0.19523900862775942
1047.6835233322777,-0.08547597599132634
1047.8541899983088,0.197529735343298
1048.0248566651344,-0.08311590611347988
1048.19552333196,0.19984611800189125
1048.3661899987858,-0.08073086055297687
1048.5368566656111,0.20218774157917696
1048.7075233316423,-0.07832140279186114
1048.8781666644413,0.20455387755523494
1049.048833331267,-0.07588825348491524
1049.2194999980925,0.20694411423579925
1049.3901666649185,-0.07343179043500864
1049.5608333317439,0.20935809949439818
1049.7314999985697,-0.07095276970224214
1049.9021666653953,0.21179492361245836
1050.072823331356,-0.06845201273204059
1050.2434899981815,0.21425368917301185
1050.4141566650073,-0.06593020459252366
1050.5848233318327,0.21673370582913745
1050.7554899986585,-0.06338797875406353
1050.926156665484,0.21923439436638084
1051.0968233323097,-0.06082596194990637
1051.2674899983406,0.22175482398386065
1051.4381566651664,-0.05824511734315186
1051.6087999979657,0.22429416711927513
1051.779466664791,-0.055646049207248166
1051.950133331617,0.22685164948496184
1052.1207999976475,-0.05302948754731865
1052.2914666644733,0.22942677419774649
1052.4621333312987,-0.050395805867588635
1052.6327999981245,0.23201924211431788
1052.80346666495,-0.04774560502569345
1052.9741333317756,0.23462852345775406
1053.1447899985312,-0.04507939826622253
1053.315456665357,0.2372542659852575
1053.4861233313877,-0.042397356845976765
1053.6567899982133,0.2398960483972379
1053.8274566650389,-0.03970010687039542
1053.9981233318645,0.2425530092167113
1054.1687899986905,-0.03698847915025684
1054.3394566655159,0.24522435838284795
1054.5101233323417,-0.03426323834358874
1054.6807899983723,0.24790927004097135
1054.8514433312416,-0.03152513763285785
1055.0220999979972,0.2506071526977952
1055.192766664823,-0.02877480341125113
1055.3634333316484,0.2533171280135142
1055.5340999976795,-0.026013095613257244
1055.704766664505,0.2560386198826921
1055.8754333313307,-0.02324047725027936
1056.0460999981563,0.25877116670623196
1056.2167666649818,-0.020457580911559997
1056.3874333318074,0.26151413565460135
1056.558089998563,-0.017665195955797505
1056.7287566645941,0.26426680706147015
1056.8994233314195,-0.01486402083137378
1057.0700899982453,0.2670283366653092
1057.240756665071,-0.012054832503787754
1057.4114233318965,0.26979753132307654
1057.5820899987223,-0.00923891486265851
1057.7527566655476,0.2725731925002693
1057.9234233323734,-0.006417162639827239
1058.094079998334,0.2753545575751669
1058.2647333312034,-0.0035904847706961745
1058.435399998029,0.2781406661542213
1058.6060666648548,-0.0007597169530096556
1058.7767333316804,0.2809307673634503
1058.9473999977113,0.0020744946034162463
1059.1180666645369,0.2837241364902999
1059.2887233312927,0.0049112222119157434
1059.459389998118,0.28651986292969844
1059.6300566649436,0.007749279501042589
1059.8007233317692,0.28931698478411927
1059.971389998595,0.010587734719485174
1060.142056664626,0.2921143645581242
1060.3127233314515,0.013425416976071082
1060.483389998277,0.2949107145534074
1060.6540566651026,0.016260962973845883
1060.8247133318582,0.2977046236402352
1060.9953666655224,0.019092698029486557
1061.1660333323478,0.30049444245360424
1061.3366999983787,0.021918775596506464
1061.5073666644096,0.30327850192500894
1061.6780333312352,0.024737651794994115
1061.848699998061,0.30605533609161795
1062.0193666648863,0.02754737734891716
1062.1900333317121,0.30882286099815887
1062.360699997743,0.030345809177271227
1062.5313566652935,0.3115793370715571
1062.7020233313242,0.033131103854911276
1062.8726899981498,0.3143228249946817
1063.0433566649754,0.035901551498796036
1063.2140233318012,0.31705190555401
1063.3846899986268,0.038655768037845414
1063.5553566646577,0.31976505732364563
1063.7260233314832,0.04139218987661134
1063.8966899983088,0.32246078117808435
1064.0673433319728,0.04410948392561325
1064.2379999987284,0.3251377686952917
1064.4086666655542,0.04680644784313432
1064.57933333238,0.32779474207821724
1064.7499999976158,0.04948173347646158
1064.9206666644416,0.3304301040344053
1065.091333331267,0.05213349624250955
1065.2619999980925,0.33304199480580077
1065.432666664918,0.05475982292952858
1065.603333331744,0.3356285969460351
1065.7739999977748,0.05735901807700752
1065.944656665325,0.3381885986431923
1066.115323331356,0.05992990569238989
1066.2859899981818,0.3407209552693293
1066.4566566650071,0.06247147271416724
1066.627323331833,0.343224798431545
1066.7979899986583,0.06498282958736733
1066.9686566646894,0.3456993016057901
1067.139323331515,0.06746309022584361
1067.3099899983406,0.3481434773997877
1067.4806333319345,0.06991117214600732
1067.6512999987604,0.35055618410375045
1067.821966665586,0.07232600458556364
1067.9926333324115,0.3529364372539024
1068.1632999976475,0.07470672578848578
1068.333966664473,0.355283294422171
1068.504633331299,0.07705235488631719
1068.6752999981243,0.35759567256221664
1068.84596666495,0.07936177426418432
1069.0166233317057,0.35987229278814387
1069.1872899985315,0.08163331762723802
1069.3579566645626,0.3621114390702498
1069.5286233313877,0.08386506862311528
1069.6992899982135,0.36431133772724245
1069.869956665039,0.0860553443166905
1070.040623331865,0.3664703020936302
1070.21128999869,0.08820232713142757
1070.3819566647212,0.3685867827650757
1070.5526233315468,0.09030430787304619
1070.7232766652107,0.37065874986922814
1070.8939333319663,0.09235906671106106
1071.064599998792,0.3726840750709423
1071.2352666656175,0.09436436959707502
1071.4059333324433,0.3746606752806605
1071.5765999976793,0.09631822143047947
1071.7472666645049,0.3765870302686077
1071.9179333313307,0.09821925372435794
1072.088599998156,0.3784619076688336
1072.259266664982,0.10006627457800754
1072.4299233317374,0.380284182500573
1072.600589998563,0.10185821331905781
1072.7712566645941,0.3820529693330387
1072.9419233314195,0.10359418207289824
1073.1125899982453,0.38376745273241464
1073.283256665071,0.10527342139562271
1073.4539233318965,0.38542693115564897
1073.6245899979274,0.1068953283685299
1073.795256664753,0.3870308095009121
1073.9659133315085,0.10845939483359987
1074.1365666651727,0.3885785622506859
1074.3072333319983,0.10996521506649717
1074.4778999988237,0.3900697939551443
1074.6485666656495,0.1114124584991804
1074.819233332475,0.3915040896096975
1074.9898999977113,0.11280070010223776
1075.1605666645366,0.39288106866431227
1075.3312333313625,0.11412974146388366
1075.501899998188,0.39420065080007327
1075.6725566649436,0.11539951505756425
1075.8432233317694,0.3954627604245159
1076.0138899985948,0.11660991074031621
1076.1845566646257,0.3966672521640779
1076.3552233314515,0.11776078121979643
1076.525889998277,0.39781398984486893
1076.6965566651027,0.11885208331269637
1076.8672233319282,0.39890303472433203
1077.0378899979592,0.11988392280010624
1077.2085466655094,0.39993496325825356
1077.3791999983787,0.12085694570700088
1077.5498666652043,0.40090990413524985
1077.72053333203,0.12177123403348804
1077.8911999988554,0.4018278007160446
1078.0618666656812,0.12262674792093735
1078.232533331712,0.4026885816190649
1078.403199997743,0.12342343526973877
1078.5738666645686,0.403492209235141
1078.7445333313942,0.12416127394471023
1078.9151899981498,0.40423863389287706
1079.0858566649754,0.1248402994065781
1079.256523331801,0.4049279167366508
1079.4271899986268,0.1254606686403172
1079.5978566646577,0.40556031666389086
1079.7685233314833,0.12602265958143796
1079.9391899983088,0.40613613653117053
1080.1098566651344,0.12652652979090379
1080.28052333196,0.4066556402974653
1080.4511766648295,0.1269725172215364
1080.6218333323795,0.4071190674963187
1080.7924999984107,0.1273608607095085
1080.9631666652363,0.4075266534121977
1081.1338333320618,0.12769179995245705
1081.3044999988874,0.40787861465270964
1081.475166665713,0.1279654972447198
1081.645833330949,0.408175080219006
1081.8164999977748,0.12818212203911244
1081.9871666646002,0.40841627741127334
1082.157833331426,0.12834205960480463
1082.3284899981816,0.40860262340039327
1082.4991566650074,0.12844579085540023
1082.669823331833,0.40873450989315446
1082.8404899986585,0.12849369895449725
1083.0111566646895,0.4088122693017996
1083.181823331515,0.12848612609997764
1083.3524899983408,0.4088362252571707
1083.5231566651662,0.12842350461967447
1083.693823331992,0.4088067748554016
1083.8644666655857,0.12830622354241983
1084.0351333324113,0.40872429055193304
1084.2057999984422,0.12813467866523412
1084.376466665268,0.40858923892851096
1084.5471333320936,0.12790943914164418
1084.7177999989192,0.4084021930353298
1084.888466665745,0.1276310571878063
1085.0591333309808,0.40816363846461756
1085.2297999978066,0.1273000958464479
1085.4004566645622,0.40787413449019094
1085.571123331388,0.12691716153496935
1085.7417899982133,0.40753413042436
1085.9124566650391,0.1264826961315136
1086.0831233318645,0.4071441126600548
1086.2537899978956,0.12599730917525467
1086.424456664721,0.4067047710693065
1086.5951233315468,0.12546164418331093
1086.7657899983724,0.4062166629517666
1086.936456665198,0.12487614225978089
1087.1071099988621,0.40568020607037075
1087.2777666656177,0.12424130528945225
1087.448433332443,0.40509581450158383
1087.6190999984742,0.12355760510233471
1087.7897666652996,0.4044638459657224
1087.9604333321254,0.12282548347498862
1088.131099998951,0.4037848286566296
1088.3017666657765,0.12204561337294804
1088.4724333310128,0.4030593784595342
1088.6430999978381,0.12121854504866517
1088.8137566645942,0.4022878905757889
1088.9844233314195,0.120344627745328
1089.1550899982453,0.4014706458157373
1089.3257566650707,0.11942434840817832
1089.4964233318965,0.400608033146371
1089.6670899979276,0.11845817629281373
1089.8377566647528,0.39970055744717453
1090.0084233315786,0.11744662509617528
1090.1790899984044,0.39874881789291255
1090.34974666516,0.11639033554954596
1090.520399998824,0.39775360963451456
1090.6910666656495,0.11529019921290518
1090.8617333316802,0.39671581519902666
1091.032399998506,0.11414700150830853
1091.2030666653313,0.3956361639129399
1091.3737333321574,0.1129614392020778
1091.5443999989827,0.39451522603810774
1091.7150666658085,0.11173406629772459
1091.8857333310448,0.3933534629278904
1092.0563899978001,0.11046536089844548
1092.2270566646257,0.3921513481559043
1092.3977233314513,0.10915572086266633
1092.568389998277,0.3909092839606321
1092.7390566651027,0.10780572120701383
1092.9097233319285,0.3896277960531152
1093.080389997959,0.10641585097490179
1093.2510566647848,0.3883072266883533
1093.4217233316103,0.10498650813637742
1093.5923799983661,0.386947887577752
1093.7630333320299,0.10351811337370767
1093.9336999988557,0.38555022201783784
1094.104366665681,0.10201113871431959
1094.2750333317122,0.38411469217831967
1094.4456999985377,0.1004660395220737
1094.6163666653633,0.3826416505220487
1094.7870333321891,0.09888317847297244
1094.9576999990145,0.38113140168707
1095.1283666650456,0.09726309164523896
1095.2990233310065,0.3795845219019294
1095.4696899978321,0.09560640181402066
1095.6403566646577,0.37800167010848373
1095.8110233314833,0.09391375444377635
1095.9816899983089,0.3763835015067846
1096.1523566651344,0.09218587515047842
1096.32302333196,0.3747307806337337
1096.493689997991,0.0904234232598191
1096.6643566648165,0.37304417330257966
1096.8350099984805,0.08862705167974977
1097.005666665236,0.37132433857880903
1097.1763333320619,0.08679746082325335
1097.3469999988874,0.36957200197972867
1097.517666665713,0.08493532479279259
1097.688333331744,0.3677879667277745
1097.8589999985695,0.08304152825222347
1098.0296666653953,0.36597305512289036
1098.200333332221,0.08111685623289662
1098.3709999990465,0.36412809595744355
1098.5416666642825,0.07916209902414793
1098.712323331038,0.36225386086061456
1098.8829899978637,0.07717801714722829
1099.0536566646892,0.3603510257536086
1099.2243233315153,0.07516531380455442
1099.3949899983404,0.35842036658286763
1099.5656566651664,0.07312483781288441
1099.7363233319916,0.3564627201037882
1099.9069899980227,0.07105730694205122
1100.0776566648485,0.3544787817508791
1100.2482999984425,0.06896334075445053
1100.418966665268,0.3524692010505911
1100.5896333320936,0.06684364584828684
1100.760299998919,0.3504346553708207
1100.9309666657448,0.06469889392013285
1101.1016333317755,0.34837581154384206
1101.2722999986013,0.06252974027370532
1101.4429666654269,0.3462933709262403
1101.6136333322524,0.060337001480387
1101.784289999008,0.34418810708352277
1101.9549566642443,0.05812140616508992
1102.12562333107,0.34206073960861133
1102.2962899978957,0.055883683000573926
1102.4669566647212,0.3399120377956484
1102.637623331547,0.05362462364951489
1102.8082899983724,0.33774275719558783
1102.978956665198,0.051344943089817685
1103.1496233312287,0.3355536693071867
1103.3202899980545,0.049045395922348
1103.49095666488,0.33334564571352826
1103.6616233317059,0.04672681173108118
1103.8322899985312,0.33111946338883147
1104.0029433321954,0.04438992225471898
1104.173599998951,0.32887571719711595
1104.3442666657766,0.0420353523723949
1104.5149333318075,0.32661523637056195
1104.685599998633,0.039664014061342866
1104.8562666654586,0.32433885303329496
1105.0269333322844,0.0372766776945626
1105.19759999911,0.3220473359978135
1105.368266664346,0.03487422465218733
1105.5389333311716,0.31974158761900534
1105.7095899979272,0.03245749731895958
1105.880256664753,0.3174223816854563
1106.0509233315784,0.030027282974219468
1106.2215899984044,0.31509049939967093
1106.3922566652298,0.02758435889251346
1106.5629233312607,0.3127467231626782
1106.7335899980862,0.025129498944469114
1106.9042566649118,0.31039193208448684
1107.0749233317374,0.022663532686377826
1107.2455799984932,0.30802683764476124
1107.4162333321572,0.020187141939451723
1107.5868999989827,0.3056520784944687
1107.7575666650137,0.01770106540644035
1107.9282333318392,0.30326840268234334
1108.098899998665,0.015206037964044211
1108.2695666654904,0.3008765430629083
1108.4402333323162,0.012702779774023596
1108.6108999991416,0.29847733806664295
1108.7815666643778,0.010192180769276183
1108.9522233311334,0.29607162837541684
1109.1228899979592,0.00767498597805258
1109.2935566647848,0.29366011660413144
1109.4642233316104,0.005151884654446464
1109.6348899984362,0.2912435431645703
1109.8055566652615,0.0026236298857035944
1109.9762233312927,0.28882261769482365
1110.146889998118,9.096076311442748e-05
1110.3175566649436,0.28639815424035003
1110.4882233317692,-0.002445324734467684
1110.6588666653631,0.28397096988104065
1110.829533332189,-0.004984394710446282
1111.0001999990147,0.28154183588233883
1111.1708666650452,-0.007525547166789298
1111.3415333318712,0.2791114036991189
1111.5121999986966,-0.010068086792077142
1111.6828666655224,0.2766804547351407
1111.8535333323478,-0.012611110194488281
1112.0241999983787,0.2742498720279539
1112.1948666644096,-0.015153845259080931
1112.3655333312352,0.2718203558836849
1112.536199998061,-0.017695631571652475
1112.7068666648863,0.26939261434471257
1112.8775233316421,-0.020235747322339553
1113.048189998468,0.2669673719866457
1113.2188566652935,-0.022773347015158596
1113.3895233313242,0.2645454291703219
1113.5601899981498,-0.02530763637556886
1113.7308566649754,0.26212760187106215
1113.9015233318012,-0.027837902279388305
1114.0721899986268,0.25971452780398685
1114.2428566646577,-0.03036358465117868
1114.4134999990463,0.2573068014761975
1114.5841666650772,-0.032883971845690835
1114.7548333319028,0.2549051680167312
1114.9254999987284,-0.03539826831265021
1115.0961666655542,0.2525104600701591
1115.26683333238,-0.03790570037464967
1115.4374999976158,0.2501233682456221
1115.6081666644416,-0.04040569043019212
1115.778833331267,0.2477444062405294
1115.9494999980925,-0.04289769427046658
1116.1201566648483,0.24537421156287667
1116.290823331674,-0.04538109541384202
1116.4614899984995,0.24301340295511292
1116.632156665325,-0.04785530235505912
1116.802823331356,0.24066253331127263
1116.9734899981818,-0.05031973112657539
1117.1441566650071,0.23832215329045195
1117.314823331833,-0.05277387060282207
1117.4854899986583,0.23599276466392616
1117.6561433315278,-0.055217166833771994
1117.826799999078,0.23367498090119654
1117.997466665109,-0.0576489086192819
1118.1681333319345,0.23136952436196542
1118.3387999987604,-0.060068391518211306
1118.509466665586,0.229077125026315
1118.6801333324115,-0.062474861293651936
1118.8507999976475,0.22679850608096422
1119.021466664473,-0.06486772723987935
1119.192133331299,0.2245342501692573
1119.3627999981243,-0.06724625704192824
1119.53346666495,0.22228504741275787
1119.704133330981,-0.06960990645023415
1119.8747899985315,0.22005139380162927
1120.0454566645626,-0.07195810033378713
1120.2161233313877,0.2178338256733548
1120.3867899982135,-0.07429029334404688
1120.557456665039,0.2156328324942991
1120.728123331865,-0.0766059618369585
1120.89878999869,0.21344893401318005
1121.0694566647212,-0.07890456658036206
1121.2401233315468,0.2112827474947443
1121.4107899983724,-0.08118558504438032
1121.5814333319663,0.20913479271304727
1121.752099998792,-0.08344843835006377
1121.9227666656175,0.20700570627585696
1122.0934333324433,-0.08569247096050256
1122.2640999976793,0.2048960852786004
1122.4347666645049,-0.08791706464536234
1122.6054333313307,0.20280657369631935
1122.776099998156,-0.09012158380536
1122.946766664982,0.2007377359548923
1123.1174233317374,-0.0923055671433277
1123.288089998563,0.19868995084623034
1123.4587566645941,-0.0944686246364363
1123.6294233314195,0.19666352539679355
1123.8000899982453,-0.0966105358225585
1123.970756665071,0.1946587815932155
1124.1414233318965,-0.09873078930800584
1124.3120899979274,0.1926763525197473
1124.482756664753,-0.10082876276996461
1124.6534233315786,0.19071675428163246
1124.8240666651727,-0.10290405097493321
1124.9947333319983,0.1887804276815381
1125.1653999988237,-0.1049561513697285
1125.3360666656495,0.18686779603954387
1125.506733332475,-0.10698462680526548
1125.6773999977113,0.18497928765072139
1125.8480666645366,-0.10898899538676086
1126.0187333313625,0.18311555609002386
1126.189399998188,-0.11096859355593844
1126.3600666650136,0.1812770577302378
1126.5307333310445,-0.112923003316956
1126.7013999978699,0.17946415331568596
1126.8720666646957,-0.11485193454545276
1127.0427233314515,0.1776772065261458
1127.213389998277,-0.11675509127281276
1127.3840566651027,0.17591652019778078
1127.5547233319282,-0.1186321347327091
1127.7253899979592,0.1741823476581877
1127.8960566647847,-0.12048287020411541
1128.0667233316103,0.17247486967956124
1128.237389998436,-0.12230712420725862
1128.4080566652615,0.1707941842093059
1128.5787133320173,-0.1241047319552568
1128.7493666656812,0.16914045254035814
1128.920033331712,-0.12587551171426264
1129.090699997743,0.16751382865846404
1129.2613666645686,-0.12761926410596366
1129.4320333313942,0.16591451764302945
1129.6026999982198,-0.1293358828253884
1129.7733666650454,0.16434259614715935
1129.9440333310763,-0.13102539350099512
1130.1146999979019,0.16279813457563935
1130.2853666647275,-0.13268774765049757
1130.4560333315533,0.16128131286268282
1130.6266999983789,-0.13432269622356496
1130.7973566651344,0.15979231612388764
1130.96802333196,-0.135930076742554
1131.1386899979912,0.15833140839533633
1131.3093566648163,-0.13750956489121086
1131.4800233316423,0.15689879232107792
1131.650689998468,-0.1390611289768458
1131.8213566652935,0.1554946157490684
1131.992023332119,-0.14058449844353305
1132.1626899989446,0.15411914654827905
1132.333343331019,-0.14207944848808055
1132.5039999977748,0.15277255807422543
1132.6746666646002,-0.14354586501392488
1132.845333331426,0.15145508625522236
1133.0159999982516,-0.14498344828233553
1133.1866666650772,0.15016684173047015
1133.3573333311083,-0.1463921164930553
1133.5279999979339,0.14890798637956734
1133.6986666647595,-0.14777160149142265
1133.869333331585,0.14767883147959532
1134.0399999984106,-0.14912162871730728
1134.2106566651662,0.14647965299195567
1134.381323331992,-0.15044199838771746
1134.5519899980227,0.14531062472852455
1134.7226566648483,-0.15173257184287273
1134.8933233316739,0.1441718589196337
1135.0639899984997,-0.15299323408337642
1135.234656665325,0.14306333546293748
1135.4053233321508,-0.15422399851527246
1135.5759899989764,0.14198518662597012
1135.7466566650073,-0.15542470611491505
1135.9173233318331,0.14093751118086745
1136.0879899986585,-0.15659531626926243
1136.258633331458,0.13992046741219827
1136.4292999982833,-0.15773542499136806
1136.5999666643143,0.13893434882905928
1136.7706333311398,-0.15884489398128077
1136.9412999979654,0.13797924277255744
1137.111966664791,-0.1599236057347201
1137.2826333316166,0.1370552545184304
1137.4532999984424,-0.16097142240738874
1137.623966665268,0.13616246574322768
1137.794623332024,-0.1619882403227635
1137.9652899980545,0.13530104565397694
1138.1359566648803,-0.16297409490063025
1138.3066233317056,0.13447094846382213
1138.4772899985314,-0.16392890362840118
1138.647956665357,0.1336722858859225
1138.8186233321826,-0.16485254465098653
1138.9892899990082,0.1329051524403268
1139.159956665039,-0.1657449719098154
1139.3306233318647,0.13216955449699294
1139.5012899986903,-0.1666062995369658
1139.6719566655158,0.13146530028291223
1139.8426233323414,-0.16743659440625272
1140.0132899975774,0.13079248503645388
1140.1839333311716,-0.16823579709130315
1140.3545999979974,0.1301510779685557
1140.5252666648228,-0.16900399467046023
1140.6959333316486,0.12954094857193732
1140.8665999984742,-0.16974122108158232
1141.0372666652997,0.12896200605354544
1141.2079333313307,-0.17044763085509887
1141.3785999981562,0.12841414901485923
1141.549266664982,-0.17112312164161894
1141.7199233317376,0.12789734292962612
1141.8905899985632,-0.1717677859791075
1142.0612566653888,0.12741139031547452
1142.2319233322144,-0.17238185774782763
1142.40258999904,0.12695608281920864
1142.5732566650709,-0.17296557630540174
1142.7439233318964,0.12653111004101844
1142.914589998722,-0.17351921103214543
1143.0852566655476,0.12613646353422223
1143.2559233323732,-0.1740427735448374
1143.4265899976094,0.12577210721225193
1143.5972566644352,-0.1745363357002336
1143.7679233312606,0.12543784217365403
1143.9385666648548,-0.17500003555579124
1144.1092333316801,0.1251335457827149
1144.279899998506,-0.1754340043649224
1144.4505666653313,0.12485911532009283
1144.6212333313624,-0.17583834625097822
1144.791899998188,0.12461437385739424
1144.9625666650138,-0.1762133354998699
1145.1332333318394,0.12439890549406174
1145.303899998665,-0.17655951230676625
1145.4745666654903,0.12421225855633991
1145.6452233322461,-0.17687704284644618
1145.8158899982768,0.12405440663116706
1145.9865566651026,-0.17716610528920104
1146.1572233319282,0.12392503094179888
1146.327889998754,-0.17742699596665631
1146.4985566655796,0.12382375933393948
1146.6692233324052,-0.17766003207214576
1146.8398899976414,0.1237502581361724
1147.0105566644668,-0.17786562909926423
1147.1812233312926,0.12370421926210626
1147.351889998118,-0.1780440401172963
1147.5225566649437,0.12368527561154112
1147.6932133316993,-0.1781955542270961
1147.8638666653633,0.12369308638215054
1148.0345333313944,-0.1783205272093555
1148.2051999982198,0.123727200892579
1148.3758666650454,-0.17841946852967705
1148.546533331871,0.12378713215709146
1148.7171999986967,-0.17849271549602425
1148.8878666655223,0.12387264980146165
1149.0585333323477,-0.1785404394172089
1149.2291999983786,0.12398350738003121
1149.3998666652044,-0.178563157592991
1149.5705333320298,0.12411919050454515
1149.7411999988558,-0.17856143845535705
1149.9118566656111,0.12427919288713062
1150.0825233316423,-0.17853568033112255
1150.253189997673,0.12446309931594234
1150.4238566644985,-0.17848622521542748
1150.5945233313241,0.1246704343028709
1150.76518999815,-0.17841345585715768
1150.9358566649757,0.12490074194757136
1151.1065233318013,-0.17831797067152172
1151.2771899986267,0.12515342483225836
1151.4478433314957,-0.17820039242612515
1151.6184999982515,0.12542790304475093
1151.7891666650771,-0.17806130112302235
1151.9598333319027,0.12572347638271045
1152.1304999987283,-0.17790139058936702
1152.301166665554,0.1260395205988306
1152.4718333323797,-0.177721301919721
1152.6424999984106,0.12637512577293342
1152.8131666652362,-0.17752217378684396
1152.9838333320617,0.12672938945887866
1153.1544999988873,-0.1773049488407013
1153.325166665713,0.1271013292427285
1153.4958333309492,-0.17707069581287155
1153.6664999977747,0.1274897607694944
1153.8371566645305,-0.17682066720182119
1154.0078233313561,0.12789345026209614
1154.1784899981817,-0.1765559905391078
1154.349156665007,0.12831152261358525
1154.5198233318329,-0.17627749343087987
1154.6904899986584,0.1287431215461541
1154.8611566646894,-0.17598612641765649
1155.0318233315152,0.12918739401549703
1155.2024899983405,-0.17568264815053472
1155.3731333319345,0.12964361724984705
1155.5437999987603,-0.1753676601037745
1155.7144666655859,0.13011123726363752
1155.8851333324114,-0.17504166141729488
1156.0557999984424,0.1305897565459647
1156.2264666652682,-0.17470508615254696
1156.3971333320935,0.13107871703114488
1156.567799998919,-0.17435841633288135
1156.738466665745,0.13157757363783032
1156.9091333309811,-0.17400215331582905
1157.0797999978065,0.13208581497629301
1157.250466664632,-0.17363690537003088
1157.4211333314577,0.1326028697489235
1157.5917899982135,-0.1732631568001009
1157.7624566650388,0.13312820243434467
1157.9331233318646,-0.17288146138485216
1158.1037899978955,0.13366127608114528
1158.2744566647211,-0.17249235505883548
1158.4451233315472,0.13420154681168933
1158.6157899983723,-0.17209637426348268
1158.786456665198,0.13474850675407826
1158.9571233320235,-0.1716940677994445
1159.1277899980546,0.13530158390126132
1159.2984566648802,-0.1712860000578635
1159.4691233317058,0.13586019194594692
1159.6397899985313,-0.17087273805551553
1159.8104333321253,0.1364238479625139
1159.9810999989509,-0.17045479345615086
1160.1517666657764,0.13699197308774874
1160.3224333310127,-0.17003284743429362
1160.4930999978383,0.13756388563063604
1160.6637666646639,-0.1696075376611458
1160.8344333314894,0.13813897966967867
1161.0050999983152,-0.16917955786120234
1161.175766664346,0.13871654460025878
1161.3464233318966,-0.16874953546200103
1161.5170899979275,0.1392961134654642
1161.6877566647531,-0.16831788896520364
1161.8584233315787,0.13987730225040357
1162.029089998404,-0.16788502228571672
1162.1997566652299,0.14045961625871187
1162.3704233312608,-0.16745146995130486
1162.5410899980864,0.14104252253183977
1162.711756664912,-0.16701772877823853
1162.8824233317375,0.14162546555741365
1163.053089998563,-0.16658442748386215
1163.2237566653887,0.14220789750248536
1163.3944233322143,-0.16615205992155896
1163.5650666658082,0.1427893219719716
1163.7357333310445,-0.16572108913947275
1163.9063999978703,0.14336925621397253
1164.0770666646958,-0.1652920060603536
1164.2477333315212,0.1439472535448754
1164.418399998347,-0.16486523221411312
1164.589066664378,0.14452293554021028
1164.7597333312033,-0.16444112538705105
1164.930399998029,0.14509587052901038
1165.1010666648544,-0.16402020784346272
1165.2717333316803,0.14566547438113153
1165.442399998506,-0.1636030639256782
1165.6130666653316,0.14623131085811247
1165.7837233312925,-0.1631901692511981
1165.9543899981181,0.14679291330917987
1166.1250566649437,-0.16278199114686587
1166.2957233317693,0.14734976231194358
1166.4663899985949,-0.16237902843434346
1166.6370566654205,0.14790134244092532
1166.807723332246,-0.16198175164570264
1166.9783899982772,0.14844723449030145
1167.1490566651028,-0.16159051742969313
1167.3197233319283,0.14898707062996344
1167.490389998754,-0.1612056859588064
1167.6610566655795,0.14952049923144223
1167.831723332405,-0.1608275398568973
1168.0023666644097,0.15004717781865987
1168.1730333312353,-0.16045644194103997
1168.3436999980609,0.15056672182336373
1168.5143666648864,-0.16009273467517357
1168.685033331712,0.15107878422548227
1168.8556999985378,-0.15973672792751303
1169.0263666653634,0.15158303154904773
1169.197033331394,-0.15938884724121552
1169.36769999822,0.15207905023520055
1169.5383666650455,-0.15904941743636553
1169.7090233318008,0.1525665645681912
1169.8796899986269,-0.1587187422318095
1170.0503566654525,0.15304526735559187
1170.221023332278,-0.15839704677955616
1170.391689998309,0.15351491080104254
1170.5623566651343,-0.15808452065803427
1170.73302333196,0.15397521809515838
1170.9036899987855,-0.15778145995231577
1171.0743566656113,0.15442592915646458
1171.2450233316422,-0.15748812308049862
1171.415689997673,0.1548667072821565
1171.586356664499,-0.15720486143841456
1171.7569999980929,0.155297197326483
1171.9276666649184,-0.15693210531814197
1172.098333331744,0.15571694135720104
1172.2689999985696,-0.15667023909757638
1172.4396666653952,0.156125590325515
1172.6103333314259,-0.1564195860296896
1172.7809999982514,0.15652284423183083
1172.9516666650773,-0.15618040372245762
1173.1223333319028,0.15690840293830816
1173.2929999987284,-0.15595294718926803
1173.463666665554,0.15728202487960213
1173.6343333323796,-0.15573743781458435
1173.8049999984105,0.15764346567902876
1173.975656665166,-0.15553408355345585
1174.1463233319919,0.15799244752521469
1174.3169899988177,-0.15534316699445908
1174.487656665643,0.15832867784291368
1174.6583233308793,-0.15516500800867092
1174.8289899977049,0.15865188733129923
1174.9996566645302,-0.15499979173130443
1175.170323331356,0.15896183304612618
1175.3409899981816,-0.15484785112050564
1175.5116566650072,0.15925822903085582
1175.6823233318328,-0.15470947195228843
1175.8529899986584,0.15954076844826592
1176.0236566646895,-0.1545848351302594
1176.1942999982834,0.15980927274772116
1176.364966665109,-0.15447415069444
1176.5356333319346,0.16006347163538348
1176.7062999987602,-0.15437762216173193
1176.8769666655858,0.16030324472963917
1177.0476333324116,-0.15429536061784457
1177.2182999984423,0.16052843706270242
1177.388966665268,-0.15422753439961867
1177.5596333320937,0.1607388840851541
1177.7302999989192,-0.15417448057774108
1177.9009666657446,0.16093421071204683
1178.0716333309808,-0.1541364028603453
1178.2422899977366,0.16111435957654557
1178.412956664562,-0.1541134078522622
1178.5836233313878,0.1612792220075658
1178.7542899982134,-0.1541055453795556
1178.9249566650392,0.16142870830386774
1179.0956233318648,-0.15411293294192233
1179.2662899978955,0.16156270792619132
1179.4369566647213,-0.15413572045028778
1179.6076233315466,0.16168106007836938
1179.7782899983727,-0.15417408149952783
1179.9489566651978,0.16178357190702172
1180.1196233320236,-0.15422816080600485
1180.2902899980545,0.16187014649482165
1180.4609433317185,-0.15429800528973567
1180.631599998474,0.1619408590782638
1180.8022666652996,-0.15438356512211426
1180.9729333321252,0.16199558595622288
1181.2937799986205,-0.1544849740729485
1181.6897333312036,0.16203425613343375
1181.860399998029,-0.15460229059595615
1182.0310666648547,0.16205674551784968
1182.2017333316803,-0.1547356103154102
1182.372399997711,0.16206303536457434
1182.5430666645368,-0.15488495386058804
1182.7137233312924,0.1620530872058643
1182.884389998118,-0.15505039802801426
1183.0550566649438,0.16202686354952006
1183.2257233317694,-0.15523192679432024
1183.396389998595,0.1619843136313627
1183.5670566646259,-0.15542965876233494
1183.7377233314514,0.1619253446388674
1183.908389998277,-0.1556436415182843
1184.0790566651026,0.16184992013502833
1184.2497233319282,-0.1558738937710682
1184.4203899987538,0.16175801354435793
1184.5910566655796,-0.15612046667496934
1184.7617233316105,0.16164963932953527
1184.9323666644098,-0.15638328373626043
1185.1030333312353,0.16152476877979965
1185.273699998061,-0.1566623175999568
1185.4443666648865,0.16138344683341643
1185.615033331712,-0.15695755714270268
1185.785699997743,0.16122570481986626
1185.9563666645686,-0.1572689802827353
1186.1270333313942,0.1610516303643567
1186.2976999982197,-0.1575965663243826
1186.4683666650456,0.16086119594988305
1186.6390333318711,-0.15794030634044795
1186.8096999986967,0.16065435707443498
1186.9803666647276,-0.1583002902386731
1187.1510233314834,0.16043107190597947
1187.3216899983086,-0.15867649451086493
1187.4923566651346,0.16019138715513662
1187.6630233319602,-0.15906879390015574
1187.8336899987858,0.1599355260575313
1188.0043566656113,-0.15947706056064723
1188.175023331642,0.1596635300813112
1188.3456899984678,-0.1599012645391773
1188.5163566652932,0.15937536975969407
1188.687023332119,-0.1603414215747215
1188.8576899989446,0.15907109747540743
1189.0283566649755,-0.16079746425511637
1189.1989999977748,0.1587508044778252
1189.3696666646006,-0.16126929863358944
1189.5403333314262,0.15841447947655207
1189.7109999982517,-0.16175690098584483
1189.8816666650773,0.15806214164440857
1190.052333331903,-0.1622602944347252
1190.2229999987285,0.15769382514648939
1190.3936666647592,-0.16277944421006293
1190.564333331585,0.15730951693496376
1190.7349999984106,-0.16331463275852665
1190.9056666652361,0.15690917857788078
1191.0763333320617,-0.1638655804962025
1191.2469999988873,0.15649288849379864
1191.4176666657129,-0.1644322663268406
1191.5883233316738,0.15606076833806573
1191.7589899984996,-0.1650145478872205
1191.9296566653254,0.15561285471354516
1192.1003233321508,-0.16561236375067864
1192.2709899989763,0.15514931408077243
1192.4416566642126,-0.1662255969910545
1192.612323331038,0.15467027338645367
1192.7829899978638,-0.1668540673551805
1192.9536566646893,0.15417585323793986
1193.124323331515,-0.16749757891423078
1193.2949899983405,0.1536663656793853
1193.465656665166,-0.16815583447157148
1193.6362999987603,0.15314206525350238
1193.8069666647912,-0.1688286467719671
1193.9776333316167,0.1526031879444344
1194.1482999984423,-0.16951577690049954
1194.318966665268,0.15204997668690035
1194.4896333320935,-0.1702169915874419
1194.6602999989193,0.1514825086096459
1194.8309666657449,-0.17093228698206334
1195.0016333317758,0.1509009865992816
1195.1722999986014,-0.17166128911859077
1195.342966665427,0.15030570975580942
1195.5136333322523,-0.17240389151651664
1195.6842899990081,0.14969681121538153
1195.8549566642444,-0.1731599219778333
1196.0256233310697,0.1490743132774408
1196.1962899978955,-0.17392945489637682
1196.366956664721,0.14843800992134096
1196.537623331547,-0.1747130670916373
1196.7082899983725,0.14778759148335516
1196.878956665198,-0.17551040528439338
1197.049623331229,0.14712361713789399
1197.2202899980543,-0.17632106469231845
1197.3909566648804,0.14644637276299274
1197.5616233317055,-0.17714470689275427
1197.7322899985313,0.1457561832472504
1197.902956665357,-0.17798104263519113
1198.073599998951,0.14505331477666727
1198.2442666657766,-0.17882976290604943
1198.4149333318073,0.1443381219995239
1198.585599998633,-0.17969053304739335
1198.7562666654587,0.14361095642978106
1198.9269333322843,-0.18056295968006209
1199.09759999911,0.1428721033759614
1199.2682666643461,-0.1814470016883196
1199.4389333311715,0.1421215009818586
1199.6095999979975,-0.1823426759226859
1199.7802666648229,0.14135929890197507
1199.9509333316485,-0.18324996352859077
1200.121589998404,0.14058548421058462
1200.2922566652298,-0.18416875888941134
1200.4629233312608,0.1398003033112869
1200.6335899980863,-0.18509852395372262
1200.804256664912,0.1390043833161017
1200.9749233317375,-0.18603870460094546
1201.145589998563,0.13819806193538228
1201.316256664594,-0.18698902043635443
1201.4869233314196,0.13738169267657718
1201.6575899982452,-0.1879491272333482
1201.828256665071,0.13655555392896956
1201.9989233318963,-0.1889187567900495
1202.1695899987221,0.13571994656853587
1202.340233332316,-0.18989766913582348
1202.5108999991419,0.1348751592465944
1202.681566664378,-0.1908855379807064
1202.8522333312035,0.13402156507005264
1203.022899998029,-0.19188199804443695
1203.1935666648546,0.13315916397532546
1203.3642333316802,-0.19288701673197678
1203.5348999977111,0.13228836996419258
1203.705566664537,-0.1939000590397593
1203.8762333313625,0.13140947863573635
1204.046899998188,-0.19492095285402086
1204.2175666650137,0.1305226999070272
1204.3882333318393,-0.19594928495282093
1204.5588999986649,0.12962847659220147
1204.7295666646958,-0.19698491298552995
1204.9002333315213,0.12872692546040732
1205.070889998277,-0.19802763609627638
1205.2415566651027,0.1278183576930778
1205.4122233319283,-0.19907715447602337
1205.582889998754,0.1269030195456192
1205.7535566655795,-0.20013327742956646
1205.9242233316104,0.12598123801338074
1206.094889998436,-0.20119567833651872
1206.2655566652616,0.12505309965343353
1206.4362233320874,-0.20226435152132652
1206.6068899989127,0.12411887553693232
1206.7775566657385,-0.2033390347558861
1206.9482233309748,0.12317882765466935
1207.1188899978001,-0.20441942537566418
1207.2895333313943,0.1222332672877827
1207.4601999982199,-0.20550517435714924
1207.6308666650452,0.1212825046100326
1207.801533331871,-0.2065959316502161
1207.9721999986966,0.12032697709712924
1208.1428666647275,-0.20769096941304122
1208.3135333315533,0.1193671059445975
1208.4841999983787,-0.20879017772658212
1208.6548666652045,0.1184032992261358
1208.8255333320299,-0.20989312917866007
1208.9961999988557,0.1174360358278778
1209.166866665681,-0.21099908783929164
1209.3375333317122,0.11646560504487072
1209.5081899984677,-0.2121081296747868
1209.6788566652936,0.11549217623505678
1209.8495233321191,-0.2132199129123969
1210.0201899989447,0.11451604817545834
1210.1908566649756,-0.2143342640076575
1210.3615233310065,0.1135374342090802
1210.5321899978321,-0.21545084296972009
1210.7028566646577,0.11255659809825447
1210.8735233314833,-0.21656933826255792
1211.0441899983089,0.11157378890433402
1211.2148566651344,-0.2176894310103568
1211.38552333196,0.11058943499860656
1211.556189997991,-0.218810616420081
1211.7268566648165,0.1096042685353485
1211.897523331642,-0.2199322649799217
1212.068176665306,0.10861876451626185
1212.2388333320619,-0.2210539526893976
1212.4094999988874,0.10763335507612902
1212.580166665713,-0.2221754055712145
1212.750833331744,0.10664816895659811
1212.9214999985695,-0.22329644772474178
1213.0921666653953,0.10566354312882409
1213.262833332221,-0.22441661522725845
1213.4334999990465,0.1046799152978351
1213.6041666642825,-0.22553551814556613
1213.7748333311079,0.10369769853014939
1213.9454999979337,-0.226652686022935
1214.1161666647592,0.1027172313716333
1214.286833331585,-0.22776787849221888
1214.4574899983404,0.10173884159252107
1214.6281566651664,-0.2288806225977544
1214.7988233319916,0.10076317692512719
1214.9694899980227,-0.22999041350501168
1215.1401566648485,0.09979055934170973
1215.3108233316739,-0.23109691657673512
1215.4814899985,0.09882121366863186
1215.6521566653253,-0.23219974067189006
1215.822823331356,0.09785565384859153
1215.9934899981815,-0.23329858542452458
1216.1641566650073,0.09689427875954082
1216.3348233318327,-0.23439304448308257
1216.5054766654969,0.09593738924812416
1216.6761333322524,-0.2354828536766053
1216.846799999078,0.09498543491117667
1217.0174666643143,-0.236567562712261
1217.1881333311399,0.09403856880427047
1217.3587999979657,-0.23764716758137874
1217.529466664791,0.09309709229455469
1217.700133331617,-0.23872086923668334
1217.8707999976475,0.09216174241769863
1218.0414666644733,-0.23978823797916254
1218.2121333312987,0.09123275039152952
1218.3827999981245,-0.2408491890467566
1218.55346666495,0.0903101228755393
1218.7241333317756,-0.24190382305903912
1218.8947999986012,0.0893939507342315
1219.0654666654268,-0.24295178125564995
1219.2361233313877,0.08848450755407998
1219.4067899982133,-0.24399283215778106
1219.5774566650389,0.08758214176649604
1219.7481233318645,-0.24502636433889508
1219.9187899986905,0.08668738844840976
1220.0894566655159,-0.24605207123112455
1220.2601233323417,0.08580047346235714
1220.4307899983723,-0.24706998828449953
1220.6014566651982,0.08492145491268385
1220.7721233320235,-0.24807978516323229
1220.942789998849,0.08405072097659369
1221.113456665675,-0.24908107757295236
1221.2841233309111,0.08318849424424112
1221.454776664575,-0.2500736380853028
1221.6254333313307,0.08233509224557628
1221.7960999981563,-0.2510571259099157
1221.9667666649818,0.08149104425774348
1222.1374333318074,-0.2520308565258656
1222.308099998633,0.08065675460938314
1222.478766664664,-0.2529948314648103
1222.6494333314895,0.0798322875632502
1222.8200999983153,-0.25394876348071255
1222.9907666651409,0.07901816418134795
1223.1614333319662,-0.25489219095858934
1223.332099998792,0.07821473122286647
1223.5027666656176,-0.2558247003619392
1223.6734333324434,0.07742235117283976
1223.8440999984741,-0.2567460798683246
1224.0147666652997,0.07664129142293653
1224.1854233320555,-0.25765601987568576
1224.356089998881,0.07587174311285406
1224.5267566657067,-0.2585544997397775
1224.6974233309427,0.07511378019859431
1224.8680899977685,-0.2594409183601584
1225.0387566645938,0.07436793741858083
1225.2094233314197,-0.2603149626621522
1225.3800899982452,0.07363456386197963
1225.5507566650708,-0.261176604032052
1225.7214233318966,0.07291347181025408
1225.8920899979275,-0.262025980509437
1226.0627566647531,0.07220497832552926
1226.2334233315787,-0.26286272299120045
1226.4040666651726,0.07150926378787203
1226.5747333319982,-0.26368679365570646
1226.7453999988238,0.07082632086761392
1226.9160666656494,-0.26449814217150736
1227.0867333316805,0.07015633549710451
1227.257399998506,-0.26529653322092883
1227.4280666653317,0.06949952249400372
1227.5987333321573,-0.2660816758757491
1227.7693999989829,0.06885606642484318
1227.9400666658082,-0.2668533962872548
1228.1107333310445,0.06822590883363469
1228.2813999978703,-0.2676114830026078
1228.4520666646958,0.0676093039134834
1228.6227333315212,-0.26835599765366513
1228.793399998347,0.06700626047515777
1228.964066664378,-0.2690869559778352
1229.1347233319282,0.06641636848857602
1229.305389997959,-0.26980486454492236
1229.4760566647847,0.06583921078025234
1229.6467233316102,-0.27051021247375556
1229.817389998436,0.06527447248179638
1229.9880566652616,-0.27120258438083394
1230.1587233312925,0.06472271952599172
1230.3293899981181,-0.2718819444841764
1230.5000566649437,0.06418356908352714
1230.6707233317693,-0.2725483710491329
1230.8413899985949,0.0636568513103793
1231.0120566654205,-0.27320196403816915
1231.182723332246,0.06314228017926657
1231.3533899982772,-0.2738428937043423
1231.5240566651028,0.0626397369754517
1231.6947233319283,-0.27447122161214765
1231.8653666647276,0.06214914093107217
1232.0360333315532,-0.2750869325144356
1232.2066999983788,0.06167042460782793
1232.3773666644097,-0.27569006330965673
1232.5480333312353,0.06120355012740805
1232.7186999980609,-0.2762807333036282
1232.8893666648864,0.06074846976802835
1233.060033331712,-0.27685906415269007
1233.2306999985378,0.060304814568848945
1233.4013666653634,-0.27742593037729923
1233.572033331394,0.05987152985875738
1233.74269999822,-0.2779822216751531
1233.9133666650455,0.059447943987157054
1234.0840233318008,-0.2785279498207986
1234.2546899986269,0.05903398503221129
1234.4253566654525,-0.27906348573420514
1234.596023332278,0.0586295145074271
1234.766689998309,-0.2795886720728342
1234.9373566651343,0.05823440539059091
1235.10802333196,-0.28010352170598213
1235.2786899987855,0.05784882292785401
1235.4493566656113,-0.2806078758605089
1235.6200233316422,0.05747277952074408
1235.790689997673,-0.28110183882518985
1235.961356664499,0.057105974738289704
1236.1320233313245,-0.28158557761973046
1236.3026899981498,0.05674864893115115
1236.4733566649757,-0.28205880008211914
1236.6440099986394,0.05640071682879687
1236.8146666653952,-0.2825219283587893
1236.9853333314259,0.056061918306995855
1237.1559999982514,-0.28297507161119506
1237.3266666650773,0.05573222398038143
1237.4973333319028,-0.28341820639184706
1237.6679999987284,0.05541118265668989
1237.838666665554,-0.283851915155996
1238.0093333323796,0.055098411632790195
1238.1799999984105,-0.2842764869886624
1238.350666665236,0.05479361204192294
1238.5213333320619,-0.28469226023929933
1238.6919999988877,0.054495900165483536
1238.862666665713,-0.28510036794482363
1239.0333333309493,0.05420460890692644
1239.2039999977746,-0.2855013176527529
1239.3746666646002,0.05391908993708617
1239.545323331356,-0.28589558923201847
1239.7159899981816,0.05363896995755898
1239.8866566650072,-0.28628337472490417
1240.0573233318328,0.05336398278681699
1240.2279899986584,-0.28666443656447255
1240.3986566646895,0.05309417698317217
1240.5693233315149,-0.28703927726904316
1240.7399899983407,0.052829116020636134
1240.910656665166,-0.28740816554020526
1241.0813233319918,0.052568651584725436
1241.2519899980227,-0.2877709513391025
1241.4226566648483,0.052312913758346444
1241.5933233316741,-0.2881277425245226
1241.7639899984995,0.05206181133773746
1241.934656665325,-0.2884786516794213
1242.1053233321506,0.051815228162289347
1242.2759666657446,-0.28882377326993564
1242.4466333309808,0.05157307621726805
1242.6172999978066,-0.28916324655717174
1242.787966664632,0.05133530205866381
1242.9586333314578,-0.2894971222153955
1243.1292999982834,0.05110184281529963
1243.2999666643143,-0.2898259184740172
1243.47063333114,0.050872279384529734
1243.6412999979655,-0.2901494644582556
1243.8119666647913,0.050647122642765344
1243.9826333316166,-0.29046735833331827
1244.1532999984424,0.05042649729942256
1244.3239566651978,-0.2907795539492346
1244.4946233320236,0.05021011382730818
1244.6652899980545,-0.29108659319133484
1244.83595666488,0.0499977180102437
1245.0066233317057,-0.29138829361568674
1245.1772899985313,0.04978956323136297
1245.3479566653568,-0.2916844502262967
1245.5186233321824,0.04958581273469243
1245.689289999008,-0.2919748804394369
1245.859956665039,0.04938682826837319
1246.0306233318647,-0.29225940949312856
1246.2012899986903,0.04919273944564296
1246.3719566655159,-0.2925381231869104
1246.5426233323415,0.04900344191729659
1246.713289997578,-0.2928110655840752
1246.8839566644033,0.04881882570087049
1247.0546233312289,-0.29307824843093283
1247.225266664823,0.048639026199747706
1247.3959333316486,-0.29333951983150464
1247.5665999984742,0.048464195531319434
1247.7372666652998,-0.293594758320702
1247.9079333313307,0.04829453952507034
1248.0785999981563,-0.2938435036730478
1248.2492666649819,0.048130369779378845
1248.4199333318074,-0.2940857603855192
1248.590599998633,0.04797146095941999
1248.7612666654586,-0.29432171643090155
1248.9319333322844,0.04781792883475251
1249.10259999911,-0.29455131495333214
1249.273266665141,0.04766984883453949
1249.4439333319665,-0.29477434376406664
1249.6145999987918,0.04752728940102778
1249.7852566655476,-0.2949908499674819
1249.9559233323732,0.047389864760908396
1250.1265899976092,-0.29520145574725254
1250.2972566644353,0.04725750483794935
1250.4679233312606,-0.29540560575649083
1250.6385899980864,0.04713059362697453
1250.8092566649118,-0.29560332052736005
1250.9799233317376,0.04700929673889011
1251.150589998563,-0.29579424530628795
1251.3212566645939,0.04689366284773834
1251.49192333142,-0.2959787355037374
1251.662589998245,0.04678361745345132
1251.8332566650708,-0.2961566970766039
1252.0039233318967,0.04667935038084007
1252.1745899979273,-0.29632806435495557
1252.3452566647532,0.04658068609177089
1252.5159133315087,-0.2964930054622579
1252.6865666651724,0.04648759987935794
1252.8572333319983,-0.2966513732771145
1253.0278999988236,0.046400308966220626
1253.1985666656497,-0.29680291457196595
1253.369233332475,0.04631906264304059
1253.5398999977112,-0.2969473717558688
1253.710566664537,0.046244099066761794
1253.8812333313624,-0.29708476155228997
1254.051899998188,0.0461752901154559
1254.2225666650136,-0.2972154692532956
1254.3932333310445,0.04611251050603603
1254.56389999787,-0.2973393236164425
1254.7345666646956,0.04605618225334634
1254.9052333315212,-0.2974553289485282
1255.075899998347,0.04600677938041934
1255.2465666651724,-0.29756336619232177
1255.4172233319282,0.045964473976729536
1255.587889997959,-0.29766344397041056
1255.7585566647847,0.04592923416060064
1255.9292233316103,-0.2977561090448215
1256.099889998436,0.045900523129029626
1256.2705566652617,-0.2978414930499761
1256.4412233320872,0.04587839367889876
1256.6118899989128,-0.29791950913130866
1256.7825566649437,0.0458634927333518
1256.953223331769,-0.29798912243828135
1257.123889998595,0.045856146960945414
1257.2945566654205,-0.2980505121808704
1257.4652233322463,0.04585617360101593
1257.6358899990719,-0.29810396235941067
1257.806556664308,0.04586342208087496
1257.9772133310637,-0.29815026328794253
1258.625733331839,0.04587714619943194
1258.7963999986648,-0.2981892405935833
1258.9670666646957,0.045897563085163524
1259.1377333315215,-0.298220914019541
1259.308399998347,0.04592473931533024
1259.4790666651727,-0.2982446452438773
1259.649733331998,0.04595928202683616
1259.8203999988239,-0.2982602078172024
1259.9910666656494,0.04600146756442264
1260.1617333316804,-0.29826733704508984
1260.332399998506,0.046051336124482437
1260.5030666653315,-0.29826649703334923
1260.6737333321573,0.046108733365290686
1260.844389998913,-0.2982576357274872
1261.0150566657385,0.0461732423689777
1261.1857233309745,-0.2982412192825441
1261.3563899978003,0.04624451800721191
1261.5270566646257,-0.2982176447301932
1261.6977233314515,0.04632245379146009
1261.868389998277,-0.29818720658088527
1262.0390566651026,0.04640642618787805
1262.2097233319284,-0.29815088903065234
1262.3803899979591,0.046495617063960916
1262.551056664785,-0.29810954335617984
1262.7217233316103,0.04658959154316236
1262.8923899984359,-0.29806357877553286
1263.0630566652615,0.046687858959608676
1263.2337233312924,-0.2980134290002381
1263.4043899981182,0.046790092420186495
1263.5750333317121,-0.2979595869986099
1263.7456999985375,0.046895802371652605
1263.9163666653635,-0.2979025704568507
1264.0870333321889,0.04700463949051239
1264.2576999990147,-0.2978426540946413
1264.4283666650454,0.04711637921727673
1264.5990333310763,-0.2977800287500236
1264.7696999979019,0.04723107310114152
1264.9403666647274,-0.29771444544639486
1265.1110333315532,0.04734889387977995
1265.2816999983786,-0.2976457383904046
1265.4523666644097,0.04746995933857038
1265.6230333312353,-0.29757354380454587
1265.7936999980607,0.04759472625982013
1265.9643666648865,-0.2974974059119719
1266.135033331712,0.04772337284973805
1266.3056899984676,-0.29741720598224747
1266.4763566652935,0.0478561098073746
1266.6470233313244,-0.2973328037003865
1266.81768999815,0.04799311100409195
1266.9883566649755,-0.29724398062421586
1267.159023331801,0.048134640585654836
1267.3296899986267,-0.2971503296296632
1267.5003566654523,0.04828104371841759
1267.671023332278,-0.29705158663901077
1267.841689998309,0.04843252720178407
1268.0123566651346,-0.29694742746741193
1268.1830233319602,0.048589471927112944
1268.3536899987855,-0.2968374214502814
1268.5243566656113,0.04875204558156074
1268.695023331642,-0.29672150429724564
1268.8656899976731,0.048920217207353296
1269.0363566644987,-0.29659960692515225
1269.2070233313243,0.04909417656132933
1269.37768999815,-0.2964715527345172
1269.5483333317438,0.04927404150302237
1269.7189999985694,-0.296337186829446
1269.889666665395,0.049459931465844556
1270.060333331426,-0.29619632134593266
1270.2309999982515,0.04965202515028788
1270.4016666650773,-0.29604899406952034
1270.5723333319029,0.0498504832893333
1270.7429999987285,-0.29589491172010995
1270.913666665554,0.05005543637524788
1271.0843333323796,-0.2957339743461773
1271.2549999984108,0.05026712013418215
1271.4256666652363,-0.29556600903583474
1271.596333332062,0.050485646492128056
1271.7669999988875,-0.295387842353838
1271.937666665713,0.050737667007450776
1272.108333330949,-0.295199632919102
1272.2789899977047,0.050999444892542635
1272.4496566645307,-0.2950013686021716
1272.6203233313558,0.05127097647758267
1272.7909899981819,-0.29479321087031046
1272.961656665007,0.05155210429396468
1273.132323331833,-0.2945752692990658
1273.3029899986584,0.0518429009344972
1273.4736566646893,-0.29434730058169395
1273.6443233315154,0.05214356882487869
1273.8149899983407,-0.29410936173261315
1273.9856566651663,0.05245400599023076
1274.1563233319919,-0.29386149485143687
1274.3269899980228,0.05277434864010296
1274.4976566648481,-0.2936034451781522
1274.668323331674,0.05310468566851433
1274.8389899984995,-0.29333526711909624
1275.009656665325,0.05344502175187152
1275.1803233321507,-0.29305695291644823
1275.3509899989765,0.05379536030916461
1275.521633330981,-0.29276844578775074
1275.6922999978065,0.05415574289544676
1275.8629666646325,-0.2924696777167142
1276.0336333314576,0.05452618162472575
1276.2042999982834,-0.2921607241926623
1276.3749666643141,0.05490668885144385
1276.54563333114,-0.2918415995757705
1276.7162999979655,0.05529728767985132
1276.886966664791,-0.29151228126717255
1277.0576333316167,0.05569795112171636
1277.2282999984423,-0.29117281505476117
1277.3989666652678,0.05610868425606017
1277.5696333320934,-0.29082304445410895
1277.7402999981243,0.05652960935611889
1277.91096666495,-0.290463019606398
1278.0816333317757,0.05696064950621237
1278.2522899985313,-0.2900927247827388
1278.422956665357,0.057401828013222474
1278.5936233321825,-0.2897121827801426
1278.7642899990083,0.05785315691636476
1278.934956665039,-0.2893213161189377
1279.1056233318645,0.05831467449684802
1279.2762899986903,-0.2889201051195131
1279.446956665516,0.05878645174569427
1279.6176233323415,-0.2885084163475028
1279.7882899975777,0.05926861262207209
1279.958956664403,-0.2880862617919574
1280.129623331229,0.05976109387133011
1280.3002899980543,-0.2876536130807139
1280.47095666488,0.06026406404590439
1280.6416233317057,-0.28721020701090677
1280.8122899985315,0.06077766967974135
1280.9829433314007,-0.2867560007232802
1281.1535999981563,0.06130194814992635
1281.3242666649817,-0.28629091424372977
1281.4949333318075,0.06183682395115696
1281.665599998633,-0.28581507510999304
1281.8362666654589,0.06238238540452053
1282.0069333322845,-0.2853283658623588
1282.17759999911,0.06293884092597272
1282.3482666651407,-0.28483041272401766
1282.5189333319663,0.06350643442608851
1282.689599998792,-0.2843210986722633
1282.8602666656175,0.06408518457155794
1283.0309333324433,-0.2838004219699086
1283.2015999976793,0.06467518530914323
1283.3722666645049,-0.28326819262135244
1283.5429333313307,0.06527649176376683
1283.713599998156,-0.28272441463766307
1284.0890566651026,0.06588925042029482
1284.3962566645941,-0.282168918650246
1284.5669233314195,0.06651352121108593
1284.7375899982453,-0.2816016239160792
1284.908256665071,0.06714933850374907
1285.0789233318965,-0.28102254030926616
1285.2495899979274,0.067796695731343
1285.420256664753,-0.28043158340568336
1285.5909233315786,0.06845564099462723
1285.7615899984041,-0.27982871274125315
1285.9322566652297,0.06912621755154659
1286.1029233320555,-0.2792138876000112
1286.2735899988809,0.06980836101095915
1286.4442566657067,-0.2785873493973578
1286.6149233317376,0.07050196849338125
1286.7855899985632,-0.2779491084337917
1286.9562466653188,0.07120714150322144
1287.126899998188,-0.27729873737218547
1287.2975666650136,0.0719242267836766
1287.4682333310445,-0.27663616286633685
1287.6388999978699,0.07265324822479258
1287.8095666646957,-0.27596119846051065
1287.9802333315215,0.07339427175517349
1288.150899998347,-0.27527380857251244
1288.3215666651727,0.07414748203689776
1288.4922333319982,-0.2745737945013539
1288.662899998029,0.07491293061524369
1288.8335666648547,-0.2738612369769843
1289.0042333316803,0.07569053047477722
1289.174899998506,-0.2731361173233355
1289.3455666653313,0.07648039753955846
1289.5162333321573,-0.27239841613620236
1289.6868999989829,0.07728248104962572
1289.8575666650136,-0.271648271021624
1290.0282333318394,0.07809675102096043
1290.1988999986647,-0.27088557055120505
1290.3695566654205,0.0789231845814855
1290.5402233322461,-0.2701103059919984
1290.710889999072,0.07976183601257235
1290.881556664308,-0.26932245533417193
1291.0522233311335,0.08061279227154394
1291.2228899979593,-0.2685217545190651
1291.3935566647847,0.0814762992350278
1291.5642233316103,-0.26770828957657783
1291.7348899984358,0.08235246921133425
1291.9055566652617,-0.2668817174985044
1292.0762233312923,0.08324129195473004
1292.2468899981181,-0.26604223559226325
1292.4175566649435,0.08414256456072049
1292.5882233317693,-0.26519008245803216
1292.758889998595,0.08505613941609082
1292.9295566646258,-0.26432542835283424
1293.1002233314514,0.08598193484006281
1293.270889998277,-0.26344828486302707
1293.4415566651026,0.08691999618232493
1293.6121999986967,-0.26255852801237717
1293.7828666655223,0.08787035125230418
1293.953533332348,-0.26165617183885964
1294.1241999983788,0.08883299689983427
1294.2948666644095,-0.26074116340671444
1294.4655333312353,0.08980799210108309
1294.636199998061,-0.2598135486104495
1294.8068666648865,0.09079533851133308
1294.9775333317123,-0.2588731888194207
1295.148199997743,0.09179522572337173
1295.3188666645685,-0.257919842272793
1295.4895333313943,0.09280782247177317
1295.66019999822,-0.25695355830994593
1295.8308666650455,0.09383320924863986
1296.001533331871,-0.2559739921026025
1296.1721999986967,0.09487140419362153
1296.3428566646576,-0.25498123609495715
1296.5135233314832,0.09592232345741564
1296.684189998309,-0.2539753142100854
1296.8548566651348,0.09698592859690498
1297.02552333196,-0.25295633653060084
1297.196189998786,0.0980621703422393
1297.3668566656113,-0.2519242190322043
1297.5375233316422,0.0991510280016079
1297.7081899984678,-0.25087925895102026
1297.8788566652934,0.10025241271932119
1298.049523332119,-0.24982154060017947
1298.2201899989445,0.1013660705788451
1298.3908566649757,-0.24875120064450293
1298.5615233310064,0.10249199427699764
1298.732189997832,-0.24766825007055188
1298.9028566646575,0.10363006040827456
1299.073523331483,-0.24657294860277967
1299.2441899983087,0.104779832795706
1299.4148566651345,-0.24546521585475314
1299.5854999987284,0.10594157361352025
1299.7561666647593,-0.2443451029272056
1299.926833331585,0.10711509898004733
1300.0974999984105,-0.2432125537367709
1300.268166665236,0.10830052435960309
1300.4388333320617,-0.24206767751155964
1300.6094999988873,0.10949767451947881
1300.7801666657128,-0.2409107057937412
1300.950833331744,0.11070638616655365
1301.1214999985696,-0.23974156705221308
1301.2921666653951,0.11192676578647251
1301.4628333322207,-0.23856032519853285
1301.6334999990463,0.11315862711273922
1301.8041666642825,-0.23736690230120677
1301.974833331108,0.11440204114753819
1302.1454999979337,-0.2361615969822492
1302.3161666647593,0.11565673452511879
1302.4868333315849,-0.2349445014881835
1302.6574999984107,0.11692277503347362
1302.8281666644416,-0.2337155251452219
1302.9988233319916,0.11820014896144523
1303.1694899980228,-0.23247469359455297
1303.3401566648486,0.11948890467255097
1303.510823331674,-0.23122184553165132
1303.6814899984997,0.12078899712527039
1303.852156665325,-0.22995711756789586
1304.022823331356,0.12210034092407833
1304.1934899981816,-0.22868065709683685
1304.3641566650074,0.12342281561369842
1304.5348233318327,-0.22739262842919433
1304.7054899986585,0.1247563351458822
1304.8761566654841,-0.2260930506671967
1305.0468233323097,0.12610067648762513
1305.2174899983409,-0.22478214471359706
1305.3881566651662,0.1274558462417351
1305.5588233319918,-0.2234599078210766
1305.7294899988176,0.1288219125024489
1305.9001566656432,-0.22212638938884346
1306.0708099977176,0.13019867092750279
1306.2414666644731,-0.2207817205349035
1306.4121333312987,0.13158619147716832
1306.5827999981243,-0.21942589290007486
1306.75346666495,0.13298442868823712
1306.9241333317757,-0.21805895001422398
1307.0947999986015,0.13439334045301
1307.2654666654269,-0.21668093437659727
1307.4361333314578,0.1358125280400834
1307.6067999982833,-0.2152920479288658
1307.777466665109,0.13724225437764861
1307.9481333319347,-0.21389212082408857
1308.1187999987603,0.13868248277373105
1308.289466665586,-0.21248115842892076
1308.4601333324113,0.1401331155021286
1308.6307999984424,-0.2110594342561809
1308.8014666652678,0.1415938828860909
1308.9721333320936,-0.2096270458657524
1309.1427999989191,0.1430648217015367
1309.3134566656747,-0.20818398651940356
1309.484123330911,0.1445457752711639
1309.6547899977365,-0.20673045155773023
1309.8254566645624,0.14603662952444205
1309.996123331388,-0.20526655546311953
1310.1667899982135,0.1475372306635121
1310.3374566650393,-0.20379262207321655
1310.5081233318647,0.14904734160882052
1310.6787899978958,-0.202308717949207
1310.849456664721,0.1505670089689385
1311.0201233315468,-0.2008152500969482
1311.1907899983723,0.15209580075633025
1311.3614566651981,-0.19931236820873013
1311.5321233320235,0.15363351321332383
1311.7027899980544,-0.19780051809102708
1311.87345666488,0.15517965212655715
1312.0441233317056,-0.19627996694215474
1312.2147899985312,0.1567340972032628
1312.3854566653567,-0.19475040419367118
1312.5561233321828,0.15829716987815237
1312.7267666657767,-0.19321178629971894
1312.897433331013,0.15986876997841548
1313.0680999978383,-0.19166420273561866
1313.238766664664,0.16144898617415418
1313.4094333314895,-0.19010761003547436
1313.5800999983153,0.163037758529684
1313.7507666643462,-0.1885419453578806
1313.9214333311718,0.16463505854432817
1314.0920999979974,-0.18696747503281774
1314.262766664823,0.16624061922305108
1314.4334333316485,-0.18538440096806943
1314.604099998474,0.1678542675682652
1314.7747666652997,-0.1837928050536896
1314.9454333313306,0.16947603976877482
1315.1160999981562,-0.18219258528322482
1315.2867666649818,0.17110594837190674
1315.4574233317376,-0.1805837572185469
1315.6280899985634,0.172743998276143
1315.7987566653887,-0.17896639970224887
1315.9694233322145,0.1743900185405298
1316.14008999904,-0.17734062036337353
1316.3107566650708,0.17604393120494394
1316.4814233318964,-0.17570630703207288
1316.652089998722,0.17770570923555
1316.8227566655478,-0.17406379564556074
1316.9934233323734,0.1793753061917632
1317.1640899976096,-0.1724129774100407
1317.334756664435,0.1810525173500738
1317.5054233312608,-0.17075454987246133
1317.6760899980861,0.18273681878601622
1317.846756664912,-0.16908843904651075
1318.0174233317375,0.18442853818813726
1318.188089998563,-0.16741432738864964
1318.358756664594,0.18612767873450242
1318.5294233314198,-0.1657323762110259
1318.7000899982454,0.18783388237409604
1318.870756665071,-0.16404282398162853
1319.0414233318963,0.1895467752955539
1319.2120666654905,-0.16234582890070678
1319.382733332316,0.19126638460523218
1319.5533999983468,-0.16064173914353744
1319.7240666651728,0.19299259685487452
1319.8947333319982,-0.15893071907213588
1320.065399998824,0.1947251461757676
1320.2360666656496,-0.15721307222413314
1320.4067333324751,0.19646362441782428
1320.5773999977112,-0.15548905963110551
1320.7480666645367,0.19820784223894994
1320.9187333313625,-0.153758880115828
1321.0893999981881,0.1999575535002849
1321.2600666650135,-0.15202288687402749
1321.4307333310444,0.20171252868072187
1321.6013999978702,-0.1502814144852345
1321.7720666646956,0.20347219879150744
1321.9427333315214,-0.1485349810085584
1322.1133999983467,0.20523603955666556
1322.2840666651725,-0.14678377234816709
1322.4547233319283,0.20700370583866975
1322.6253899979592,-0.14502856729231986
1322.7960566647848,0.20877438029893572
1322.9667233316104,-0.14327020157873627
1323.137389998436,0.2105470874514848
1323.3080566652616,-0.14150970208395577
1323.4787233320872,0.2123213594813058
1323.6493899989127,-0.13974724137956462
1323.8200566649436,0.21409655332540178
1323.9907233317695,-0.13798367282301977
1324.161389998595,0.21587183409112634
1324.3320566654206,-0.13621970745861908
1324.5027233322462,0.21764664230631486
1324.6733899990718,-0.13445599257826035
1324.844056664308,0.2194204628835611
1325.0147233311334,-0.13269305133984877
1325.1853899979592,0.22119293364495393
1325.3560566647848,-0.13093119588412078
1325.5267233316104,0.22296371271141938
1325.6973799983662,-0.1291708093036453
1325.86803333203,0.22473232761793258
1326.0386999980608,-0.1274124774950621
1326.2093666648864,0.22649830601955642
1326.3800333317122,-0.12565666847924953
1326.5506999985378,0.228261231927423
1326.7213666653631,-0.12390389556874085
1326.892033332189,0.23002054920604684
1327.0626999990147,-0.1221545779495177
1327.2333666650452,0.23177593473994887
1327.4040333318712,-0.12040909426941443
1327.5746999986966,0.2335269449309009
1327.7453666655224,-0.11866781875265534
1327.9160333323478,0.23527321910004773
1328.0866999983787,-0.11693117055249555
1328.2573666644096,0.23701430819835323
1328.4280333312352,-0.11519960690272639
1328.598699998061,0.23874985246784583
1328.7693666648863,-0.11347344969978722
1328.9400333317121,0.24047962250638188
1329.110689998468,-0.11175279540146395
1329.2813566652935,0.24220329633191368
1329.4520233313242,-0.11003809830396427
1329.6226899981498,0.24392041518912636
1329.7933566649754,-0.10832986047703495
1329.9640233318012,0.24563052611785358
1330.1346899986268,-0.10662846917682316
1330.3053566646577,0.24733311836340624
1330.4760233314832,-0.10493458824310636
1330.6466899983088,0.24902773045970336
1330.8173566651344,-0.1032483715039423
1330.98802333196,0.2507141189948477
1331.1586899987858,-0.10157025157768677
1331.3293566656116,0.25239177832991905
1331.5000233316423,-0.09990078481066762
1331.6706899984679,0.2540602240516053
1331.8413566652932,-0.09824041235817131
1332.012023332119,0.255719038151398
1332.1826899989446,-0.09658963137804101
1332.3533566649753,0.2573677441140237
1332.5240233310064,-0.09494879817588678
1332.694689997832,0.2590060448876618
1332.865333331426,-0.09331836782786712
1333.0359999982516,0.260633446346864
1333.2066666650771,-0.09169873940500951
1333.3773333319027,0.262249548718303
1333.5479999987283,-0.09009037847999095
1333.7186666647592,0.2638541883848903
1333.889333331585,-0.08849336217283676
1334.0599999984106,0.26544695633101906
1334.2306666652362,-0.08690824853449312
1334.4013333320618,0.2670272912998824
1334.5719999988873,-0.08533556906754937
1334.742666665713,0.2685947150207335
1334.913333331744,-0.0837755707682512
1335.0839999985697,0.2701489136642662
1335.2546666653952,-0.08222872703405427
1335.4253333322208,0.27168944786724425
1335.5959999990464,-0.08069552570373388
1335.7666666642824,0.27321584910504604
1335.9373333311082,-0.07917639209874332
1336.1079999979336,0.2747277868631947
1336.2786566646896,-0.07767159571031064
1336.4493233315147,0.27622497727407175
1336.6199899983408,-0.07618147127376161
1336.7906566651661,0.2777071438142177
1336.961323331992,-0.07470629802602435
1337.131989998023,0.2791739954308561
1337.3026566648484,-0.07324641942903644
1337.473323331674,0.28062524167681285
1337.6439899984996,-0.07180212232721044
1337.8146566653254,0.2820605827876613
1337.9853233313559,-0.07037367127480569
1338.1559899981817,0.2834797448978942
1338.3266566650072,-0.06896139307265588
1338.4973233318328,0.28488236648947335
1338.6679899986584,-0.06756559526875497
1338.8386566654842,0.2862682168367897
1339.0093233323096,-0.06618652170090551
1339.1799899983407,0.28763704193857365
1339.3506433312098,-0.06482441267064815
1339.5212999979653,0.2889886408314214
1339.6919666647912,-0.06347956304571138
1339.8626333316165,0.2903227512057493
1340.0332999976476,-0.0621522975552235
1340.2039666644732,0.29163906689005065
1340.3746333312988,-0.06084287251219674
1340.5452999981244,0.292937310173422
1340.71596666495,-0.059551591327630875
1340.8866333317756,0.2942171350105655
1341.0572999986011,-0.058278809861538466
1341.227966665427,0.2954781934806246
1341.3986333314576,-0.05702491398174884
1341.5692999982834,0.296720195387008
1341.739966665109,-0.055790146371255935
1341.978899998665,0.297942873714236
1342.2519666655858,-0.05457470573828764
1342.4226333324116,0.2991460750345853
1342.5932999984423,-0.053378842421853465
1342.763966665268,0.30032956577861275
1342.9346333320937,-0.05220278251833896
1343.1052999989192,0.3014931467760361
1343.2759566656748,-0.05104677627834412
1343.4466233309108,0.3026366093036402
1343.6172899977366,-0.04991104454601329
1343.787956664562,0.3037596416625362
1343.9586233313878,-0.048795874088055316
1344.1292899982134,0.3048620349304366
1344.2999566650392,-0.04770153183712125
1344.4706233318648,0.3059434921198582
1344.6412899978955,-0.04662834862696143
1344.8119566647213,0.307003651127508
1344.9826233315466,-0.045576647724385265
1345.1532899983727,0.30804222243939333
1345.3239566651978,-0.04454677302208815
1345.4946233320236,0.30905890566282007
1345.6652899980545,-0.043539036182346114
1345.83595666488,0.3100534345824847
1346.0066233317057,-0.04255372091383415
1346.1772899985313,0.3110257247543524
1346.3479566653568,-0.041590720581137997
1346.518609999021,0.3119757289331844
1346.6892666657766,-0.04065018481327336
1346.8599333310126,0.3129032414062539
1347.0305999978384,-0.03973231560186651
1347.2012666646638,0.313807981382899
1347.3719333314898,-0.03883744351136588
1347.5425999983152,0.31468974882885425
1347.713266664346,-0.03796566442365379
1347.8839333311716,0.3155484575041516
1348.0545999979972,-0.03711695170673183
1348.225266664823,0.31638415658054686
1348.3959333316486,-0.0362913575210091
1348.5665999984742,0.3171967472950852
1348.7372666652998,-0.03548893796235233
1348.9079333313307,0.317986148487797
1349.0785999981563,-0.03470978809606885
1349.2492666649819,0.3187522971388805
1349.4199333318074,-0.03395398674073064
1349.590599998633,0.31949512132788943
1349.7612666654586,-0.033221598127388834
1349.9319333322844,0.3202145531555436
1350.10259999911,-0.03251266124488057
1350.273256665071,0.3209105461074393
1350.4439233318965,-0.03182731653392412
1350.6145899987218,0.3215829665366285
1350.7852566655476,-0.031165660384145612
1350.9559233323732,0.32223175825870753
1351.1265899976092,-0.030527769036133717
1351.2972566644353,0.3228568147729291
1351.4679233312606,-0.02991369559904589
1351.6385899980864,0.3234580651449332
1351.8092566649118,-0.029323474505616596
1351.9799233317376,0.3240354886673418
1352.150589998563,-0.02875719744901974
1352.3212566645939,0.3245890384325555
1352.49192333142,-0.028214844939802267
1352.662589998245,0.3251186594980843
1352.8332566650708,-0.02769650675181789
1353.0039233318967,0.3256243147624936
1353.1745899979273,-0.027202263306097152
1353.3452566647532,0.32610594133371457
1353.5159233315785,-0.026732070233588888
1353.6865899984043,0.3265635633431868
1353.85725666523,-0.026285939673473296
1354.0279233320555,0.3269971573469539
1354.1985666656497,-0.0258639822630412
1354.369233332475,0.3274066879878219
1354.5398999977112,-0.02546618138456313
1354.710566664537,0.3277922341133082
1354.8812333313624,-0.025092372787714264
1355.051899998188,0.32815391212150946
1355.2225666650136,-0.024742500524593206
1355.3932333310445,0.3284916097206094
1355.56389999787,-0.024416763213563827
1355.7345666646956,0.3288052266740896
1355.9052333315212,-0.024115187158501757
1356.075899998347,0.32909469778834816
1356.2465666651724,-0.023837866701434597
1356.4172333319982,0.3293601906861298
1356.5878999980291,-0.02358438960515454
1356.7585666648547,0.3296019445711364
1356.9292333316803,-0.023354611915817437
1357.099899998506,0.329820046579574
1357.2705666653317,-0.023148519145519752
1357.4412333321573,0.3300144770830444
1357.6118999989826,-0.02296621781034298
1357.7825666650137,0.3301851960427431
1357.953223331769,-0.02280753472042805
1358.123889998595,0.3303324913893587
1358.2945566654205,-0.022672260098128342
1358.4652233322463,0.33045630228097056
1358.6358899990719,-0.022560671520238624
1358.806556664308,0.3305565645259596
1358.9772233311337,-0.02247279655852682
1359.147889997959,0.33063304547645384
1359.3185566647849,-0.022408695090372143
1359.4892233316102,0.3306857464954119
1359.659889998436,-0.022368390603635584
1359.8305566652616,0.33071459719044516
1360.0012233312925,-0.02235184052335191
1360.171889998118,0.33071982790657917
1360.3425566649437,-0.022358957083237863
1360.5132233317695,0.330701412226593
1360.6838899985949,-0.022389754825471307
1360.8545566646258,0.3306593898852606
1361.0252233314513,-0.022444124497577544
1361.195879998207,0.3305938298963664
1361.3665333318709,-0.02252196917501804
1361.5371999986967,0.33050485154959347
1361.707866665522,-0.022623250576224028
1361.878533332348,0.33039252479808695
1362.0491999983788,-0.022747909611774253
1362.2198666644097,0.3302570029410683
1362.3905333312352,-0.022895654127284306
1362.5611999980608,0.33009850477487035
1362.7318666648864,-0.023066348766205287
1362.902533331712,0.3299171748491532
1363.073199997743,-0.023259509185516326
1363.2438666645687,0.3297134196699483
1363.4145333313943,-0.023475060665967894
1363.5851999982199,0.3294872664663903
1363.7558666650452,-0.0237129358540654
1363.926533331871,0.3292388270271179
1364.0971999986966,-0.023972890705085303
1364.2678666647275,0.3289683135744525
1364.4385333315533,-0.024254772872239202
1364.6091999983787,0.32867573900189795
1364.7798666652045,-0.024558644743730675
1364.9505333320299,0.32836116656150655
1365.1211899987857,-0.024884712973679876
1365.2918566656112,0.3280240583573002
1365.4625233316422,-0.025233305010308203
1365.6331899984677,0.32766430437676125
1365.8038566652936,-0.025604330816236268
1365.9745233321191,0.327282253639646
1366.1451899989447,-0.025997347893760403
1366.3158566649756,0.3268783379653643
1366.4865233310065,-0.026411912757820243
1366.6571899978321,0.32645296963884946
1366.8278566646577,-0.026847760274963734
1366.998523331483,0.32600629571551126
1367.1691899983089,-0.02730465601755254
1367.3398566651344,0.32553855593552156
1367.51052333196,-0.027782323021066133
1367.681189997991,0.3250502125773954
1367.8518566648165,-0.028280237719702644
1368.0225233316419,0.324541488512107
1368.1931899984677,-0.028798456870921158
1368.3638566652933,0.3240122269998132
1368.5345233313244,-0.02933696265063087
1368.7051899981502,0.3234624684416411
1368.875833331744,-0.029895699308511364
1369.0464999985695,0.322892119358986
1369.2171666653953,-0.030475095568311922
1369.387833332221,0.32230113996175036
1369.5584999990463,-0.031074792647606115
1369.7291666642825,0.32168997313552977
1369.899833331108,-0.031694466269262506
1370.0704999979337,0.32105896560572283
1370.241166664759,-0.03233388679611684
1370.411833331585,0.3204082241656791
1370.5824999984104,-0.03299288084868684
1370.7531666644413,0.31973792257020417
1370.923833331267,-0.033671313684087135
1371.0944999980925,0.31904817748456876
1371.2651666649185,-0.03436905133725749
1371.4358333317439,0.31833902925725427
1371.6064999985697,-0.03508575437262952
1371.777166665395,0.31761098551936245
1371.947833331426,-0.03582118867976498
1372.1184999982515,0.3168641708223713
1372.2891666650771,-0.03657520435572653
1372.459833331903,0.316098790347648
1372.6304999987283,-0.03734786498958513
1372.8011566654839,0.3153147379834299
1372.9718233323097,-0.03813918498959798
1373.1424899983406,0.3145123105415931
1373.3131566651664,-0.03894851487344601
1373.4838233319917,0.31369190652983975
1373.6544899988176,-0.039775777617362264
1373.825156665643,0.3128535125395814
1373.9958233308794,-0.040621113720359515
1374.1664899977047,0.3119971709518769
1374.3371566645305,-0.04148416728513581
1374.5078233313561,0.31112300661109715
1374.6784899981817,-0.0423649164955069
1374.849156665007,0.31023127466233064
1375.0198233318329,-0.04326316319538113
1375.1904899986584,0.3093219668835143
1375.3611566646891,-0.044178732264619394
1375.5318233315152,0.30839518642551
1375.7024899983405,-0.04511169008494029
1375.8731566651663,0.3074507835712765
1376.0438233319917,-0.046061805659214645
1376.2144899980228,0.3064893399973666
1376.3851566648482,-0.04702885281978834
1376.5557999984424,0.3055109677252468
1376.7264666652682,-0.048012391225603586
1376.8971333320935,0.3045163276989328
1377.067799998919,-0.04901204160229168
1377.238466665745,0.3035056243898995
1377.4091333309811,-0.05002753005630874
1377.5797999978067,0.3024792095527208
1377.750466664632,-0.05105838695731897
1377.9211333314574,0.3014375776907107
1378.0917999982835,-0.0521040306990093
1378.2624666643144,0.30038122202423945
1378.4331333311397,-0.053164324022816435
1378.6037999979656,0.29931019148652693
1378.7744666647911,-0.05423903726420785
1378.945133331617,0.2982246376276695
1379.1157999984423,-0.055327912668528254
1379.286466665268,0.29712482190010514
1379.4571333320935,-0.05643103643270877
1379.6277999981244,0.29601069860419255
1379.7984666649502,-0.05754839121453492
1379.9691333317758,0.2948825740049829
1380.1397999986013,-0.05867966811090675
1380.310456665357,0.2937409226561016
1380.4811233321825,-0.059824204740317556
1380.651789999008,0.2925861861827643
1380.8224566650392,-0.060981057254682634
1380.9931233318646,0.2914192446425475
1381.1637899986902,-0.06214979615302645
1381.3344566655157,0.2902405691337818
1381.5051233323416,-0.06332981630203205
1381.6757899975778,0.2890501986372283
1381.8464566644034,-0.06452175687713602
1382.017123331229,0.2878481370252206
1382.1877899980548,-0.06572495577470115
1382.3584566648801,0.28663509456861347
1382.5291233317057,-0.06693853174177873
1382.6997899985313,0.285411981750958
1382.8704566645622,-0.06816208385151123
1383.041123331388,0.2841786265845588
1383.2117899982136,-0.06939537517408532
1383.3824566650387,0.28293567511195117
1383.5531233318648,-0.07063755523411527
1383.7237899986903,0.2816840879278421
1383.894456664721,-0.07188777697808374
1384.0651233315468,0.2804245080442766
1384.2357666651408,-0.07314551120812589
1384.4064333319664,0.27915731471581157
1384.5770999987922,-0.07441034079799101
1384.7477666656177,0.2778832100000846
1384.9184333324433,-0.07568133271378524
1385.0890999976793,0.27660280349012023
1385.259766664505,-0.07695800429878574
1385.4304333313307,0.2753166195319879
1385.601099998156,-0.07823965091902738
1385.771766664982,0.27402500100574384
1385.9424333310128,-0.07952617431448472
1386.1130999978384,0.27272811989831397
1386.283766664664,-0.08081694137168922
1386.4544333314896,0.2714269500945652
1386.6250999983151,-0.08211079781576924
1386.7957666651407,0.2701224103288382
1386.9664333319665,-0.083407315519954
1387.1370999979972,0.26881468480084936
1387.307766664823,-0.08470630212371348
1387.4784333316486,0.26750341731805527
1387.649099998474,-0.08600832481400376
1387.8197666652998,0.26618888879418007
1387.9904333321253,-0.08731324474013147
1388.1610999989512,0.2648710277725894
1388.3317666657763,-0.08862079808519115
1388.5024233317374,0.26355044214324413
1388.673089998563,-0.08993043927415363
1388.8437566653888,0.26222785804727217
1389.0144233322144,-0.0912411044490923
1389.18508999904,0.26090372751772095
1389.3557566642762,-0.092552846025112
1389.5264233311016,0.2595777904487093
1389.6970899979274,-0.09386511638930936
1389.867756664753,0.25825104856778147
1390.0384233315785,-0.09517729731013544
1390.2090899984044,0.25692408945425943
1390.3797566652297,-0.09648939573570056
1390.5504233312608,0.25559649730179573
1390.7210899980864,-0.09780181642626416
1390.8917566649118,0.2542686147255599
1391.0624233317376,-0.09911347184228368
1391.2330899985632,0.2529409667958384
1391.403756664594,-0.10042464813265606
1391.5744233314197,0.2516136439036571
1391.7450899982455,-0.10173445740079429
1391.9157566650708,0.2502875630855342
1392.0864233318964,-0.10304164446952506
1392.257089998722,0.24896363952035663
1392.427733332316,-0.10434560168197508
1392.5983999991417,0.24764254976280903
1392.769066664378,-0.10564597992928186
1392.9397333312036,0.24632336908487282
1393.110399998029,-0.10694319346014317
1393.2810666648547,0.2450072797707412
1393.4517333316803,-0.1082358159558953
1393.622399997711,0.24369581631796072
1393.7930666645368,-0.10952294062668408
1393.9637333313622,0.24238951976027553
1394.134399998188,-0.11080396942145986
1394.3050666650138,0.24108852916946136
1394.4757333318391,-0.1120787564017304
1394.646399998665,0.2397927774087288
1394.8170666646959,-0.1133469349122661
1394.9877333315212,0.2385030005764953
1395.1583999983468,-0.11460755938220003
1395.3290666651726,0.23721937650623737
1395.4997333319982,-0.11586083171829653
1395.6703999988235,0.23594208307220213
1395.8410666656496,-0.11710637031828498
1396.0117333316805,0.2346710687556909
1396.182389998436,-0.11834403807768039
1396.3530566652616,0.23340658237635506
1396.5237233320872,-0.11957371283954023
1396.6943899989128,0.23214952097600572
1396.8650566657384,-0.1207945668901731
1397.0357233309746,0.23090071596168352
1397.2063899978002,-0.1220063820662425
1397.3770566646258,0.2296599614239356
1397.5477233314516,-0.12320885798929573
1397.718389998277,0.2284275916884711
1397.8890566651025,-0.12440175552522242
1398.0597233319281,0.2272036233029571
1398.230389997959,-0.1255850980584016
1398.4010566647846,0.22598803962253736
1398.5717233316104,-0.12675888011330996
1398.7423899984358,0.22478086939175473
1398.9130566652616,-0.127922061625504
1399.0837233312925,0.22358334590166595
1399.254389998118,-0.12907393128577765
1399.4250566649437,0.22239603411180134
1399.5957233317692,-0.1302143184574691
1399.7663899985948,0.22121930346566712
1399.9370566654204,-0.13134263702167587
1400.1076999990146,0.2200534128228238
1400.2783666650453,-0.13246004117459742
1400.4490333310764,0.21889802579216386
1400.6196999979018,-0.13356618405235485
1400.7903666647276,0.21775346161359388
1400.9610333315534,-0.13466073998611613
1401.1316999983787,0.216619997779076
1401.3023666644096,-0.1357433604490722
1401.4730333312352,0.21549807836549617
1401.6436999980608,-0.13681367148934526
1401.8143666648864,0.214387736787621
1401.9850333317122,-0.1378714998315525
1402.1556999985378,0.21328883129992643
1402.3263666653634,-0.13891790142834506
1402.4970333313943,0.21219944583199926
1402.6676999982196,-0.13995562902343078
1402.8383666650454,0.21111800992988727
1403.0090333318713,-0.14098519278898625
1403.1796999986966,0.21004399366015655
1403.3503666655222,-0.14200741278314022
1403.5210333323478,0.2089768076940282
1403.6916999983787,-0.14302280847638413
1403.8623666652043,0.20791661974379538
1404.03303333203,-0.14403110155231663
1404.2036999988554,0.2068639850036259
1404.3743666656815,-0.1450318338383377
1404.545023331642,0.20581923093310375
1404.715689997673,-0.1460248698248227
1404.8863566644986,0.20478215766663768
1405.0570233313242,-0.14701058280907336
1405.2276899981498,0.2037528262273917
1405.3983566649754,-0.147988419238852
1405.569023331801,0.20273138036129718
1405.7396899986268,-0.14895882945667493
1405.9103566646577,0.20171753457000205
1406.0810233314833,-0.14992150606200527
1406.2516899983088,0.2007119439908011
1406.4223566651344,-0.15087643277866716
1406.59302333196,0.19971487005942454
1406.7636899979912,-0.1518231554587662
1406.9343566648163,0.19872623058824318
1407.1050233316423,-0.15276111810647805
1407.275689998468,0.1977466864895279
1407.4463566652935,-0.153690776716342
1407.6170233321188,0.19677507089278817
1407.7876899989446,-0.15461324068808543
1407.9583566649756,0.1958107728859011
1408.1290099978446,-0.15552848534985897
1408.2996666646002,0.19485386461367574
1408.470333331426,-0.1564368834693638
1408.6409999982516,0.19390465218682362
1408.8116666650772,-0.15733704569565074
1408.9823333311083,0.1929648836914035
1409.1529999979336,-0.15822864361525135
1409.3236666647595,0.19203492700187372
1409.494333331585,-0.15911095869329706
1409.6649999984106,0.19111475594303465
1409.835666665236,-0.159983866426766
1410.0063333320618,0.19020474939557097
1410.1769999980925,-0.1608467590322122
1410.3476666649183,0.18930609071913482
1410.5183333317439,-0.161698426839681
1410.6889999985694,0.18841906626521487
1410.859666665395,-0.16253889258771995
1411.0303333322206,0.1875438745176358
1411.2009999990464,-0.1633680503189328
1411.3716666650773,0.18668073281041794
1411.5423333319031,-0.16418554034299507
1411.7129999987285,0.18582984288096133
1411.883666665554,-0.16499090154371698
1412.0543333323799,0.18499124950823348
1412.2249899975457,-0.16578431173676575
1412.3956566643715,0.18416424289054317
1412.566323331197,-0.16656562521187776
1412.7369899980226,0.1833506181953393
1412.9076566648482,-0.16733380990590915
1413.0783233316738,0.182550112641262
1413.2489899984998,-0.16808967430954794
1413.419656665325,0.18176207688902077
1413.590323331356,-0.16883395105168836
1413.7609899981815,0.18098638104404352
1413.9316566650073,-0.16956587578154342
1414.102323331833,0.18022374300422128
1414.2729899986584,-0.17028533438902033
1414.4436566646896,0.17947437737555633
1414.6143233315152,-0.17099180808781028
1414.7849899983405,0.17873904024912218
1414.955656665166,-0.17168422267086442
1415.126323331992,0.17801774461982464
1415.2969899988175,-0.1723625250900019
1415.467656665643,0.17731078392488808
1415.638323331674,-0.17302708846558698
1415.8089899984996,0.17661775633307716
1415.9796566653251,-0.17367809681012963
1416.150323332151,0.17593915925863143
1416.3209899989763,-0.17431453663532936
1416.491633330981,0.17527559724971598
1416.6622999978067,-0.17493622277887808
1416.832966664632,0.17462789973801912
1417.0036333314579,-0.17554176124134216
1417.1742999982832,0.17399700316412697
1417.344966665109,-0.17613122824176664
1417.5156333319349,0.17338263663495396
1417.6862999987602,-0.1767042810079944
1417.8569666647911,0.1727852516636346
1418.0276333316167,-0.1772606006675291
1418.1982999984423,0.17220533664770427
1418.3689666652679,-0.17779972189379706
1418.5396333320937,0.17164321160637894
1418.710299998919,-0.1783219739456598
1418.8809666657448,0.17109790932254906
1419.0516333317757,-0.17882849144413027
1419.2222999986013,0.1705695176122581
1419.392966665427,-0.17931854475176476
1419.5636333322527,0.1700588285736847
1419.734299999078,-0.1797918869855559
1419.9049666643143,0.16956603316563146
1420.0756333311397,-0.18024814251974786
1420.2462899978957,0.16909119166871642
1420.4169566647213,-0.18068695291756617
1420.5876233315469,0.16863394658014685
1420.7582899983722,-0.1811099998930307
1420.928956665198,0.16819392854443557
1421.099623331229,-0.18151507979276213
1421.2702899980545,0.16777210075600693
1421.44095666488,-0.18190305678916013
1421.6116233317057,0.16736839187363714
1421.7822899985317,-0.18227346414800127
1421.9529566653569,0.16698280577223026
1422.123623331388,-0.18262590446490007
1422.2942899982133,0.16661765464938766
1422.4649566650392,-0.18295901296144154
1422.6356233318647,0.16627320391884723
1422.8062899986903,-0.1832716255890279
1422.976956665516,0.16594900218537442
1423.1476233323415,-0.18356596494105631
1423.3182899983722,0.1656434570575264
1423.488956665198,-0.18384135499638782
1423.6596233320238,0.1653600456428058
1423.8302899988491,-0.18409540383840517
1424.0009566656747,0.16510048427380053
1424.1715999976793,-0.18432711596831977
1424.3422666645051,0.16486563344031097
1424.5129333313305,-0.18453581487967977
1424.6835999981563,0.1646547812054785
1424.8542666649819,-0.18472264156079504
1425.0249333318075,0.16446634880248379
1425.195599998633,-0.18488769699634247
1425.366266664664,0.1643007034611476
1425.5369333314898,-0.18503002544608949
1425.707599998315,0.16416127778511574
1425.878266665141,-0.185146195149061
1426.0489333319665,0.1640504423237846
1426.219599998792,-0.18523626928051834
1426.3902666656177,0.16396664857852628
1426.5609333324433,-0.18530102012291425
1426.7315999984742,0.16390839080231823
1426.9022666652997,-0.18534281113549128
1427.0729333321253,0.1638745050556444
1427.243599998951,-0.18536131751683912
1427.4142666657767,0.1638654612406111
1427.584933331013,-0.18535594154522123
1427.7555999978383,0.16388307703313942
1427.926266664664,-0.18532814704365735
1428.0969333314895,0.16392876111854537
1428.2675999983153,-0.1852725653135901
1428.4382566650706,0.16400747202463756
1428.6089233318964,-0.18518412692465297
1428.7795899979274,0.16412059784392716
1428.950256664753,-0.18506345999084167
1429.1209233315788,0.16426775977678798
1429.291589998404,-0.1849110424315634
1429.4622566652297,0.16444994183293907
1429.6329233312606,-0.1847258436413083
1429.8035899980864,0.1646673170357217
1429.9742566649118,-0.18450937711420548
1430.1449233317376,0.16491869412211402
1430.3155899985634,-0.18426263228475526
1430.4862566653887,0.16520257655687431
1430.6569233322145,-0.1839865555151721
1430.82758999904,0.16551312658312825
1430.9982566650708,-0.1836862103315507
1431.1689233318964,0.16584691812365637
1431.339589998722,-0.18336292106012095
1431.5102566655476,0.16620228563578152
1431.6809233323734,-0.18301973877820987
1431.8515899976096,0.1665763075616454
1432.0222566644352,-0.18265705839372612
1432.1929133311908,0.16696619113312283
1432.3635666648547,-0.18228057806067993
1432.53423333168,0.16736206498383013
1432.7048999985059,-0.18189962651649083
1432.8755666653315,0.16775881698711442
1433.0462333313621,-0.18151636611936073
1433.2168999981882,0.16815679981703446
1433.3875666650138,-0.18112586846570078
1433.5582333318393,0.16855815379395023
1433.728899998665,-0.18073365460232893
1433.8995666654905,0.16895866715857075
1434.070233332316,-0.18033690668625807
1434.2408999983468,0.1693654849015996
1434.4115666651726,-0.17993090923787264
1434.5822333319982,0.16977914444717326
1434.752899998824,-0.17952131108915997
1434.9235666656496,0.17019320278816374
1435.094233332475,-0.17910818891849373
1435.2648999977112,0.17060618688635437
1435.4355666645367,-0.17869242792082135
1435.6062333313625,0.171020957745533
1435.7768999981881,-0.17826879431017054
1435.9475666650135,0.17144014964206025
1436.1182333310444,-0.1778371104348605
1436.2888999978702,0.17186477281192356
1436.4595666646956,-0.17739541314360557
1436.6302233314514,0.17230031017989364
1436.8008899982772,-0.1769434771023222
1436.9715566651025,0.17274390638440526
1437.1422233319283,-0.17648965067031894
1437.312889997959,0.17318917042953783
1437.4835566647848,-0.1760393003211851
1437.6542233316104,0.17363702083493934
1437.824889998436,-0.1755946535653553
1437.9955566652616,0.17408570447445745
1438.1662233320872,-0.1751557920719613
1438.3368899989127,0.17453133336450072
1438.5075566649436,-0.17473786762957005
1438.6782233317695,0.1749690145704212
1438.848889998595,-0.17434071314213864
1439.0195566654206,0.17540413803654367
1439.1902233322462,-0.1739715159147382
1439.3608899990718,0.17584242340890055
1439.531556664308,-0.17369987492349048
1439.7022233311334,0.17628671253661193
1439.8728899979592,-0.17406732541795783
