Time (minutes),Amplitude
0.04012333154678345,0.022622924933073885
0.21078999837239581,0.021857861527307704
0.3814566651980082,0.022052016177486134
0.5521233320236206,0.02176796330084033
0.722789998849233,0.02185880427421195
0.8934566656748453,0.021666785120935516
1.0641233317057293,0.021715943458069004
1.2347899985313417,0.021567717823280652
1.405456665356954,0.021594419112451267
1.5761233321825663,0.021464280805580885
1.746789999008179,0.021470661644448056
1.9174566642443338,0.021350413345813862
2.0881233310699465,0.021342340254178756
2.258789997895559,0.021225938530194575
2.429456664721171,0.021205059557808062
2.6001233315467838,0.021093993719751004
2.770789998372396,0.02106503874935413
2.9414566651980083,0.020956868634598842
3.112099997997284,0.020920415963955767
3.282766664822897,0.020813294125965814
3.453433331648509,0.020770638719719257
3.6240999984741213,0.020666443194245224
3.7947666652997336,0.020620532732247253
3.965433332125346,0.02051953678021589
4.136099998950959,0.020471209880751854
4.30676666577657,0.020372584402164166
4.477433331807454,0.020321674111794426
4.648099998633066,0.02022385585867198
4.818766665458679,0.020169330103006537
4.989433332284292,0.02007099879952928
5.160099999109904,0.020011541899732206
5.33076666434606,0.019910459464626724
5.501433331171671,0.019844725438388347
5.672099997997284,0.01974019605859361
5.842766664822896,0.01966768857547476
6.013433331648509,0.019557903994322487
6.184099997679392,0.019477250991270408
6.3547666645050045,0.01936065843880017
6.525433331330618,0.019270609010973744
6.69609999815623,0.019146639126991185
6.8667566649119065,0.019047593734351945
7.037423331737519,0.018916811949490468
7.208089998563132,0.01880976852415976
7.378756664594015,0.018673494188575692
7.549423331419627,0.018559908723421344
7.720089998245238,0.01841920967926868
7.890756665070851,0.018300777771050856
8.061423331896464,0.018158389626050837
8.232089998722076,0.01803780542244259
8.402756665547688,0.017894887947339864
8.5734233323733,0.017772407894398552
8.744089998404185,0.01762892992476152
8.914756665229797,0.017504583705125424
9.08542333205541,0.017360562113765306
9.256089998881022,0.017235387936431774
9.426756665706634,0.017092637589950364
9.597423330942789,0.016968069849149666
9.768089997768403,0.016827096623782324
9.938756664594015,0.01670356425880209
10.109423331419627,0.016564716231654782
10.28008999824524,0.0164424740567782
10.450756665070852,0.016305721821070894
10.621413331826528,0.016184476871262992
10.792066664695739,0.016049323828595943
10.962733331521353,0.01592914505759883
11.133399998346965,0.015796164965238214
11.304066665172575,0.015677659085490358
11.474733331998188,0.01554745906913246
11.645399998823802,0.015431028513490418
11.816066665649414,0.015303646417381845
11.986733331680298,0.01518955684627778
12.157399998505912,0.015065358326031335
12.328066665331523,0.014953801983560267
12.498733332157135,0.01483237370815761
12.669399998982747,0.01472272099981757
12.84006666580836,0.014603332368451183
13.010733331044516,0.014494903031067465
13.181399997870127,0.014376951300542843
13.35206666469574,0.014269029162325926
13.522733331521351,0.014152020488897443
13.693399998346965,0.014044542370341128
13.864066664377848,0.013928228442242068
14.03473333120346,0.01382063508087293
14.20539999802907,0.013704329858088726
14.376066664854685,0.013596130339661698
14.546723331610362,0.013479707237899348
14.717389998435973,0.01337094080600571
14.888056665261587,0.013254303271848261
15.05872333129247,0.013144657552090178
15.229389998118084,0.013026974699049917
15.400056664943696,0.012915155824131315
15.570723331769306,0.012795170955751532
15.74138999859492,0.012680342965054148
15.912056665420533,0.012557041136013948
16.082723332246143,0.012438268695139393
16.25338999827703,0.012311287111433594
16.42405666510264,0.012188433752799696
16.594723331928254,0.012057787873500462
16.765389998753864,0.011931056155617192
16.93605666557948,0.011797324490175969
17.10672333240509,0.01166716214943247
17.277389997641247,0.011530093594961328
17.448056664466858,0.011396041947406246
17.61872333129247,0.011255319868985916
17.78938999811808,0.011117174773644267
17.960056664943696,0.010972262502333264
18.130723331769307,0.010829207280895608
18.301379998524983,0.010679094177846427
18.472033331394197,0.010530437900162781
18.642699998219808,0.010374912997624261
18.81336666504542,0.01022036697290856
18.984033331871032,0.01005918755697069
19.154699998696646,0.009898759600082751
19.325366665522257,0.00973212874392959
19.496033332347867,0.009566088911690843
19.666699998378753,0.009393882200776405
19.837366665204367,0.009221876926675792
20.008033332029978,0.00904412149855935
20.17869999885559,0.008866413524397229
20.349366665681202,0.008683564021060738
20.52003333171209,0.00850048087568595
20.69069999774297,0.008312245956945827
20.861366664568582,0.008123644786549058
21.032033331394196,0.007930049918698227
21.202699998219806,0.007735706457217779
21.37336666504542,0.007536443601969042
21.544033331076303,0.007336142123724836
21.714699997901917,0.00713101307474031
21.88536666472753,0.006924690998335562
22.05603333155314,0.00671390045261201
22.226689998308817,0.0065017419899614
22.39735666513443,0.0062852792635229564
22.568023331960042,0.006067163775994601
22.738689997990924,0.005845110925852041
22.90935666481654,0.005621445669282947
23.080023331642153,0.005393835489670509
23.250689998467763,0.005164151066579816
23.421356665293374,0.004930582601606577
23.592023332118988,0.004694615177282469
23.762689998944598,0.004454804784616366
23.93335666497548,0.004212319275801938
24.104023331801095,0.003966051544455993
24.274689998626712,0.0037167552127572593
24.445356665452323,0.003463696161115485
24.616023332277933,0.003207532670786178
24.78668999830882,0.0029480434513093896
24.957356664339702,0.002685353746794671
25.128023331165316,0.0024194343144524548
25.298689997990927,0.002150141109047852
25.469356664816537,0.0018778101178290193
25.640023331642148,0.0016019734660050154
25.810689998467762,0.001323136815033565
25.98133333206177,0.0010404975762463601
26.151999998092652,0.000754922230567384
26.322666664918263,0.00046545556565174336
26.493333331743877,0.00017330606063141357
26.663999998569487,-0.00012286715382325166
26.834666665395098,-0.00042160242099922906
27.005333332220715,-0.0007243727650327724
27.175999999046326,-0.0010294819262029584
27.34666666507721,-0.0013387053557535262
27.51733333190282,-0.0016500445675629082
27.687999998728436,-0.001965501280213143
27.858666665554047,-0.002282711725954609
28.029333332379657,-0.0026041011623426347
28.199999997615812,-0.0029269969842027326
28.370666664441426,-0.0032539760872665616
28.541333331267037,-0.0035820414901753536
28.711999998092654,-0.003914180616895819
28.882666664918265,-0.004247184672217171
29.05333333174388,-0.0045842257704589
29.223999997774758,-0.004921855228554227
29.394666664600372,-0.005263508919293351
29.565333331425983,-0.005605661372483628
29.7359999982516,-0.005951972245700868
29.906656665007272,-0.006298678173931155
30.077323331832883,-0.006649514411605572
30.2479899986585,-0.007000498928249003
30.418656664689383,-0.0073556867219235
30.589323331514993,-0.007710928318952368
30.759989998340604,-0.008070310333588014
30.930656665166218,-0.00842934235432781
31.10132333199183,-0.008792494428055738
31.271989998817446,-0.009155313896931023
31.442656665643057,-0.009522446029656162
31.61332333167394,-0.009889076623073282
31.783989998499557,-0.010259989857740426
31.954656665325167,-0.010630262346195563
32.12532333215078,-0.011004795749827354
32.295989998976395,-0.011378334347538951
32.46665666421255,-0.011756124937516628
32.63732333103816,-0.012132652222397134
32.80798999786377,-0.012513370673743633
32.97865666468938,-0.012892575864773471
33.14932333151499,-0.013275823751469091
33.3199899983406,-0.01365705863793265
33.49065666516621,-0.014042141573830887
33.66129999876022,-0.014424896209237934
33.8319666647911,-0.014811357139149616
34.00263333161672,-0.015195168311278616
34.17329999844234,-0.015582590785313225
34.34396666526794,-0.015966913064965678
34.51463333209356,-0.016354672243281142
34.68529999891917,-0.016738972715433547
34.85596666574479,-0.017126551866382952
35.02663333177567,-0.017510247319026527
35.19729999860128,-0.017897046223544995
35.36796666542689,-0.018279651854005867
35.5386333322525,-0.01866529799148343
35.70929999907811,-0.019046509774515007
35.87996666431427,-0.019430715724788203
36.05063333113988,-0.019810240052288295
36.22129999796549,-0.02019268940918045
36.391966664791106,-0.020570306366213834
36.56263333161672,-0.020950887298720636
36.7332999976476,-0.021326456851998313
36.90396666447322,-0.021704923133731232
37.074633331298834,-0.02207801714504657
37.24529999812444,-0.02245385465790946
37.41595666488011,-0.022824000654073164
37.586623331705724,-0.0231967061494902
37.75728999853134,-0.023563309064425497
37.92795666535695,-0.023932372897858586
38.09862333138784,-0.024295052992361923
38.26928999821345,-0.024660015824098342
38.43995666503906,-0.02501825219598977
38.61062333186467,-0.025378631082130305
38.78128999869028,-0.025731993700455025
38.9519566655159,-0.02608742844372149
39.12262333234152,-0.026435583369328903
39.293289998372394,-0.026785720642558724
39.46395666519801,-0.027128357983555507
39.63462333202362,-0.027472888303448836
39.80528999884923,-0.027809743505437204
39.97595666567484,-0.028148494002085234
40.146623330911,-0.02847935009711019
40.31728999773661,-0.02881202887735135
40.48795666456222,-0.02913665769284123
40.65862333138784,-0.029463043824010555
40.82928999821345,-0.02978119017362551
40.999956665039065,-0.03010107346089636
41.170623331864675,-0.030412566983927636
41.34126666466395,-0.03072574934531576
41.511933331489566,-0.031030341973487693
41.682599998315176,-0.03133657474428357
41.853266665140794,-0.03163401385506434
42.0239333319664,-0.03193299357512991
42.194599998792015,-0.03222297547050842
42.365266665617625,-0.0325144650867821
42.53593333244324,-0.0327968205667015
42.706599998474125,-0.0330806317223263
42.877266665299736,-0.03335514891956252
43.047933332125346,-0.033631072433421956
43.218599998950964,-0.03389752696757466
43.389266665776574,-0.03416531849286881
43.55993333101273,-0.03442343783519242
43.73059999783834,-0.03468281111757658
43.90126666466395,-0.034932314329743364
44.07193333148956,-0.03518292493659727
44.24259999831518,-0.035423401896843135
44.41326666434607,-0.03566492622796983
44.58392333189646,-0.03589609628001327
44.75458999792735,-0.036128206913417074
44.92525666475296,-0.03634976650958703
45.09592333157857,-0.036572134335636546
45.26658999840418,-0.036783717423874575
45.4372566652298,-0.036996041200839096
45.607923331260686,-0.03719734469646636
45.7785899980863,-0.03739926751640966
45.94925666491191,-0.03758998211296287
46.119923331737525,-0.03778120874483526
46.290589998563135,-0.037961025103523005
46.461256665388746,-0.03814130177854563
46.631923332214356,-0.038309993151759515
46.80258999903997,-0.03847898837753513
46.97325666507085,-0.03863612620182255
47.14392333189646,-0.03879343672983083
47.31458999872208,-0.03893863620535712
47.48525666554768,-0.03908386949764899
47.6559233323733,-0.03921673733461496
47.82658999760945,-0.03934956205994733
47.99725666443507,-0.039469821470673676
48.16792333126068,-0.03958990400864717
48.33857999801636,-0.03969720193709571
48.5092333316803,-0.03980420699884584
48.67989999850591,-0.039898235902471095
48.85056666533153,-0.039991878228931126
49.02123333136241,-0.04007232854940087
49.19189999818802,-0.04015230659171645
49.36256666501363,-0.040218893472736196
49.53323333183924,-0.04028493797083692
49.70389999866485,-0.040337442532496964
49.87456666549046,-0.04038931548547956
50.04523333231608,-0.040427405402617925
50.21589999834697,-0.04046481219691756
50.38656666517258,-0.040488305225057995
50.55723333199819,-0.040511000651847054
50.7278999988238,-0.04051956717971767
50.89856666564942,-0.04052727417727797
51.06923333247503,-0.040520710596002506
51.23989999771119,-0.04051321527754563
51.410566664536795,-0.04049127830839473
51.58123333136241,-0.040468350862845746
51.75189999818802,-0.04043093386563629
51.92256666501363,-0.04039259394594267
52.093233331044516,-0.040339723147901796
52.26388999859491,-0.040285951490600935
52.4345566646258,-0.040217639760669825
52.60522333145142,-0.04014843695678037
52.77588999827704,-0.04006457258359945
52.94655666510264,-0.03997984139197724
53.11722333192826,-0.0398804413070533
53.287889997959134,-0.039780225841495126
53.45855666478475,-0.03966529629706532
53.62922333161036,-0.03954961519667427
53.79988999843598,-0.039419246715380024
53.97055666526158,-0.03928813371312878
54.1412233320872,-0.03914229501793706
54.31188999891282,-0.03899577490648965
54.482556664943694,-0.0388345652020909
54.65322333176931,-0.03867275590813344
54.823889998594915,-0.03849624732061258
54.99455666542053,-0.03831924704224514
55.16522333224615,-0.038127596778770624
55.33588999907175,-0.03793556415638657
55.506556664307915,-0.03772896693267343
55.67722333113353,-0.03752214524602058
55.847889997959136,-0.037300857639335376
56.01854666471481,-0.03707947263597911
56.18919999837876,-0.03684368439031545
56.359866665204365,-0.03660791194881797
56.530533332029975,-0.03635783057704355
56.70119999806086,-0.03610791498801085
56.871866664886475,-0.03584380462952257
57.04253333171209,-0.035579942019027075
57.213199998537696,-0.035301888326308796
57.383866665363314,-0.035024297565356105
57.55453333218893,-0.034732598064961734
57.725199999014535,-0.03444145250704199
57.895866665045425,-0.034136260621164954
58.06653333187103,-0.033831728877221925
58.237199998696646,-0.0335131561036097
58.40786666552225,-0.0331953613149274
58.57853333234787,-0.032863674499061066
58.74919999837876,-0.032532916940021354
58.91986666440963,-0.03218830279621119
59.09053333123525,-0.03184477431354143
59.26119999806085,-0.03148752519718301
59.43185666481654,-0.031131555834870747
59.60252333164216,-0.030762033960881487
59.773189998467764,-0.03039396728315777
59.94385666529338,-0.030012442793141258
60.11452333132426,-0.029632578678558955
60.285189998149875,-0.02923942638326975
60.455856664975485,-0.028848130832334347
60.626523331801096,-0.02844371531287709
60.797189998626706,-0.028041373036995262
60.96785666465759,-0.027626045033205555
61.1385233314832,-0.027213050866520667
61.30918999830882,-0.026787315232416464
61.47985666513442,-0.026364167839952952
61.65052333196004,-0.02592836396992324
61.821189998785655,-0.025495323393387857
61.99185666561127,-0.025049791664783976
62.16252333164216,-0.024607265865404227
62.333189998467766,-0.024152498139591565
62.503856665293384,-0.023700988654537503
62.67452333211899,-0.023237415965271242
62.845189998944605,-0.02277731113649354
63.01584333181381,-0.02230537184428132
63.18649999777476,-0.021837228645806606
63.35716666460037,-0.021357513497957996
63.52783333142598,-0.020881889478784388
63.69849999825159,-0.020394968574263782
63.869166665077216,-0.019912442563057107
64.03983333190281,-0.01941889084188863
64.21049999872844,-0.018930000530661385
64.38116666475932,-0.01843020022779346
64.55183333158493,-0.017935226918474274
64.72249999841054,-0.01742951052633485
64.89316666523615,-0.016928854798558265
65.06383333206176,-0.016417653549489514
65.23449999888737,-0.015911823605516146
65.40516666571298,-0.015395677688411285
65.57583333174388,-0.01488513066600047
65.74649999856949,-0.01436445215868056
65.9171666653951,-0.013849657826261578
66.08783333222071,-0.013324941643500378
66.25849999904632,-0.012806336511280794
66.42916666428248,-0.012278007011437718
66.59983333110809,-0.011756039692895431
66.77049999793371,-0.011224467042625298
66.94116666475932,-0.010699481891524797
67.111823331515,-0.01016508501674546
67.28248999834061,-0.00963753306819414
67.45315666516622,-0.009100775789004515
67.62382333199182,-0.008571149153412573
67.79448999802273,-0.008032548372125336
67.96515666484834,-0.007501343816403053
68.13582333167395,-0.0069612462395509675
68.30648999849956,-0.0064286615777915295
68.47715666532517,-0.005887341603481287
68.64782333135605,-0.0053537721230510205
68.81848999818166,-0.00481160755217023
68.98915666500729,-0.004277468929041845
69.15982333183288,-0.0037349459234588427
69.3304899986585,-0.0032006911056973383
69.5011566654841,-0.0026582900487770356
69.67182333230973,-0.0021244917264740784
69.84248999834062,-0.0015828239735155548
70.01315666516622,-0.0010500246412892497
70.18380999803544,-0.0005096279371666178
70.3544666647911,2.1535746735951278e-05
70.52513333161671,0.0005600096792539106
70.6957999976476,0.0010889360904686584
70.86646666447321,0.0016248796465444355
71.03713333129882,0.0021509380651576976
71.20779999812444,0.0026837205078400223
71.37846666495005,0.003206298472620157
71.54913333177566,0.00373538091882054
71.71979999860129,0.004253971082978713
71.89046666542689,0.004778884428277824
72.06113333145778,0.005293058903722233
72.23179999828338,0.005813356501884717
72.402466665109,0.006322615757837505
72.57313333193461,0.006837760954454834
72.74379999876024,0.0073415911572582695
72.91446666558583,0.007851048903858435
73.08513333241144,0.008348937140621819
73.25579999844233,0.008852235899506154
73.42646666526794,0.009343657629594299
73.59713333209355,0.009840249040878624
73.76779999891917,0.010324696869151462
73.93845666567483,0.010814150474849635
74.10912333091099,0.011291230553969621
74.27978999773661,0.01177307336620782
74.45045666456222,0.012242293606506452
74.62112333138785,0.01271611201209177
74.79178999821345,0.013177074703461187
74.96245666503907,0.013642444696397377
75.13312333186467,0.014094718839530946
75.30378999789556,0.014551259658556658
75.47445666472116,0.014994474764854368
75.64512333154678,0.015441745257791833
75.8157899983724,0.015875452160371843
75.986456665198,0.01631307069315582
76.15712333202362,0.016736926160580614
76.3277899980545,0.017164627338080423
76.49845666488011,0.017578389321563276
76.66912333170572,0.017995855909220232
76.83978999853133,0.018399200639695513
77.01045666535694,0.01880610257555609
77.18112333218258,0.019198705808987977
77.35176666577658,0.019594857855209178
77.52243333101273,0.019976649738633785
77.69309999783835,0.020362104941517658
77.86376666466394,0.020733278139801796
78.03443333148957,0.02110839416760978
78.20509999831518,0.021469333332550206
78.37576666434606,0.02183452736590377
78.54643333117168,0.022185733841990105
78.71709999799728,0.022541632175848467
78.8877666648229,0.02288394424299411
79.0584333316485,0.02323149750806652
79.22909999847413,0.023565845638258254
79.39976666529972,0.023905998914801135
79.57043333133062,0.0242334411916935
79.74109999815623,0.02456733983043635
79.91176666498184,0.02488884461273047
80.08243333180747,0.025217181857627148
80.25309999863308,0.025533397246897228
80.42376666545867,0.02585674890729459
80.5944333322843,0.0261680228461398
80.7650999991099,0.02648648854828892
80.93576666514079,0.026792781234397482
81.10642333189647,0.027106281513650715
81.27708999872206,0.027407407394510853
81.4477566655477,0.027715609262633726
81.6184233323733,0.028011268669989087
81.78908999760947,0.02831390363814827
81.95975666443506,0.028603752005230597
82.13042333126069,0.028900385989377258
82.30108999808628,0.02918391419397059
82.47175666491191,0.02947394980635482
82.64242333173752,0.029750533848875365
82.81308999856313,0.030033360397323582
82.98375666459401,0.030302355138667785
83.15442333141964,0.03057726218037958
83.32508999824525,0.03083794209844881
83.49575666507086,0.03110421757585033
83.66642333189645,0.03135587843962842
83.83708999792735,0.03161280502542739
84.00775666475297,0.03185472085980579
84.17842333157857,0.03210159119479306
84.34907999833425,0.03233308935762144
84.5197333319982,0.032569244648554305
84.6903999988238,0.032789634811474795
84.86106666564942,0.03301436651987994
85.03173333247503,0.03322293123486419
85.20239999771118,0.03343550123309827
85.3730666645368,0.033631512555381764
85.5437333313624,0.03383121599617118
85.71439999818803,0.03401396755701402
85.88506666501362,0.03420010773499552
86.05573333104451,0.034368938205473244
86.22639999787013,0.03454084188219558
86.39706666469573,0.03469506879117818
86.56773333152135,0.034852088540709855
86.73839999834695,0.0349910831501569
86.90906666517257,0.03513260599180319
87.0797333319982,0.035255779347134676
87.25039999802907,0.03538124321908852
87.42106666485469,0.03548804690465967
87.5917333316803,0.03559690984166548
87.76239999850591,0.03568683205227697
87.93306666533151,0.035778618357748565
88.10373333215713,0.03585118911192919
88.27438999891281,0.03592542869864557
88.44505666494369,0.03598020088606852
88.61572333176932,0.03603646174308438
88.78638999859493,0.03607301589417818
88.95705666542054,0.036110890557760844
89.12772333224615,0.03612883653018488
89.29838999907176,0.03614796703557331
89.46905666430791,0.03614698344148531
89.63972333113352,0.0361470764776499
89.81038999795913,0.03612689455022156
89.98105666478475,0.03610771679539085
90.15172333161037,0.03606813636466039
90.32238999843598,0.03602951778999093
90.49305666526159,0.03597040092125916
90.66372333129247,0.035912224949319144
90.83438999811808,0.03583348223586557
91.00505666494368,0.03575569097583288
91.1757233317693,0.03565728538909466
91.34638999859492,0.03555985985603826
91.51704666535059,0.03544178867414374
91.68769999901454,0.03532474671031873
91.85836666504541,0.035187053335628125
92.02903333187103,0.03505047917041874
92.19969999869664,0.03489330220348845
92.37036666552225,0.03473734548876929
92.54103333234787,0.034560843081743925
92.71169999837875,0.03438570070570333
92.88236666440963,0.03419010166625452
93.05303333123524,0.033996044692268336
93.22369999806088,0.03378166574346274
93.39436666488646,0.03356903057098792
93.56503333171209,0.03333624892196619
93.73569999774297,0.03310543627405458
93.90636666456858,0.032854636970732154
94.07703333139419,0.0326060705518539
94.24769999821982,0.03233773211120293
94.41836666504541,0.032071903680860145
94.58903333187104,0.03178654595858559
94.75969999869665,0.031503970420907634
94.93035666465758,0.03120211033529823
95.1010233314832,0.030903348780052246
95.27168999830882,0.03058559513787949
95.44235666513443,0.030271284963701905
95.61302333196004,0.02993829180493617
95.78368999878566,0.029609090479343524
95.95435666561129,0.02926153339973574
96.12502333164215,0.028918194868226766
96.29568999846776,0.028556884754189417
96.46635666529338,0.028200255428016387
96.63702333211899,0.0278260620061538
96.8076899989446,0.027457005618580953
96.97835666497548,0.02707080129243693
97.14902333100636,0.026690215703109695
97.31968999783199,0.02629292845081729
97.4903566646576,0.025901760133977658
97.66102333148321,0.025494346965552736
97.8316899983088,0.02509355252857909
98.00234333197275,0.024676980127102243
98.17299999872843,0.024267548819111716
98.34366666475931,0.023842840532877142
98.51433333158494,0.023425834509195997
98.68499999841055,0.022994048038778834
98.85566666523616,0.022570528799079358
99.02633333206178,0.022132779901532663
99.19699999888738,0.02170387072463702
99.36766666571299,0.021261276001678733
99.53833333174389,0.020828116758436037
99.70899999856948,0.020381816833489594
99.8796666653951,0.019945530922776948
100.05033333222072,0.019496657706080747
100.22099999904633,0.019058414635831456
100.39166666428247,0.018608152780247657
100.56233333110809,0.018169127154500815
100.7329999979337,0.01771866396873264
100.90366666475931,0.017280059161375986
101.07433333158492,0.016830582972418046
101.24499999841055,0.016393590525346554
101.41566666444143,0.015946324265083547
101.58633333126704,0.015512162442449903
101.75699999809267,0.015068316398410312
101.92765666484833,0.014638181533491453
102.09832333167394,0.014198934464867882
102.26898999849956,0.01377402506780229
102.43965666532517,0.013340568085428604
102.61032333135606,0.012922008273269737
102.78098999818164,0.012495503806263512
102.95165666500728,0.012084570062068013
103.12232333183287,0.011666258181494596
103.2929899986585,0.011264118599632394
103.46365666548411,0.01085517047185751
103.63432333230972,0.010462973810251904
103.8049899983406,0.010064486761760015
103.97565666516621,0.00968331336258282
104.14632333199184,0.009296398474421303
104.31698999881746,0.008927416175521745
104.48765666564304,0.008553252417471055
104.65832333087921,0.008197561932459184
104.82898999770482,0.00783717901699617
104.99965666453042,0.007495782291772876
105.17029999812443,0.007150166610045541
105.34096666495005,0.006824049747966822
105.51163333177567,0.006494189591225195
105.68229999860128,0.006184326285803439
105.8529666654269,0.0058711662757946525
106.02363333145777,0.005578460699212888
106.1942999982834,0.005282868363127101
106.364966665109,0.005008158784658016
106.53563333193463,0.004730901507381336
106.70629999876022,0.004474885012631131
106.87696666558584,0.004216679649158139
107.04763333241144,0.0039800768684308254
107.21829999844233,0.0037416082308336755
107.38896666526796,0.003525091510189361
107.55963333209357,0.0033070081400000833
107.73029999891915,0.003111199460568023
107.90096666574478,0.0029140956602646652
108.07163333098092,0.0027395349074824495
108.24229999780655,0.002563899634488857
108.41295666456224,0.002411051607537246
108.58362333138783,0.002257339064722495
108.75428999821345,0.00212662589065548
108.92495666503905,0.001995228682354685
109.09562333186469,0.001886983114085567
109.26628999789554,0.0017781662790140726
109.43695666472118,0.0016927025281695813
109.60762333154678,0.0016068050103878013
109.7782899983724,0.0015443664939383537
109.94895666519801,0.0014815524379020947
110.11962333202362,0.0014422803818598048
110.2902899980545,0.0014026755599118646
110.46095666488011,0.0013866769329425902
110.63162333170574,0.0013703647626374848
110.80228999853134,0.0013776929129105109
110.97295666535695,0.001384674272695962
111.14362333218256,0.0014152949568120405
111.31428999900818,0.0014455350407103556
111.48495666503905,0.0014993778830998702
111.65562333186467,0.0015527443817802548
111.82626666466395,0.0016296461955996834
111.99693333148957,0.0017059833732166632
112.16759999831518,0.0018057465749508697
112.33826666434607,0.0019047349654516834
112.50893333117168,0.0020269618831239406
112.67959999799727,0.0021482464161445337
112.8502666648229,0.0022926117439885335
113.02093333164851,0.0024357770352508284
113.19159999847413,0.0026017502521684848
113.36226666529974,0.002766253631996372
113.53293333133063,0.002953273028656607
113.70359999815624,0.0031384791861163003
113.87426666498183,0.00334587539190113
114.04493333180744,0.003551107962631239
114.21559999863307,0.0037782106192611495
114.38626666545868,0.0040027538752168855
114.5569333322843,0.0042488010850320794
114.72759999910991,0.004491933594683425
114.8982666651408,0.00475617467825061
115.06892333189646,0.00501705820466698
115.23958999872207,0.005298630775072966
115.41025666554769,0.005576374056567611
115.5809233323733,0.005874330768560518
115.75158999760944,0.006167973174412824
115.92225666443505,0.00648140298137492
116.09292333126068,0.006790026976616981
116.26358999808629,0.007117944784428963
116.43425666491191,0.007440537383145366
116.60492333173752,0.007781896292084252
116.77558999856312,0.008117357651511635
116.94625666459402,0.0084710042435662
117.11692333141964,0.008818145531648246
117.28758999824522,0.009182886617166644
117.45825666507085,0.009540534283092287
117.62892333189647,0.009915178207573302
117.79958999792734,0.010282093989824473
117.97025666475297,0.010665405312119533
118.14092333157858,0.011040378219740661
118.31156666517259,0.011431114993544773
118.48223333199819,0.011812836966974235
118.6528999988238,0.012209666357426572
118.8235666656494,0.012596833537438186
118.99423333247503,0.01299847958238873
119.16489999771117,0.013389797475637207
119.3355666645368,0.01379495582087923
119.50623333136241,0.014189117381191545
119.67689999818802,0.014596464621098683
119.84756666501362,0.014992153113359004
120.01823333104451,0.015400375422899725
120.18889999787011,0.015796291097262827
120.35956666469573,0.01620412416981756
120.53023333152134,0.016598983539382904
120.70089999834697,0.017005099211682823
120.87156666517258,0.01739755196181865
121.04223333199818,0.017800585965999337
121.21289999802907,0.018189282946080177
121.38356666485467,0.018587926155371644
121.55422333161036,0.01897157565352819
121.72488999843597,0.01936454001929541
121.8955566652616,0.019741878490065506
122.0662233320872,0.020127945240144506
122.2368899989128,0.020497792313251006
122.4075566649437,0.020875757131805037
122.5782233317693,0.02123687507586308
122.7488899985949,0.021605620177784553
122.91955666542053,0.02195700347284939
123.09022333224615,0.022315535430496067
123.26088999907176,0.022656155995797934
123.43155666430792,0.023003503572451782
123.60222333113352,0.023332489934761943
123.77288999795914,0.02366770393795005
123.94355666478475,0.023984026663958713
124.11422333161036,0.024306088750660912
124.28487999836602,0.024608749035800702
124.45553333202997,0.024916701007102554
124.62619999806086,0.02520476891452141
124.7968666648865,0.025497691993016127
124.96753333171209,0.02577025335356663
125.1381999985377,0.026047231867239295
125.3088666653633,0.026303372770763146
125.47953333218894,0.02656348187683314
125.65019999901456,0.026802250954084453
125.82086666504543,0.02704453834214805
125.99153333187103,0.027265027218505513
126.16219999869665,0.027488621613701913
126.33286666552226,0.027689994895642073
126.50353333234787,0.02789407267311515
126.67419999837875,0.028075499271855483
126.84486666440962,0.02825926187834275
127.01553333123525,0.02842000580173234
127.18619999806086,0.028582674913623363
127.35686666488648,0.0287219012823503
127.52753333171208,0.028862700313752033
127.69818999846777,0.02897970678629484
127.86885666529338,0.02909800177393911
128.03952333132426,0.02919222008326662
128.21018999814987,0.029287487854813398
128.38085666497548,0.02935836937572085
128.5515233318011,0.029430047631518897
128.72218999862673,0.029477069679177657
128.8928566646576,0.029524614635892413
129.0635233314832,0.029547277034370205
129.23418999830884,0.029570286490444735
129.40485666513445,0.029568218156004925
129.57552333196003,0.029566287665081757
129.74618999878567,0.02953907190564348
129.91685666561128,0.029511893190267695
130.08752333164216,0.02945929910736671
130.25818999846777,0.029406663452908252
130.42885666529338,0.02932852074624463
130.599523332119,0.02925027331981634
130.7701766649882,0.029146435698493758
130.94083333174385,0.029042510362335405
131.11149999777476,0.028913033939438903
131.2821666646004,0.028783444223529797
131.452833331426,0.028628263178019545
131.6234999982516,0.028473074750570752
131.7941666650772,0.028292451779532296
131.9648333319028,0.02811194597805773
132.13549999872845,0.0279060694341518
132.3061666647593,0.027700419440204516
132.47683333158494,0.027469507637890443
132.64749999841055,0.027238929873980532
132.81816666523616,0.026983232188391694
132.98883333206177,0.026728110558661224
133.15949999888738,0.026448071805060615
133.330166665713,0.0261688781961856
133.50083333174388,0.025865014709636043
133.67148999849957,0.02556226188519345
133.84215666532515,0.025235090910723113
134.0128233321508,0.02490936081257316
134.18348999897643,0.024559608246898627
134.35415666421255,0.024211717163454882
134.52482333103814,0.02384016687787156
134.69548999786375,0.023470894909314453
134.86615666468938,0.02307836141726679
135.036823331515,0.022688559542539878
135.20748999834058,0.022275910855234064
135.37815666516622,0.021866460087582074
135.54882333199185,0.021434658414262786
135.71948999802274,0.021006545446067462
135.89015666484832,0.020556580692075194
136.06082333167396,0.02011084589652404
136.23148999849954,0.01964379554437681
136.40215666532518,0.019181580022368278
136.57282333135603,0.018698575903642812
136.74348999818167,0.01822099093497719
136.91413333177567,0.017723298765807964
137.08479999860128,0.017231716166070273
137.2554666654269,0.016720675393767512
137.4261333322525,0.016216447715597427
137.59679999907812,0.01569343811276612
137.76746666431427,0.015177855660972293
137.93813333113985,0.014644201047712909
138.1087999979655,0.014118707465097389
138.2794666647911,0.01357583010377273
138.4501333316167,0.013041815304216978
138.6207999976476,0.012491120244321858
138.7914666644732,0.011950032038241395
138.96213333129882,0.011393028022377951
139.13279999812443,0.010846380131586137
139.30346666495007,0.01028459001059587
139.47413333177565,0.009734038356072358
139.6447999986013,0.009169261685044044
139.81546666542687,0.00861673247780239
139.98613333145778,0.00805085278357876
140.15678999821344,0.0074980804790449156
140.32745666503905,0.006932848029236276
140.49812333186466,0.006381655709153656
140.66878999869027,0.005818897735104841
140.8394566655159,0.0052710766773216705
141.01012333234152,0.004712608406141698
141.1807899983724,0.004169945894010962
141.35145666519801,0.0036175107026891
141.5221233320236,0.0030818308939741953
141.69278999884926,0.0025372848257931313
141.86345666567485,0.00201043031019453
142.03412333091097,0.0014756177327440272
142.20478999773664,0.0009593876590196509
142.37545666456222,0.0004360734817553622
142.54612333138783,-6.77911052046227e-05
142.71678999821341,-0.000577839381017254
142.88743333180747,-0.0010675238358516038
143.05809999863305,-0.001562492882194004
143.22876666466397,-0.0020362195466607294
143.39943333148955,-0.0025144127281326086
143.57009999831516,-0.002970485497675175
143.7407666651408,-0.0034302768456787405
143.9114333319664,-0.003867253674460212
144.082099998792,-0.004307133618897429
144.25276666561763,-0.004723532838249247
144.42343333244327,-0.00514215353441869
144.59409999847415,-0.00553674175980015
144.76476666529973,-0.0059330357916110256
144.93543333212534,-0.006304656849011683
145.10609999895095,-0.006677153434480332
145.2767666657766,-0.007024034192738985
145.44743333101275,-0.0073709686512505555
145.61809999783833,-0.0076914822950491304
145.78876666466397,-0.008011308025795645
145.95943333148955,-0.00830396255039398
146.13008999824524,-0.008595235639989172
146.30075666507082,-0.0088586312530164
146.47142333189646,-0.009120015390039692
146.64208999792734,-0.009352920180045353
146.81275666475295,-0.009583216666872719
146.98342333157856,-0.009784478921659921
147.1540899984042,-0.009982587928763671
147.3247566652298,-0.010151139346060815
147.49542333126067,-0.010316047924109784
147.6660899980863,-0.010450916041967956
147.8367566649119,-0.010581685644374398
148.00742333173753,-0.010681947237544571
148.1780899985631,-0.010777667697030079
148.34875666538875,-0.01084249916681416
148.51942333221436,-0.010902464511413823
148.69008999903997,-0.010931222247078407
148.86073333104451,-0.01095482534963629
149.03139999787012,-0.010946985429770137
149.2020666646957,-0.01093376132730282
149.37273333152137,-0.010888928825374308
149.54339999834696,-0.010838537677257752
149.71406666437784,-0.010756321740468444
149.88473333120345,-0.01066844848155127
150.0553999980291,-0.010548622052432443
150.2260666648547,-0.01042307335064531
150.3967333316803,-0.01026556295917513
150.56739999850592,-0.010102391367148236
150.73806666533153,-0.009907330363505584
150.90873333136238,-0.009706685088881726
151.07939999818805,-0.009474347363283874
151.25006666501363,-0.009236620319775605
151.42073333183924,-0.008967336105439778
151.59138999859493,-0.008692896888353653
151.76205666542054,-0.008387160992777818
151.93272333224616,-0.008076554551908007
152.10338999827704,-0.007734873231998373
152.27405666510265,-0.007388535891175078
152.44472333192826,-0.007011471461723302
152.61538999875387,-0.006630234067045539
152.78605666557945,-0.006218727385401262
152.9567233324051,-0.005803526756682297
153.12738999764125,-0.005358795802708314
153.29805666446686,-0.004911123546957571
153.46872333129247,-0.0044346074888359675
153.6393899981181,-0.003955811470091362
153.8100566649437,-0.0034487064827272876
153.9807233317693,-0.0029398786455002573
154.1513899985949,-0.002403468229720933
154.3220566646258,-0.0018660814284548563
154.4927233314514,-0.0013018959150166995
154.66338999827704,-0.0007375680885254354
154.83404666503273,-0.00014727222698635102
155.00469999869665,0.000442223760660138
155.17536666552223,0.0010568015893043022
155.34603333234787,0.001669725771984777
155.51669999837878,0.002306763794448448
155.68736666520437,0.002941158376105303
155.85803333202998,0.0035986356340582497
156.0286999988556,0.004252323882579582
156.19936666568123,0.00492790112855014
156.37003333171208,0.005598687674431277
156.54069999774296,0.006290401941780738
156.71136666456857,0.00697624624563437
156.88203333139418,0.0076818937848148776
157.0526999982198,0.008380476123521904
157.2233666650454,0.009097691519461826
157.3940333310763,0.009806685155650826
157.56469999790193,0.010533139175443976
157.73535666465762,0.011250191771202542
157.9060233314832,0.011983456774316881
158.0766899983088,0.012706075494900087
158.24735666513442,0.01344366852772333
158.41802333196006,0.014169297774928731
158.5886899979909,0.014908661228639092
158.75935666481655,0.015634863336904545
158.93002333164216,0.016373529494396084
159.10068999846777,0.017097663428061925
159.27135666529335,0.01783296115421057
159.44202333211896,0.018552462635381285
159.6126899989446,0.019281764857354014
159.78335666497549,0.01999380855746959
159.9540233318011,0.020714221366447568
160.1246899986267,0.02141609861983579
160.29533333142598,0.02212501205784199
160.4659999982516,0.022814025513812737
160.63666666507723,0.023508710591043043
160.80733333110808,0.024182192390931976
160.9779999979337,0.024860009413032992
161.14866666475933,0.025515298575014052
161.31933333158491,0.026173670805769572
161.48999999841052,0.026808278144061823
161.66066666523616,0.027444624267626158
161.83133333206177,0.02805579918937576
162.00199999809266,0.028667616439588327
162.17266666491827,0.02925320252617796
162.34333333174388,0.02983812609323375
162.5139999985695,0.030395538148743368
162.6846666653951,0.030951059441532723
162.8553333322207,0.03147792659951933
163.02599999904632,0.03200181142459109
163.1966566650073,0.03249585750661706
163.3673233318329,0.032985765926252554
163.53798999865847,0.03344473857189666
163.7086566654841,0.033898458399056294
163.87932333230975,0.03432006277027541
164.04998999754588,0.03473508342540449
164.22065666437146,0.03511694415096016
164.3913233311971,0.03549140859277579
164.56198999802274,0.035831645567384454
164.73265666484832,0.036163419274571326
164.90332333167393,0.03646011240743129
165.07398999849957,0.036747536180491876
165.24465666532518,0.036998997051295404
165.41532333135606,0.037240350976000106
165.58598999818167,0.03744490347066457
165.75665666500726,0.03763855518278022
165.9273233318329,0.037794675907980226
166.0979899986585,0.03793925686885075
166.2686433315277,0.03804574397603823
166.4392999990781,0.03814011930155205
166.609966665109,0.03819576932685169
166.7806333319346,0.038238692603243175
166.95129999876022,0.0382423805211374
167.12196666558586,0.038232984402547396
167.29263333241144,0.03818384475555654
167.4632999976476,0.038121174221850365
167.6339666644732,0.038018386578854604
167.80463333129882,0.03790159022817516
167.97529999812443,0.03795662469568331
168.14596666495004,0.03799423799149671
168.31663333098095,0.037991212385167415
168.48729999780653,0.03797058915098168
168.65796666463217,0.037909333173396835
168.82863333145775,0.03783046863692936
168.99928999821344,0.03771064225105802
169.16995666503902,0.037572614107024276
169.3406233318647,0.037393376354053785
169.51128999869027,0.037196174773451655
169.68195666472116,0.03695768753115311
169.8526233315468,0.03670116210950327
170.0232899983724,0.03640331219291168
170.19395666519802,0.03608756216103059
170.36462333202363,0.035730263277482285
170.53528999884924,0.03535469842453162
170.70595666567485,0.034937764977991434
170.87662333170573,0.03450280649394636
171.04728999853134,0.03402680983854582
171.21795666535695,0.03353356499770451
171.3886233321826,0.032999746966200116
171.55928999900817,0.0324489581836112
171.7299566642443,0.03185799070548034
171.90059999783836,0.031250485653121225
172.07126666466394,0.030603358135552115
172.24193333148955,0.02994015219370879
172.4125999983152,0.02923769284974617
172.5832666651408,0.028519725611898347
172.75393333196638,0.02776304366573912
172.9245999979973,0.026991497511682342
173.0952666648229,0.02618200643379321
173.2659333316485,0.025358379818985546
173.43659999847415,0.024497566573141324
173.60726666529973,0.023623095599385316
173.77793333212537,0.022712158048302886
173.94859999895095,0.02178851581966001
174.11926666577656,0.020829409454187816
174.28993333180748,0.01985907366248706
174.46058999856314,0.018854682069218514
174.63125666538878,0.017840348875696403
174.80192333221436,0.01679306534942147
174.97258999903997,0.015737046816319496
175.14325666427612,0.014649254488834185
175.3139233311017,0.013553938422427993
175.48458999792737,0.012428097766950247
175.65525666475295,0.011296107268797071
175.82592333157857,0.010134712544508312
175.99658999840418,0.008967960265337752
176.16725666522981,0.007772958982871687
176.3379233312607,0.006574126905077395
176.50858999808628,0.005348798050575342
176.67925666491192,0.004121494720703571
176.84992333173753,0.0028696676194353747
177.02058999856314,0.001617650455238506
177.1912466653188,0.0003424809833128664
177.36189999898275,-0.000931765644611603
177.5325666650136,-0.0022276468748550268
177.70323333183924,-0.0035209213862177017
177.87389999866485,-0.0048341963443632755
178.04456666549046,-0.006143066267880632
178.21523333231607,-0.0074701104697743985
178.38589999914169,-0.008790759041141566
178.55656666437784,-0.010127407253828328
178.72723333120345,-0.011455374490256865
178.89789999802906,-0.012797479172992182
179.0685666648547,-0.014128931246532502
179.23923333168028,-0.015472516961457294
179.4098999977112,-0.016803662853438612
179.5805666645368,-0.018144829437166225
179.7512333313624,-0.019471520285451127
179.92189999818802,-0.020806450631295326
180.0925566649437,-0.02212510459394077
180.26322333176932,-0.023450110968933104
180.4338899985949,-0.02475680213608252
180.60455666462582,-0.026067861680702673
180.77522333145143,-0.027358521796863242
180.94588999827704,-0.028651522096505438
181.11655666510265,-0.029921922803861627
181.28722333192826,-0.031192388657152778
181.4578899987539,-0.03243839677795802
181.62855666557948,-0.033682627229661345
181.79922333161034,-0.03490041229836671
181.96988999843597,-0.036114407927558045
182.14055666526158,-0.03729979432617459
182.3112233320872,-0.03847931555059388
182.4818899989128,-0.03962840533591641
182.6525466656685,-0.04076990643942619
182.82319999774296,-0.04187940923951719
182.99386666456857,-0.04297951814495731
183.1645333313942,-0.04404551959094409
183.33519999821982,-0.04509977896000866
183.5058666650454,-0.046117825299363986
183.67653333187104,-0.04712219769033254
183.84719999869665,-0.04808804374115378
184.01786666472753,-0.0490382597510508
184.18853333155312,-0.049948256901954785
184.35919999837876,-0.05084103968779517
184.52986666520437,-0.05169221776045276
184.70053333202998,-0.052524817303103044
184.8711999988556,-0.0533148685908895
185.04185666561128,-0.05408489513306806
185.21252333164216,-0.054810612861881255
185.38318999846777,-0.05551441836351396
185.55385666529338,-0.05617212945481533
185.72452333211896,-0.056806147982832296
185.8951899989446,-0.05739182752423646
186.06585666497548,-0.05795169338605263
186.23652333100637,-0.05846112899516797
186.40718999783198,-0.05894325603618421
186.57785666465756,-0.05937345007852931
186.74852333148323,-0.05977478084061719
186.9191899983088,-0.06012284624358773
187.08985666513442,-0.06044084987678197
187.26052333196003,-0.06070468633205644
187.43118999799094,-0.06093751759289535
187.60183333158494,-0.06111490926658857
187.77249999841055,-0.06126016357512005
187.94316666523616,-0.06134936182715904
188.11383333206177,-0.061405610867839085
188.28449999888738,-0.06140533886149294
188.455166665713,-0.061371102231124346
188.62583333174388,-0.06127902204666161
188.7964999985695,-0.06115238335149881
188.9671666653951,-0.06096695634341852
189.1378333322207,-0.06074600386606712
189.30849999904632,-0.060465416122385846
189.47916666428247,-0.06014861933118427
189.6498333311081,-0.059771685656873366
189.82049999793372,-0.0593583843384945
189.99116666475933,-0.058884940459612824
190.16183333158492,-0.05837499771572241
190.33249999841055,-0.05780474518516358
190.50315666516622,-0.057197895963738005
190.67382333199185,-0.05653110622200969
190.84448999802274,-0.055828128879198115
191.01515666484835,-0.055064963409771975
191.18582333167396,-0.05426532169837691
191.35648999849954,-0.05340558550746876
191.52715666532518,-0.0525095868474731
191.69782333135603,-0.05155389818304755
191.86848999818167,-0.050562417832720204
192.03915666500728,-0.049511753319981304
192.2098233318329,-0.048425679172548614
192.3804899986585,-0.04728095249268409
192.55115666548414,-0.04610194171668811
192.72182333230973,-0.04486601128323302
192.89248999834064,-0.04359718055425454
193.0631433312098,-0.04227263418210732
193.2337999979655,-0.04091654504959077
193.40446666479107,-0.039506198044013036
193.5751333316167,-0.03806578516275551
193.7457999976476,-0.036572213871059536
193.91646666447323,-0.035049675411124435
194.08713333129882,-0.03347521807000418
194.25779999812443,-0.03187340321011806
194.42846666495007,-0.030221438307094884
194.59913333177565,-0.028543879588689102
194.7697999986013,-0.02681794473668649
194.94046666542687,-0.025068432288938833
195.11113333145778,-0.02327255481577183
195.2817999982834,-0.02145516587147739
195.45246666510897,-0.01959348718469751
195.6231333319346,-0.01771254337504663
195.79378999869027,-0.015789879941405113
195.9644566655159,-0.013850271426009858
196.13512333234152,-0.01187141720969192
196.3057899983724,-0.009878485320558164
196.476456665198,-0.007849433497173569
196.6471233320236,-0.005809113849526049
196.81778999884926,-0.003735476781705392
196.98845666567485,-0.0016535897287603446
197.15912333091097,0.0004585214026834383
197.32978999773664,0.002575720868906836
197.50045666456222,0.004720214781020301
197.67112333138783,0.006866812335150759
197.84178999821341,0.00903756073495957
198.01244333187742,0.011206960148934662
198.18309999863305,0.013397068443311858
198.35376666466397,0.015582418372871606
198.52443333148955,0.01778502652038089
198.6950999983152,0.019979047378597195
198.8657666651408,0.022186126506482128
199.0364333319664,0.02438086855635296
199.20709999879202,0.026585650915243987
199.37776666561763,0.02877481733060404
199.54843333244327,0.030970108319514248
199.71909999847415,0.03314583606322055
199.88976666529973,0.0353240354159357
200.06043333212534,0.037478755663986944
200.23109999895095,0.03963172543676587
200.4017666657766,0.04175721418068186
200.57243333101275,0.04387675597844235
200.7430899977684,0.045964680948543626
200.91375666459402,0.048042497577862685
201.08442333141963,0.050084359094658505
201.25508999824524,0.052111513640169894
201.42575666507082,0.05409834452132554
201.5964233318965,0.05606619484380647
201.76708999792734,0.05798951344005622
201.93775666475295,0.0598894962992012
202.10842333157856,0.06174060043948856
202.2790899984042,0.06356376479902602
202.4497566652298,0.06533370730902939
202.62042333126067,0.0670713832097811
202.7910899980863,0.0687515684655391
202.9617566649119,0.07039500216842816
203.13242333173753,0.07197648175630335
203.3030899985631,0.07351684297753217
203.4737333321571,0.07499112771035696
203.64439999898272,0.07642005195810177
203.81506666580836,0.077778645253621
203.98573333104451,0.07908745323465684
204.1563999978701,0.08032168288820926
204.3270666646957,0.08150233599049342
204.49773333152137,0.08260480995827059
204.66839999834696,0.08364995491309606
204.83906666437784,0.08461299417312228
205.00973333120345,0.08551436992386781
205.1803999980291,0.08632957508460701
205.35106666485473,0.08707921673852723
205.5217333316803,0.08773873130511241
205.69238999843597,0.08832869011366383
205.86305666526158,0.08882514571090083
206.03372333129246,0.08924877754514683
206.20438999811807,0.08957552696638837
206.3750566649437,0.08982627306838797
206.5457233317693,0.08997699839021397
206.71638999859493,0.09004867822635274
206.88705666542054,0.09001747009285915
207.05772333224613,0.08990442128301905
207.22838999827704,0.08968560881716695
207.39905666510262,0.08938220942078949
207.56972333192826,0.08897057356777235
207.74038999875387,0.08847193124369784
207.91105666557945,0.08786269684038397
208.0817233324051,0.08716414895395999
208.25238999764127,0.08635281665185994
208.42303333123527,0.08545010176656594
208.59369999806086,0.08443247525065277
208.7643666648865,0.08332150488127778
208.93503333171208,0.08209386233677216
209.1056999985377,0.08077117913999447
209.27636666536333,0.07933023495449482
209.44703333139424,0.07779272954947518
209.61769999821982,0.076135642147361
209.7883666650454,0.07438079765578613
209.959033331871,0.0725052127723582
210.12969999869665,0.07053092015402222
210.30036666552223,0.06843498062443555
210.47103333234787,0.0662396889727005
210.6416899983088,0.06392228226182953
210.81235666513444,0.06150507916772115
210.98302333196003,0.05896541839520737
211.15368999878564,0.05632573280718728
211.32435666561128,0.05356354261999337
211.49502333164213,0.050701469405430646
211.66568999767304,0.04771713171868263
211.83635666449862,0.0446333569011897
212.00702333132426,0.041427824310887124
212.1776899981499,0.03812358904448873
212.34835666497548,0.03469848999465022
212.5190233318011,0.031175557277615496
212.68968999862668,0.027532861976374272
212.8603566646576,0.02379365296529286
213.03102333148323,0.019935851817498206
213.20167666514712,0.015983042365069776
213.37233333190278,0.01191345229619193
213.54299999872842,0.007750529161900295
213.71366666555406,0.0034726538261996404
213.88433333237967,-0.0008964896352765358
214.0549999984105,-0.00537851608024606
214.22566666523616,-0.009949482796421629
214.39633333206174,-0.014630743906455908
214.56699999888738,-0.01939829865022283
214.737666665713,-0.024273585255626815
214.90833333094915,-0.0292325265908946
215.07899999777473,-0.03429631138167952
215.24966666460037,-0.039440841027243025
215.42033333142598,-0.04468713535725532
215.59098999818167,-0.05001102969150689
215.76165666500728,-0.055433184461960265
215.93232333183286,-0.06092931819034844
216.1029899986585,-0.06652010390516656
216.27365666468936,-0.07218108016957013
216.444323331515,-0.07793270340926906
216.6149899983406,-0.08375034288506363
216.7856566651662,-0.0896544236261717
216.95632333199183,-0.09562014184276389
217.12698999802274,-0.10166773509377525
217.29765666484832,-0.10777232968398326
217.46832333167396,-0.11395404673617612
217.63898999849954,-0.1201879024614726
217.80965666532515,-0.12649398023535863
217.9803233321508,-0.1328473916314671
218.15097666581468,-0.13926762901358555
218.32163333098097,-0.14572956946302132
218.49229999780655,-0.1522529467158864
218.66296666463217,-0.15881270487900803
218.83363333145775,-0.16542842251634254
219.0042999982834,-0.1720749715295279
219.17496666431424,-0.17877169591753186
219.34563333113988,-0.18549323811782037
219.51629999796546,-0.19225899225771687
219.6869666647911,-0.19904321279856266
219.8576333316167,-0.20586513827067524
220.02829999844235,-0.21269909214058966
220.19896666526793,-0.21956432176324503
220.3696233320236,-0.22643482885899593
220.5402899980545,-0.2333298030820667
220.71095666488014,-0.24022339102397613
220.88162333170573,-0.247134684006035
221.05228999853134,-0.2540376749975553
221.22295666535697,-0.2609515342511185
221.39362333218259,-0.26785026081898106
221.56428999900817,-0.2747527792470168
221.73495666503905,-0.2816329420701693
221.90562333186466,-0.28850995026936554
222.0762899986903,-0.295357573033511
222.24695666551594,-0.30219493209479903
222.41762333234152,-0.308995603174722
222.588276664416,-0.3157786493990207
222.7589333311717,-0.32251774343847556
222.9295999979973,-0.329231831352303
223.1002666648229,-0.3358945062749967
223.27093333164854,-0.34252467106341306
223.44159999847415,-0.3490959222439587
223.61226666529973,-0.35562707300035756
223.7829333313306,-0.3620917229957976
223.95359999815622,-0.36850864117637766
224.12426666498186,-0.3748513379445381
224.29493333180744,-0.38113879261306804
224.46559999863308,-0.3873444628052953
224.6362666654587,-0.3934873787130495
224.80693333228433,-0.3995409485499492
224.9775999991099,-0.4055245693405923
225.14826666514077,-0.4114117039129443
225.31892333189649,-0.41722090023450203
225.48958999872207,-0.42292580520273043
225.6602566655477,-0.4285453540759771
225.8309233323733,-0.43405318468702736
226.00158999760947,-0.43946845714079913
226.17225666443505,-0.4447647376552077
226.3429233312607,-0.4499612056417243
226.5135899980863,-0.4550314175216817
226.68425666491194,-0.45999471129761466
226.85492333173752,-0.46482480245009095
227.0255899985631,-0.46954078628097906
227.19625666459402,-0.4741164562389968
227.36692333141963,-0.4785710780461811
227.53756666501363,-0.4828783322707877
227.70823333183927,-0.48705783144955433
227.87889999866485,-0.4910835197984378
228.04956666549046,-0.49497484241009054
228.2202333323161,-0.4987057015845218
228.39089999834695,-0.5022959125222498
228.5615666651726,-0.505719416052742
228.7322333319982,-0.5089960315867628
228.90289999882384,-0.5120999855102782
229.07356666564942,-0.5150509313725246
229.244233332475,-0.5178230822531266
229.4148999977112,-0.5204364944573979
229.58556666453683,-0.522866127562994
229.7562333313624,-0.5251318404173997
229.92689999818805,-0.5272084329943988
230.09756666501363,-0.5291155776858699
230.26822333176932,-0.5308279265939361
230.4388899985949,-0.5323657812500934
230.60955666462579,-0.5337040471388631
230.78022333145145,-0.534863309037377
230.95088999827703,-0.5358184560603582
231.12155666510267,-0.5365899454144089
231.29222333192826,-0.5371527615502774
231.46288999795917,-0.5375276541669748
231.63355666478475,-0.5376898778016296
231.80422333161036,-0.5376605753508935
231.974889998436,-0.5374150115796855
232.14555666526158,-0.5369743045102952
232.3162233320872,-0.5363141661727993
232.4868666656812,-0.5354560450521769
232.6575333317121,-0.5343757728010022
232.82819999774296,-0.5330947558716382
232.9988666645686,-0.5315890182696767
233.16953333139423,-0.5298800506072291
233.34019999821982,-0.5279443396008209
233.5108666650454,-0.5258036186180164
233.6815333310763,-0.5234345774401041
233.85219999790192,-0.5208589593513057
234.0228666647275,-0.5180539043518698
234.19353333155314,-0.5150412741110154
234.36419999837875,-0.5117983297939754
234.5348666652044,-0.5083471009127226
234.70552333196002,-0.5046653372395857
234.87618999799096,-0.5007748867661757
235.04685666481654,-0.4966535871727243
235.21752333164213,-0.49232359049207475
235.38818999846777,-0.4877628849802802
235.55885666529338,-0.48299381200991415
235.72952333211896,-0.47799466825351516
235.9001899989446,-0.4727880007332522
236.07085666497545,-0.4673530351885162
236.2415233318011,-0.46171240642202394
236.41218999862673,-0.45584526952965865
236.5828566654523,-0.44977433134881906
236.7534999982516,-0.44347904928250476
236.9241666650772,-0.43698197420803625
237.09483333110808,-0.43026290445609544
237.2654999979337,-0.42334468540670084
237.43616666475933,-0.4162071134827706
237.60683333158494,-0.4088731088242359
237.77749999841052,-0.40132285229921544
237.94816666523616,-0.39357957597063703
238.11883333206174,-0.38562319340093026
238.28949999809265,-0.3774770747600756
238.4601666649183,-0.36912169922882787
238.63083333174387,-0.3605806934494788
238.80149999856948,-0.3518346004752252
238.97216666539506,-0.34290718938896253
239.1428333322207,-0.3337791739894471
239.31349999904631,-0.3244746270012884
239.4841666650772,-0.314974723212993
239.65482333183292,-0.30530353604214333
239.8254899986585,-0.29544251544650063
239.9961566654841,-0.2854158841336766
240.16682333230975,-0.2752054308094258
240.3374899975459,-0.2648353099545971
240.50815666437148,-0.2542875904756756
240.6788233311971,-0.24358670243061425
240.84948999802273,-0.23271464562370595
241.02015666484832,-0.22169616682013057
241.19082333167393,-0.21051335839564028
241.36148999849956,-0.19919105001547033
241.5321566653252,-0.18771149027709896
241.70279999812442,-0.1760997503157401
241.87346666495006,-0.16433851054489346
242.04413333177567,-0.1524529836759305
242.21479999860125,-0.1404256884960394
242.3854666654269,-0.12828213758560164
242.5561333322525,-0.11600504756607881
242.72679999907808,-0.10362000388657237
242.897466665109,-0.09110981916961998
243.06813333193458,-0.07850022925768176
243.23879999876021,-0.06577455806073418
243.40946666558585,-0.05295855540907722
243.58013333241146,-0.04003562088522261
243.75079999764756,-0.02703161486456967
243.92145666440328,-0.013930206874781213
244.09212333122892,-0.000757365140814389
244.2627899980545,0.012502816183217557
244.4334566648801,0.025824494893894292
244.6041233317057,0.039223414150597
244.77478999853133,0.052673583674539906
244.94545666456224,0.06619070006610094
245.11612333138783,0.07974854572788329
245.2867899982134,0.09336195299991783
245.45745666503908,0.10700453639875993
245.62812333186466,0.12069047106535463
245.7987899986903,0.13439342981832325
245.9694566647212,0.14812637729095515
246.1400999991099,0.16186355610109843
246.31076666514076,0.17561714839772222
246.4814333319664,0.1893616039990535
246.65209999879198,0.20310771315341827
246.82276666561765,0.2168297974528379
246.99343333244323,0.2305379536028693
247.1640999976794,0.24420695202645742
247.33476666450503,0.25784616075302597
247.5054333313306,0.27143030788764616
247.67609999815622,0.28496815420212934
247.8467666649818,0.2984360556259394
248.0174333310127,0.311842755898082
248.1880899985631,0.3251647138786721
248.358756664594,0.33841109667215385
248.52942333141965,0.3515596842335015
248.70008999824523,0.3646201074542019
248.87075666507084,0.37757077813926343
249.04142333189648,0.3904214274624817
249.21208999792734,0.40315100417723637
249.38275666475292,0.41576937282474785
249.55342333157859,0.42825547214434223
249.72408999840417,0.4406192767768009
249.8947566652298,0.45284014841258063
250.0654233320554,0.46492837111832536
250.23608999888103,0.4768635216519592
250.4067466656367,0.48865614391488266
250.5773999977112,0.5002859685940272
250.7480666645368,0.5117637167780612
250.9187333313624,0.5230693662997982
251.089399998188,0.5342139111668436
251.26006666501362,0.5451774884720327
251.43073333104448,0.5559712572438793
251.60139999787012,0.5665754931016884
251.77206666469573,0.5770015432754294
251.94273333152137,0.5872298137681347
252.113399998347,0.5972717496766041
252.2840666651726,0.607107841126127
252.4547333319982,0.6167497532266518
252.62538999795916,0.6261782613256675
252.79605666478474,0.6354052412435708
252.96672333161035,0.6444116428325692
253.137389998436,0.6532095105316246
253.30805666526157,0.6617800000945484
253.4787233320872,0.6701353561347635
253.64938999891282,0.6782568899276568
253.8200566649437,0.6861569403973533
253.99072333176932,0.6938170033025682
254.1613899985949,0.701249631548429
254.33205666542054,0.7084366223036628
254.50272333224615,0.7153907714074536
254.67338999907173,0.7220941276723749
254.84405666430789,0.7285596577803234
255.01472333113355,0.7347696217918271
255.18538999795913,0.7407371727107337
255.35604666471482,0.746444808044442
255.52669999837877,0.7519058671223245
255.69736666520436,0.7571030980376438
255.86803333202997,0.7620500726529577
256.0386999980609,0.7667298543923213
256.2093666648865,0.7711562881957986
256.38003333171207,0.7753126811292075
256.55069999853765,0.7792130760107495
256.72136666536323,0.7828409578796313
256.89203333218893,0.7862105609276204
257.0626899989446,0.7893056285687172
257.2333566649755,0.7921406467609406
257.4040233318011,0.7946996100629454
257.5746899986267,0.7969972489164344
257.7453566654523,0.7990178155096668
257.9160233322779,0.8007762633879814
258.0866899983088,0.8022570675317636
258.2573566643397,0.8034754296879777
258.4280233311653,0.8044160579398988
258.5986899979909,0.8050943834097987
258.76935666481654,0.8054953221962546
258.9400233316422,0.8056345343034678
259.11068999846776,0.8054971898270337
259.2813566652934,0.8050992483599264
259.45202333132426,0.804426153552424
259.6226766649882,0.8034941356323632
259.79333333174384,0.8022888482497137
259.9639999985695,0.80082678087299
260.1346666653951,0.799093782747867
260.30533333222075,0.7971065957046303
260.47599999904634,0.7948512964595132
260.6466666650772,0.7923448885393336
260.8173333319029,0.7895736486640235
260.98799999872847,0.7865548606263132
261.15866666555405,0.7832749885622418
261.32933333237963,0.7797515414199051
261.49998999754587,0.775971127797398
261.67065666437145,0.7719515165760243
261.8413233311971,0.7676795310566662
262.0119899980227,0.7631732170884823
262.1826566648483,0.7584195777195233
262.353323331674,0.7534369132828513
262.5239899984996,0.7482123757462767
262.69465666532517,0.7427645050468258
262.8653233313561,0.7370806110921463
263.03598999818166,0.7311794882816993
263.20665666500724,0.7250485941511038
263.3773233318329,0.718706944601626
263.54798999865847,0.7121421088618191
263.7186566646894,0.7053733142500725
263.88932333151496,0.6983882613664439
264.05997666517897,0.6912063945847146
264.23063333193465,0.6838155407081212
264.40129999876024,0.6762353584007144
264.5719666655858,0.6684537905060739
264.7426333324114,0.6604907014729346
264.9132999976476,0.6523341362524838
265.0839666644732,0.6440041554249705
265.2546333312988,0.635488892867723
265.42529999812444,0.6268085809728218
265.59596666495,0.6179514335303615
265.7666233317057,0.6089378744768398
265.93728999853136,0.5997562103220383
266.10795666456227,0.5904270574229519
266.27862333138785,0.5809388070449086
266.44928999821343,0.5713122315779001
266.619956665039,0.5615357975603075
266.79062333186465,0.5516304344752281
266.96128999869023,0.5415846542834742
267.1319566647212,0.5314195370321784
267.3026233315468,0.5211236541632182
267.4732899983724,0.510718237145442
267.643956665198,0.5001918550495008
267.81462333202364,0.48956585492350796
267.9852666656176,0.47882884666636116
268.1559333324432,0.4680023038977963
268.3265999976794,0.45707483823512773
268.497266664505,0.44606804885357937
268.66793333133063,0.43497052664577496
268.83859999815627,0.42380396719785146
269.00926666498185,0.41255695565131084
269.1799333310127,0.4012512520986614
269.35059999783834,0.3898754181965713
269.5212666646639,0.3784512906703886
269.6919333314895,0.36696740286448915
269.8625999983152,0.35544564576296833
270.03325666507084,0.34387452632545207
270.20392333189653,0.33227597593411284
270.3745899979274,0.3206384614071921
270.54525666475297,0.3089839666319851
270.7159233315786,0.2973009140688908
270.8865899984042,0.285611309143245
271.05725666522983,0.2739035032587311
271.2279233320554,0.26219950191609404
271.398589998881,0.25048759350566274
271.5692566657067,0.23878978032001422
271.73992333173754,0.22709427892340756
271.9105899985631,0.21542309876483726
272.08125666538876,0.20376435317928734
272.25191333214445,0.19214004894891518
272.4225666650137,0.18053821015854973
272.5932333310445,0.1689807678493564
272.7638999978701,0.15745563585695244
272.93456666469575,0.1459846931989331
273.1052333315214,0.13455575665809047
273.275899998347,0.12319066724853937
273.44656666517255,0.11187714004590267
273.6172333319982,0.1006369506381988
273.78789999802905,0.08945770746377814
273.9585666648547,0.07836112643618606
274.1292333316803,0.0673346844863935
274.2998999985059,0.056399962418462256
274.4705566652616,0.04554432860940483
274.6412233320872,0.03478932226511803
274.8118899989128,0.02412213676686965
274.9825566649437,0.013564184779932955
275.1532233317693,0.0031025075850469454
275.3238899985949,-0.0072415894556221135
275.49455666542053,-0.017481227862405396
275.66522333224617,-0.027595239877110805
275.83588999907175,-0.037596864926637316
276.0065566643079,-0.04746506574840359
276.1772233311335,-0.05721330705018556
276.3478899979591,-0.06682072249983971
276.5185566647848,-0.07630088930402272
276.68919999837874,-0.08563301407220741
276.8598666652044,-0.09483086292695735
277.03053333202996,-0.10387381837180544
277.2011999980608,-0.11277583124283067
277.3718666648864,-0.1215164493936171
277.5425333317121,-0.13010981591399273
277.71319999853773,-0.13853564060804238
277.88386666536337,-0.14680826645875797
278.05453333218895,-0.1549075365570147
278.22519999901454,-0.16284800700404634
278.39586666504545,-0.1706097698678385
278.566533331871,-0.17820754268088265
278.7371999986966,-0.1856215578693118
278.90785666545236,-0.1928668107939714
279.07852333227794,-0.1999238742578727
279.2491899983089,-0.20680786932413772
279.4198566643397,-0.2134994783423713
279.59052333116534,-0.2200140476654115
279.7611899979909,-0.22633245734945356
279.93185666481656,-0.23247023173023817
280.10252333164215,-0.23840832165646744
280.2731899984677,-0.2441624767567462
280.4438566652933,-0.24971392897798267
280.6145233313242,-0.2550786233563169
280.78518999814986,-0.2602379883422616
280.9558433318138,-0.2652081977563272
281.1264999985695,-0.2699708096314018
281.2971666653951,-0.2745422519565043
281.4678333322207,-0.2789041591715294
281.6384999990463,-0.28307316053868736
281.8091666650772,-0.287031261920707
281.9798333319028,-0.29079532996451457
282.15049999872844,-0.2943474079203517
282.321166665554,-0.2977046644364245
282.4918333323796,-0.30084945521647916
282.6624999976158,-0.30379920473881095
282.8331666644414,-0.3065363681220532
283.003833331267,-0.3090785412150894
283.1744999980926,-0.3114084322527305
283.34515666484833,-0.3135437799541235
283.5158233316739,-0.31546752116804583
283.68648999849955,-0.31719761641403027
283.8571566653252,-0.3187171828537523
284.02782333135605,-0.32004440474207146
284.1984899981816,-0.3211627905407482
284.36915666500727,-0.3220906362616714
284.53982333183285,-0.322811382828522
284.71048999865855,-0.3233435526984898
284.8811333322525,-0.3236707548202928
285.05179999907807,-0.3238118493010527
285.222466665109,-0.3237506046567382
285.39313333193456,-0.3235061207455214
285.56379999876026,-0.32306234906587555
285.73446666558584,-0.3224386149182749
285.9051333324115,-0.32161897951549134
286.0757999976476,-0.320623025021619
286.2464666644732,-0.319434999483622
286.4171333312988,-0.3180745692053843
286.5877999981244,-0.31652626784259463
286.75846666495005,-0.3148099632014383
286.92912333170574,-0.31291029402700576
287.0997899985313,-0.3108472760819354
287.2704566645622,-0.3086057445625956
287.4411233313878,-0.30620587939148064
287.6117899982134,-0.303632722791832
287.7824566650391,-0.30090660036105027
287.9531233318647,-0.29801268674265946
288.1237899986903,-0.2949714163030091
288.29445666472117,-0.29176815969596864
288.4651233315468,-0.28842338761862074
288.6357899983724,-0.28492255756659995
288.80645666519797,-0.28128625976231914
288.9771233320236,-0.2774999807270574
289.1477899988492,-0.27358454224554474
289.31843333244325,-0.2695256790430693
289.48909999767943,-0.26534431756891746
289.659766664505,-0.26102647013504426
289.8304333313306,-0.2565931770714719
290.00109999815623,-0.2520305492459306
290.1717666649818,-0.24735962912481238
290.34243333101267,-0.24256651331439072
290.51309999783837,-0.23767269964553187
290.68376666466395,-0.2326654685767706
290.8544333314896,-0.22756612379644342
291.02509999831517,-0.2223621495241313
291.19576666514075,-0.21707482455652966
291.3664233318965,-0.2116921994994937
291.53708999792735,-0.20623531020524102
291.707756664753,-0.20069242257220749
291.8784233315786,-0.19508413776977165
292.04908999840416,-0.1893987111526515
292.21975666522985,-0.18365644242505108
292.39042333205543,-0.17784577703834373
292.561089998881,-0.1719869937220382
292.73175666570665,-0.16606878419169732
292.9024233317375,-0.16011115532060327
293.07306666453684,-0.15410278382095322
293.2437333313624,-0.1480634547209299
293.414399998188,-0.14198172705821963
293.58506666501364,-0.13587728770821084
293.75573333104455,-0.1297386772171465
293.92639999787013,-0.12358558050932632
294.0970666646957,-0.11740653616725952
294.26773333152136,-0.1112211895000906
294.43839999834694,-0.10501797232351955
294.6090666651726,-0.09881650095807504
294.7797333319982,-0.09260520841532636
294.95039999802907,-0.08640371731130005
295.1210666648547,-0.0802003456850478
295.29172333161034,-0.07401466602411524
295.462389998436,-0.0678350812144834
295.6330566652616,-0.06168113091777104
295.8037233320872,-0.055541150470936135
295.9743899989128,-0.04943452847947412
296.1450566649437,-0.04334949413569075
296.31572333176933,-0.03730538404968302
296.4863899985949,-0.03129038289968938
296.6570566654205,-0.025323733595791736
296.8277233322462,-0.019393570616164122
296.9983899990718,-0.013519018844383536
297.16905666430796,-0.007688042856520709
297.3397133310636,-0.0019196278689133667
297.51036666472754,0.003798417438537903
297.6810333315531,0.009447109702782784
297.85169999837876,0.015038725771238284
298.0223666652044,0.020554333587502676
298.19303333203,0.026006321858684747
298.3636999980609,0.03137588680924764
298.53436666488653,0.03667556189003515
298.7050333317121,0.04188658780836823
298.8756999985377,0.0470216093883333
299.04635666529333,0.052061991926242925
299.21702333211897,0.05702054622857123
299.38768999894467,0.06187875183983809
299.5583566649755,0.06664944039700076
299.7290233318011,0.07131419541378685
299.89968999862674,0.07588603721638788
300.0703566654523,0.0803466843782894
300.2410233322779,0.0847093396607883
300.4116899983088,0.08895584908686725
300.5823566643397,0.09309950055559588
300.7530233311653,0.09712230843374707
300.9236899979909,0.10103766938960494
301.0943566648165,0.1048276617560371
301.2649999984106,0.10850581556554062
301.43566666523617,0.11205442519105638
301.6063333320618,0.11548712809345865
301.77699999809266,0.11878636164151539
301.94766666491824,0.12196598706646217
302.1183333317439,0.12500863296985604
302.28899999856947,0.1279282498645983
302.45966666539505,0.13070760554097402
302.6303333322207,0.13336080362232333
302.8009999990463,0.13587080334346022
302.9716666650772,0.13825189208370958
303.14233333190276,0.14048718486592662
303.31299999872846,0.1425911254061866
303.4836566654841,0.14454694232767318
303.65432333230973,0.14636926001484976
303.8249899975459,0.14804152567473627
303.9956566643715,0.14957861866668154
304.1663233311971,0.15096406608738758
304.3369899980227,0.15221283518394182
304.50765666484835,0.15330853436079447
304.67832333167394,0.1542663310814617
304.8489899984995,0.1550699571943945
305.01965666532516,0.1557346265788954
305.190323331356,0.15624425956938073
305.3609899981817,0.15661425255067227
305.5316433318456,0.15682875061314075
305.70229999860123,0.15690332808350144
305.8729666654269,0.1568222756129462
306.04363333225245,0.1566012155938378
306.21429999907815,0.15622462456109343
306.384966665109,0.15570849543442733
306.55563333193464,0.15503744514084192
306.7262999987602,0.15422757747690963
306.89696666558586,0.1532636404368943
307.06763333241145,0.15216196036831522
307.2382899975777,0.15090743980941942
307.40895666440326,0.14951663069887594
307.5796233312289,0.14797450973814302
307.7502899980545,0.1462977396615581
307.92095666488007,0.14447140390336674
308.0916233317057,0.14251253019188664
308.2622899985313,0.14040629294474277
308.43295666456225,0.13816983774913075
308.60362333138784,0.1357883902994767
308.7742899982135,0.13327927812793586
308.94495666503906,0.13062785528969992
309.11562333186464,0.12785160045394392
309.2862899986903,0.12493597570127293
309.4569333322843,0.1218986610669614
309.6275999991099,0.11872501039671204
309.79826666514083,0.11543265155721705
309.9689333319664,0.11200721309582287
310.13959999879205,0.10846657763421765
310.31026666561763,0.10479645278570053
310.4809333324432,0.10101490580900398
310.6515999976794,0.09710769658916549
310.822266664505,0.09309303496960164
310.99292333126067,0.08895671956489613
311.16358999808625,0.08471719578097814
311.3342566649119,0.08036030561297287
311.5049233317376,0.07590457000981686
311.67558999856317,0.0713360012339103
311.846256664594,0.06667331001620475
312.01692333141966,0.0619025237258937
312.18758999824524,0.05704241300278806
312.3582566650709,0.05207903958138724
312.52892333189646,0.04703147051972149
312.6995899979273,0.0418857280982803
312.870256664753,0.03666091432503876
313.0409233315786,0.03134299950017531
313.21157999833423,0.025951249787356887
313.38223333199824,0.020471752157103357
313.5528999988238,0.014923873256025863
313.7235666656494,0.009293656301239453
313.89423333247504,0.0036005636181506177
314.06489999771117,-0.002169319512292373
314.2355666645368,-0.007996413955738255
314.4062333313624,-0.013894697995137983
314.576899998188,-0.01984437298462037
314.7475666650136,-0.02585950454021069
314.91822333176935,-0.03192028474483885
315.08888999859494,-0.03804076287109884
315.2595566646258,-0.044200976137622514
315.43022333145143,-0.05041491911242686
315.600889998277,-0.05666252986604033
315.7715566651026,-0.0629578621600446
315.9422233319282,-0.06928091864440943
316.11288999795914,-0.07564586797708298
316.2835566647848,-0.08203264970981466
316.45422333161036,-0.08845537458454113
316.62488999843595,-0.09489393839157413
316.7955566652616,-0.10136255805833266
316.9662233320872,-0.10784119698492828
317.13686666568117,-0.11434403191459938
317.3075333317121,-0.12085089867757566
317.47819999774293,-0.12737607349548263
317.6488666645686,-0.13389948146061845
317.81953333139415,-0.14043519339097613
317.9901999982198,-0.146963272403116
318.16086666504543,-0.15349781214350752
318.3315333310763,-0.1600189323711709
318.5021999979019,-0.1665409574238047
318.67286666472756,-0.17304392415369824
318.84353333155315,-0.1795421584627054
319.0141999983788,-0.18601595034200477
319.18486666520437,-0.1924794606127923
319.35552333196006,-0.1989129958958362
319.5261899979909,-0.20533059047131402
319.6968566648165,-0.21171254126873937
319.86752333164213,-0.21807291177868526
320.03818999846783,-0.22439198890954923
320.2088566652934,-0.23068403299572318
320.379523332119,-0.23692930595399517
320.55018999894463,-0.2431421229941432
320.7208566649755,-0.2493027803170609
320.89149999777476,-0.2554256537830393
321.06216666460034,-0.26149085787092996
321.232833331426,-0.26751297434552196
321.40349999825156,-0.27347236272878966
321.57416666507714,-0.27938349014024894
321.74483333110805,-0.28522669063474543
321.91549999793375,-0.291016510499072
322.08616666475933,-0.29673331517673257
322.25683333158497,-0.30239199409901796
322.42749999841055,-0.3079730082271142
322.5981566651662,-0.31349124032422176
322.7688233319918,-0.3189268743517817
322.9394899980227,-0.32429482660771564
323.1101566648484,-0.329575612256742
323.28082333167396,-0.33478425173620613
323.45148999849954,-0.33990130961608866
323.6221566653252,-0.3449421089916685
323.79282333215076,-0.3498872029429828
323.96348999897634,-0.35475190285562935
324.13415666500725,-0.359516931709514
324.3048233318329,-0.36419773686324314
324.47548999865853,-0.3687751178161043
324.6461433315277,-0.37326476865642744
324.8167999982834,-0.3776476043896774
324.98746666431424,-0.3819391804687192
325.1581333311399,-0.38612035733570493
325.3287999979655,-0.390207034739452
325.4994666647911,-0.39418032930736197
325.6701333316167,-0.39805620719337503
325.8407999984423,-0.4018155741724291
326.0114666652679,-0.40547462407421814
326.18213333209354,-0.40901446139914643
326.3527899980545,-0.4124515458072459
326.52345666488014,-0.4157671369016368
326.6941233317057,-0.4189773820087298
326.86478999853136,-0.42206387191269584
327.03545666535695,-0.4250428205021106
327.20612333218253,-0.4278958054323405
327.37678999900817,-0.4306392134271013
327.547456665039,-0.4332548853132421
327.7181233318647,-0.43575927489664146
327.8887899986903,-0.43813427847856773
328.0594566655159,-0.44039637805616977
328.2301233323415,-0.4425276057628852
328.40078999757765,-0.44454473475823647
328.57143333117165,-0.4464298665823419
328.74209999799723,-0.44820016893305853
328.9127666648229,-0.4498377926874023
329.0834333316485,-0.45135964069001433
329.25409999847415,-0.45274808262765454
329.4247666652997,-0.45402002190225355
329.5954333313306,-0.45515731436729157
329.7660999981562,-0.4561772206016847
329.9367666649818,-0.4570620833537854
330.10742333173755,-0.4578295051097812
330.27808999856313,-0.4584617645315291
330.4487566653887,-0.4589765497154515
330.6194233322144,-0.4593562679767028
330.79008999904,-0.4596185333812837
330.96075666507085,-0.45974599023340657
331.1314233318965,-0.45975659613045256
331.30208999872207,-0.45963300693430414
331.4727566655477,-0.45939318474787144
331.6434233323733,-0.45901990721079183
331.8140899976094,-0.4585314669427871
331.98475666443505,-0.4579106429532711
332.15542333126075,-0.4571755665657515
332.3260799980164,-0.45630924717321447
332.4967333316803,-0.4553299447239658
332.6673999985059,-0.4542208827951332
332.8380666653315,-0.45300034568441533
333.0087333313624,-0.4516512970266269
333.17939999818805,-0.450192376405633
333.3500666650136,-0.4486070095458317
333.52073333183927,-0.4469137077139025
333.69139999866485,-0.4450959221615889
333.8620666654905,-0.4431725457591093
334.0327233322462,-0.44112771302274345
334.20338999827703,-0.43898004867563817
334.3740566651026,-0.4367141467337545
334.54472333192825,-0.4343485479271682
334.7153899987539,-0.4318677468902815
334.8860566655795,-0.42928990560477454
335.05672333240506,-0.42660017584590015
335.22738999764124,-0.42381653304494704
335.3980566644668,-0.4209237537810727
335.5687233312925,-0.41793991940173864
335.7393899981181,-0.41484981570431173
335.9100566649437,-0.4116715303297914
336.0807233317693,-0.40838983466464346
336.2513666653633,-0.40502309402421355
336.4220333313941,-0.40155659648402187
336.5926999982198,-0.3980086865606943
336.76336666504545,-0.39436503094222125
336.9340333318711,-0.39064384761190196
337.1046999986967,-0.38683088949494554
337.27536666552226,-0.38294408799659313
337.44603333234784,-0.37896971165813215
337.61669999837875,-0.37492592543995185
337.78736666520433,-0.37079942578387
337.9580233319601,-0.3666081645480357
338.12868999878566,-0.3623390715506758
338.2993566656113,-0.3580095289190447
338.4700233316422,-0.3536066741016697
338.64068999767306,-0.3491478721600881
338.81135666449865,-0.3446205923400127
338.9820233313243,-0.34004189855046857
339.15268999814987,-0.3353994213969216
339.32335666497545,-0.3307095420378828
339.49399999856945,-0.3259596435622332
339.66466666539515,-0.32116608205039615
339.835333331426,-0.3163162393261216
340.00599999825164,-0.3114264508936772
340.1766666650772,-0.30648416320310057
340.3473333319028,-0.3015057330246995
340.51799999872844,-0.2964788352319143
340.688666665554,-0.29141983582290826
340.8593333323796,-0.2863163251368304
341.0299999984105,-0.28118449981308247
341.20066666523616,-0.2760119089076115
341.37133333206174,-0.27081462623096203
341.5419999988873,-0.2655801287848715
341.71265666564307,-0.26032438517636947
341.8833233308792,-0.255034894293415
342.0539899977048,-0.24972781577947326
342.22465666453047,-0.24439082771398393
342.39532333135605,-0.23903998042078764
342.56598999818164,-0.23366298873340424
342.7366566650073,-0.22827569064907957
342.9073233318329,-0.22286570610141274
343.0779899986585,-0.21744886111605033
343.24864333152766,-0.21201277873211485
343.41929999828335,-0.20657327931564443
343.58996666510905,-0.20111812377132565
343.7606333319346,-0.19566300582667262
343.93129999876027,-0.19019555868447416
344.10196666558585,-0.1847315723969376
344.27263333241143,-0.17925875432403368
344.4432999984423,-0.17379280761857194
344.61396666526787,-0.16832138556901408
344.78463333209356,-0.16286006277526016
344.95528999884925,-0.15739633473376002
345.12595666567483,-0.15194563820848103
345.296623330911,-0.14649553316352099
345.4672899977366,-0.14106150735475034
345.63795666456224,-0.13563102445037475
345.8086233313878,-0.1302194243537408
345.97928999821346,-0.12481419636169747
346.14995666503904,-0.11943059701578408
346.3206233318646,-0.11405602574579177
346.49128999789554,-0.10870581090782849
346.6619566647211,-0.10336755052149128
346.8326233315468,-0.09805652385703911
347.0032899983724,-0.09276043765098468
347.1739333319664,-0.08749461827978196
347.344599998792,-0.08224681714026771
347.5152666656176,-0.07703213436067509
347.6859333324432,-0.07183822565814878
347.85659999847405,-0.06667974241261261
348.0272666652997,-0.06154420267021272
348.1979333321254,-0.05644615295607952
348.36859999895097,-0.0513729940985242
348.5392666657766,-0.046339272709483806
348.70992333094284,-0.0413324598137782
348.8805899977684,-0.03636717229033039
349.051256664594,-0.031430985841377
349.2219233314196,-0.026538407800217604
349.3925899982452,-0.02167675753370017
349.5632566650708,-0.016860173479165033
349.73392333189645,-0.012075705533593592
349.9045899979274,-0.007337695077535215
350.075256664753,-0.002633304731018411
350.2459233315786,0.002023208706670383
350.4165666651726,0.006644719840827481
350.58723333199816,0.011216944407262834
350.75789999882375,0.015752795373862306
350.92856666564944,0.020238058169961392
351.0992333316803,0.024685682131779702
351.26989999850593,0.029081480949948963
351.4405666653315,0.03343837872752237
351.6112333321572,0.03774217781048666
351.7818999989828,0.04200573111669746
351.9525666658084,0.04621495859327719
352.12323333104456,0.050382690505367235
352.29389999787014,0.05449504185190696
352.4645666646957,0.058565108556178656
352.6352233314514,0.06257905905937686
352.80588999827705,0.06654998290085876
352.97655666510263,0.07046404006910842
353.1472233319282,0.07433441782563023
353.3178899979592,0.07814735971911899
353.48855666478477,0.08191592134755409
353.65922333161035,0.08562636688115069
353.829889998436,0.08929184932043335
354.00055666526157,0.0928987090923996
354.1712133320172,0.09645994370101253
354.3418666656812,0.09996201607161957
354.5125333317121,0.10341802753407799
354.6831999985377,0.10681443324262839
354.8538666653633,0.11016423083222396
355.0245333321889,0.11345394216875866
355.19519999901456,0.11669655805348117
355.3658666650454,0.11987877709915266
355.5365333310763,0.12301365225181986
355.7071999979019,0.12608797133970034
355.8778566646576,0.12911471550088438
356.0485233314832,0.13208064967977196
356.2191899983089,0.13499874021445651
356.38985666513446,0.13785579908183135
356.56052333196004,0.1406646867627955
356.7311899979909,0.14341227323884306
356.90185666481653,0.14611089720792453
357.0725233316422,0.14874743411890112
357.24318999846776,0.15133420885088808
357.4138433321317,0.15385840467211276
357.5844999988874,0.15633258317848941
357.75516666571303,0.15874431976140976
357.9258333317439,0.16110613950265862
358.09649999856947,0.16340534839964768
358.26716666539517,0.16565415152209598
358.43783333222075,0.16783975336898793
358.60849999904633,0.16997342328917678
358.77916666428246,0.17204224067218965
358.94983333110815,0.1740570489705354
359.12049999793373,0.17600542801573357
359.2911666647593,0.17789806507197406
359.4618333315849,0.17972303275362467
359.63249999841054,0.18149049049932756
359.80315666516617,0.18318874553077444
359.97382333199187,0.18482841084713866
360.1444899980228,0.1863982639983699
360.31515666484836,0.18790885301008442
360.48582333167394,0.1893492054077968
360.6564899984995,0.1907302864384012
360.82715666532516,0.19204167645916856
360.997823331356,0.19329493936912148
361.16848999818166,0.19447981662539898
361.3391333317757,0.19560812600431518
361.5097999986013,0.19666952392049725
361.68046666542693,0.1976757148891169
361.8511333322525,0.19861625297576527
362.0217999990781,0.19950287356964877
362.1924666643143,0.2003252266181409
362.36313333113986,0.20109499799863592
362.5337999979655,0.20180197358697624
362.7044666647911,0.202457859177622
362.8751233315468,0.20305250973621322
363.0457899983724,0.20359777305960894
363.216456665198,0.20408346581986875
363.38712333122885,0.20452135489337805
363.55778999805455,0.20490137877377876
363.7284566648801,0.20523539398150173
363.8991233317057,0.20551338705281236
364.0697899985313,0.2057472380729055
364.24045666535693,0.2059271490950738
364.4111233313878,0.20606538223773002
364.5817766650518,0.20615213808096444
364.7524333318074,0.2061996816858378
364.9230999986331,0.20619817331890827
365.0937666654587,0.20616004496099813
365.2644333322843,0.20607546636116555
365.43509999910987,0.20595696076635384
365.60576666434605,0.20579476288002088
365.7764333311717,0.2056016527890635
365.94709999799727,0.20536794245166148
366.1177666648229,0.2051065286892683
366.28842333157866,0.2048075441489184
366.45908999840424,0.20448401672117283
366.6297566652298,0.20412608042788774
366.8004233312607,0.20374692912702158
366.9710899980863,0.2033366149627809
367.1417566649119,0.20290842198440504
367.3124233317375,0.20245237724638793
367.4830899985631,0.20198188720104965
367.653756664594,0.20148696116934897
367.82442333141967,0.20098104427736654
367.99508999824525,0.20045399912405398
368.1657566650709,0.19991922642187662
368.3364133318265,0.19936651908361092
368.50706666549047,0.19880927944443338
368.6777333323161,0.19823716042018366
368.8483999991417,0.19766349142299514
369.0190666643779,0.19707793813795088
369.18973333120346,0.19649387086905165
369.36039999802904,0.19590082427182523
369.5310666648546,0.195312046485305
369.7017333316803,0.1947169230059104
369.87239999771117,0.19412860671410645
370.0430566652616,0.19353635890570814
370.21372333129244,0.19295316932913123
370.3843899981181,0.19236828547058596
370.55505666494366,0.19179468723180235
370.7257233317693,0.19122160235872218
370.8963899985949,0.19066197043462108
371.06705666462585,0.19010506125508536
371.23772333145143,0.189563731363716
371.408389998277,0.1890271739880094
371.57905666510266,0.18850819516744535
371.74969999869666,0.18799601523912762
371.92036666552224,0.18750336827521055
372.0910333323479,0.18701944016547828
372.26169999837873,0.1865569023108013
372.43236666440964,0.18610485033322344
372.6030333312352,0.18567584786056188
372.77369999806086,0.18525902513946785
372.9443666648865,0.18486704475610338
373.1150333317121,0.1844889731209567
373.285699997743,0.18413738954715758
373.45635666529336,0.18380129787492536
373.62702333132427,0.18349320857264997
373.79768999814985,0.18320194234290876
373.96835666497543,0.18293992607806467
374.1390233318011,0.1826959626947727
374.3096899986267,0.18248245606920555
374.48035666465756,0.18228811792330876
374.6510233314832,0.18212524316560053
374.82168999830884,0.18198246454910855
374.99233333190284,0.181871961259713
375.1629999987284,0.18178226446976298
375.33366666555406,0.18172543593187354
375.5043333323797,0.18168992169494133
375.6749999976158,0.18168772159757435
375.8456666644414,0.18170724139590044
376.01633333126705,0.18176034267026153
376.18699999809263,0.18183536471717615
376.35766666491827,0.18194404928799524
376.52833333174385,0.18207481644503698
376.69898999849954,0.1822392723087533
376.8696566653251,0.18242582354866324
377.04032333135603,0.1826460281116665
377.2109899981817,0.18288822971367383
377.38165666500726,0.1831639059452975
377.55232333183284,0.18346139764252625
377.72298999865853,0.1837920911784647
377.89365666468944,0.18414432232558986
378.064323331515,0.18452937963004726
378.234966665109,0.18493550504825604
378.4056333319346,0.1853739211149996
378.5762999987602,0.18583288476559967
378.7469666655858,0.18632363365007712
378.9176333324114,0.1868344063517252
379.0882999976476,0.18737636629165547
379.2589666644732,0.18793759567347731
379.4296333312988,0.18852894764740535
379.6002999981244,0.1891385383724702
379.77095666488015,0.18977730376985355
379.9416233317057,0.19043321449885908
380.1122899985313,0.19111706016207433
380.2829566645622,0.19181680757630948
380.4536233313878,0.19254321448975933
380.62428999821344,0.1932843133018216
380.794956665039,0.19405079312010817
380.96562333186466,0.19483078234282236
381.13628999869024,0.19563475046209822
381.3069566647212,0.19645069668581877
381.47760999838516,0.19728913728709804
381.6482666651408,0.19813804946254743
381.8189333319664,0.1990076937035842
381.98959999879196,0.19988585738285905
382.16026666561766,0.20078257635867477
382.33093333244324,0.20168570536335237
382.50159999767936,0.202605283822886
382.672266664505,0.20352923492689048
382.84293333133064,0.20446744756463736
383.0135999981562,0.20540771423776094
383.1842566649119,0.20635997367258577
383.3549233317375,0.2073121717292464
383.5255899985631,0.20827399373593097
383.696256664594,0.20923339721472445
383.8669233314196,0.21020007552897477
384.03758999824527,0.21116214677970738
384.2082566650709,0.21212909819144704
384.3789233318965,0.2130890586544424
384.54958999792734,0.21405152395893928
384.72024666547776,0.21500485076659784
384.890899998347,0.21595847324702486
385.06156666517256,0.21690069950016705
385.23223333199815,0.21784084156907577
385.40289999882384,0.2187673281881826
385.5735666656494,0.21968952339221276
385.744233332475,0.22059591877467513
385.9148999977112,0.22149587982003152
386.08556666453677,0.22237795420130757
386.2562333313624,0.22325150682237752
386.4268899981181,0.22410515677496654
386.5975566649437,0.22494830668252536
386.7682233317693,0.22576958893649635
386.9388899985949,0.22657844863622767
387.10955666462576,0.22736352737713184
387.28022333145134,0.22813424999834758
387.4508899982771,0.2288792075286763
387.6215566651027,0.22960783107090868
387.79222333192826,0.23030882872196154
387.9628899979591,0.2309917921089182
388.13353333234784,0.2316454357746775
388.30419999837875,0.23227936419698295
388.47486666520433,0.2328822671973424
388.6455333320299,0.2334637969980451
388.8161999988556,0.23401260185894096
388.9868666656812,0.23453834474249785
389.15753333171216,0.23502972978032471
389.328199997743,0.2354965594799934
389.4988666645686,0.23592755554033007
389.6695333313942,0.2363326079343608
389.84018999814987,0.23670042776603567
390.01085666497545,0.23704094862252698
390.18152333180103,0.23734283516001667
390.35218999862667,0.23761605987344656
390.5228566646576,0.23784925560945575
390.6935233314832,0.2380524523599992
390.8641899983088,0.23821426155401101
391.03485666513444,0.23834478170720616
391.20552333196,0.23843269095901112
391.376166665554,0.23848823373161965
391.5468333323796,0.23850012051882172
391.7174999984105,0.23847868368162947
391.88816666523616,0.2384125870342469
392.05883333206174,0.2383122276382605
392.2294999988873,0.238166295365679
392.400166665713,0.2379852490730886
392.57083333094914,0.23775779244233092
392.7414999977747,0.23749447916406682
392.9121666646003,0.23718405301945472
393.08282333135605,0.23683716348299258
393.25348999818164,0.23644248423982875
393.4241566650073,0.2360107177916685
393.5948233318329,0.23553055053569205
393.7654899986585,0.2350127635650687
393.93615666468935,0.23444604887923448
394.106823331515,0.23384124542748977
394.27748999834057,0.23318704149325392
394.44815666516627,0.23249431701481646
394.61879999876027,0.2317517999480525
394.78946666558585,0.23097048627449918
394.96013333241143,0.23013909589216097
395.1307999984423,0.22926869820087356
395.30146666526787,0.2283480145869104
395.47213333209356,0.22738816515565127
395.6427999989192,0.2263779160012
395.81346666574484,0.22532849161910323
395.9841333309809,0.22422866311958023
396.1547899977366,0.2230897280340722
396.32545666456224,0.22190048609526755
396.4961233313878,0.22067230526329148
396.66678999821346,0.21939398199158458
396.83745666503904,0.21807696048519737
397.0081233318646,0.21671001577144372
397.17878999789554,0.21530464763416515
397.3494566647211,0.21384964402059425
397.5201233315468,0.21235660519739524
397.6907899983724,0.21081432174356332
397.86144333203634,0.209234452757332
398.032099998792,0.20760578906621674
398.2027666656176,0.20594003692064625
398.3734333324432,0.20422603495123087
398.54409999847405,0.20247555907013384
398.7147666652997,0.20067746000028402
398.8854333321254,0.19884355709209822
399.05609999895097,0.1969626774138383
399.2267666657766,0.19504668300184227
399.39743333101273,0.19308441706408283
399.5680899977684,0.19108780326098762
399.738756664594,0.18904571061233308
399.9094233314196,0.1869701168138629
400.0800899982452,0.18484988963672755
400.2507566650708,0.18269708182908195
400.42142333189645,0.18050058221827844
400.5920899979274,0.17827248614318725
400.762756664753,0.17600166464474162
400.9334233315786,0.17370025022221258
401.10407999833427,0.17135711802907128
401.27473333199816,0.1689844754170825
401.44539999882375,0.16657121613489134
401.61606666564944,0.1641295914617836
401.7867333316803,0.1616484815723513
401.95739999850593,0.1591401978244603
402.1280666653315,0.15659361243364284
402.2987333321572,0.15402106385228884
402.4693999989828,0.15141142893789522
402.6400666658084,0.14877711248317618
402.8107233309746,0.1461069735927988
402.9813899978002,0.14341345768906238
403.1520566646258,0.14068543960659938
403.3227233314514,0.13793537796241678
403.49338999827705,0.13515213544558108
403.66405666510263,0.13234819028951736
403.8347233319282,0.129512399786185
404.0053899979592,0.12665732063895063
404.17605666478477,0.12377181228529228
404.34672333161035,0.120868444402101
404.51736666520435,0.11793608125087199
404.68803333202993,0.1149873354579416
404.8586999988555,0.11201105554925947
405.0293666656812,0.10901987884688381
405.2000333317121,0.10600266149689001
405.3706999985377,0.10297205436003866
405.5413666653633,0.09991689933460976
405.7120333321889,0.09684986533032783
405.88269999901456,0.09375980269201423
406.0533666650454,0.09065937565925841
406.2240233310064,0.08753742187175155
406.39468999783196,0.08440665173991369
406.5653566646576,0.08125590974896775
406.7360233314832,0.0780979024438437
406.9066899983089,0.07492147413892426
407.07735666513446,0.07173934999058915
407.24802333196004,0.068540366168682
407.4186899979909,0.06533727484764236
407.58935666481653,0.062118890392818295
407.75999999841054,0.05889799593873921
407.9306666652361,0.05566341030225084
408.1013333320617,0.05242793198317572
408.2719999988874,0.049180335651214005
408.44266666571303,0.04593342306570927
408.6133333317439,0.042675953892660004
408.78399999856947,0.039420723735447076
408.95465666532516,0.036156496944292335
409.12532333215074,0.03289605297269432
409.29598999897644,0.029628164319230457
409.4666566642125,0.026365642304670714
409.63732333103815,0.023097255980493704
409.80798999786373,0.019835834167926194
409.9786566646894,0.016570140636954316
410.149323331515,0.013312994025939462
410.3199899983406,0.010053114551287259
410.49063333193465,0.006803316424268665
410.6612999987602,0.0035523021630587182
410.8319666647911,0.0003128834525709469
411.0026333316167,-0.0029262496814652433
411.1732999984423,-0.006152262380462537
411.3439666652679,-0.00937649286903121
411.5146333320936,-0.012586101597068845
411.68529999891916,-0.015792447195153936
411.85596666574475,-0.018982677753447662
412.02662333170576,-0.022168173228929926
412.19728999853135,-0.025336064132291076
412.367956665357,-0.02849777217123042
412.53862333218257,-0.03164043137311924
412.70928999900815,-0.034775480978306135
412.87995666424433,-0.0378900641316404
413.05062333106997,-0.04099563132896327
413.22128999789555,-0.04407928300112248
413.39195666472114,-0.047152506490326256
413.56262333154683,-0.05020237197035302
413.7332766652107,-0.05324039223338454
413.9039333319664,-0.05625357347111624
414.0745999979973,-0.059253505298890854
414.2452666648229,-0.06222715274612684
414.4159333316485,-0.06518614886142776
414.58659999847407,-0.06811738817843203
414.7572666652997,-0.0710325031267581
414.9279333321253,-0.07391837816087139
415.098599998951,-0.07678669974139771
415.26926666577657,-0.07962433212534324
415.4399233317375,-0.08244298613735832
415.6105899985631,-0.08522952260941935
415.7812566653887,-0.08799577038073836
415.9519233322144,-0.09072863257650582
416.12258999904,-0.09343995683448819
416.2932566642761,-0.09611670877300299
416.4639233311017,-0.09877083651066608
416.63458999792726,-0.1013893794432356
416.80525666475296,-0.10398432517243834
416.97591333150865,-0.10654275584407413
417.1465666651726,-0.10907670420105052
417.3172333319982,-0.11157330176346712
417.4878999980291,-0.11404458935498707
417.6585666648547,-0.11647774365141596
417.82923333168026,-0.11888484557879238
417.99989999850584,-0.1212531426674626
418.1705566652616,-0.12359474186496264
418.3412233320872,-0.12589695613119117
418.5118899989128,-0.12817192024912522
418.6825566649437,-0.13040701654506048
418.85322333176936,-0.13261439160148825
419.02388999859494,-0.1347814850402938
419.1945566654205,-0.136920456308185
419.3652233322461,-0.13901878816038069
419.5358899990717,-0.14108865232307494
419.706546664238,-0.14311757920108273
419.87719999790187,-0.1451177300099697
420.04786666472745,-0.14707667541189462
420.21853333155315,-0.1490065805690025
420.38919999837873,-0.15089505444368026
420.55986666520437,-0.15275429250587155
420.73053333202995,-0.15457197112434226
420.90119999806086,-0.1563602954829548
421.0718666648865,-0.1581069898019074
421.2425333317121,-0.15982425468405545
421.4131899984677,-0.16149986555303872
421.5838566652934,-0.16314602776671872
421.754523332119,-0.16475056039263172
421.92518999894463,-0.1663256589395664
422.0958566649755,-0.1678592130987597
422.26652333180107,-0.16936344493071026
422.43718999862676,-0.1708262910782566
422.60785666545235,-0.17226003994135652
422.7785233322779,-0.17365273189968927
422.9491766651471,-0.17501665321712234
423.119833331108,-0.17633992469154638
423.2904999979337,-0.1776347825460806
423.4611666647594,-0.17888940593329863
423.63183333158497,-0.18011595007725975
423.80249999841055,-0.1813026488655546
423.97316666523614,-0.18246168318799905
424.1438233319918,-0.18358136891822274
424.3144899980227,-0.184673858827132
424.4851566648484,-0.18572744895647023
424.65582333167396,-0.18675423836904761
424.82648999849954,-0.18774248562665663
424.9971566653252,-0.18870423373466766
425.16782333215076,-0.18962768185272008
425.33848999897634,-0.1905248469398083
425.50915666500725,-0.1913839292388638
425.6798099978764,-0.19221699653685229
425.8504666646321,-0.1930122521843435
426.0211333314577,-0.19378177863211035
426.1917999982834,-0.19451380572836913
426.36246666431424,-0.19522040887871872
426.5331333311398,-0.1958898112415176
426.7037999979655,-0.1965340978842686
426.8744666647911,-0.19714150083939064
427.0451333316167,-0.19772413841209976
427.2157999984423,-0.19827027745470127
427.38645666519795,-0.198792027936159
427.55712333202365,-0.19927767423679169
427.7277899980545,-0.19973931812693907
427.8984566648801,-0.20016525315606004
428.06912333170567,-0.20056757872559833
428.23978999853136,-0.20093461316607705
428.410456665357,-0.20127844221842317
428.5811233321826,-0.20158741770505245
428.75178999900817,-0.20187360205941868
428.922456665039,-0.20212535241240223
429.09309999783835,-0.2023547256782687
429.26376666466393,-0.20255009133963606
429.4344333314895,-0.20272349202058437
429.6050999983152,-0.20286328433731163
429.77576666434607,-0.20298151414681315
429.94643333117165,-0.20306655720903732
430.11708999792734,-0.20313044057264895
430.2877566647529,-0.20316153203979986
430.4584233315785,-0.20317187766092953
430.6290899984042,-0.203149855679464
430.7997566652299,-0.20310750453903573
430.97042333126063,-0.20303324229250874
431.14108999808633,-0.20293908835098393
431.3117566649119,-0.2028134768222423
431.4824233317375,-0.20266840989791185
431.6530799984932,-0.20249232035904358
431.8237333321571,-0.20229717738447087
431.9943999989828,-0.20207139889864434
432.16506666580835,-0.2018269444356437
432.3357333310445,-0.2015522195706308
432.50639999787006,-0.20125916457025753
432.67706666469576,-0.20093622099265177
432.84773333152134,-0.20059532704902394
433.01839999834704,-0.20022493486887505
433.1890666643778,-0.1998369806167837
433.3597233319283,-0.19941996745139126
433.53038999795916,-0.19898577273167883
433.70105666478474,-0.19852291259971985
433.8717233316103,-0.19804322224205806
434.042389998436,-0.19753523746291882
434.2130566652616,-0.19701079696464058
434.38372333129246,-0.19645847319957027
434.55438999811815,-0.19589008847505426
434.72505666494374,-0.1952942311553772
434.8957233317693,-0.19468266918610427
435.0663666653633,-0.194044109117188
435.2370333321889,-0.19339031009865368
435.4076999990145,-0.19271005988210818
435.57836666504534,-0.19201500535682897
435.7490333310763,-0.1912939185991415
435.919699997902,-0.19055838862623978
436.09036666472747,-0.18979723802817722
436.2610233314832,-0.18902198802588197
436.4316899983088,-0.188221459182921
436.60235666513444,-0.1874071127291757
436.77302333196,-0.18656778819673525
436.9436899979909,-0.18571495318830072
437.11435666481657,-0.18483745561939532
437.28502333164215,-0.18394668607855785
437.45568999846773,-0.1830314533323167
437.62635666529343,-0.18210313625027283
437.7969999988874,-0.1811505987794149
437.96766666571295,-0.1801852485834446
438.1383333317438,-0.1791959951042827
438.30899999856956,-0.17819418593842046
438.47966666539514,-0.17716875394557471
438.6503333322207,-0.17613102698832045
438.8209999990463,-0.17506995397606012
438.99166666428255,-0.1739968031222887
439.16233333110813,-0.17290054232034616
439.3329999979337,-0.17179241073395626
439.50365666468934,-0.1706614345123849
439.674323331515,-0.169518840598321
439.84498999834057,-0.1683536846293531
440.01565666516626,-0.16717712793904205
440.18632333199184,-0.16597823410708437
440.3569899980227,-0.1647681428363691
440.52763333161676,-0.16353593490339838
440.69829999844234,-0.16229273339343506
440.8689666652679,-0.16102768584204924
441.03963333209356,-0.15975192736013996
441.21029999891914,-0.15845470376638485
441.3809666657447,-0.1571470954965131
441.5516333317757,-0.155818366137867
441.7222999986013,-0.1544795452243663
441.89296666542685,-0.15311997110980466
442.0636233321826,-0.15175057177199056
442.2342899990082,-0.15036071824294842
442.4049566642443,-0.14896133609913717
442.5756233310699,-0.14754183735250384
442.7462899978956,-0.14611307727301565
442.91695666472117,-0.1446644859957722
443.0876233315468,-0.14320689200955433
443.2582899983724,-0.14172976217742356
443.428956665198,-0.14024390850129895
443.59962333122894,-0.13873886108424932
443.77027666489283,-0.13722542056399484
443.9409333316486,-0.13569315790032643
444.11159999847416,-0.13415285231209842
444.28226666529974,-0.13259414885986345
444.4529333321253,-0.13102779306167697
444.6235999989509,-0.12944351222473166
444.7942566657066,-0.1278519892334393
444.96492333173757,-0.1262430170871248
445.13558999856315,-0.12462722327648705
445.30625666538873,-0.12299442529614209
445.4769233322143,-0.12135519943109656
445.64758999903995,-0.11969943333594182
445.81825666427613,-0.11803768248126413
445.9889233311018,-0.11635986619149793
446.1595899979273,-0.11467645935189762
446.33025666475294,-0.112977379580417
446.5008999983469,-0.11127306271576838
446.6715666651726,-0.10955348106561334
446.8422333319983,-0.10782904115407688
447.0128999980291,-0.10608970943975075
447.1835666648547,-0.10434590429197768
447.3542333316803,-0.1025876886179904
447.52489999850593,-0.10082544276996619
447.6955666653315,-0.09904927304596285
447.8662333321571,-0.09726953439174334
448.0368999989827,-0.09547642030523498
448.2075566649437,-0.09368023558717177
448.3782233317694,-0.09187121304800286
448.548889998595,-0.0900596346380635
448.71955666542055,-0.08823578054113035
448.8902233322462,-0.08640988329881397
449.0608899990718,-0.08457224037081325
449.23154666423795,-0.08273301806620034
449.4021999979019,-0.08088258400489802
449.57286666472754,-0.07903109946609653
449.7435333315531,-0.0771689898343677
449.9141999983787,-0.07530639619992521
450.0848666652043,-0.07343380798883312
450.25553333203,-0.07156130200466385
450.42619999806084,-0.06967940039321319
450.59686666488653,-0.06779813966496581
450.7675333317121,-0.06590805145003346
450.9381899984677,-0.06401911793103791
451.1088566652934,-0.06212188924374115
451.27952333211897,-0.06022634398355623
451.45018999894455,-0.058323101033436804
451.6208566649754,-0.056422152038119164
451.7915233318011,-0.05451418746261357
451.96218999862674,-0.05260914430696258
452.1328566654523,-0.05069772298405894
452.3035233322779,-0.04878984215399478
452.47416666507723,-0.04687627231767301
452.6448333311081,-0.04496687781513426
452.81549999793367,-0.04305247313516808
452.98616666475925,-0.041142891591734426
453.15683333158483,-0.03922898046857192
453.32749999841053,-0.0373205232280948
453.4981666652362,-0.03540838467106628
453.6688233319918,-0.03350234537787786
453.8394899980227,-0.03159333001968071
454.01015666484835,-0.029691086930296807
454.18082333167393,-0.027786581710060678
454.3514899984995,-0.025889538468406567
454.5221566653252,-0.02399096956378728
454.6928233321508,-0.022100597590544648
454.8634899989764,-0.02020943276063804
455.03415666500734,-0.018327131522082218
455.2048099978765,-0.016444733455928458
455.37546666463214,-0.014571879624783143
455.5461333314578,-0.01269966075709893
455.71679999828336,-0.010837695186680292
455.8874666643143,-0.008977089900358951
456.05813333113986,-0.007127431789678296
456.2287999979655,-0.005279886851957256
456.3994666647911,-0.0034440450784315726
456.57013333161666,-0.001611108674094188
456.74079999844236,0.0002093786657221688
456.911456665198,0.0020262112314833746
457.08212333202357,0.0038299077573160363
457.2527899980545,0.005629232168261577
457.42345666488006,0.0074147259379105475
457.59412333170576,0.00919514206710011
457.76478999853134,0.01096101107842521
457.93544333219523,0.012721013150069332
458.106099998951,0.014465722579637
458.27676666577656,0.016203832083966235
458.4474333310127,0.017926015561466703
458.6180999978384,0.019641031928252735
458.78876666466397,0.021339523006585596
458.95943333148955,0.02303022467498634
459.1300999983152,0.024703808429966983
459.30076666434604,0.026369004103539255
459.4714333311716,0.028016459219638485
459.64208999792737,0.02965486322113069
459.81275666475295,0.031274865473809074
459.9834233315786,0.03288515313347087
460.1540899984042,0.03447639064146285
460.32475666522976,0.036057210625411194
460.49542333126067,0.03761830748721225
460.66607999881114,0.03916832655363621
460.83673333168036,0.04069797890109615
461.00739999850595,0.04221589846744506
461.1780666653315,0.04371281960183839
461.3487333321571,0.04519737117182708
461.5193999989827,0.04666030655681129
461.69006666580833,0.04811018355162478
461.8607333310445,0.04953775929495183
462.03139999787015,0.05095162054635932
462.20206666469574,0.05234262379541495
462.37272333145137,0.05371934435476627
462.54338999827706,0.05507258649403932
462.71405666510265,0.056410859670711806
462.8847233319282,0.05772499278593625
463.0553899979592,0.059023486926686235
463.22605666478466,0.06029723108123971
463.3967233316104,0.061554736181506864
463.567389998436,0.06278690456610841
463.7380566652616,0.0640022283470738
463.9087133320173,0.06519159098827469
464.0793666656812,0.06636342475763225
464.2500333317121,0.06750868756896412
464.42069999853777,0.06863582237183716
464.59136666536335,0.06973582971040478
464.76203333218893,0.07081714545349153
464.9326999990145,0.07187079224628086
465.1033566649755,0.07290519224391083
465.27402333100633,0.07391141085518473
465.4446899978319,0.07489786124536336
465.6153566646575,0.0758556241288048
465.7860233314832,0.07679308879242101
465.9566899983089,0.07770136478294454
466.12735666513447,0.07858881635373767
466.29802333196005,0.07944658808410048
466.4686899979909,0.08028304707791692
466.6393433316549,0.08108938709675047
466.8099999984105,0.0818739801059127
466.9806666652362,0.08262804916290478
467.15133333206177,0.08335995367634681
467.32199999888746,0.08406092739944808
467.49266666571305,0.08473932816176855
467.6633333317439,0.0853864343957162
467.83398999849953,0.0860106061963206
468.0046566653251,0.08660314958848411
468.17532333215075,0.08717238713675789
468.34598999897645,0.08770964079715522
468.5166566642125,0.08822323769420602
468.68732333103816,0.08870457005996846
468.85798999786385,0.08916199285362479
469.02865666468944,0.08958694122261489
469.199323331515,0.08998778594067772
469.3699766651789,0.09035598297841978
469.5406333319346,0.09069990988535126
469.7112999987602,0.09101104446214309
469.88196666479115,0.09129778320470343
470.05263333161673,0.0915516242501801
470.2232999984423,0.09178097530465869
470.3939666652679,0.09197738503502165
470.56462333202364,0.09214926860733014
470.7352899988493,0.09228820309018554
470.90595666567486,0.09240265066167892
471.0766233317057,0.09248421514200168
471.2472899985313,0.09254137275381664
471.417956665357,0.09256574343173765
471.5886233321826,0.0925658166671858
471.75928999900816,0.09253322640153169
471.9299566642443,0.09247645754204495
472.10062333107,0.09238716864318867
472.2712666646639,0.09227387801452658
472.4419333314895,0.0921282950674888
472.6125999983152,0.09195899064349523
472.7832666651408,0.09175770930129047
472.9539333319664,0.09153305364782299
473.1245999979973,0.09127675723554675
473.29526666482286,0.09099744462504232
473.46593333164856,0.0906868714530463
473.636599998474,0.09035366510565392
473.8072566652298,0.0899896137441327
473.9779233320554,0.08960340564033274
474.148589998881,0.08918685498236097
474.3192566657067,0.08874864004989465
474.48992333173754,0.08828058776529614
474.6605899985631,0.08779142094264482
474.8312466653189,0.08727297224424929
475.00189999818804,0.08673398295997219
475.1725666650136,0.08616630900611029
475.3432333310445,0.085578701116709
475.51389999787006,0.08496301536484598
475.68456666469575,0.08432800165301264
475.8552333315214,0.08366554926606243
476.025899998347,0.0829844227763447
476.19656666517255,0.08227654490501428
476.36723333199814,0.08155072309363443
476.53788999795916,0.0807989224714238
476.70855666478474,0.08002997923374312
476.87922333161043,0.07923587730593229
477.049889998436,0.07842548516355936
477.2205566652616,0.07759076644714084
477.3912233320872,0.07674058552627017
477.56187999884287,0.0758669251469644
477.73253333171203,0.07497868339272662
477.90319999774295,0.0740678484560885
478.0738666645686,0.07314332851844793
478.2445333313943,0.07219713501433732
478.41519999821975,0.07123820238485842
478.58586666504544,0.07025856370267802
478.7565333310763,0.06926717477859969
478.9271999979019,0.06825608838962581
479.0978666647276,0.0672342790573765
479.26852333148315,0.06619379506746428
479.43918999830885,0.06514363126792666
479.60985666513443,0.06407582133345893
479.78052333196,0.06299936359081607
479.951189997991,0.06190627752110913
480.12185666481656,0.06080558519822587
480.29250999848045,0.0596893373775904
480.4631666652361,0.05856656704982696
480.63383333206184,0.057429343109382816
480.8044999988874,0.05628673529757473
480.975166665713,0.0551308100541379
481.14583333094913,0.05397063018903493
481.3164999977748,0.05279820581566738
481.4871666646004,0.05162257964288929
481.657833331426,0.05043578016333579
481.8284999982516,0.04924685287661468
481.99916666507727,0.048047824255328386
482.16982333183284,0.046847749757221974
482.34048999865854,0.0456386710488866
482.5111566646894,0.044429629661705584
482.681823331515,0.04321265803559355
482.85248999834056,0.041996787487373836
483.02314333200457,0.04077405218482244
483.1937999987602,0.03955348914092981
483.36446666558584,0.03832711433618471
483.5351333324114,0.037103972514574625
483.70579999844233,0.03587607515915801
483.87646666526797,0.03465243996932621
484.04713333209355,0.03342506679345142
484.21779999891913,0.0322029436971874
484.38846666574483,0.030978083046746988
484.5591333309809,0.029759481470117984
484.7297899977366,0.02853915945863276
484.90045666456217,0.027326129343370052
485.07112333138787,0.026112412495964802
485.24178999821345,0.02490702825082455
485.4124566650391,0.0237019839423434
485.58312333186467,0.02250629974499365
485.7537899978955,0.021311933508660928
485.9244566647212,0.020127892079116094
486.0951233315468,0.018946127528009317
486.2657899983724,0.01777565599437533
486.43643333196644,0.016608430658460013
486.607099998792,0.015453453189500236
486.7777666656176,0.014302668010169207
486.9484333324432,0.013165094750996923
487.1190999984741,0.01203263933155966
487.2897666652997,0.010914290613626093
487.4604233320554,0.009801914796041523
487.631089998881,0.008704444854933704
487.8017566657066,0.0076137199020441144
487.9724233309427,0.006538645792016175
488.1430899977684,0.005471091411901692
488.31375666459405,0.00441997095217611
488.4844233314196,0.0033771389134811132
488.6550899982452,0.0023514988704066097
488.8257566650708,0.0013348838083438927
488.99641333182643,0.0003361615070585276
489.1670666646958,-0.000652838752377409
489.3377333315214,-0.001623264360547215
489.508399998347,-0.002583343158423724
489.67906666517257,-0.003524263125442047
489.8497333319982,-0.004454259129991531
490.0203999988238,-0.005364548858441908
490.19105666557954,-0.006263362406745843
490.3617233316103,-0.007141914564926834
490.532389998436,-0.008008448788361487
490.70305666526167,-0.008854210271362448
490.87372333208725,-0.009687471900447574
491.04438999891283,-0.010499485655792637
491.2150566657385,-0.011298541311022427
491.38572333097454,-0.012075938255157419
491.55638999780024,-0.012839954502968348
491.7270566646258,-0.013581907232452076
491.8976999982198,-0.014310111350832155
492.0683666650454,-0.015015900043178114
492.239033331871,-0.015707620489218557
492.40969999869657,-0.01637663729896127
492.58036666472753,-0.017031295797517106
492.7510333315531,-0.017662975155352485
492.9216899983088,-0.018280049369234212
493.0923566651345,-0.018873922904773778
493.26302333195997,-0.019452963645198898
493.43368999878567,-0.020008596785293348
493.60435666561125,-0.020549202385456645
493.7750233316421,-0.02106624525340009
493.9456899984677,-0.021568120962934017
494.1163566652934,-0.022046306094231038
494.287023332119,-0.022509216787019556
494.45767666498824,-0.022948336827998284
494.6283333317439,-0.023372145077129754
494.7989999977748,-0.023772133653913067
494.96966666460037,-0.024156773947949736
495.14033333142595,-0.024517559285519845
495.31099999825153,-0.024862975651487134
495.4816666650771,-0.025184516285637115
495.6523333319028,-0.025490700970560384
495.8229899986585,-0.02577306481045173
495.9936566646894,-0.026040177391583902
496.164323331515,-0.02628360658140903
496.33498999834063,-0.0265119287281993
496.5056566651662,-0.026716708190848603
496.6763233319918,-0.02690649348820465
496.8469899988175,-0.02707288031385179
497.0176566656431,-0.027224475113543808
497.1883233316739,-0.027352878287466246
497.35896666447326,-0.027466705115316025
497.52963333129884,-0.027557596134541274
497.7002999981244,-0.02763417751827398
497.87096666495006,-0.02768809324022102
498.04163333098097,-0.027727970828722973
498.21229999780655,-0.027745479197648557
498.38295666456224,-0.027749264950582105
498.5536233313878,-0.02773097779293333
498.7242899982134,-0.0276992915013085
498.8949566650391,-0.027645878900753276
499.0656233318647,-0.02757938427653233
499.23628999869027,-0.02749146611217305
499.4069566647211,-0.027390835788171794
499.57762333154676,-0.02726917740261333
499.74828999837234,-0.027135222637247044
499.91895666519804,-0.02698070078869103
500.089599998792,-0.026814389223503116
500.2602666656177,-0.026628039232991542
500.43093333244326,-0.02643041537553566
500.6015999976794,-0.02621326803681167
500.77226666450497,-0.02598533061724497
500.94293333133066,-0.02573835622814159
501.11358999808624,-0.025481092283130558
501.2842566649118,-0.025205275477130112
501.4549233317375,-0.024919675896925154
501.6255899985632,-0.024616063052193483
501.79625666459407,-0.02430319772574021
501.96692333141965,-0.023972828313554115
502.13758999824523,-0.02363375601245279
502.30825666507087,-0.023277712574670307
502.47892333189645,-0.02291350305638313
502.6495799986522,-0.02253286501057869
502.8202333323161,-0.022144641311580896
502.99089999834706,-0.021740523551851198
503.16156666517264,-0.02132937311367316
503.3322333319982,-0.020902902518871096
503.5028999988238,-0.020469960723282967
503.6735666656494,-0.02002224310466499
503.8442233324051,-0.01956863349441011
504.01488999764126,-0.0191008651884446
504.18555666446684,-0.018627835777408307
504.3562233312925,-0.018141272305416654
504.52688999811807,-0.017650071953277943
504.69755666494365,-0.017145951797662984
504.86822333176934,-0.016637802739957235
505.0388899985949,-0.0161173402844918
505.2095566646258,-0.015593493687986609
505.3802233314515,-0.015057944893671538
505.5508666650454,-0.014519592966741185
505.72153333187106,-0.013970095940278633
505.89219999869664,-0.013418353387500017
506.0628666655222,-0.01285601088131939
506.2335333323479,-0.012292020139155617
506.4041999983788,-0.011718022683076557
506.57485666513446,-0.011142949061890518
506.74552333196004,-0.010558401998924341
506.9161899987856,-0.009973350355472794
507.0868566656113,-0.009379359943019165
507.2575233316422,-0.008785439236804254
507.42818999767303,-0.008183170265175801
507.5988566644986,-0.007581541946950359
507.7695233313242,-0.006972156870738666
507.9401899981498,-0.006364036829382402
508.1108433318139,-0.005748790996555459
508.28149999856953,-0.005135424957093227
508.4521666653951,-0.00451552527974799
508.62283333142597,-0.0038980805380545475
508.7934999982516,-0.003274670964926072
508.9641666650772,-0.0026542993249801436
509.13483333190277,-0.0020285537879535195
509.30549999872846,-0.001406454624033732
509.4761566654841,-0.0007795813003105134
509.64682333230974,-0.00015694714964386487
509.81748999834065,0.0004698983521430966
509.98815666516623,0.001091947772117318
510.1588233319918,0.0017176727056010092
510.3294899988174,0.0023380746700496853
510.50015666564303,0.0029616489334630294
510.6708233308792,0.003579390641698848
510.8414899977048,0.004199802712720735
511.0121333312988,0.004813870867919941
511.1827999981244,0.005430088281000669
511.3534666649501,0.006039441921275363
511.52413333177566,0.00665045635187394
511.69479999860124,0.007254116031525183
511.8654666654269,0.007858929010104834
512.0361233313878,0.008455897923163046
512.2067899982135,0.009053576307197142
512.3774566650391,0.0096430097526692
512.5481233318646,0.01023274624183421
512.7187899986902,0.010813805201158728
512.8894566655159,0.011394741229263683
513.0601233323416,0.011966561613620523
513.2307899983723,0.012537823588650078
513.401456665198,0.013099541575200395
513.5721233320237,0.01366028347517597
513.7427666648229,0.014211078370922812
513.9134333316485,0.014760528207267962
514.0840999976795,0.015299685543234054
514.254766664505,0.015837161827601594
514.4254333313306,0.016364015298386807
514.5960999981562,0.0168888933174469
514.7667566649119,0.017402844315550236
514.9374233317375,0.017914522171340246
515.1080899985631,0.018415003344748538
515.278756664594,0.0189129615746952
515.4494233314197,0.019399449484399568
515.6200899982452,0.01988314797049636
515.7907466650009,0.02035509557695458
515.9613999986649,0.020823980982334726
516.1320666654905,0.021280857393960458
516.302733332316,0.021734432301264196
516.4733999991417,0.022175759434832118
516.6440666643778,0.022613583905374973
516.8147333312035,0.023039009680206383
516.985399998029,0.023460782480992252
517.1560666648547,0.02386993142913224
517.3267333316803,0.024275226781108432
517.4973899984359,0.024667713725870434
517.6680566652616,0.025056155597170733
517.8387233312924,0.02543164146481532
518.0093899981181,0.025802950428165845
518.1800566649438,0.026161195055822567
518.3507233317694,0.02651518329694873
518.521379998525,0.0268560364467475
518.6920333321889,0.027192577066021666
518.8626999990145,0.02751591088865703
519.0333666650454,0.027834889557661644
519.2040333318711,0.028140619729769133
519.3746999986967,0.02844195455998028
519.5453666655222,0.028730016389334416
519.7160333323479,0.029013667833857056
519.8866999983787,0.029284040674432094
520.0573666644096,0.029550042653541258
520.2280233311652,0.029802797969235326
520.3986899979909,0.030051224435029947
520.5693566648166,0.030286422168344377
520.7400233316421,0.030517381862379105
520.9106899984678,0.03073520577293683
521.0813566652934,0.030948859422767476
521.2520099981626,0.031149410139820186
521.4226666649183,0.031345821403785154
521.5933333317439,0.03152922073311804
521.7639999985695,0.03170859325089721
521.9346666653951,0.03187507084609465
522.1053333322208,0.03203771452926668
522.2759999990463,0.0321876013156156
522.4466666650771,0.03233377000592473
522.6173333319027,0.03246731898733449
522.7879999987284,0.032597347333213914
522.9586666655539,0.03271493856538854
523.1293233323097,0.03282920721850677
523.2999899975459,0.03293123429895866
523.4706566643714,0.033030143477594816
523.6413233311971,0.033117011471898966
523.8119899980227,0.03320099729871557
523.9826433316867,0.03327318519725888
524.1532999984423,0.03334278391484504
524.323966665268,0.033400863398977604
524.4946333320936,0.03345666215540317
524.6652999981245,0.03350121781592191
524.8359666649501,0.033543828936378625
525.0066333317757,0.03357551538020943
525.1772999986013,0.03360558754116064
525.3479666654268,0.033625043067349834
525.5186333322524,0.03364318739455116
525.6892899990082,0.0336509663599124
525.8599566650391,0.033657681870941
526.0306233318647,0.033654316989698015
526.2012899986903,0.0336502084024331
526.3719566655159,0.033636325686332166
526.5426233323415,0.03362212144704604
526.7132899975776,0.03359856266563739
526.8839333311716,0.033575130659606434
527.0545999979973,0.033542767923522544
527.2252666648229,0.03351099184249971
527.3959333316485,0.033470699151655
527.5665999984742,0.03343146048461875
527.7372666652998,0.03338413494283153
527.9079333313306,0.03333824893820923
528.0785999981563,0.03328462446789876
528.2492666649817,0.033232812353073175
528.4199233317374,0.033173609331849485
528.590589998563,0.0331165347231445
528.7612566653888,0.03305233836722102
528.9319233322144,0.03299053452002124
529.10258999904,0.03292187370671808
529.2732566650709,0.032855826362986555
529.4439133318265,0.03278311419373211
529.6145666646958,0.03271322477772401
529.7852333315213,0.03263688173736306
529.955899998347,0.03256357944749508
530.1265666643778,0.03248403511858498
530.2972333312034,0.03240776479359411
530.467899998029,0.03232542745371024
530.6385666648547,0.032246533730047926
530.8092333316804,0.03216176483313953
530.979899998506,0.03208062499540431
531.1505566652615,0.03199377740277179
531.3212233312925,0.0319107566394803
531.491889998118,0.03182219462618209
531.6625566649437,0.031737620995613176
531.8332233317693,0.03164766416253656
532.003889998595,0.031561847947879015
532.1745466653506,0.03147078810564513
532.3451999990145,0.031383996461336265
532.5158666650453,0.03129207652505802
532.6865333310764,0.031204540923182176
532.857199997902,0.031111930261511968
533.0278666647275,0.03102376054552359
533.1985333315531,0.030930580086247175
533.3691899983088,0.03084190779799144
533.5398566651345,0.030748275466416376
533.7105233319601,0.030659184475782704
533.8811899979909,0.030565111953368286
534.0518566648165,0.03047555018916338
534.2225233316422,0.030381022791405685
534.3931899984678,0.0302910208164938
534.5638566652934,0.03019604226852005
534.7345233313242,0.030105590899502422
534.9051766649882,0.030010122692280043
535.0758333317439,0.029919119700910244
535.2464999985693,0.029823040733926293
535.417166665395,0.029731359447531282
535.5878333322207,0.029634544459187215
535.7584999990463,0.02954209344665276
535.9291666642824,0.029444476806876646
536.0998233310381,0.029351191529911554
536.2704899978638,0.02925266984646386
536.4411566646894,0.029158455430477473
536.611823331515,0.02905896007410807
536.7824899983407,0.028963730395402884
536.9531566651663,0.028863143695380056
537.1238233319918,0.028766756028864526
537.2944899980228,0.0286649435149731
537.4651566648483,0.028567296533940887
537.6358099985122,0.028464157642699286
537.8064666652679,0.02836514775488182
537.9771333320936,0.028260599325572743
538.1477999989193,0.02816014817482924
538.3184666657447,0.02805409850029586
538.4891333317757,0.02795209073537907
538.6597999986013,0.02784439730739601
538.8304566653569,0.0277406951413072
539.0011233321826,0.0276312627341962
539.1717899990083,0.027525793559806888
539.3424566642443,0.02741454699001672
539.51312333107,0.027307215283888076
539.6837899978956,0.027194003768890668
539.8544566647212,0.02708463670184475
540.0251233315469,0.02696931308687282
540.1957899983723,0.02685776217959897
540.366456665198,0.02674015879472509
540.5370999979972,0.02662626483013988
540.7077666648229,0.026506250815764857
540.8784333316485,0.026389889269957115
541.0490999984743,0.026267322939216093
541.2197666652999,0.026148338542966453
541.3904333321254,0.026023042648496298
541.561089998881,0.025901273652711814
541.7317566657066,0.025773123954623087
541.9024233317375,0.025648400076763854
542.0730899985631,0.025517220769558997
542.2437566653887,0.02538941300592389
542.4144233322143,0.025255050143562576
542.58507999897,0.025123989717699337
542.7557333310444,0.024986297979958026
542.9263999978701,0.024851843369952838
543.0970666646958,0.024710672792339457
543.2677333315214,0.0245726868351345
543.438399998347,0.024427903332905294
543.6090666651726,0.024286262796016322
543.7797333319982,0.0241377540426979
543.9503999980291,0.023992329986769867
544.1210666648547,0.023839984283970633
544.2917233316105,0.02369069468512493
544.462389998436,0.023534421344385707
544.6330566652616,0.023381175147469836
544.8037233320872,0.02322090724909947
544.9743899989128,0.02306360598661142
545.1450566649437,0.022899214614971748
545.3157133316994,0.022737768661239107
545.4863666645685,0.022569178291652774
545.6570333313941,0.02240350486884162
545.8276999982198,0.02223062489295177
545.9983666650454,0.022060642731919558
546.1690333310763,0.02188343556592089
546.3396999979019,0.021709139990431833
546.5103666647276,0.02152763382061939
546.6810333315532,0.02134903457366013
546.8516999983788,0.02116319364124792
547.0223566651345,0.020980269681545725
547.19302333196,0.02079008323470171
547.3636899979908,0.020602836583000963
547.5343566648165,0.020408356313555052
547.7050233316422,0.02021682863915522
547.8756899984677,0.020018080273608258
548.0463333320617,0.019822360125129317
548.2169999988874,0.01961941792176717
548.387666665713,0.01941952464166922
548.5583333309492,0.019212462825870955
548.7289999977747,0.019008524453252584
548.8996666646004,0.018797455718356275
549.070333331426,0.01858958442731161
549.2409999982517,0.01837468383238671
549.4116666650773,0.01816314139344941
549.5823333311081,0.017944610292229338
549.7529899986584,0.017729497744149985
549.9236566646894,0.01750745507909249
550.0943233315149,0.017288926745569342
550.2649899983405,0.017063540965245445
550.4356566651662,0.016841761276364574
550.6063233319917,0.016613211321490514
550.7769766648611,0.01638840613974477
550.9476333324114,0.016156972586918696
551.1182999984424,0.015929437066435244
551.2889666652679,0.01569532648316503
551.4596333320936,0.015465154750743839
551.6302999989192,0.015228510853926538
551.8009566656749,0.014995938759959783
551.971623330911,0.014757014444493812
552.1422899977366,0.014522298729132507
552.3129566645623,0.014281363263483417
552.4836233313878,0.014044795083877685
552.6542899982135,0.013802109566011233
552.824956665039,0.01356391973118326
552.9956233318646,0.013319704089610104
553.1662899978955,0.013080109811552009
553.3369566647212,0.012834603444482914
553.5076099983851,0.012593851141083717
553.6782666651409,0.012347331248099475
553.8489333319665,0.012105684288289231
554.019599998792,0.011858387314325557
554.1902666656176,0.011616119852520318
554.3609333324432,0.011368299620557949
554.5315999984741,0.011125628377120821
554.7022566652297,0.010877485034059204
554.8729233320553,0.010634573119877436
555.043589998881,0.010386268215096466
555.2142566657067,0.010143289345270114
555.3849233309427,0.009895013927650121
555.5555899977684,0.009652157385007144
555.726256664594,0.009404081036660778
555.8969233314197,0.00916153201934996
556.0675899982452,0.008913876497050754
556.2382466650009,0.008671934905180149
556.4088999986649,0.008425033910921517
556.5795666646957,0.008183961218020164
556.7502333315213,0.007938020457830305
556.920899998347,0.007697981164081717
557.0915666651726,0.007453191844442036
557.2622333319981,0.007214426227698548
557.4328899987538,0.006970943256214188
557.6035566655795,0.00673354087024832
557.7742233316103,0.0064915169843847
557.944889998436,0.00625569443009851
558.1155566652617,0.006015388763509152
558.2862233320873,0.0057814367245098116
558.4568799988429,0.005543103901754562
558.627533331712,0.00531124726957776
558.798199997743,0.0050751351329307685
558.9688666645686,0.004845586641697124
559.1395333313942,0.00461184821897898
559.3101999982198,0.004384782109513517
559.4808666650454,0.004153613323658746
559.651533331871,0.003929237236498636
559.8221999986966,0.00370084731858282
559.9928666647277,0.0034793402801276043
560.1635233314831,0.0032538970657679783
560.3341899983088,0.0030354228125896877
560.5048566651344,0.0028130812834679837
560.6755233319601,0.0025977907493534218
560.8461899987857,0.0023787159625090672
561.0168566656113,0.0021667800905258335
561.1874999976159,0.0019511170326563484
561.3581666644415,0.0017426880297238586
561.5288333312672,0.0015306219029735462
561.6994999980927,0.0013258685848866012
561.8701666649183,0.0011175405660289004
562.0408333317439,0.0009166054048990328
562.2114999977747,0.0007121639369687611
562.3821666646003,0.0005154062725477368
562.552833331426,0.000315426985430211
562.7234999982517,0.0001232648392753593
562.8941566650071,-7.207072737449762e-05
563.0648233318328,-0.00025957944082771067
563.2354899986585,-0.0004502883317473985
563.4061566646894,-0.0006331080715371758
563.576823331515,-0.0008190489772364699
563.7474899983406,-0.0009970519293756846
563.9181333319347,-0.0011781286305792102
564.0887999987602,-0.0013511876297784124
564.2594666655858,-0.0015272812144013139
564.4301333324114,-0.0016952880375682479
564.6007999976475,-0.001866287088864502
564.7714666644731,-0.0020291535701495353
564.9421233312289,-0.0021950155383195107
565.1127899980545,-0.0023526675695066017
565.2834566648801,-0.002513282363877454
565.4541233317057,-0.002665670611106498
565.6247899985314,-0.0028209847751877247
565.7954566645623,-0.0029679925315188
565.9661233313878,-0.0031178697813806886
566.1367899982134,-0.0032593545192130457
566.3074566650391,-0.0034037135432298765
566.4781233318647,-0.003539712716699048
566.6487766655287,-0.0036786383150686336
566.8194333322842,-0.003809219116485673
566.9900999991098,-0.003942749636321068
567.1607666651407,-0.004067913760881555
567.3314333319664,-0.0041960198897729
567.5020999987921,-0.0043157829693012345
567.6727566655476,-0.004438625510622178
567.8434233323733,-0.004553271070986826
568.0140899976094,-0.004671051052295693
568.1847566644351,-0.004780643353390591
568.3554233312607,-0.004893423798093615
568.5260899980864,-0.004998062011518044
568.696756664912,-0.0051059783403743534
568.8674233317375,-0.005205807079352636
569.0380899985631,-0.0053089614172824855
569.2087566645939,-0.005404072947956679
569.3793999981881,-0.005502553856536595
569.5500666650136,-0.005593048980313816
569.7207333318393,-0.005687008800988327
569.8913999986648,-0.005772994024111757
570.0620666654905,-0.005862496271161207
570.2327333323161,-0.0059440746789601725
570.403399998347,-0.006029238761288407
570.5740566651027,-0.006106506281310314
570.7447233319283,-0.006187411084650516
570.9153899987539,-0.00626051582714521
571.0860566655795,-0.00633738896766523
571.256723332405,-0.006406553259864055
571.4273899976413,-0.006479649004540153
571.5980333312352,-0.006545119821176151
571.7686999980608,-0.006614619585830362
571.9393666648864,-0.00667661679189069
572.1100333317121,-0.006742769535238755
572.2806999985378,-0.006801467604799779
572.4513666653633,-0.006864435449738152
572.6220333313943,-0.006920117371383287
572.7926999982199,-0.006980173009005184
572.9633666650454,-0.0070329225696452655
573.134033331871,-0.007090180534820485
573.3046899986267,-0.007140307656668751
573.4753566654523,-0.007195122781827721
573.646023332278,-0.007242926316643228
573.8166899983088,-0.007295506389082132
573.9873566651344,-0.007341199311620824
574.1580233319601,-0.0073918188312686265
574.3286666647593,-0.007435707127853276
574.4993333315849,-0.0074846791460095735
574.6699999984105,-0.007526999518689991
574.8406666644414,-0.00757453187377129
575.0113333312671,-0.007615534304118828
575.1819999980926,-0.007661905702033534
575.3526666649183,-0.007701882036299519
575.523323331674,-0.0077473980743751406
575.6939899984995,-0.007786615934566332
575.8646566653251,-0.007831499133472307
576.035323331356,-0.007870156312152444
576.2059899981816,-0.007914575381709586
576.3766566650072,-0.007952856328453686
576.5473233318329,-0.007997014242754638
576.7179899986585,-0.008035172000888834
576.8886566654841,-0.008079367382992163
577.059299999078,-0.008117628295172194
577.2299666643142,-0.008162054351667945
577.4006333311399,-0.008200647705112283
577.5712999979654,-0.008245559960511727
577.7419666647911,-0.008284710810162289
577.9126333316168,-0.008330297117515222
578.0832899983724,-0.008370188255113339
578.253956665198,-0.008416621387270814
578.4246233312289,-0.008457503041326139
578.5952899980546,-0.00850507962155215
578.7659566648802,-0.008547212871666092
578.9366233317057,-0.008596178660830187
579.1072899985313,-0.008639812860995926
579.2779566653569,-0.008690385682107182
579.4486233313878,-0.008735758627980235
579.6192899982134,-0.008788222246347684
579.7899333318076,-0.008835574989714564
579.960599998633,-0.008890222198738211
580.1312666654587,-0.008939899032596876
580.3019333322843,-0.008996937320142008
580.4725999991099,-0.009049063841221101
580.643266664346,-0.009108670661000864
580.8139233311018,-0.009163503850491661
580.9845899979274,-0.009225925263687007
581.155256664753,-0.009283610429006934
581.3259233315786,-0.009348983438222852
581.4965899984041,-0.009409713456010991
581.6672566652298,-0.009478274875550599
581.8379133311907,-0.00954227633384324
582.0085666648547,-0.009614171506809217
582.1792333316803,-0.00968155204521897
582.349899998506,-0.009756913901747804
582.5205666653316,-0.009827779714188826
582.6912333321573,-0.009906750854741726
582.8618999989828,-0.009981305241479686
583.0325666650136,-0.010063998658869526
583.2032333318392,-0.010142305874275568
583.3738999986649,-0.010228825580781269
583.5445566654205,-0.010311001592948706
583.7152233322462,-0.01040141313479866
583.8858899990718,-0.010487424335620535
584.0565566643079,-0.010581704429136309
584.2272233311335,-0.010671617147445935
584.397889997959,-0.010769870569510355
584.5685566647848,-0.01086373310256201
584.7391999983787,-0.010965934575711036
584.9098666652044,-0.011063753616939296
585.08053333203,-0.011169934576214742
585.2511999980609,-0.011271701070914446
585.4218666648865,-0.011381827317922295
585.592533331712,-0.011487473752950299
585.7631899984677,-0.011601463463991065
585.9338566652934,-0.011710889921314535
586.104523332119,-0.011828630460836133
586.2751899989446,-0.011941769847471669
586.4458566649755,-0.012063217742249822
586.6165233318011,-0.012180037879113642
586.7871899986267,-0.012305157040635747
586.9578566654524,-0.012425585294740872
587.1285233322778,-0.012554230536603322
587.2991766651472,-0.012678049023048242
587.469833331108,-0.012810011820506381
587.6404999979337,-0.012937004331322506
587.8111666647594,-0.013072074502397332
587.981833331585,-0.013202093424471097
588.1524999984106,-0.01334014309286449
588.3231666652362,-0.013473052403941064
588.4938333320617,-0.013613978638920447
588.6644899980226,-0.01374970990494387
588.8351566648483,-0.013893406878039692
589.0058233316739,-0.014031816545817803
589.1764899984995,-0.014178144123591887
589.3471566653251,-0.014319098860712044
589.517809998989,-0.014467894707490846
589.6884666657448,-0.01461125054108664
589.8591333309809,-0.014762369746283985
590.0297999978065,-0.014907906739656009
590.2004666646322,-0.01506113102371001
590.3711333314578,-0.015208669740045228
590.5417999982834,-0.015363823842481599
590.7124666643142,-0.01551315110549672
590.8831333311399,-0.01566995332736238
591.0537999979655,-0.01582077852208361
591.2244566647212,-0.015978929429645825
591.3951233315468,-0.016130948252150844
591.5657899983723,-0.01629025312826645
591.7364566651979,-0.016443327422876214
591.9071233320235,-0.01660358040176776
592.0777899980545,-0.016757413344882087
592.2484566648802,-0.01691827612948805
592.4190999984742,-0.01707255621966481
592.5897666652997,-0.01723371518836499
592.7604333321253,-0.017388133464904133
592.9310999989509,-0.017549371404985758
593.1017666657766,-0.017703786056881585
593.2724333310127,-0.017864912868795754
593.4430899977684,-0.01801906192551926
593.613756664594,-0.01817975181943453
593.7844233314196,-0.018333276732681775
593.9550899982453,-0.01849317637160262
594.1257566650709,-0.01864571533817624
594.2964233318964,-0.01880449483651898
594.4670899979274,-0.01895563180971763
594.637756664753,-0.019112840571698948
594.8084233315785,-0.019262262490100615
594.9790799983342,-0.019417616823683093
595.1497333319983,-0.01956506628987728
595.3203999988239,-0.019718343102226674
595.4910666656494,-0.019863528048666344
595.6617333316804,-0.020014419722921003
595.8323999985059,-0.020157095134917355
596.0030666653315,-0.020305353891169928
596.1737233320872,-0.02044521455351642
596.3443899989128,-0.02059049487283698
596.5150566657384,-0.020727184957865033
596.6857233309745,-0.020869114742541398
596.8563899978002,-0.021002304146289764
597.0270566646257,-0.02114063483172463
597.1977233314514,-0.02127001142324463
597.368389998277,-0.021404349993903286
597.5390566651027,-0.021529530069958013
597.7097133318583,-0.021659526024513417
597.8803666647275,-0.021780191853367974
598.0510333315531,-0.02190551807495802
598.2216999983788,-0.022021324239494423
598.3923666652043,-0.022141645797594374
598.5630333320299,-0.02225225014150303
598.7336999988555,-0.022367222621333876
598.9043566656112,-0.022472248934346954
599.0750233316421,-0.022581472414003212
599.2456899984678,-0.022680558199699084
599.4163566652933,-0.02278369480866337
599.587023332119,-0.022876586442832438
599.7576899989447,-0.022973387641155106
599.9283333317438,-0.023059685199234792
600.0989999977749,-0.02314973903711289
600.2696666646004,-0.023229115974600038
600.440333331426,-0.02331213282811294
600.6109999982516,-0.02338435048990741
600.7816666650772,-0.02346012139207521
600.9523333319028,-0.023524961292282334
601.1229999987283,-0.023593175201619583
601.2936666647594,-0.023650245229508392
601.464333331585,-0.023710549788163355
601.6349899983405,-0.023759553335672017
601.8056566651661,-0.023811677617291617
601.9763233319918,-0.023852351831432736
602.1469899988175,-0.02389604100815582
602.317656665643,-0.023928137021055472
602.4883233316739,-0.02396314207310377
602.6589766645432,-0.023986395766923817
602.8296333312989,-0.024012480772182244
603.0002999981244,-0.02402667137821538
603.1709666649501,-0.024043551040816492
603.3416333309809,-0.02404838642121862
603.5122999978066,-0.024055811945388937
603.6829566645622,-0.02405101507028247
603.8536233313878,-0.02404869753713866
604.0242899982134,-0.024034008288522667
604.194956665039,-0.024021708823477823
604.3656233318646,-0.023996865642538265
604.5362899986903,-0.023974326986154655
604.7069566647211,-0.02393913306770471
604.8776233315468,-0.023906167512313888
605.0482899983724,-0.02386042910166359
605.218956665198,-0.023816898474859457
605.3896099988619,-0.023760598491241302
605.5602666656176,-0.02370647807681288
605.7309333324432,-0.023639541613080198
605.9015999976793,-0.023574733044314476
606.0722666645049,-0.023496967261888713
606.2429333313306,-0.023421244021962703
606.4135999981562,-0.023332503217845777
606.5842566649119,-0.023245808738560324
606.7549233317375,-0.023146030072351078
606.9255899985632,-0.02304826583148255
607.096256664594,-0.022937344371646403
607.2669233314197,-0.022828434116199576
607.4375899982452,-0.022706281408677444
607.6082333318393,-0.02258607391328563
607.7788999986649,-0.022452541997725763
607.9495666654905,-0.022320936378217728
608.120233332316,-0.022175958273004327
608.290899998347,-0.022032892287557945
608.4615666651725,-0.021876441325544883
608.6322333319982,-0.02172192315430724
608.8028999988238,-0.021553971450012598
608.9735666656494,-0.021388007782493668
609.1442333324751,-0.021208544645985497
609.3148899976411,-0.02103108263516368
609.4855566644668,-0.020840170334735036
609.6562233312925,-0.020651327156634862
609.8268899981182,-0.020449052366367283
609.9975566649438,-0.020248908443099654
610.1682233317694,-0.020035396160074152
610.3388799985249,-0.019824086664159062
610.5095333313942,-0.01959948109069627
610.6801999982198,-0.01937720484897357
610.8508666650454,-0.019141658017670017
611.021533331871,-0.018908541550917098
611.1921999986967,-0.018662215219035827
611.3628666655222,-0.018418442855878087
611.5335233322779,-0.0181615966638124
611.7041899983087,-0.017907386396658703
611.8748566651344,-0.01764005705315927
612.0455233319601,-0.01737544398352361
612.2161899987857,-0.01709780639016648
612.3868566656113,-0.016823016862631556
612.5575233316421,-0.016535370140970222
612.7281899976731,-0.016250742162539942
612.8988566644987,-0.015953375887371248
613.0694999980926,-0.01565919357431709
613.2401666649182,-0.015352406055503363
613.4108333317438,-0.015048944752741378
613.5814999985695,-0.014733036895691482
613.7521666653951,-0.014420638705654678
613.922833331426,-0.0140959035436918
614.0934999982516,-0.013774861688463378
614.2641566650072,-0.013441686342253085
614.434823331833,-0.013112427132406438
614.6054899986584,-0.012771232147592106
614.7761566654841,-0.01243423759474508
614.9468233323098,-0.012085536580231936
615.1174899983406,-0.01174125105610511
615.2881333311399,-0.011385299661242066
615.4587999979656,-0.011033911062411705
615.6294666647912,-0.01067099059289591
615.8001333316167,-0.010312724495861481
615.9707999976476,-0.009943095161640582
616.1414666644732,-0.009578384576400138
616.3121333312988,-0.00920246894421422
616.4827999981244,-0.008831712165598247
616.6534666649501,-0.008449975504320334
616.8241233317058,-0.008073663709709683
616.9947899985312,-0.00768662053245507
617.1654566653569,-0.0073053193034784
617.3361233313879,-0.0069135045486260855
617.5067899982134,-0.0065276290439980275
617.677456665039,-0.006131498871911104
617.8481233318646,-0.005741697550701939
618.0187666654587,-0.005342014980055633
618.1894333322844,-0.004949078524186367
618.3600999991099,-0.004546635410364666
618.5307666643461,-0.004151240108430638
618.7014333311716,-0.0037466136781866355
618.8720999979972,-0.0033494074728986313
619.0427566647529,-0.00294338202864458
619.2134233315786,-0.0025452308390353316
619.3840899984041,-0.002138619824583078
619.5547566652298,-0.001740019962116098
619.7254233312607,-0.001332956362654667
619.8960899980863,-0.0009340491031209612
620.0667566649118,-0.0005268406570801334
620.2374233317375,-0.0001279616704712536
620.4080899985631,0.00027905689185770636
620.578756664594,0.0006776002170852338
620.7493999989827,0.0010842585707320682
620.9200666650137,0.0014823763840977394
621.0907333318393,0.0018886913813800016
621.2613999986648,0.002286319071169289
621.4320666654905,0.0026918671430656415
621.602733332316,0.003088481240371491
621.7733899990717,0.0034928481869892433
621.9440566643079,0.003888161557453852
622.1147233311336,0.004291124259672079
622.2853899979592,0.0046847735718751424
622.4560566647848,0.005085877815844682
622.6267233316104,0.005477420917119672
622.797389998436,0.005876114050240495
622.96803333203,0.006265050933327257
623.1386999980608,0.006661022708411007
623.3093666648864,0.007046992820019899
623.4800333317121,0.007439797144818943
623.6506999985377,0.007822403100518436
623.8213666653634,0.008211718983083571
623.9920233321191,0.00859063315107264
624.1626899989445,0.00897603466586204
624.3333566649756,0.009350850927046388
624.5040233318011,0.009731955293395106
624.6746899986267,0.010102208948698382
624.8453566654523,0.010478489094267752
625.0160233322779,0.010843603185163812
625.1866899983088,0.011214534536739844
625.3573566643397,0.01157409447962894
625.5280099980037,0.011939318451541446
625.6986666647592,0.012293024052145789
625.8693333315849,0.012652250340842662
626.0399999984105,0.012999795223790436
626.2106666652361,0.013352697021749405
626.3813333320617,0.01369364587840081
626.5519999980927,0.014039719102354829
626.7226666649182,0.014373559649041617
626.8933233316739,0.014712140958972298
627.0639899984996,0.015038267226602002
627.2346566653252,0.01536905280818676
627.4053233321508,0.01568721791588928
627.5759899989764,0.016009845556577695
627.7466566650073,0.01631968630651702
627.9173233318329,0.016633903910258725
628.0879899986585,0.01693522985724795
628.2586566654842,0.017240843715313973
628.4292999982833,0.0175333858227308
628.5999666643143,0.017830041794746045
628.7706333311398,0.018113506380643678
628.9412999979655,0.01840094609367883
629.1119666647911,0.018674966935264815
629.2826333316167,0.018952834801657097
629.4532899983724,0.019217151640494486
629.6239566651981,0.019485248226676206
629.7946233320237,0.019739628077579386
629.9652899980545,0.01999771171254461
630.13595666488,0.020242017830265427
630.3066233317057,0.02048999564330327
630.4772899985313,0.02072418352133881
630.6479333321254,0.020961998838028528
630.818599998951,0.021185863512381133
630.9892666657765,0.02141328253797826
631.1599333310127,0.021626678782865418
631.3305999978384,0.021843591236547243
631.5012666646641,0.022046503983892168
631.6719233314195,0.02225299546088759
631.8425899982452,0.02244538554922728
632.0132566650708,0.022641191735836893
632.1839233318965,0.02282279528730603
632.3545899979273,0.023007828583652787
632.525256664753,0.02317858065327476
632.6959233315786,0.02335258669022852
632.8665899984042,0.02351222969904124
633.0372566652297,0.02367530247371062
633.2079133319854,0.023824079053304168
633.3785666656495,0.023976270448654493
633.5492333316803,0.024114003680795314
633.719899998506,0.024254945349884028
633.8905666653314,0.02438137236042582
634.0612333321571,0.024511059048959543
634.2318999989827,0.024626234758044062
634.4025566657385,0.024744715307856567
634.5732233309747,0.02484876908097425
634.7438899978002,0.024956347801586197
634.9145566646258,0.02504945070926547
635.0852233314514,0.025145973967964513
635.2558899982771,0.025227970694438107
635.4265466650327,0.025313403337444675
635.5971999986966,0.025384399433599245
635.7678666647275,0.025458994828617305
635.9385333315531,0.025519215669359864
636.1091999983788,0.025583046930052884
636.2798666652045,0.02563249114192801
636.45053333203,0.025685642944871686
636.6211999988557,0.02572441311706272
636.7918666656813,0.025767048117058527
636.962533331712,0.025795409579616912
637.1331899984677,0.025827672764203894
637.3038566652933,0.02584564148530287
637.4745233321189,0.025867544670039787
637.6451899989446,0.02587525180743283
637.8158566649755,0.025886850451558086
637.9865233310063,0.025884260083258892
638.1571666646004,0.025885825670209275
638.327833331426,0.025873303153601312
638.4984999982515,0.025865026920300384
638.6691666650771,0.02584271281475531
638.8398333319028,0.025824704778264835
639.0104999987285,0.02579269389610635
639.1811666647593,0.025764994657306507
639.351823331515,0.025723256877150307
639.5224899983407,0.025685926326148127
639.6931566651663,0.02563458789675792
639.8638233319919,0.025587733841284505
640.0344899988174,0.025526929812353483
640.205156665643,0.025470694159672073
640.3758233316739,0.025400569092320295
640.5464899984996,0.02533516193147271
640.7171566653252,0.025255957218297743
640.8878099981944,0.02518154251496101
641.05846666495,0.025093349216556874
641.229133330981,0.025010040002962107
641.3997999978066,0.02491301099309657
641.5704666646321,0.024821004757422667
641.7411333314578,0.02471537585107549
641.9117899982135,0.02461458446490036
642.0824566650391,0.024500019727751916
642.2531233318647,0.024390403656789756
642.4237899986903,0.024267149825328745
642.5944566647212,0.024149076855009995
642.7651233315468,0.024017544803080215
642.9357899983725,0.023891459873349032
643.1064433320364,0.02375205460557133
643.277099998792,0.023618111012417013
643.4477666656176,0.02347083885586362
643.6184333324433,0.02332928755610363
643.7890999976795,0.023174505362817725
643.959766664505,0.023025475332359092
644.1304333313307,0.022863280176892025
644.3010999981562,0.022706819524211296
644.4717666649818,0.022537125031055903
644.6424333310126,0.022373188367624346
644.8130899985632,0.02219601212847385
644.983756664594,0.022024605365935493
645.1544233314196,0.021840062108989495
645.3250899982452,0.021661505729429955
645.4957566650708,0.02146993059758755
645.6664233318965,0.02128436696620283
645.8370666654904,0.021085780175359472
646.0077333323161,0.020893268369964243
646.1783999983469,0.020687719804969692
646.3490666651726,0.020488254169302077
646.5197333319982,0.020275663169157576
646.6903999988239,0.02006923386853187
646.8610666656494,0.019849731166685328
647.0317233324051,0.01963647138220171
647.2023899976413,0.019410170076664086
647.3730566644668,0.019190160322644353
647.5437233312925,0.018957119228297712
647.7143899981181,0.01873045701406351
647.8850566649437,0.018490851273985993
648.0557233317693,0.018257685021696966
648.2263899985949,0.018011543502362667
648.3970566646258,0.017771837767496062
648.5677133313815,0.01751900062095964
648.7383666650454,0.017272471074509226
648.9090333318711,0.017012692925789188
649.0796999986967,0.016759142909310375
649.2503666655223,0.016492576116406244
649.4210333323479,0.016232721441128736
649.5916999983788,0.015959995180536316
649.7623566651343,0.015694012002810943
649.93302333196,0.015415260975831858
650.1036899987856,0.015143313989925883
650.2743566656112,0.014858487169825744
650.4450233316422,0.014580423552449515
650.615689997673,0.01428952031017699
650.786333331267,0.014005561987949425
650.9569999980926,0.01370875475902502
651.1276666649183,0.013418939549503357
651.298333331744,0.013116455297183832
651.4689999985694,0.012821127660484308
651.6396666653951,0.012513251667863007
651.810333331426,0.012212799228189644
651.9809899981817,0.011899917871628984
652.1516566650073,0.011594670601925264
652.3223233318329,0.01127712769654547
652.4929899986585,0.010967306886368934
652.663656665484,0.010645252749330685
652.8343233323097,0.010331152771491466
653.0049899983406,0.010004880109958907
653.1756566651662,0.00968649614421257
653.3463233319918,0.009355907895564073
653.5169666647911,0.009033179673103455
653.6876333316168,0.008698237301946212
653.8582999976476,0.0083713082569222
654.0289666644733,0.008032215917148255
654.1996333312989,0.007701191482293451
654.3702999981244,0.007358043235416044
654.5409566648801,0.007022940590865064
654.7116233317057,0.00667567498796819
654.8822899985314,0.006336451182802645
655.052956665357,0.005985107310632311
655.2236233313879,0.005642100333769837
655.3942899982135,0.005287246726257187
655.5649566650391,0.004941128155319128
655.735599998633,0.004583245293948555
655.9062666654587,0.0042341515298635925
656.0769333322844,0.0038734037145191622
656.2475999991099,0.003521608025101889
656.4182666643461,0.0031583380410928528
656.5889333311717,0.00280422871366266
656.7595999979973,0.002438604548369144
656.9302666648229,0.002082211304142997
657.1009333316485,0.0017143714329248899
657.2715899984042,0.0013557418882820707
657.4422566652298,0.0009857767444706662
657.6129233312606,0.0006252636188701855
657.7835899980862,0.00025342176897354173
657.9542566649119,-0.00010892202609551064
658.1249233317375,-0.0004824613134891001
658.2955799984932,-0.0008466110850866354
658.4662333321571,-0.001222074201372131
658.6368999989828,-0.0015881066910213115
658.8075666650136,-0.0019653856275151874
658.9782333318393,-0.0023331810855095466
659.1488999986649,-0.0027120742535973424
659.3195666654905,-0.003080998677877101
659.4902233322462,-0.003460867697361621
659.6608899990717,-0.0038307288718982687
659.831556664308,-0.004211508570476785
660.0022233311336,-0.004582148683120426
660.1728899979591,-0.004963554859984631
660.3435566647847,-0.005334660044283998
660.5142133315404,-0.005716412157272751
660.6848666652044,-0.00608771592186734
660.8555333320301,-0.0064696365569568235
661.0261999980609,-0.00684103947938164
661.1968666648866,-0.007222960216575986
661.3675333317121,-0.007594134621249693
661.5381999985377,-0.007975761052065074
661.7088666653633,-0.00834652445707523
661.8795333321889,-0.008727690212618497
662.0501999990145,-0.009097825080313484
662.2208566649755,-0.009478183490765003
662.3915233318011,-0.009847413393643754
662.5621899986266,-0.010226696275612342
662.7328566654523,-0.01059453562398035
662.9035233322779,-0.010972305717958096
663.0741899983088,-0.011338587501848501
663.244843331178,-0.011714775383403127
663.4154999979337,-0.012079287370323499
663.5861666647594,-0.012453620330487305
663.7568333315849,-0.012816146166282965
663.9274999984106,-0.01318845560544932
664.0981666652362,-0.01354881382818746
664.2688333320618,-0.013918753598503183
664.4394899980227,-0.014276687930995367
664.6101566648483,-0.014644355436168602
664.7808233316739,-0.015000111727801056
664.9514899984995,-0.015365491446839016
665.1221566653252,-0.015718764333887077
665.2928233321508,-0.01608150685459254
665.4634899989763,-0.01643199293637501
665.6341566650073,-0.01679185249610728
665.8048233318328,-0.01713930470662258
665.9754766647022,-0.017496146406160654
666.1461333314577,-0.017840504406696416
666.3167999982834,-0.018194057659901623
666.4874666643143,-0.01853504492853419
666.6581333311399,-0.01888513862929636
666.8287999979655,-0.01922204506709749
666.999466664791,-0.019567802335331806
667.1701233315468,-0.019900305118384698
667.3407899983724,-0.02024148956129246
667.511456665198,-0.020569318605610055
667.6821233320236,-0.020905738090510172
667.8527899980545,-0.02122867352341063
668.0234566648801,-0.02156019972413277
668.194109998544,-0.021878102111418073
668.3647666652998,-0.022204483877740582
668.5354333321253,-0.022516996922077776
668.706099998951,-0.022837880750680998
668.8767666657766,-0.023144792241930005
669.0474333310127,-0.023459767042606276
669.2180999978383,-0.023760537938942235
669.3887566645941,-0.024069397623165813
669.5594233314197,-0.02436386488020578
669.7300899982453,-0.024666326218797156
669.9007566650708,-0.02495427284786029
670.0714233318964,-0.0252500929718896
670.2420899979273,-0.025531148942266695
670.4127566647529,-0.025820046655879243
670.5834233315785,-0.026094408567254514
670.7540899984042,-0.026376563154636098
670.9247466651599,-0.026644091011740825
671.0953999988238,-0.026919185710690106
671.2660666656495,-0.027179477995400485
671.4367333316803,-0.02744728653104027
671.6073999985059,-0.02770048918197348
671.7780666653315,-0.027961418085096234
671.9487333321572,-0.0282075704514356
672.1193899989128,-0.0284611242408902
672.2900566657385,-0.02869925103082223
672.4607233309746,-0.028944329566673158
672.6313899978002,-0.029173538095919292
672.8020566646258,-0.02940952200673232
672.9727233314513,-0.029629453266173195
673.1433799982071,-0.029855862217635226
673.314033331871,-0.03006602723675443
673.4846999986967,-0.0302826584903625
673.6553666647276,-0.03048290315536614
673.8260333315532,-0.030689551102899424
673.9966999983787,-0.030879563809850148
674.1673666652043,-0.031075655302396376
674.3380333320299,-0.03125477107108819
674.5086999988556,-0.03144004103660617
674.6793666656812,-0.031608611047029785
674.8500233316421,-0.03178319881021841
675.0206899984678,-0.03194119245204309
675.1913566652934,-0.03210530786994981
675.362023332119,-0.03225283548591941
675.5326899989446,-0.03240672260182242
675.7033566649754,-0.032544155258291324
675.8739999977748,-0.03268772779659187
676.0446666646003,-0.03281440146526117
676.215333331426,-0.03294707939884006
676.3859999982517,-0.033062667443769185
676.5566666650773,-0.033184136973566106
676.7273333319029,-0.03328840780414613
676.8979999987284,-0.03339853665855016
677.0686566646893,-0.03349145131291103
677.2393233315149,-0.0335899972227159
677.4099899983406,-0.03367129950341853
677.5806566651662,-0.03375821884017494
677.7513233319918,-0.033827763232268646
677.9219899988174,-0.03390272107955255
678.0926333324114,-0.033960110485339985
678.2632999976477,-0.034022844466893104
678.4339666644731,-0.03406794395126876
678.6046333312988,-0.034118460676139106
678.7752999981245,-0.034151387722296325
678.9459666649501,-0.034189667731341314
679.1166333309809,-0.03421020901168482
679.2872999978065,-0.03423596237478627
679.4579666646322,-0.03424398483444082
679.6286233313879,-0.03425706576787835
679.7992899982135,-0.03425201579761063
679.969956665039,-0.034251598362686535
680.1406233318646,-0.034232707685487244
680.3112899986902,-0.03421869759364103
680.4819566647211,-0.034186315889684196
680.6526233315468,-0.03415850521350843
680.8232666651407,-0.034112119393052615
680.9939333319664,-0.034070233702486595
681.164599998792,-0.034009566471649426
681.3352666656176,-0.03395329272077478
681.5059333324432,-0.03387808555049281
681.6765999976794,-0.03380711580253525
681.8472566644351,-0.033717057263365297
682.0179233312607,-0.03363119177111452
682.1885899980863,-0.033526211809433985
682.3592566649119,-0.03342541102579442
682.5299233317376,-0.033305432919727054
682.7005899985631,-0.033189584902684414
682.871256664594,-0.033054274233138815
683.0419233314196,-0.032923054931295326
683.2125899982453,-0.0327723767269423
683.3832566650708,-0.032625666985793125
683.553899998665,-0.032459392069513135
683.7245666654906,-0.03229697839979811
683.8952333323161,-0.032114806936166404
684.0658999983469,-0.03193635825601101
684.2365666651726,-0.03173798315259492
684.4072333319982,-0.031543120594007226
684.5778899987539,-0.03132847328789381
684.7485566655795,-0.03111800252001932
684.9192233324051,-0.030888085846812876
685.0898899976412,-0.03066173746311224
685.2605566644668,-0.03041546902792707
685.4312233312925,-0.030172850945779376
685.6018899981179,-0.029910310369561696
685.7725333317121,-0.02965140244211313
685.9431999985377,-0.029372225828674263
686.1138666653634,-0.029096717200435027
686.2845333313942,-0.028800976498578403
686.4551999982198,-0.028509019245650778
686.6258666650455,-0.028196966678251802
686.7965233318012,-0.027888667030614593
686.9671899986267,-0.027560429502708674
687.1378566654523,-0.02723613672244198
687.3085233322779,-0.026891709537679644
687.4791899983088,-0.026551257779578983
687.6498566651344,-0.026190557974756508
687.8205233319601,-0.02583377454722003
687.9911899987856,-0.025456904274339023
688.1618566656113,-0.02508420570166484
688.3325099984804,-0.02469155025314781
688.5031666644414,-0.024303003015359915
688.673833331267,-0.02389524280761757
688.8444999980927,-0.02349230319850309
689.0151666649183,-0.02307032607595521
689.1858333317439,-0.022653131465807243
689.3564999985695,-0.02221637164957421
689.527166665395,-0.021784523152828954
689.6978233313561,-0.021333301565498827
689.8684899981816,-0.02088726142786617
690.0391566650072,-0.020422859580025012
690.2098233318328,-0.01996393056770032
690.3804899986584,-0.019486490850597494
690.5511433323225,-0.019014666295151986
690.7217999990783,-0.018524797998476908
690.8924666643143,-0.01804091552401908
691.06313333114,-0.017539311262457436
691.2337999979655,-0.01704408888984779
691.4044666647911,-0.016531378191924823
691.5751333316167,-0.01602530495260479
691.7457899983724,-0.01550193390901878
691.9164566651981,-0.014985679145246261
692.0871233312289,-0.014452826047418129
692.2577899980545,-0.013927790608706907
692.4284566648801,-0.013387025476985146
692.5991233317056,-0.012854509159461496
692.7697899985312,-0.012306707471056963
692.9404566653569,-0.0117674336077415
693.111123331388,-0.011213012222190405
693.2817899982134,-0.010667550082851387
693.4524333318075,-0.010107648511881789
693.623099998633,-0.009557207636917373
693.7937666654587,-0.008992639253559349
693.9644333322843,-0.008438039888997448
694.1350999991099,-0.007869781224619293
694.305766664346,-0.0073118082069227675
694.4764233311017,-0.006740561991749533
694.6470899979274,-0.006179849383370364
694.817756664753,-0.005605733654379082
694.9884233315786,-0.0050421531780305
695.1590899984042,-0.004465328688027904
695.3297566652298,-0.003899264156110625
695.5004133311908,-0.003320270340416759
695.6710666648547,-0.002752488109681275
695.8417333316804,-0.0021722938835807186
696.012399998506,-0.0016038402301513492
696.1830666653316,-0.0010235830672502945
696.3537333321572,-0.00045551121606320766
696.5243999989827,0.00012412724069526732
696.6950566649436,0.0006914044637585924
696.8657233317693,0.0012696089249791432
697.0363899985949,0.0018345094305495305
697.2070566654205,0.0024098094767171256
697.3777233322461,0.0029716116915954834
697.5483899990717,0.003543598417187665
697.7190566643079,0.004101889514840259
697.8897233311334,0.004670164301869567
698.0603899979591,0.005224325458880309
698.2310466647149,0.005787980948642854
698.4016999983788,0.006337343447546175
698.5723666652045,0.006896115928583562
698.74303333203,0.007439981743859085
698.9136999980609,0.007992608449023109
699.0843666648864,0.008529952312898373
699.2550333317121,0.009075594917317367
699.4256899984678,0.00960576290939678
699.5963566652933,0.01014414512602094
699.7670233321189,0.010666679342113086
699.9376899989445,0.011197169456880743
700.1083566649755,0.01171117744231997
700.279023331801,0.012232403071112164
700.4496666646004,0.012736435683999509
700.6203333314259,0.013247064419541023
700.7909999982518,0.013740578501716977
700.9616666650771,0.014240760905926911
701.1323333311082,0.014723461178976322
701.3029999979337,0.015212405024398249
701.4736666647593,0.015683574841300153
701.6443233315151,0.016160959483963906
701.8149899983407,0.016620844931117058
701.9856566651663,0.017087362673793946
702.1563233319919,0.017536058451193354
702.3269899980227,0.01799108656327652
702.4976566648483,0.01842785056409856
702.6683233316738,0.01887044016900183
702.8389899984995,0.019294760675811703
703.0096566653252,0.019725320072200306
703.1802999989192,0.02013763656753593
703.3509666657449,0.020556233373938408
703.521633330981,0.020956323189689756
703.6922999978066,0.02136221005285073
703.8629666646322,0.02174887058719593
704.0336333314578,0.022140748838557225
704.2042899982135,0.02251312965403876
704.3749566650391,0.02289002447740144
704.5456233318647,0.023246833248336627
704.7162899978955,0.02360778487939454
704.8869566647211,0.023948538524376943
705.0576233315467,0.024293310511380325
705.2282899983724,0.024617638088337883
705.3989333319663,0.02494573603151993
705.569599998792,0.025253226371991736
705.7402666656176,0.0255642743938117
705.9109333324434,0.02585433094961735
706.0815999984742,0.02614754309823585
706.2522666652998,0.02641954623404341
706.4229233320555,0.026694607163259984
706.593589998881,0.02694856921754021
706.7642566657066,0.027205808238102935
706.9349233309429,0.027441467739331454
707.1055899977684,0.027679783346889596
707.276256664594,0.027896034611574836
707.4469233314196,0.028114712428263
707.6175899982452,0.028311500325450406
707.7882566650709,0.028510761806787053
707.9589233318964,0.02868782097813392
708.1295666646959,0.02886723958144523
708.3002333315214,0.029024552628501024
708.470899998347,0.029184279392418827
708.6415666651726,0.029321777852391786
708.8122333319982,0.029461433341432107
708.9828999988238,0.029578539075389435
709.1535566655796,0.029697684231209994
709.3242233316104,0.029794494734974437
709.494889998436,0.029892878893179205
709.6655566652615,0.029968511964494297
709.8362233320871,0.030046225956992544
710.0068899989128,0.03010111449333583
710.1775566657385,0.03015808003294888
710.348199997743,0.030192432559891753
710.5188666645686,0.03022893159447874
710.6895333313943,0.03024274976891645
710.86019999822,0.030258707631340268
711.0308666650454,0.030252023557452202
711.2015333318711,0.03024728774759545
711.3721899986267,0.03022005503675631
711.5428566646576,0.030194769732837787
711.7135233314832,0.030147040100089336
711.8841899983088,0.030101524524284794
712.0548566651344,0.030033502174943827
712.22552333196,0.029967688431287862
712.3961899987856,0.02987948892708571
712.5668566656113,0.029793468059095517
712.7375233316421,0.029684872277700454
712.9081766645113,0.029578837954624036
713.0788333312672,0.029450591542326505
713.2494999980926,0.02932484767004849
713.4201666649184,0.029176984803746787
713.5908333317439,0.02903175471851198
713.7614999977748,0.028864727867647353
713.9321666646003,0.028700542595361284
714.1028333314259,0.02851478623117856
714.2734899981817,0.028331996208489457
714.4441566650073,0.02812739027228528
714.6148233318329,0.02792608319683016
714.7854899986585,0.02770323739899823
714.9561566646893,0.027483625192619574
715.1268099983533,0.027242599836568644
715.2974666651091,0.02700483206498783
715.4681333319346,0.02674538010127582
715.6387999987603,0.026489234811906244
715.8094666655859,0.026211417791863367
715.9801333324115,0.025936438383077742
716.1507999976476,0.025640253320658925
716.3214566644033,0.025347613347129976
716.492123331229,0.0250338476228528
716.6627899980546,0.02472365170350468
716.8334566648801,0.02439245038114681
717.0041233317057,0.024065112105185298
717.1747899985314,0.02371641701638337
717.3454566645621,0.023370769886821893
717.5161233313878,0.023004039014169548
717.6867899982135,0.022640714556316634
717.857456665039,0.0222567521841142
718.028099998633,0.021876370670958132
718.1987666654588,0.021475437222743452
718.3694333322844,0.02107842370328091
718.54009999911,0.020661047163901772
718.7107666651408,0.020247804535481157
718.8814333319665,0.019814107885822205
719.0520899987221,0.01938457846157721
719.2227566655476,0.01893541335754671
719.3934233323732,0.01849199438945115
719.5640899976095,0.018029614486936144
719.734756664435,0.017573122072267383
719.9054233312606,0.017097687149195934
720.0760366654397,0.016628686429052512
720.2466566650073,0.016141021160997363
720.4173233318329,0.015659782400608255
720.5879899986585,0.01516023122227417
720.7586566654842,0.014667566504220705
720.9293233323098,0.01415718481579229
721.0999899975459,0.013654260843852108
721.2706333311398,0.013134192346770119
721.4412999979654,0.012622088195159635
721.6119666647911,0.012093006168622338
721.7826333316167,0.011572741844167032
721.9532999984424,0.01103593519285541
722.123966665268,0.010507978232997128
722.2946233320237,0.00996401208342688
722.4652899980545,0.009429130197509192
722.63595666488,0.008878642900283965
722.8066233317057,0.008337861322608475
722.9772899985313,0.007781960592170869
723.147956665357,0.00723642964982781
723.3186233321826,0.006676304393780243
723.4892666657765,0.006127259179064301
723.6599333310127,0.005564379000013327
723.8305999978384,0.005013038581425408
724.0012666646641,0.0044481452861096366
724.1719333314895,0.003894270486056648
724.3425999983152,0.003326631078963789
724.5132566650708,0.002770315364297996
724.6839233318965,0.002200680498579206
724.8545899979273,0.0016434878169184898
725.025256664753,0.0010731721887330195
725.1959233315786,0.000515594905329858
725.3665899984042,-5.3620966009981064e-05
725.5372566652297,-0.0006086727070939929
725.7079233312608,-0.0011746237829623645
725.8785899980863,-0.0017255880067291879
726.049246664842,-0.002287127101682681
726.219899998506,-0.0028335551426652917
726.3905666653314,-0.0033900328297673515
726.5612333321571,-0.003930921773544211
726.7318999989827,-0.004481689879107602
726.9025666658084,-0.005016008680024229
727.0732333310445,-0.005559507995112965
727.2438899978002,-0.006086063312825831
727.4145566646258,-0.006621394701427472
727.5852233314515,-0.007139827572206515
727.7558899982771,-0.007666671856775618
727.9265566651027,-0.008175962159862618
728.0972233319283,-0.008693165077709489
728.2678799978892,-0.009192143724332085
728.4385333315531,-0.0096983831610853
728.6091999983788,-0.010186051397226557
728.7798666652045,-0.010680800176426704
728.95053333203,-0.011156612436917408
729.1211999988557,-0.011639015870437659
729.2918666656813,-0.012102032890743642
729.4625233316422,-0.012571539036598613
729.6331899984677,-0.01302126595671915
729.8038566652933,-0.013477068879307877
729.974523332119,-0.013912319475768254
730.1451899989446,-0.014353039240239422
730.3158566649755,-0.01477312431532916
730.4865233310063,-0.015198612685699825
730.657189997832,-0.015603187314654555
730.8278566646576,-0.01601286206383473
730.9984999982515,-0.01640060508759072
731.1691666650771,-0.01679231881558433
731.3398333319028,-0.01716190301361183
731.5104999987285,-0.01753564842509992
731.6811666647593,-0.01788687419002953
731.8518333315849,-0.018242281481615222
732.0224999984105,-0.018575337128676952
732.1931566651663,-0.01891261814872291
732.3638233319919,-0.019227464661726375
732.5344899988174,-0.019546431732296216
732.705156665643,-0.019843010800071587
732.8758233316739,-0.02014325445443925
733.0464899984996,-0.020421383087397903
733.2171333312988,-0.020703266356210417
733.3877999981244,-0.02096259953130597
733.55846666495,-0.02122612028264016
733.7291333309809,-0.021468145951055718
733.8997999978066,-0.021715194063486726
734.0704666646321,-0.02194168962422782
734.2411233313878,-0.02217330934935269
734.4117899982135,-0.022383543904251093
734.5824566650391,-0.02259820245013752
734.7531233318647,-0.02279099915274568
734.9237899986903,-0.022987909026921726
735.0944566647212,-0.02316308766759247
735.2651233315468,-0.023342830968170986
735.4357899983725,-0.023500816764320778
735.606456665198,-0.02366224140047676
735.7771233320236,-0.023800416046532383
735.9477766656876,-0.02394183255317027
736.1184333324433,-0.02406000155735247
736.2890999976795,-0.02418140623776857
736.459766664505,-0.024279339971949806
736.6304333313307,-0.024379934019504886
736.8010999981562,-0.0244567265392684
736.9717566649119,-0.024536450108693722
737.1424233317375,-0.024592226961785122
737.3130899985632,-0.024651490985835016
737.483756664594,-0.024687110280041016
737.6544233314196,-0.024726099083353974
737.8250899982452,-0.02474217822727895
737.9957566650709,-0.024762132182743445
738.1663999986649,-0.024759449692124354
738.3370666654904,-0.024760774915900688
738.5077333323161,-0.02473961211995216
738.6783999983469,-0.024723109908283813
738.8490666651726,-0.024684084320066205
739.0197333319982,-0.024649363154171967
739.190389998754,-0.024592277764533214
739.3610566655796,-0.02453932228174127
739.5317233324051,-0.024464371697015302
739.7023899976413,-0.024394121139543538
739.873056664467,-0.024301866227799007
740.0437233312925,-0.02421431686862488
740.2143899981181,-0.02410535827483555
740.3850333317121,-0.024001271731244517
740.5556999985376,-0.02387521887894056
740.7263666653632,-0.023754628819631265
740.8970333313943,-0.02361386748455771
741.06769999822,-0.02347861252926608
741.2383666650454,-0.02332215743526202
741.4090333318711,-0.023170780280564688
741.5796999986967,-0.02299821686196462
741.7503666655223,-0.022831537586243053
741.9210333323479,-0.022643628781606747
742.0916899983088,-0.022461566745664095
742.2623566651345,-0.02225802355489058
742.43302333196,-0.022060147933274744
742.6036899987856,-0.02184124001252105
742.7743566656113,-0.021628487999520458
742.9450099984805,-0.021394784892156817
743.1156666644414,-0.021167474255725877
743.286333331267,-0.020919445690540363
743.4569999980926,-0.020677678843055377
743.6276666649183,-0.020415732822814187
743.798333331744,-0.02016049023838533
743.9689999985694,-0.01988607780540727
744.1396666653951,-0.019619235462485795
744.310323331356,-0.01933347049865621
744.4809899981817,-0.019055674472896276
744.6516566650073,-0.018758981949888225
744.8223233318329,-0.018470322586296085
744.9929899986585,-0.01816321318800166
745.1636433323224,-0.017864351131114852
745.3342999990781,-0.017547261833384578
745.5049666643142,-0.017238497545945794
745.6756333311398,-0.01691263163114542
745.8462999979654,-0.016595910849623134
746.016966664791,-0.016263223227763485
746.1876333316168,-0.015940511001257134
746.3582999976476,-0.015601161360214019
746.5289666644733,-0.015271370362880926
746.6996333312989,-0.01492499021372065
746.8702899980545,-0.014588257242860163
747.0409566648801,-0.014235008318701288
747.2116233317057,-0.01389194933991437
747.3822899985314,-0.013532044329788388
747.552956665357,-0.013182224042546563
747.7236233313879,-0.012815787870033473
747.8942899982135,-0.012458678512376106
748.0649333318074,-0.012084377389670805
748.235599998633,-0.011720233903666038
748.4062666654587,-0.011339512361737273
748.5769333322844,-0.010969213229477819
748.7475999991099,-0.010581925455316568
748.9182666643461,-0.010205249752745298
749.0889233311017,-0.009812240470794806
749.2595899979274,-0.009430068200395285
749.430256664753,-0.009031562411120875
749.6009233315787,-0.008643676775917009
749.7715899984042,-0.008239389810191745
749.9422566652298,-0.007846098972698603
750.1129133311907,-0.007436785063971607
750.2835666648547,-0.0070386117897559075
750.4542333316804,-0.006625019869049994
750.6248999985058,-0.0062225982229422135
750.7955666653315,-0.005804945739760579
750.9662333321571,-0.005399080361876951
751.1368999989827,-0.004978384086500086
751.3075666650136,-0.004569698634015326
751.4782333318393,-0.004146173258317958
751.6488999986649,-0.0037348489036803747
751.8195566654206,-0.0033091746597311306
751.9902233322462,-0.0028960081801969605
752.1608899990717,-0.002468207366379786
752.331556664308,-0.0020526289147645314
752.5022233311336,-0.0016231101999360437
752.6728899979591,-0.0012065766526280575
752.8435466647148,-0.0007761412175094155
753.0141999983787,-0.00035875669421093223
753.1848666652044,7.254785168248475e-05
753.3555333320301,0.0004906107749681172
753.5261999980609,0.0009216990215903981
753.6968666648866,0.0013386279296930697
753.8675333317121,0.0017675223357011991
754.0381899984678,0.0021818741967049634
754.2088566652934,0.00260802139842308
754.379523332119,0.003019446355953271
754.5501899989447,0.0034427751280646924
754.7208566649755,0.0038514771006975283
754.8915233318011,0.004271901354317904
755.0621666646005,0.004676813325843416
755.232833331426,0.005092154822229595
755.4034999982516,0.005490991624830884
755.5741666650772,0.0058990194504630064
755.744833331108,0.006290061520935083
755.9154999979337,0.006690257118887917
756.0861666647594,0.007073471592144215
756.2568233315149,0.0074658778842510865
756.4274899983408,0.007841481915286315
756.5981566651661,0.008226555630507504
756.7688233319919,0.008594987077872351
756.9394899980227,0.008973196828562105
757.1101566648483,0.009334976310964619
757.2808233316739,0.009706849588310062
757.4514899984995,0.010062346644639151
757.6221566653252,0.010428323743909356
757.7927999989191,0.010777888777701207
757.9634666657447,0.011137600299168176
758.1341333309808,0.011480975038734022
758.3047999978064,0.011835235895409992
758.4754666646322,0.012173724055008458
758.6461333314577,0.012522974935449318
758.8167899982134,0.012856195833213496
758.9874566650391,0.013200080498895022
759.1581233318647,0.013526884297575618
759.3287899978956,0.013863742040366705
759.4994566647212,0.014184015351064281
759.6701233315468,0.01451460688955162
759.8407899983724,0.014828550046240228
760.0114333319664,0.015152735420987775
760.182099998792,0.015460341799312782
760.3527666656175,0.01577795853746147
760.5234333324432,0.01607872463712473
760.6940999984741,0.01638969134009677
760.8647666652998,0.01668441051740131
761.0354233320553,0.01699015963799862
761.206089998881,0.017279557613716714
761.3767566657066,0.017579485312274164
761.5474233309428,0.017862575135731525
761.7180899977684,0.018155748773368858
761.8887566645941,0.018431646310760986
762.0594233314197,0.018717716763911846
762.2300899982453,0.01898643421523823
762.4007566650708,0.019263823598459698
762.5714233318965,0.019523449278016646
762.7420666646958,0.019791918458006943
762.9127333315213,0.020042514505774996
763.083399998347,0.020302818885256455
763.2540666651726,0.020545801258903183
763.4247333319981,0.020798252360990987
763.5953999988238,0.021033463490464994
763.7660566655795,0.021278230111313853
763.9367233316104,0.02150565352506604
764.107389998436,0.021742363749517366
764.2780566652616,0.02196149695423577
764.4487233320872,0.022189695710844465
764.6193899989128,0.02239969763708797
764.7900566657385,0.022619332337349234
764.960699997743,0.022821306746097947
765.1313666645685,0.023032605811065046
765.3020333313941,0.023226121980912916
765.4726999982198,0.023428655255325687
765.6433666650455,0.023613074274614836
765.814033331871,0.023806725682045733
765.9846899986267,0.023982115210997284
766.1553566646576,0.024166217403356036
766.3260233314833,0.024332257787936476
766.4966899983089,0.02450702012239395
766.6673566651344,0.024663351949961804
766.8380233319601,0.024828240831198795
767.0086899987857,0.024974540671277357
767.1793566656113,0.025129067933493815
767.3500233316422,0.025264867030253157
767.5206766645114,0.025409828343707436
767.6913333312671,0.025535880190044883
767.8619999980926,0.025669962327967435
768.0326666649182,0.025784946094027178
768.2033333317438,0.025907780528943616
768.3739999977748,0.026011348834132596
768.5446666646003,0.02612293324734234
768.715333331426,0.02621562735759345
768.8859899981816,0.026316756663824607
769.0566566650074,0.026398234821838826
769.2273233318328,0.026487365253488306
769.3979899986585,0.026556270364212962
769.5686566646893,0.026632625290021663
769.7393099983533,0.026688908426618446
769.909966665109,0.026752833180470243
770.0806333319346,0.026796876555747175
770.2512999987601,0.026848353842509127
770.4219666655857,0.026879781831825746
770.5926333324114,0.026918730537006864
770.7632999976477,0.026937870684993308
770.9339566644032,0.026964307777736424
771.1046233312288,0.02697013555941308
771.2752899980545,0.02698293228411596
771.4459566648801,0.02697513050334938
771.6166233317057,0.0269742392881127
771.7872899985313,0.026952567837340933
771.9579566645623,0.02693785004070813
772.1286233313879,0.026902361796637655
772.2992899982135,0.026873196943208555
772.469956665039,0.026823050108439397
772.640599998633,0.026779032298379912
772.8112666654587,0.026713822641556133
772.9819333322843,0.026654357170283454
773.15259999911,0.026573735498051025
773.3232666651407,0.026499057568962127
773.4939333319664,0.02640262845158045
773.664589998722,0.02631197235645055
773.8352566655477,0.026199564592959145
774.0059233323734,0.02609294641516676
774.1765899976095,0.025964388623233144
774.3472566644351,0.025841672928554316
774.5179233312607,0.02569704835603719
774.6885799980163,0.025558091551256577
774.8592333316803,0.025396896289133143
775.0298999985059,0.02524075277749528
775.2005666653315,0.025062146911955022
775.3712333313624,0.02488885961351138
775.541899998188,0.024693143988050077
775.7125666650136,0.024502609732391937
775.8832233317693,0.024289316165100376
776.053889998595,0.024081017623186696
776.2245566654206,0.023849784128426543
776.3952233322461,0.02362340594998595
776.565889998277,0.02337374785321031
776.7365566651026,0.02312839215871484
776.9072233319282,0.022860022868145705
777.0778899987539,0.02259506458796037
777.2485566655795,0.022306373731929847
777.4192133323352,0.022020996824234876
777.5898666644096,0.021712393312944406
777.7605333312353,0.021407975011015136
777.931199998061,0.021080007684782846
778.1018666648864,0.020756126656941768
778.2725333317121,0.020408371290703685
778.4431999985377,0.0200646085930557
778.6138566652934,0.01969710944012285
778.7845233313243,0.01933296643195479
778.9551899981499,0.018944629063414084
779.1258566649756,0.018559583974441376
779.2965233318012,0.018150465267982793
779.4671899986267,0.017745182174949335
779.6378333322207,0.017315602144934987
779.8084999990463,0.01688848679318511
779.9791666642825,0.016436649581357758
780.1498333311081,0.015987248778570978
780.3204999979337,0.015513287444330141
780.4911666647592,0.015043149886801017
780.661833331585,0.014549057308441122
780.8324899983405,0.014059014001395826
781.0031566651663,0.01354528043104729
781.1738233319918,0.013036173502733395
781.3444899980228,0.012503471216288501
781.5151566648483,0.011975472056122117
781.685823331674,0.01142352478232417
781.856466665268,0.010875502913512154
782.0271333320936,0.010303844002408184
782.1977999989192,0.00973623465409581
782.3684666657448,0.009144913722576833
782.5391333317756,0.008557397081103103
782.7097999986012,0.007946555552014768
782.8804666654269,0.007339865725963005
783.0511333322526,0.0067100186454371125
783.2217999990783,0.006084164561379405
783.3924566642443,0.005435337313649372
783.56312333107,0.0047913085569647245
783.7337899978955,0.004124155061081988
783.9044566647211,0.0034620662995121605
784.0751233315467,0.002777099404419313
784.2457899983724,0.00209684322403636
784.4164566651981,0.0013937945036956358
784.5870999979973,0.0006957923658990697
784.7577666648228,-2.4329983231641308e-05
784.9284333316484,-0.0007389638214634749
785.0990999984741,-0.0014754156097547774
785.2697666652997,-0.0022065866303282804
785.4404333321254,-0.002959956623771812
785.611089998881,-0.003708206207406104
785.7817566657066,-0.004478130558131483
785.9524233317375,-0.0052423914749122735
786.1230899985632,-0.006027750217506789
786.2937566653889,-0.006807030086387331
786.4644233322144,-0.00760733879767296
786.63507999897,-0.008400955839057297
786.8057333310445,-0.00921501405360227
786.9763999978702,-0.010022423256572965
787.1470666646958,-0.010850581015092014
787.3177333315214,-0.01167262289623556
787.488399998347,-0.012515586437790658
787.6590666651725,-0.013352590179368354
787.8297333319981,-0.014209466488855776
788.000399998029,-0.015058175649612478
788.1710666648547,-0.015925926992052974
788.3417233316104,-0.016784766855640548
788.512389998436,-0.017661801099517926
788.6830566652616,-0.018529178496602162
788.8537233320872,-0.019414280860643035
789.0243899989129,-0.020290341692839678
789.1950566649436,-0.021183532582807568
789.3657233317693,-0.022065274483874953
789.5363666645686,-0.022962844902174772
789.7070333313942,-0.02384883126200049
789.8776999982198,-0.024750498687648496
790.0483666650455,-0.02564025524640081
790.2190333310764,-0.026544655593091517
790.3896999979019,-0.02743642269829488
790.5603566646575,-0.02834193555326792
790.7310233314831,-0.029232261924098366
790.9016899983088,-0.030135062407306904
791.0723566651345,-0.031021707927674145
791.24302333196,-0.031919636350497986
791.413689997991,-0.03280063797923793
791.5843433316548,-0.03369235068420578
791.7549999984105,-0.03456657821049159
791.9256666652361,-0.03545055242761924
792.0963333320617,-0.03631585632782129
792.2669999988873,-0.03719016196207818
792.437666665713,-0.038045026276089584
792.6083333309491,-0.03890810668262111
792.7789999977747,-0.03975117166047867
792.9496666646004,-0.040601181853934416
793.1203333314259,-0.041430392875832917
793.2909999982518,-0.042265786518681216
793.4616566650072,-0.04307940942120307
793.6323233318329,-0.043898714356337055
793.8029899986585,-0.04469547747349977
793.9736566646894,-0.04549823286880487
794.1443233315151,-0.04627835258619112
794.314976665179,-0.047062696349724695
794.4856333319347,-0.04782256483932794
794.6562999987602,-0.04858445727282511
794.8269666655858,-0.04931842568168485
794.9976333324114,-0.05005338036702471
795.1682999984423,-0.05076161023183722
795.338966665268,-0.05147133732783288
795.5096233320237,-0.05215330361925383
795.6802899988493,-0.05283578874119255
795.8509566656749,-0.053490140163261764
796.021623330911,-0.05414458881094746
796.1922899977366,-0.054770188696816935
796.3629566645621,-0.055394914146008514
796.5336099982262,-0.055989831546331324
796.7042666649819,-0.056583507189134026
796.8749333318075,-0.05714676919028741
797.0455999986331,-0.05770758538014678
797.2162666646639,-0.05823706893146966
797.3869333314896,-0.058763803588618026
797.5575999983151,-0.059259183960290326
797.7282666651408,-0.05975056692523096
797.8989333319663,-0.06020883409545031
798.069599998792,-0.060662235306433165
798.2402566655476,-0.06108227293230546
798.4109233323734,-0.06149758810655998
798.5815899984043,-0.061879034100643326
798.7522566652299,-0.06225485652407527
798.9229233320555,-0.06259599747835771
799.093589998881,-0.06293110143850182
799.2642466656367,-0.0632319582027965
799.4348999977112,-0.06352796406044187
799.6055666645368,-0.0637906294362163
799.7762333313624,-0.06404751932185783
799.946899998188,-0.0642684622459797
800.1175666650136,-0.06448245253963836
800.2882333318391,-0.06466075335622466
800.4588899985949,-0.06483174795941027
800.6295566646259,-0.0649663946895976
800.8002233314514,-0.06509448800695483
800.970889998277,-0.06518786311552834
801.1415566651026,-0.06527443905737898
801.3122233319283,-0.06532505797476801
801.4828799986839,-0.06536725758132152
801.6535333323479,-0.0653720667560634
801.8241999983787,-0.06536885784730383
801.9948666644096,-0.06532838501595
802.1655333312352,-0.06527942995554266
802.3361999980609,-0.06519336907505019
802.5068666648865,-0.0650997774171318
802.6775333317121,-0.06497079849252754
802.848199997743,-0.06483340037658102
803.0188666645686,-0.06465900562084571
803.1895233313243,-0.0644754969969422
803.36018999815,-0.06425396658969088
803.5308566649754,-0.06402324757765651
803.7015233318011,-0.06375516067461147
803.8721899986267,-0.06347824514519458
804.0428566646576,-0.06316369118979201
804.2134999990463,-0.0628400323124102
804.3841666650771,-0.06247843404669599
804.5548333319027,-0.062107772934138175
804.7254999987284,-0.061699871418484736
804.8961666655539,-0.06128370699958797
805.0668333323796,-0.060830849468529465
805.2374999976158,-0.06036927327756674
805.4081566643714,-0.05987111413664576
805.5788233311972,-0.05936554067036141
805.7494899980227,-0.05882334334720878
805.9201566648484,-0.05827341049332213
806.090823331674,-0.05768796260793568
806.2614899984995,-0.057095640138877905
806.4321566653252,-0.05646837366223515
806.6028233313561,-0.055834768347067486
806.7734899981817,-0.05516623899213339
806.9441333317757,-0.054491437134671854
807.1147999986013,-0.05378232045977255
807.2854666654268,-0.05306731936554714
807.4561333322524,-0.05231811852089127
807.6267999990781,-0.05156313860448459
807.7974666651091,-0.050773822625512575
807.9681233318647,-0.049978837097928726
808.1387899986903,-0.04915048976121209
808.3094566655159,-0.04831746493213226
808.4801233323416,-0.0474515470378074
808.6507899975776,-0.04658143873522059
808.8214566644033,-0.04567991017965323
808.992123331229,-0.04477445780057727
809.1627666648229,-0.04383763298858241
809.3334333316485,-0.042897671584019456
809.5040999984742,-0.041926323625642185
809.6747666652998,-0.040952602632448425
809.8454333313306,-0.03994828330411921
810.0160999981563,-0.038942133359835374
810.1867566649119,-0.03790541953383936
810.3574233317374,-0.0368669577840238
810.528089998563,-0.035799336487382746
810.6987566653888,-0.03473109009323661
810.8694233322144,-0.03363518586814725
811.04008999904,-0.03254017483056014
811.2107466650009,-0.03141821841150129
811.3813999978701,-0.030297422967409286
811.5520666646958,-0.02915037722901323
811.7227333315213,-0.02800519513747412
811.893399998347,-0.02683401388792634
812.0640666643778,-0.025665579826704733
812.2347333312034,-0.02447207517972638
812.405399998029,-0.023281636102710907
812.5760666648546,-0.022066408516453452
812.7467333316804,-0.0208552268664949
812.917389998436,-0.019620474136903612
813.0880566652615,-0.018390745677285866
813.2587233312925,-0.017138021916077016
813.429389998118,-0.015891491852142607
813.6000566649437,-0.014623377671037295
813.7707233317693,-0.013362078644795229
813.941389998595,-0.012079783458708956
814.112033332189,-0.010805097849847503
814.2826999990145,-0.009509587843394566
814.4533666650453,-0.00822187827438453
814.6240333310764,-0.006914617486489269
814.794699997902,-0.005615990055143603
814.9653666647275,-0.004298650793619551
815.1360233314832,-0.0029907922337479467
815.3066899983088,-0.0016650603534520672
815.4773566651345,-0.0003496438929601622
815.6480233319601,0.0009815914950242744
815.8186899979909,0.0023008351801184984
815.9893566648166,0.003635253923030177
816.1600233316422,0.004956838097664175
816.3306899984678,0.006292382028577017
816.5013566652934,0.007614272669633294
816.6720099981626,0.008949629619384706
816.842666665713,0.010270467546032041
817.0133333317439,0.011603594837298557
817.1839999985693,0.012921156606546687
817.354666665395,0.014250290016065856
817.5253333322207,0.015562809822456615
817.6959999990463,0.01688621664985528
817.8666666642827,0.018192147374729774
818.0373233310381,0.019508496680450068
818.2079899978638,0.0208072689262018
818.3786566646894,0.02211602607019368
818.549323331515,0.02340658737707135
818.7199899983407,0.02470629769569942
818.8906433320046,0.02598655387322605
819.0612999987602,0.02727343132402893
819.2319666647911,0.028539467183766036
819.4026333316167,0.029811650687597377
819.5732999984424,0.031062010036288796
819.7439666652679,0.032317461390487426
819.9146333320936,0.033550362350893974
820.0852899988492,0.034787199720913924
820.2559566656748,0.0359998962893537
820.4266233317057,0.037215130717211886
820.5972899985314,0.038405763244013416
820.7679566653569,0.039598333982287695
820.9386233321826,0.0407655567581574
821.1092899990083,0.041934283492776094
821.2799566642445,0.043076942439845396
821.45062333107,0.04422009428957639
821.6212899978957,0.045336164257695696
821.7919333314896,0.046452512373392436
821.9625999983152,0.0475418689591549
822.1332666651408,0.04863079243791168
822.3039333319664,0.049691888358041204
822.4745999979972,0.05075158938204728
822.6452666648229,0.051782066047161616
822.8159233315785,0.05280954811850458
822.9865899984043,0.05380679337660727
823.1572566652297,0.054800315037330766
823.3279233320554,0.05576262837931929
823.4985899988809,0.05672023732287554
823.6692566657068,0.05764644984854181
823.8399133316676,0.05856821379983005
824.0105666645368,0.059458034806415365
824.1812333313625,0.06034239616587832
824.351899998188,0.061193852356934565
824.5225666650136,0.062039320801934666
824.6932333310444,0.0628522980111111
824.86389999787,0.06365936161996764
825.0345566646258,0.06443379229253286
825.2052233314514,0.06520263359368664
825.3758899982771,0.06593859919204624
825.5465566651026,0.06666843696665796
825.7172233319282,0.0673647502122664
825.8878899979593,0.06805449105718801
826.0585566647848,0.06871039047743738
826.2292233316105,0.06935926311944121
826.399889998436,0.06997324877737095
826.5705466651916,0.0705792599749599
826.7411999988556,0.07115062001747821
826.9118666656811,0.07171474339314655
827.0825333317122,0.07224441402091877
827.253199997743,0.07276646688715455
827.4238666645685,0.07325360743818303
827.5945333313941,0.07373268043419329
827.7651899981498,0.07417654522986554
827.9358566649755,0.07461220281761043
828.1065233318011,0.0750126924983454
828.2771899986267,0.07540488466795997
828.4478566646576,0.0757616856311926
828.6185233314833,0.07610985109310248
828.7891666650772,0.07642259784835827
828.9598333319029,0.07672699092602116
829.1304999987284,0.07699611963486686
829.3011666655541,0.07725676731262428
829.4718333323796,0.07748222016985064
829.6424999984105,0.07769941835669728
829.8131666652362,0.07788180054727581
829.9838333320616,0.07805616069313064
830.1544999988876,0.07819570755446584
830.325166665713,0.07832738246152397
830.4958233308793,0.07842438587590993
830.6664899977047,0.07851395983560666
830.8371566645304,0.07856905683552114
831.0078233313561,0.07861680575316234
831.1784899981816,0.07863031738953985
831.3491566650073,0.07863684932302781
831.5197999986012,0.0786093596804526
831.6904666654269,0.07857455401269889
831.8611333314578,0.07850499364914533
832.0317999982833,0.07842708869004354
832.202466665109,0.07831461116929801
832.3731333319347,0.07819485562927721
832.5437899986903,0.0780413523461136
832.7144566655159,0.07788090013718009
832.8851233323414,0.07768693283267818
833.0557899983723,0.0774865356144881
833.226456665198,0.07725344285655626
833.3971233320237,0.07701462035561121
833.5677899988493,0.07674356295332466
833.7384333316486,0.07646735145410763
833.9090999976794,0.0761595249711617
834.0797666645051,0.07584758172115331
834.2504333313307,0.07550480192942356
834.4210999981563,0.07515825836217246
834.5917666649818,0.07478153546089927
834.7624333318074,0.07440210124074707
834.933099998633,0.07399316153510174
835.1037666646638,0.0735811769146948
835.2744233314197,0.07313950358799522
835.4450899982452,0.07269573185393008
835.6157566650709,0.07222308898104418
835.7864233318963,0.0717490601603718
835.9570899987223,0.07124688425313509
836.1277566655477,0.07074390405525448
836.2984233323734,0.07021350825414115
836.4690666643779,0.06968301298511045
836.6397333312034,0.06912582743564027
836.8103999980291,0.06856894315942101
836.9810666648548,0.06798530088176453
837.1517333316802,0.0674020884777842
837.3223999977112,0.06679332400397028
837.4930566652616,0.06618604247410424
837.6637233312925,0.06555353671381416
837.834389998118,0.06492342701548622
838.0050566649436,0.06426846086015317
838.1757233317694,0.06361591458546449
838.3463899985949,0.06293913268952817
838.5170566646259,0.06226555519492512
838.6877233314515,0.06156864483885029
838.8583899982771,0.06087524523388591
839.0290566651026,0.06015911820784157
839.1996999986966,0.05944768124934009
839.3703666655223,0.05871371081138328
839.5410333323478,0.057984052413847256
839.7116999983788,0.05723249972047298
839.8823666644096,0.05648585712313683
840.0530333312352,0.055717923230707046
840.2236999980609,0.05495574084717848
840.3943566648165,0.054173423872583934
840.5650233316421,0.053398470497960565
840.7356899984677,0.05260397004793926
840.9063566652934,0.051817419967637356
841.0770233313244,0.05101205735441034
841.2476766649883,0.05021520264288129
841.4183333317438,0.04940029451415871
841.5889999985695,0.04859480085594952
841.759666665395,0.04777230975275038
841.9303333322207,0.046959746360400054
842.1009999990463,0.046130207890082944
842.2716666650771,0.04531077433840074
842.442333331903,0.04447508140047162
842.6129899986585,0.04365022236709157
842.7836566654842,0.042809803324501135
842.9543233323096,0.04198148645904957
843.1249899975459,0.0411385029451723
843.2956566643716,0.04030828243002375
843.466323331197,0.03946390840433772
843.6369899980227,0.03863314960895876
843.8076566648484,0.0377885010631685
843.9783233316739,0.03695789738521681
844.1489666652681,0.0361144371369854
844.3196333320935,0.0352852807082476
844.4902999981244,0.03444331383813217
844.6609666649501,0.033616078840982305
844.8316333317756,0.03277663650948423
845.0022999986013,0.03195247712140092
845.1729566653569,0.031116297655652773
845.3436233321827,0.03029577532514286
845.5142899990082,0.029463603022087306
845.6849566650392,0.028647042625610904
845.8556233318648,0.027819597533519123
846.0262899986903,0.02700870885414952
846.1969566655159,0.026187260287218524
846.3675999983152,0.02538287446997163
846.5382666643461,0.024568237120615066
846.7089333311717,0.023770745223654927
846.8795999979973,0.022963291368608512
847.0502666648229,0.022173463775968807
847.2209333316484,0.02137417439389597
847.391599998474,0.020592991098496143
847.5622666652998,0.01980231971237641
847.7329333313306,0.01902947942256629
847.9035899980863,0.018247563715083674
848.0742566649118,0.017484332016352622
848.2449233317377,0.016712494874254722
848.4155899985632,0.015959768697565078
848.5862566653889,0.015198330082222985
848.7569233322143,0.014455447480099934
848.92757999897,0.013703782831617993
849.0982333310445,0.012970991387587743
849.2688999978702,0.012229989928849232
849.4395666646957,0.011507749387679114
849.6102333315214,0.010776926512318269
849.780899998347,0.010064527186640224
849.951566664378,0.009343434911895022
850.1222233319284,0.00864105107122007
850.292889997959,0.007930055879851712
850.4635566647848,0.007238495330310076
850.6342233316103,0.006539306392507612
850.804889998436,0.0058595689714661435
850.9755566652617,0.005171996051797665
851.1462133320172,0.0045030487291595495
851.3168666656813,0.003825663164200333
851.487533331712,0.0031669002439484954
851.6581999985377,0.002499323293664465
851.8288666653632,0.001851230894904681
851.9995333321889,0.0011946912648333667
852.1701999990144,0.0005563369151913418
852.3408666650454,-9.090666712878304e-05
852.5115333310763,-0.0007191789801241423
852.6821999979018,-0.0013548059196660338
852.8528566646576,-0.0019708299804867655
853.0235233314831,-0.0025948045999032517
853.1941899983088,-0.0031992651681888454
853.3648566651345,-0.0038114887932797978
853.53552333196,-0.004403785029459959
853.706189997991,-0.005003653751473822
853.876833331585,-0.005584186003405002
854.0474999984104,-0.006173123887486553
854.2181666652361,-0.006743301758968846
854.3888333320617,-0.007321487595335352
854.5594999988873,-0.00788027503711822
854.7301666657131,-0.008447642495756193
854.9008333317439,-0.008996223468757553
855.0714899984996,-0.009553746635633508
855.2421566653251,-0.01009311703639045
855.4128233321508,-0.010641574331926215
855.5834899989765,-0.011172451694778707
855.7541566642125,-0.011712549669215122
855.9248233310382,-0.01223491928287412
856.0954899978639,-0.012766587555946377
856.2661566646893,-0.01328111400996986
856.436823331515,-0.013805492570933145
856.6074766651789,-0.014313013408636704
856.7781333319347,-0.014831332588461253
856.9487999987603,-0.015334460814131402
857.119466664791,-0.01584803240290139
857.2901333316167,-0.01634577194077456
857.4607999984422,-0.016853901691352185
857.6314566651981,-0.017345209983154815
857.8021233320236,-0.017846583868282015
857.9727899988493,-0.01833005552320644
858.143456665675,-0.01882304925022098
858.3141233317058,-0.01929832245499669
858.4847899985314,-0.019783475800915287
858.655456665357,-0.020251014455163193
858.8261099982261,-0.020728748084942874
858.9967666649818,-0.021188473267433897
859.1674333310127,-0.021657230156640575
859.3380999978383,-0.022107561355266488
859.5087666646639,-0.022567876729138157
859.6794333314895,-0.0230116472105801
859.8500999983153,-0.023466178524400774
860.0207666651407,-0.023904243607141277
860.1914333319664,-0.024353316234539225
860.3620999979972,-0.024786189644201585
860.5327566647532,-0.0252303224571608
860.7034233315786,-0.02565811466734057
860.8740899984043,-0.026096847754507088
861.0447566652298,-0.0265197634525747
861.2154233320555,-0.02695367576376229
861.3860899988811,-0.02737138218651559
861.556733332475,-0.027799649672271096
861.7273999977111,-0.028211282626179696
861.8980666645368,-0.02863349607028054
862.0687333313624,-0.029039568325328013
862.239399998188,-0.02945687328321875
862.4100666650136,-0.029858719078073543
862.5807333310444,-0.030271208140336296
862.751389998595,-0.030668318200917186
862.9220566646258,-0.031076547922224373
863.0927233314515,-0.031468822866094516
863.2633899982771,-0.03187179953672449
863.4340566651026,-0.03225947498042933
863.6047233319283,-0.03265828443145019
863.7753899979591,-0.033041172293499586
863.9460566647847,-0.03343450272449011
864.1986333314577,-0.033811195095658456
864.4238999986649,-0.034198966540640224
864.5945666654904,-0.03457078551441015
864.7652333323161,-0.03495363298187709
864.9358999991416,-0.03532049448866902
865.1065666643779,-0.035698106646338365
865.2772333312034,-0.036059911687047634
865.4478899979592,-0.03643221160080016
865.6185566647848,-0.03678841650774572
865.7892233316104,-0.03715545750411486
865.959889998436,-0.03750637796693978
866.1305566652616,-0.03786737317684546
866.3012233312926,-0.038211705928615
866.471879998048,-0.03856628172351381
866.6425333317122,-0.03890437720628938
866.8131999985377,-0.039253006853740585
866.9838666653634,-0.03958482393524772
867.1545333321889,-0.0399268690188332
867.3251999990146,-0.04025175321105487
867.4958666650452,-0.04058655279176025
867.6665333318709,-0.04090433577510371
867.8371999986969,-0.04123187923011992
868.0078666655223,-0.04154251648352641
868.1785233322778,-0.04186274047249658
868.3491899983088,-0.042165409179624316
868.5198566643397,-0.04247701062464522
868.6905233311654,-0.042769262392509784
868.8611899979909,-0.0430702930821107
869.0318566648166,-0.0433530316582465
869.2024999984105,-0.043644393717578785
869.3731666652362,-0.0439175362202183
869.5438333320617,-0.04419975194226322
869.7144999980926,-0.04446518622927424
869.8851666649182,-0.0447400051368444
870.055833331744,-0.04499772228909197
870.2264999985695,-0.04526482473651326
870.3971566653252,-0.04551504247638467
870.5678233321509,-0.04577424853880578
870.7384899989763,-0.046016362043457215
870.9091566650073,-0.046267261934375595
871.079823331833,-0.04650092688826901
871.2504899986585,-0.04674336656142785
871.4211566654842,-0.046968420952481285
871.5918233323097,-0.047202268713678594
871.7624899975459,-0.047418707203190566
871.9331333311399,-0.04764368574119147
872.1037999979656,-0.047849990485866814
872.2744666647911,-0.04806331899565883
872.4451333316167,-0.04825747567536727
872.6157999984423,-0.048458167897692916
872.7864666652679,-0.048639221058783405
872.9571233320236,-0.048827256108755095
873.1277899980545,-0.04899590541748903
873.2984566648802,-0.04917152867324065
873.4691233317059,-0.04932753889648333
873.6397899985313,-0.049490038127377546
873.810456665357,-0.04963330448634794
873.9811233321825,-0.049782594323834216
874.1517666657767,-0.04991136509778705
874.3224333310127,-0.05004614832733426
874.4930999978384,-0.050160669962089094
874.6637666646639,-0.050281268523577796
874.8344333314895,-0.05038288431893129
875.005099998315,-0.05049081950855058
875.1757566650709,-0.05057920121677792
875.3464233318966,-0.05067363537768182
875.5170899979273,-0.05074771665541715
875.687756664753,-0.050827251766196534
875.8584233315787,-0.05088623677582384
876.0290899984042,-0.050949520120117796
876.1997566652299,-0.050991176044826156
876.3704233312607,-0.051037193924452204
876.5410899980864,-0.0510609011207116
876.711756664912,-0.051088739443605646
876.8823999985059,-0.05109330398483969
877.0530666653316,-0.05110177864229516
877.223733332157,-0.05108829919708976
877.3943999989827,-0.05107876782405672
877.5650666658082,-0.05104635129869941
877.7357333310445,-0.05101743637899159
877.9063899978003,-0.05096500427894427
878.0770566646258,-0.05091587859983559
878.2477233314514,-0.050843870133869006
878.418389998277,-0.050774522147382706
878.5890566651027,-0.050682171518246055
878.7597233319282,-0.05059201174380322
878.9303899979592,-0.05047769031712771
879.1010333315531,-0.05036486577848527
879.2716999983788,-0.05022685764721152
879.4423666652043,-0.05009056740109816
879.61303333203,-0.049929051520920364
879.7836999988556,-0.04976851806003844
879.9543666656812,-0.04958293367741731
880.1250333317123,-0.04939860821593395
880.2956999985378,-0.049188647966502734
880.4663666653632,-0.0489795573143556
880.6370333321889,-0.04874405638419739
880.8076899989446,-0.04850943601303614
880.9783566649755,-0.04824810664069322
881.1490233310063,-0.047988701627124486
881.319689997832,-0.047704498238781826
881.4903566646575,-0.04742258711682659
881.6610099983214,-0.04711662427661033
881.8316666650771,-0.046813087288982244
882.0023333319028,-0.04648559922420369
882.1729999987283,-0.046160918891264204
882.3436666647594,-0.04581298942114932
882.5143333315849,-0.045468423158992105
882.6849999984106,-0.04510199336400335
882.8556666652363,-0.0447395360573764
883.0263333320618,-0.044356029763693655
883.1969999988872,-0.04397667246827404
883.3676666657132,-0.0435764578019468
883.538323331674,-0.043179894711236
883.7089899984996,-0.042761068439061904
883.8796566653251,-0.04234532800314394
884.0503233321508,-0.04190618705717824
884.2209899989764,-0.04146978226093694
884.3916566642125,-0.04100994941724632
884.5622999978066,-0.04055342300009284
884.7329666646322,-0.040072707962254685
884.9036333314577,-0.039594158067161316
885.0742999982833,-0.03909293878893896
885.2449666651089,-0.03859565041085418
885.4156333319346,-0.038076301282078506
885.5862899986903,-0.03756093199846988
885.7569566647213,-0.037024495700372785
885.9276233315468,-0.03649273301379522
886.0982899983725,-0.035940317348656596
886.268956665198,-0.03539295140518601
886.4396233320236,-0.03482500912784154
886.6102899988493,-0.03426279333556015
886.7809333324433,-0.03368206715712078
886.9515999976793,-0.03310802778049449
887.122266664505,-0.03251403556880884
887.2929333313305,-0.031925343248136166
887.4635999981563,-0.031316252622765356
887.634266664982,-0.03071367296104123
887.8049333310128,-0.030090376607828487
887.9755999978385,-0.029472912722729713
888.1462666646642,-0.02883680281748698
888.3169233314196,-0.028208202851108203
888.4875899982453,-0.027561456404606825
888.6582566650708,-0.026923067030957676
888.8289233318965,-0.026270008351818933
888.9995899979274,-0.02562739896403194
889.170256664753,-0.024970462360525646
889.3409133315087,-0.024324342745828082
889.5115666651725,-0.023664523114884654
889.6822333319982,-0.023016503359692665
889.8528999988237,-0.02235579690854709
890.0235666656496,-0.021706785691705095
890.194233332475,-0.021045473740255387
890.3648999977113,-0.02039709123551358
890.5355666645368,-0.019736494411909652
890.7062333313625,-0.019089563003120383
890.8768999981882,-0.01843098500448638
891.0475566649436,-0.017786438267012646
891.2182233317693,-0.01713106291385892
891.3888899985948,-0.016490269451658057
891.5595566646258,-0.01583999061178018
891.7302233314515,-0.015204380780471736
891.9008899982771,-0.014558529477810231
892.0715466650327,-0.013927798883582542
892.2421999986966,-0.013287683882966092
892.4128666655222,-0.01266287948915296
892.5835333323478,-0.012029109015603239
892.7541999983787,-0.011411516932188538
892.9248666652044,-0.010785460897154596
893.0955333320301,-0.010176006842874827
893.2661899987858,-0.009558475681852736
893.4368566656112,-0.008958211918761592
893.6075233316421,-0.008350286377336986
893.7781899976729,-0.007760620965723227
893.9488566644986,-0.0071658353000376585
894.1195233313243,-0.006591141916388459
894.2901899981498,-0.006011903194580635
894.4608566649755,-0.005452817702511889
894.631523331801,-0.0048905003138434945
894.802176665465,-0.004349553788322046
894.972833331426,-0.0038064827187257204
895.1434999982517,-0.0032857155109295693
895.3141666650772,-0.0027647982953021176
895.4848333319027,-0.002267226204297446
895.6554999987286,-0.0017701272312761326
895.8261666655541,-0.0012968160225294352
895.9968233323098,-0.0008245071053196615
896.1674899983406,-0.0003764675790779589
896.3381566651663,7.013614713717734e-05
896.5088233319918,0.0004921350940960442
896.6794899988174,0.0009124186288393238
896.850156665643,0.0013077553109640434
897.0208099977175,0.001700725847669974
897.1914666644732,0.0020685787114306012
897.3621333312988,0.0024343148288367344
897.5327999981243,0.0027753477820278137
897.70346666495,0.003115040814279214
897.8741333317757,0.0034301915735696843
898.0447999986012,0.003744060765685934
898.2154666654269,0.004033277749025293
898.3861333314577,0.004321150894123002
898.5567999982834,0.004584231972125691
898.7274566650391,0.004845512285246957
898.8981233318648,0.005081213028857158
899.0687899986902,0.005313958087188071
899.239456665516,0.005520794071913899
899.4101233323415,0.005724609543686099
899.5807899983723,0.0059027317343423955
899.7514433312415,0.006077943986139074
899.9220999979974,0.006227464550428387
900.0927666648229,0.006373987819086046
900.2634333316485,0.006495015269434219
900.4340999976796,0.00661376764848873
900.6047666645051,0.006707526166375537
900.7754333313308,0.006799394746684937
900.9460899980862,0.006866720971843356
901.1167566649119,0.006933033194284716
901.2874233317376,0.006975438624361477
901.4580899985631,0.007017341562619934
901.628756664594,0.007035900174101192
901.7994233314196,0.007054809931046348
901.9700899982452,0.007050997451582795
902.1407566650707,0.007048516462345002
902.3114233318965,0.007024357253840187
902.4820799986522,0.007002420714251235
902.6527333323162,0.006959712414827795
902.8233999991419,0.006919927679869178
902.9940666643779,0.006859808649450806
903.1647333312036,0.006803200520508622
903.3353999980291,0.006727046738072532
903.5060666648548,0.006654633417515762
903.6767233316102,0.006563199252825096
903.8473899984359,0.006476630706018814
904.0180566652616,0.0063713710879488945
904.1887233312925,0.0062710801437615305
904.3593899981181,0.006151944156285474
904.5300566649437,0.006037935769084018
904.7007233317694,0.005905502115706345
904.8713899985949,0.005778513690549266
905.0420566646259,0.0056334695324130055
905.2127133321762,0.00549433622780466
905.3833666650455,0.005338139275673704
905.5540333318711,0.005188345356544659
905.7246999986967,0.0050220820162277975
905.8953666655223,0.004863095502072618
906.0660333323478,0.004688013824607953
906.2366999983788,0.004520578665742598
906.4073566643398,0.004337683407631786
906.5780233311652,0.004163175317696694
906.7486899979909,0.00397387181750272
906.9193566648164,0.0037935710790434874
907.0900233316421,0.003598809390268905
907.2606899984678,0.0034136658932714128
907.4313333320617,0.0032151054357715653
907.6019999980927,0.003027089289560667
907.7726666649181,0.0028262092959849194
907.943333331744,0.002636355632755131
908.1139999985695,0.002434276981050506
908.2846666653952,0.0022443421999681222
908.4553333322207,0.002042486130993044
908.6259999990464,0.0018536037037230133
908.796666665077,0.001653594486291414
908.9673333319028,0.0014668290905964596
909.1379899986584,0.0012696150202146693
909.308656665484,0.0010858545288557958
909.4793233323098,0.0008915809696895409
909.6499899975457,0.0007112077247555619
909.8206566643715,0.000520968985070965
909.991323331197,0.00034463131503109
910.1619666647912,0.00015828479597438825
910.3326333316166,-1.4202288223955288e-05
910.5032999984423,-0.00019615282610772487
910.673966665268,-0.000363649399616224
910.8446333320935,-0.00053985522932549
911.0152999981244,-0.000700461795991822
911.1859566648802,-0.0008688735071695925
911.3566233317057,-0.0010209626603762626
911.5272899985314,-0.0011797529782302208
911.697956665357,-0.0013205468190503726
911.8686233321826,-0.0014678133723772092
912.0392899990081,-0.0015968446604321656
912.2099566650392,-0.0017315489377766912
912.3806233318646,-0.0018476902920295673
912.5512899986903,-0.001969538220106522
912.721956665516,-0.0020726959202086123
912.8926099983852,-0.0021810634198511903
913.0632666643462,-0.002270243629067007
913.2339333311717,-0.0023647211844737255
913.4045999979974,-0.00244013095983295
913.575266664823,-0.002520217870367157
913.7459333316485,-0.0025805490661216066
913.9165899984042,-0.002645061056684149
914.0872566652297,-0.0026898911844451916
914.2579233312606,-0.0027389847946675022
914.4285899980862,-0.002767875579968083
914.599256664912,-0.0028008729989625445
914.7699233317375,-0.002813889807454838
914.9405899985632,-0.0028308646161653854
915.1112333321573,-0.002827714910134502
915.2818999989828,-0.002828522557701243
915.4525666658085,-0.0028091087866817274
915.6232333310445,-0.002793325203921035
915.7938999978702,-0.0027571909244020194
915.9645666646957,-0.002724443475922605
916.1352333315214,-0.002671144037477843
916.3058999983471,-0.0026216309055729532
916.4765666643777,-0.002552013211365114
916.6472333312034,-0.002485392511078522
916.8178899979591,-0.0023981575867111954
916.9885566647848,-0.0023142657838569956
917.1592233316103,-0.0022098869037296483
917.3298899984359,-0.0021088182694099776
917.5005566652617,-0.0019871007062782923
917.6712233312925,-0.0018687375493041001
917.8418666656813,-0.0017306722471784023
918.0125333317121,-0.0015963778480173258
918.1831999985377,-0.0014430754472232587
918.3538666653633,-0.0012948080057536898
918.5245333321889,-0.0011277399725452021
918.6951999990146,-0.0009655328384958244
918.8658666650454,-0.0007850353079457518
919.0365333310763,-0.0006096116559440062
919.2071999979019,-0.00041630422113688543
919.3778666647274,-0.0002284815221155701
919.5485233314832,-2.324101742325349e-05
919.7191899983088,0.0001760080242757435
919.8898566651344,0.000391140180943903
920.06052333196,0.0005987295982515718
920.231189997991,0.000820615096690199
920.4018566648167,0.0010340123025626806
920.5724999984106,0.0012608393435088103
920.7431666652361,0.0014789919564106215
920.9138333320618,0.0017106530919016917
921.0844999988873,0.001933483241685756
921.255166665713,0.0021693127873219564
921.4258333317439,0.0023958914079200895
921.5964999985694,0.0026350176563547656
921.7671566653253,0.0028647686076987895
921.9378233321507,0.0031075006666497654
922.1084899989764,0.003341160754072768
922.2791566642125,0.0035875464424744256
922.4498233310381,0.0038245040968672194
922.6204899978638,0.004074413232465032
922.7911566646893,0.004314817928503512
922.961823331515,0.004567442892517088
923.1324899983407,0.004809986032217712
923.3031333319346,0.005064235845673356
923.4737999987603,0.0053078272298965595
923.644466664791,0.0055625508927662146
923.8151333316167,0.005806241658991463
923.9857999984424,0.006060709550055856
924.1564666652679,0.006303700118368478
924.3271233320236,0.0065567122603383855
924.4977899988492,0.0067975521786111355
924.668456665675,0.007047880679838251
924.8391233317058,0.007285832751933512
925.0097899985315,0.0075329559269475994
925.180456665357,0.007767142347752446
925.3511233321826,0.00801014214117495
925.5217899990082,0.008239860052420965
925.6924566642443,0.00847783540890246
925.86312333107,0.008701614949269257
926.033766664664,0.00893242672915217
926.2044333314896,0.009148580145261716
926.3750999983151,0.00937094030479549
926.5457666651407,0.0095780663299465
926.7164333319663,0.009791373087218795
926.8870999979974,0.009989219770035635
927.0577566647529,0.010192943097051935
927.2284233315786,0.010381051556137097
927.3990899984041,0.010574917868092974
927.56975666523,0.010752949208412861
927.7404233320555,0.010936432716755904
927.9110899988812,0.011103659564020468
928.0817466656366,0.011275367273716664
928.2523999977111,0.011430055313441203
928.4230666645368,0.01158863489762534
928.5937333313625,0.011729923078008802
928.764399998188,0.011875140966772056
928.9350666650137,0.012002673107390446
929.1057333310446,0.012133355348526548
929.2763999978703,0.012246066322669023
929.4470666646957,0.012362071964779214
929.6177333315212,0.012459721677671735
929.7883899982771,0.012560267691984029
929.9590566651026,0.01264222569739574
930.1297233319283,0.012726520475228587
930.3003899979592,0.012791644514689697
930.4710566647848,0.012858131444431048
930.6417233316104,0.01290516959801681
930.812389998436,0.012953627305394606
930.98303333203,0.01298219470850519
931.1536999988555,0.013011627465215362
931.3243666656812,0.01302057090850463
931.495033331712,0.013029627745629447
931.6656999977429,0.013017630901666155
931.8363666645686,0.013005056092337727
932.007033331394,0.012970871780109156
932.1776999982197,0.012935721718637813
932.3483666650452,0.012878465327124623
932.5190333310762,0.012819312711890598
932.6896899986268,0.01273761974703374
932.8603566646576,0.012653766387251075
933.0310233314833,0.01254716389692811
933.2016899983088,0.012438214867845276
933.3723566651345,0.012306281895740772
933.5430099987983,0.012171987624973643
933.713666665554,0.012014775645813831
933.8843333323796,0.011855135166205254
934.0549999984107,0.011672583580368287
934.2256666652362,0.011487825554142255
934.3963333320619,0.011280347723005884
934.5669999988874,0.011070990035999047
934.737666665713,0.01083921984166585
934.9083233308793,0.010605827334008668
935.0789899977048,0.010350084185908298
935.2496566645304,0.010092911950732593
935.4203233313561,0.009813529797020293
935.5909899981816,0.009532951813915828
935.7616566650073,0.009230461834609112
935.932323331833,0.008927162434632853
936.1029899986585,0.008602178941990321
936.2736566646894,0.008276706048116532
936.4442999982833,0.007929837611834765
936.614966665109,0.007582895475316585
936.7856333319345,0.007214898251771187
936.9562999987602,0.006846693064962901
937.1269666655859,0.006457627723072832
937.2976333324116,0.00606870028583593
937.4682899983725,0.005659168600563791
937.6389566651981,0.005250121166389368
937.8096233320236,0.0048209012627144785
937.9802899988492,0.004392577818638243
938.1509566656748,0.003944548589677961
938.3216233309109,0.0034981769738238982
938.4922899977366,0.0030322314068194555
938.6629566645622,0.0025675785653293255
938.8336233313878,0.0020834718592979114
939.0042899982134,0.001600994003912853
939.1749333318076,0.0010994902685451731
939.345599998633,0.000599937000543259
939.516266664664,8.154113584501168e-05
939.6869333314895,-0.0004344410904134188
939.8575999983153,-0.0009689020018710386
940.0282666651408,-0.0015006293083247065
940.1989233318966,-0.0020504752342559007
940.3695899987221,-0.002597033453516355
940.5402566655478,-0.0031612258969888427
940.7109233323733,-0.003721829700738312
940.8815899984041,-0.004299729634384857
941.0522566652298,-0.004873785639377038
941.2229233320553,-0.005464879903754024
941.393589998881,-0.0060516770576937865
941.5642566657065,-0.006655106912421652
941.7349133308729,-0.0072537854789087005
941.9055666645367,-0.007868545790047863
942.0762333313626,-0.008478107341738367
942.246899998188,-0.00910335412396527
942.4175666650137,-0.009723201307321757
942.5882333318393,-0.010358480970609835
942.7588999986649,-0.010988337917112343
942.9295566646258,-0.011633534647660242
943.1002233314514,-0.012272537479825657
943.270889998277,-0.012925819146528104
943.4415566651027,-0.013572580288588938
943.6122233319281,-0.014233264898958289
943.7828899987538,-0.01488715513901136
943.9535466655095,-0.015555014295313089
944.1241999983788,-0.016215461285079974
944.2948666644095,-0.01688902923452894
944.4655333312352,-0.017554956332357954
944.6361999980606,-0.018233663035706883
944.8068666648866,-0.018904528191270847
944.9775333317123,-0.019587944750627223
945.148199997743,-0.020263186358305218
945.3188666645686,-0.020950546515049316
945.4895333313941,-0.021629273526935156
945.6601899981499,-0.0223197345184027
945.8308566649755,-0.023001288856602797
946.0015233318011,-0.023693884624921346
946.1721899986267,-0.02437698114581269
946.3428566646575,-0.02507061939583122
946.5135233314832,-0.02575412011328347
946.6841766651471,-0.026447897501383585
946.8548333319028,-0.027131428054452924
947.0254999987285,-0.0278246653281583
947.1961666655541,-0.028506934831111646
947.3668333323798,-0.029198170565467755
947.5374999976159,-0.029877857687121704
947.7081666644415,-0.030565903315785
947.8788333312671,-0.03124185332881501
948.0494999980926,-0.031925409350301595
948.2201666649182,-0.03259630111403692
948.3908333317438,-0.033274312845197586
948.5614899984996,-0.03393918656107869
948.7321566653251,-0.03461073742736753
948.9028233313562,-0.03526857314779806
949.0734899981815,-0.03593267909592278
949.2441566650074,-0.03658315742110226
949.4148099986711,-0.03723948492786627
949.585466665427,-0.03788180484460826
949.7561333322526,-0.03852922798593315
949.9267999990782,-0.03916183066690631
950.0974666651091,-0.03979909122101594
950.2681333319346,-0.040421061612014586
950.4387999987603,-0.041046921795530066
950.6094666655857,-0.041656853041903585
950.7801333324114,-0.042270235168551225
950.9507999976477,-0.042867186947264234
951.1214566644032,-0.043467007562850324
951.2921233312288,-0.04405013944956349
951.4627899980545,-0.04463560618474492
951.6334566648802,-0.04520379498201289
951.8041233317057,-0.04577390706571969
951.9747899985312,-0.04632648337134987
952.1454566645622,-0.04688033425536145
952.3160999981562,-0.047415991353687806
952.4867666649819,-0.04795233372013207
952.6574333318074,-0.04846991696934306
952.8280999986331,-0.048987511893326105
952.9987666654588,-0.049485405157886575
953.1694333322843,-0.04998261425748437
953.34008999904,-0.05045955057542775
953.5107566650707,-0.050935029266420545
953.6814233318964,-0.05138944835165382
953.8520899987219,-0.05184166185163157
954.0227566655476,-0.05227208235517862
954.1934233323733,-0.052699633308910684
954.3640899976095,-0.05310474690903054
954.5347566644352,-0.0535063169638763
954.7054233312607,-0.05388488827596069
954.8760799980164,-0.054259194107577
955.0467333316803,-0.054609612044098685
955.2173999985059,-0.05495493569800058
955.3880666653315,-0.05527554850684356
955.5587333313624,-0.05559025179978444
955.7293999981879,-0.05587952303507297
955.9000666650136,-0.05616233097714827
956.0707233317693,-0.05641917281770826
956.241389998595,-0.05666891887003682
956.4120566654204,-0.05689214625001407
956.5827233322461,-0.057107521402421965
956.7533899982769,-0.05729591950787319
956.9240566651027,-0.05747601207783398
957.0947233319282,-0.057628546334737664
957.2653899987539,-0.057772126425600756
957.4360566655796,-0.05788768165814103
957.6067133323352,-0.05799380439547434
957.7773666644096,-0.058071516503309085
957.9480333312353,-0.05813940365029168
958.118699998061,-0.05817858850380791
958.2893666648864,-0.05820770162702947
958.4600333317121,-0.05820803041528797
958.6306999985376,-0.05819781316609261
958.8013566652933,-0.05815843210719879
958.9720233313243,-0.058108131151529
959.1426899981498,-0.05802848713013038
959.3133566649755,-0.057937830293197434
959.4840233318012,-0.05781781219302331
959.6546899986267,-0.05768657869425395
959.8253566654524,-0.05752586700068125
959.9960233322779,-0.05735356755128033
960.1666899983089,-0.0571514197805426
960.3373433311781,-0.056937293901639686
960.5079999979337,-0.056692970029227685
960.6786666647592,-0.05643633036856948
960.849333331585,-0.056149277954385506
961.0199999984104,-0.0558496895670276
961.1906666644414,-0.05551947378692786
961.3613333312669,-0.055176463437622815
961.5319899980228,-0.05480252331181654
961.7026566648483,-0.05441554265063413
961.873323331674,-0.0539974620913971
962.0439899984997,-0.053565848384956115
962.2146566653253,-0.0531025547557139
962.3853233313561,-0.05262526239871916
962.5559899981818,-0.05211578898172278
962.7266566650072,-0.05159198426676777
962.8973233318329,-0.05103568589043707
963.0679766654969,-0.050464725309972217
963.2386333322526,-0.04986083098906375
963.4092999990783,-0.04924190441905733
963.5799666643143,-0.04858992130081249
963.75063333114,-0.047922853751641764
963.9212999979654,-0.047222507842062236
964.0919666647911,-0.046506827902835675
964.2626233315466,-0.04575781127078915
964.4332899983725,-0.04499340333191894
964.6039566651982,-0.044195521683464245
964.7746233312289,-0.0433820471643834
964.9452899980546,-0.04253485497294965
965.1159566648801,-0.04167195392884567
965.2866233317058,-0.04077520545586317
965.4572899985312,-0.039862649182287824
965.6279566653569,-0.03891622461145307
965.798623331388,-0.03795413568971673
965.9692666657766,-0.03695837517483632
966.1399333318074,-0.03594702592662074
966.310599998633,-0.03490210454623191
966.4812666654586,-0.033841692450084004
966.6519333322843,-0.03274780125625357
966.82259999911,-0.03163855600932778
966.9932566642761,-0.030495952166960032
967.1639233311016,-0.02933815304549795
967.3345899979274,-0.028147133486849833
967.505256664753,-0.026941053074492495
967.6759233315786,-0.025701778096036607
967.8465899984042,-0.02444778848423938
968.0172566652298,-0.023161160659223346
968.1879233312608,-0.02186008238107887
968.3585899980862,-0.020526575892130212
968.5292466648419,-0.01917905230507818
968.6998999985059,-0.017799681394501218
968.8705666653316,-0.016406806628078058
969.0412333321572,-0.014982481449788788
969.2118999989829,-0.013545252397808143
969.3825666650137,-0.012077159939143316
969.5532333318394,-0.010596733567927017
969.723889998595,-0.009086228619106743
969.8945566654205,-0.007564108326418734
970.0652233322462,-0.006012639810343822
970.2358899990717,-0.00445034159553285
970.4065566643079,-0.0028594112032740214
970.5772233311334,-0.0012583212538021164
970.7478899979591,0.00037091680191594397
970.9185566647848,0.0020094305591633523
971.0892233316105,0.0036749248586115876
971.2598799983659,0.005348837365980184
971.4305333320299,0.007048762978955655
971.6011999980608,0.008756078970920242
971.7718666648864,0.010488443528987016
971.9425333317122,0.01222725528034562
972.1131999985377,0.013990089795351096
972.2838666653633,0.015758161818295518
972.454523332119,0.017549079385047024
972.6251899989445,0.019344177319395514
972.7958566649755,0.02116093959806485
972.966523331801,0.02298077650075775
973.1371899986267,0.02482115443972461
973.4716999991736,0.02666331530585635
973.6833233308793,0.028524528497684717
973.8539899977047,0.03038623548322644
974.0246433313687,0.03226570009501874
974.1952999981244,0.03414431187186605
974.3659666649501,0.03603932034677886
974.5366333317758,0.03793209439732702
974.7072999986012,0.039839921100617376
974.8779666654269,0.04174406103596696
975.048623331388,0.04366163180070283
975.2192899982134,0.045574079390324145
975.3899566650391,0.047498442111017156
975.5606233318647,0.049416225970628065
975.7312899986903,0.05134435376009011
975.9019566655159,0.05326417645441747
976.0726233323414,0.05519252832283777
976.2432899983723,0.05711081397522183
976.413956665198,0.05903604844086023
976.5846233320237,0.0609496705451041
976.7552766648929,0.06286838325577605
976.9259333316486,0.064773668097938
977.0965999976794,0.06668238670577178
977.2672666645051,0.06857579505578883
977.4379333313307,0.07047045676859656
977.6085999981563,0.07234771381161836
977.7792666649818,0.0742236358457283
977.9499233317374,0.07607991806867377
978.1205899985631,0.0779326992134719
978.2912566645939,0.07976371821078236
978.4619233314197,0.08158900013359979
978.6325899982452,0.08339055968817491
978.8032566650709,0.08518446668818239
978.9739233318963,0.08695280708484239
979.1445899987223,0.08871160262593246
979.3152566655477,0.09044308864878477
979.4859133323034,0.09216336166830527
979.6565666643779,0.09385471694913632
979.8272333312034,0.09553313425859135
979.9978999980291,0.09718090091777375
980.1685666648548,0.09881382195497751
980.3392333316802,0.10041432974877895
980.5098999977112,0.10199819857061264
980.6805566652616,0.10354796647055811
980.8512233312925,0.10507942777573788
981.021889998118,0.10657529113449113
981.1925566649436,0.10805124032623796
981.3632233317694,0.10949007856946698
981.5338899985949,0.11090758496537705
981.7045566646259,0.11228661800738575
981.8752233314515,0.11364296158708644
982.0458899982771,0.11495958438647341
982.2165466650328,0.11625219095190077
982.3871999986966,0.1175038874167948
982.5578666655223,0.11873038488022762
982.7285333323478,0.11991483134103322
982.8991999983788,0.12107303430825818
983.0698666644096,0.122188133977374
983.2405333312352,0.12327592057729067
983.411189997991,0.12431967572497693
983.5818566648165,0.12533520112839394
983.7525233316421,0.12630579732275846
983.9231899984677,0.1272472917548583
984.0938566652934,0.1281430710574374
984.2645233313244,0.12900887940895292
984.4351899981499,0.12982810170633305
984.6058566649756,0.13061659320042934
984.7765233318011,0.13135779991300536
984.947166665395,0.13206752784367692
985.1178333322207,0.13272938450949653
985.2884999990463,0.13335924650932096
985.4591666650771,0.13394078899095208
985.629833331903,0.13448999591654937
985.8004999987285,0.13499059559466808
985.9711666655542,0.1354586098457783
986.1418233323096,0.13587776382065944
986.3124899975459,0.13626414410228208
986.4831566643716,0.13660147442421924
986.653823331197,0.13690589705204256
986.8244899980227,0.13716122497925357
986.9951566648484,0.13738376143724418
987.1658233316739,0.1375574391720423
987.3364899984996,0.13769875975274543
987.5071566653253,0.13779149455999254
987.6778099981944,0.13785211791724034
987.8484666649501,0.13786448728594636
988.0191333317756,0.13784519920020963
988.1897999986013,0.1377780991143061
988.3604666654268,0.13767990999780613
988.5311333322525,0.13753445324507743
988.7017999990782,0.1373584300483936
988.8724666651091,0.13713562392087184
989.0431333319345,0.13688288917684607
989.2137999987602,0.13658395393807218
989.3844566655159,0.13625579633666024
989.5551233323415,0.13588220854293984
989.7257899975777,0.1354801506166193
989.8964566644032,0.13503352949637532
990.0671233312289,0.134559271612377
990.2377899980545,0.13404124540501436
990.4084433317184,0.1334964601755858
990.579099998474,0.13290881695238266
990.7497666652998,0.13229536893244498
990.9204333313306,0.13164002670145514
991.0910999981563,0.13095976002896467
991.2617666649818,0.1302385503996261
991.4324333318076,0.12949352296048183
991.6030999986331,0.12870863873680558
991.7737666654588,0.12790116481865765
991.9444333322842,0.12705505767323128
992.11508999904,0.12618746077712947
992.2857566650707,0.12528246472721902
992.4564233318964,0.12435741581056088
992.6270899987221,0.1233964573009707
992.7977566655476,0.12241716965085607
992.9684233323733,0.1214035444041154
993.1390799975394,0.12037309869072946
993.3097333312035,0.11930981678202507
993.4803999980289,0.11823123854264246
993.6510666648549,0.11712143248063984
993.8217333316803,0.11599796812107949
993.992399998506,0.11484485421978749
994.1630666653316,0.11367971277962141
994.3337333313624,0.11248657848033405
994.5043999981881,0.1112831271879066
994.6750666650136,0.11005335554487153
994.8457233317692,0.10881503596897601
995.016389998595,0.10755200460701095
995.1870566654204,0.10628197169219789
995.3577233322461,0.10498901826981602
995.5283899982771,0.10369106268909953
995.6990566651026,0.10237199719845996
995.8697133318583,0.10104978196496088
996.0403666647275,0.09970826857357276
996.2110333315529,0.09836530444508504
996.3816999983788,0.09700472789797546
996.5523666644096,0.09564453369293828
996.7230333312352,0.09426860252877978
996.8936999980609,0.09289488051772841
997.0643666648864,0.09150711572262359
997.2350333317121,0.09012331723415286
997.4056999985378,0.08872718831663133
997.5763566652934,0.08733679630333764
997.7470233313243,0.08593581243423497
997.9176899981497,0.08454220992135587
998.0883566649754,0.08313975881952082
998.2590233318011,0.08174633926067272
998.4296899986266,0.08034555107573292
998.6003333322208,0.07895522638888282
998.7709999990464,0.07755912030322859
998.9416666642825,0.07617496158009163
999.1123333311082,0.07478639059896613
999.2829999979338,0.07341112721674667
999.4536666647593,0.07203295657447556
999.6243333315849,0.0706695150289865
999.7949999984105,0.06930457093140409
999.9656666644414,0.06795578534754788
1000.1363333312671,0.06660722739341084
1000.4844799987475,0.06527653333640135
1000.9213899985949,0.06394740273391844
1001.0920566646258,0.06263738885242243
1001.2627233314513,0.0613303023433514
1001.433389998277,0.060043734118214016
1001.6040566651027,0.058761440260685666
1001.7747233319282,0.057501036170062095
1001.9453666655223,0.056246281485217126
1002.1160333323478,0.055014702742396906
1002.2866999983787,0.05379009093005166
1002.4573666644097,0.0525899326441576
1002.6280333312354,0.051398012641561935
1002.7986999980609,0.05023173096024365
1002.9693666648866,0.04907490430814197
1003.140023331642,0.04794493362126926
1003.3106899984678,0.046825558743511214
1003.4813566652934,0.04573415598908439
1003.6520233313242,0.044654439215385706
1003.8226899981498,0.04360359765397257
1003.9933566649754,0.0425653755172779
1004.164023331801,0.04155694642451871
1004.3346899986267,0.04056208000430943
1004.5053566646575,0.03959783393265484
1004.6759999990463,0.03864785311102531
1004.8466666650772,0.03772912364379795
1005.0173333319029,0.03682538625301643
1005.1879999987284,0.03595350749009277
1005.3586666655541,0.03509722701439819
1005.5293333323796,0.03427347557621729
1005.6999999976158,0.03346606226868533
1005.8706566643716,0.032691715702442
1006.0413233311971,0.03193410232240509
1006.2119899980228,0.03120990212105953
1006.3826566648482,0.030502898113260554
1006.553323331674,0.029829770933147454
1006.7239899984994,0.029174377115036444
1006.8946566653252,0.028553300846782648
1007.065323331356,0.02795025789610069
1007.2359899981817,0.027381850419207328
1007.4066333317758,0.02683175272478385
1007.5772999986013,0.026316597467656407
1007.7479666654268,0.02581994400448492
1007.9186333322525,0.025358353831870992
1008.0892999990781,0.02491549448102076
1008.2599666651089,0.0245078610088172
1008.4306333319346,0.024119015724168424
1008.6012999987603,0.02376531639848911
1008.771966665586,0.023430240100477673
1008.9426233323414,0.023130137050525027
1009.1132899975777,0.022848440762476625
1009.2839566644034,0.02260147087773265
1009.4546233312288,0.022372678772553008
1009.6252899980543,0.02217831430583225
1009.7959566648802,0.0220017315206155
1009.9666233317059,0.021859155076511774
1010.1372666652999,0.0217338765524625
1010.3079333313306,0.02164202037754276
1010.4785999981563,0.02156686116762376
1010.649266664982,0.021524485625501726
1010.8199333318074,0.02149814307418231
1010.9905999986331,0.021503947122849493
1011.1612666654586,0.021524878760693825
1011.3319333322843,0.021576917101484322
1011.5025999991097,0.021643104231374135
1011.6732566650708,0.021739388173475545
1011.8439233318965,0.02184883827565824
1012.0145899987222,0.021987230129367756
1012.1852566655477,0.022137620336256256
1012.3559233323733,0.02231599751382029
1012.5265899976093,0.022505252474353983
1012.6972566644351,0.022721209791991912
1012.8679233312607,0.02294675862944492
1013.0385899980863,0.023197774669017818
1013.2092566649119,0.023457020997913764
1013.3798999985058,0.023740298249594696
1013.5505666653314,0.024030325270995495
1013.7212333313624,0.024342864084151206
1013.8918999981881,0.02466061534037856
1014.0625666650136,0.024999349228096667
1014.2332333318393,0.025341683060708484
1014.4038999986649,0.02570328999197523
1014.5745566654207,0.02606670387020824
1014.7452233322462,0.026447593717396727
1014.9158899982771,0.026828502404279593
1015.0865566651028,0.027224981023856593
1015.2572233319282,0.027619463704353926
1015.4278899987539,0.028027479101368033
1015.5985566655794,0.028431507820116345
1015.7692233324051,0.028847018640971354
1015.9398899976411,0.029256487610168212
1016.1105466643969,0.029675524899285776
1016.2811999980607,0.030086665691763867
1016.4518666648864,0.030505316624508692
1016.6225333317121,0.030913961832087933
1016.7931999985376,0.031327868471280926
1016.9638666653634,0.0317294569940187
1017.1345333313941,0.03213412058427215
1017.3051899981499,0.0325242130371248
1017.4758566649756,0.03291509841558836
1017.6465233318011,0.0332891319973452
1017.8171899986268,0.033661708218140816
1017.9878566654522,0.03401499348871845
1018.1585233322779,0.034364383816200016
1018.3291899983087,0.03469219357920152
1018.4998566651344,0.03501381649556892
1018.6705233319601,0.035311466577379956
1018.8411666647595,0.03560060956889527
1019.0118333315847,0.03586338306653892
1019.1824999984107,0.03611508536265
1019.3531666644415,0.03633792918835617
1019.523833331267,0.036547353480446874
1019.6944999980926,0.03672553979409307
1019.8651666649182,0.03688782117223466
1020.0358333317439,0.03701634614232602
1020.2064999985696,0.0371266040982052
1020.3771666653951,0.03720063639200143
1020.5478233313561,0.037253597644216235
1020.7184899981816,0.03726771635726665
1020.8891566650072,0.037258351820149374
1021.059823331833,0.037207763080972775
1021.2304899986584,0.03713125283191583
1021.4011566654842,0.03701101400205258
1021.571799999078,0.03686244829898358
1021.7424666643143,0.036667893617936445
1021.9131333311398,0.03644278100578347
1022.0837999979655,0.036169314179854
1022.2544666647912,0.035863069594643124
1022.4251333316167,0.03550626968271783
1022.5957999976475,0.03511418589484507
1022.7664666644732,0.03466908296179826
1022.9371333312989,0.03418645419804334
1023.1077899980544,0.03364860313954035
1023.2784566648801,0.0330710589692849
1023.4491233317058,0.032436294229751556
1023.6197899985312,0.03175981071968444
1023.7904566653569,0.03102412740679653
1023.9611233313879,0.03024492716329069
1024.1317899982137,0.02940467820783191
1024.302456665039,0.028519157092144948
1024.4731233318648,0.02757078664060908
1024.6437899986902,0.02657522895389118
1024.8144433323541,0.025514979728878142
1024.98509999911,0.02440608628978503
1025.1557666643462,0.02323097041900188
1025.3264333311715,0.022005571572704902
1025.4970999979973,0.020712488276872262
1025.6677666648227,0.019367853580677254
1025.8384333316485,0.017954187688235583
1026.0090999976794,0.016487694287336877
1026.179766664505,0.014950914869741433
1026.3504333313306,0.013359974900837955
1026.5210899980862,0.011697524285122487
1026.6917566649122,0.009979808935587694
1026.8624233317373,0.00818954142035223
1027.0330899985631,0.006343092133347593
1027.2037566645943,0.0044233088548424155
1027.3744233314196,0.002446589297196823
1027.5450799981754,0.0003958172033284839
1027.7157333318394,-0.0017125787816717043
1027.8863999986647,-0.003895610683584665
1028.0570666654905,-0.006136641990301449
1028.227733332316,-0.008452616733687931
1028.398399999142,-0.010826967039665653
1028.569066664378,-0.013276644179962849
1028.7397333312035,-0.015784943591566392
1028.9103999980293,-0.018368811256735305
1029.0810666648547,-0.02101142627198137
1029.2517233316103,-0.023729577939550606
1029.4223899984358,-0.02650648912010991
1029.5930566652617,-0.0293588106714337
1029.7637233312923,-0.03226960372847932
1029.9343899981181,-0.035255469938271174
1030.1050566649435,-0.03829934366427788
1030.2757233317693,-0.041417727421170177
1030.446389998595,-0.044593511767183264
1030.6170566646258,-0.047843324751387264
1030.787713332176,-0.051149883811264264
1030.9583666650456,-0.054529343118612114
1031.129033331871,-0.05796418137065426
1031.2996999986967,-0.06147080997804749
1031.4703666655223,-0.06503151366563786
1031.641033332348,-0.06866251219547684
1031.8116999983788,-0.07234610915867964
1031.98235666434,-0.076098540752231
1032.1530233311653,-0.07990178964050726
1032.323689997991,-0.08377209601355019
1032.4943566648167,-0.08769155360971838
1032.6650233316423,-0.09167622985552547
1032.8356899984678,-0.09570814126478851
1033.0063566652934,-0.09980316342182763
1033.1770233313243,-0.10394315825655309
1033.34768999815,-0.10814411654287782
1033.5183433318139,-0.11238769668580066
1033.6889999985694,-0.11668981692424037
1033.859666665395,-0.1210319904395931
1034.0303333322206,-0.1254301578459011
1034.2009999990464,-0.1298657310210317
1034.3716666650773,-0.13435454997724955
1034.5423333319031,-0.13887803296298012
1034.7129999987285,-0.1434519370933884
1034.883666665554,-0.14805769567127178
1035.0543333323799,-0.15271078317098752
1035.2249999976157,-0.15739256588557
1035.3956566643715,-0.1621184325652807
1035.566323331197,-0.1668696092556112
1035.7369899980226,-0.17166152784800845
1035.9076566648482,-0.17647543499161322
1036.0783233316738,-0.18132653173296612
1036.2489899984998,-0.18619602649990044
1036.419656665325,-0.1910991107183987
1036.590323331356,-0.1960165505951721
1036.7609899981815,-0.2009636378237368
1036.9316333317756,-0.20592127819014494
1037.1022999986012,-0.21090469697288436
1037.272966665427,-0.21589480843809034
1037.4436333322526,-0.22090671827707306
1037.6142999990782,-0.22592103304840228
1037.784966665109,-0.2309527705799662
1037.9556233318647,-0.23598240774185314
1038.1262899986903,-0.24102518438673418
1038.2969566655158,-0.24606135727698097
1038.4676233323414,-0.2511061906967116
1038.6382899975774,-0.25614004869488144
1038.8089566644032,-0.26117789322925905
1038.9796233312288,-0.2662000852086269
1039.1502899980546,-0.2712217367469036
1039.3209566648802,-0.2762231597143164
1039.4916233317058,-0.2812193533260011
1039.6622666652997,-0.28619071050037986
1039.8329333313307,-0.2911521263605025
1040.0035999981562,-0.29608371032608
1040.174266664982,-0.3010004097957461
1040.3449333318076,-0.3058825301241387
1040.5155999986332,-0.31074488568083997
1040.6862666654588,-0.3155680004238212
1040.8569333322844,-0.32036685417102195
1041.02759999911,-0.32512191823562003
1041.1982566650709,-0.3298474509478681
1041.3689233318964,-0.33452364389609907
1041.539589998722,-0.33916526003359937
1041.7102566655476,-0.34375278762485856
1041.8809233323732,-0.34830072869047707
1042.0515899976094,-0.3527895391968807
1042.2222566644352,-0.3572337780917376
1042.3929233312606,-0.3616138556508322
1042.5635899980862,-0.36594437304166155
1042.7342566649118,-0.37020564683184004
1042.904899998506,-0.37441217229408064
1043.0755666653313,-0.378544251109033
1043.2462333313624,-0.3826165723829736
1043.416899998188,-0.38660909860398646
1043.5875666650138,-0.39053638581596584
1043.7582333318394,-0.3943786072163224
1043.928889998595,-0.3981506790402296
1044.0995566654206,-0.40183269242393327
1044.2702233322461,-0.4054394819582414
1044.4408899982768,-0.40895084295080103
1044.6115566651026,-0.4123818230066829
1044.7822233319282,-0.4157125885803403
1044.952889998754,-0.41895806631454885
1045.1235566655796,-0.4220986033086114
1045.2942233324052,-0.42514932509423753
1045.4648899976414,-0.4280905044224459
1045.6355333312354,-0.4309371725336977
1045.806199998061,-0.4336698058333595
1045.9768666648865,-0.4363035743961458
1046.147533331712,-0.438818775759749
1046.3181999985377,-0.44123062499989313
1046.4888666653633,-0.44351953918995246
1046.6595333313944,-0.44570092355114244
1046.8301999982198,-0.4477552291390552
1047.0008666650454,-0.4496977350759249
1047.171533331871,-0.451509169884611
1047.3421899986267,-0.45320492702476706
1047.5128566654525,-0.4547658123993488
1047.6835233322777,-0.45620715542900947
1047.8541899983088,-0.4575098725150954
1048.0248566651344,-0.4586895298725747
1048.19552333196,-0.45972682270625254
1048.3661899987858,-0.4606373504849885
1048.5368566656111,-0.46140209843752095
1048.7075233316423,-0.46203690066727515
1048.8781666644413,-0.4625227620124019
1049.048833331267,-0.46287547245429417
1049.2194999980925,-0.4630761136295593
1049.3901666649185,-0.46314062239617837
1049.5608333317439,-0.4630504393664636
1049.7314999985697,-0.4628214360337254
1049.9021666653953,-0.46243483949926256
1050.072823331356,-0.46190668078643643
1050.2434899981815,-0.46121831284552556
1050.4141566650073,-0.4603859520223618
1050.5848233318327,-0.45939115756456345
1050.7554899986585,-0.4582500960267249
1050.926156665484,-0.45694436011414197
1051.0968233323097,-0.4554907111344044
1051.2674899983406,-0.4538709926788403
1051.4381566651664,-0.4521017467572814
1051.6087999979657,-0.4501646800964656
1051.779466664791,-0.448076702312883
1051.950133331617,-0.44581978952997064
1052.1207999976475,-0.4434108544410177
1052.2914666644733,-0.4408319803681453
1052.4621333312987,-0.438100278728333
1052.6327999981245,-0.43519828891824675
1052.80346666495,-0.4321430517673859
1052.9741333317756,-0.42891696258245005
1053.1447899985312,-0.4255371610655101
1053.315456665357,-0.42198598062326237
1053.4861233313877,-0.41828111281955443
1053.6567899982133,-0.4144049379264862
1053.8274566650389,-0.41037523368604384
1053.9981233318645,-0.4061745705950044
1054.1687899986905,-0.4018208403560548
1054.3394566655159,-0.3972968788656436
1054.5101233323417,-0.3926208162679952
1054.6807899983723,-0.38777558824665126
1054.8514433312416,-0.3827793464867813
1055.0220999979972,-0.37761509146303057
1055.192766664823,-0.37230138843881855
1055.3634333316484,-0.366821214806993
1055.5340999976795,-0.36119311510051233
1055.704766664505,-0.35540054481339967
1055.8754333313307,-0.34946234659130554
1056.0460999981563,-0.34336177983829447
1056.2167666649818,-0.3371178300651081
1056.3874333318074,-0.33071434952624046
1056.558089998563,-0.3241702769204158
1056.7287566645941,-0.3174693044270886
1056.8994233314195,-0.3106304495681182
1057.0700899982453,-0.3036374359661908
1057.240756665071,-0.2965097204219561
1057.4114233318965,-0.28923120112913536
1057.5820899987223,-0.28182144184492836
1057.7527566655476,-0.2742646016425632
1057.9234233323734,-0.2665803530202289
1058.094079998334,-0.2587530617726884
1058.2647333312034,-0.25080251188676644
1058.435399998029,-0.2427131282896516
1058.6060666648548,-0.23450489016181467
1058.7767333316804,-0.22616211344663376
1058.9473999977113,-0.2177051290669485
1059.1180666645369,-0.20911855158028256
1059.2887233312927,-0.20042284973812363
1059.459389998118,-0.19160319448158192
1059.6300566649436,-0.18267967899715454
1059.8007233317692,-0.1736377028110553
1059.971389998595,-0.16449762383854613
1060.142056664626,-0.15524514204508638
1060.3127233314515,-0.14590098410809374
1060.483389998277,-0.13645117576096422
1060.6540566651026,-0.12691627751217718
1060.8247133318582,-0.11728278814201061
1060.9953666655224,-0.10757105654765234
1061.1660333323478,-0.09776829212500698
1061.3366999983787,-0.08789467436948097
1061.5073666644096,-0.07793762555664961
1061.6780333312352,-0.06791730400123294
1061.848699998061,-0.05782195328011927
1062.0193666648863,-0.0476717743669422
1062.1900333317121,-0.03745520896566773
1062.360699997743,-0.027191461727779413
1062.5313566652935,-0.016869097736201308
1062.7020233313242,-0.006507604843627664
1062.8726899981498,0.003904303115374063
1063.0433566649754,0.014347515477984574
1063.2140233318012,0.02483332181008674
1063.3846899986268,0.035342531544719454
1063.5553566646577,0.045886231480286976
1063.7260233314832,0.05644542957796658
1063.8966899983088,0.06703140621448297
1064.0673433319728,0.07762518822443905
1064.2379999987284,0.08823790441027383
1064.4086666655542,0.09885039041088854
1064.57933333238,0.1094735876089264
1064.7499999976158,0.12008818687465778
1064.9206666644416,0.13070467526421203
1065.091333331267,0.14130392845960482
1065.2619999980925,0.1518961180126848
1065.432666664918,0.16246216106192146
1065.603333331744,0.17301211859870064
1065.7739999977748,0.18352755476779808
1065.944656665325,0.19401850465131895
1066.115323331356,0.204466594057053
1066.2859899981818,0.21488188610840186
1066.4566566650071,0.22524628843692124
1066.627323331833,0.23557002930726176
1066.7979899986583,0.24583511008071696
1066.9686566646894,0.25605172760839034
1067.139323331515,0.26620183506909845
1067.3099899983406,0.2762957536135933
1067.4806333319345,0.2863155425379936
1067.6512999987604,0.2962715391549492
1067.821966665586,0.3061457571628377
1067.9926333324115,0.3159485457173963
1068.1632999976475,0.3256619568294173
1068.333966664473,0.33529644431918126
1068.504633331299,0.3448340290105
1068.6752999981243,0.35428505781848213
1068.84596666495,0.36363123304812695
1069.0166233317057,0.3728822450406287
1069.1872899985315,0.38202002952194153
1069.3579566645626,0.39105405464784276
1069.5286233313877,0.39996655322537245
1069.6992899982135,0.40876708508468496
1069.869956665039,0.41743794364592096
1070.040623331865,0.42598858877839596
1070.21128999869,0.4344022245042687
1070.3819566647212,0.4426880769237268
1070.5526233315468,0.4508288592906813
1070.7232766652107,0.4588333589192668
1070.8939333319663,0.4666846068577733
1071.064599998792,0.47439116601055625
1071.2352666656175,0.4819364891676313
1071.4059333324433,0.4893293576964416
1071.5765999976793,0.4965541043988442
1071.7472666645049,0.5036197074528485
1071.9179333313307,0.510510991779453
1072.088599998156,0.5172371955955193
1072.259266664982,0.5237834568640263
1072.4299233317374,0.5301590922792552
1072.600589998563,0.5363495956283741
1072.7712566645941,0.5423645795643239
1072.9419233314195,0.5481898171284366
1073.1125899982453,0.5538351496256271
1073.283256665071,0.5592865648598384
1073.4539233318965,0.5645541529532768
1073.6245899979274,0.5696240412023854
1073.795256664753,0.5745065233898355
1073.9659133315085,0.579187836243089
1074.1365666651727,0.5836785997658471
1074.3072333319983,0.5879652218533372
1074.4778999988237,0.5920586024278398
1074.6485666656495,0.5959452902873018
1074.819233332475,0.5996364604598955
1074.9898999977113,0.6031187533110128
1075.1605666645366,0.6064035511634637
1075.3312333313625,0.6094776064139095
1075.501899998188,0.6123525997539643
1075.6725566649436,0.6150154501611144
1075.8432233317694,0.6174780771406936
1076.0138899985948,0.619727536314938
1076.1845566646257,0.6217760669666706
1076.3552233314515,0.6236108433569353
1076.525889998277,0.6252443290893938
1076.6965566651027,0.6266637931650587
1076.8672233319282,0.6278819203892141
1077.0378899979592,0.6288869176413266
1077.2085466655094,0.6296918809199804
1077.3791999983787,0.6302841406648447
1077.5498666652043,0.6306770616876486
1077.72053333203,0.6308580607922675
1077.8911999988554,0.6308407858129906
1078.0618666656812,0.6306127892977769
1078.232533331712,0.6301878995785478
1078.403199997743,0.629553775126273
1078.5738666645686,0.628724510706165
1078.7445333313942,0.6276878956646813
1078.9151899981498,0.6264582235861266
1079.0858566649754,0.6250233435005794
1079.256523331801,0.6233977528966025
1079.4271899986268,0.6215693954982696
1079.5978566646577,0.619552900297292
1079.7685233314833,0.6173363807229786
1079.9391899983088,0.6149347350176434
1080.1098566651344,0.6123361974486691
1080.28052333196,0.6095558455748504
1080.4511766648295,0.6065820822782995
1080.6218333323795,0.6034302300767107
1080.7924999984107,0.6000887425490367
1080.9631666652363,0.5965731475302274
1081.1338333320618,0.5928720343051056
1081.3044999988874,0.5890011279076542
1081.475166665713,0.5849491314756482
1081.645833330949,0.5807320355456387
1081.8164999977748,0.5763385718632339
1081.9871666646002,0.5717848801024736
1082.157833331426,0.5670597043461134
1082.3284899981816,0.5621794386629606
1082.4991566650074,0.557132863469039
1082.669823331833,0.5519365910504158
1082.8404899986585,0.546579502725076
1083.0111566646895,0.5410784044848825
1083.181823331515,0.5354221806087043
1083.3524899983408,0.529627856614634
1083.5231566651662,0.5236843055950499
1083.693823331992,0.5176087611856864
1083.8644666655857,0.5113901703830348
1084.0351333324113,0.505045927441915
1084.2057999984422,0.49856497309818293
1084.376466665268,0.4919648628539559
1084.5471333320936,0.4852345176632797
1084.7177999989192,0.4783916708944745
1084.888466665745,0.47142526072794183
1085.0591333309808,0.4643531591638333
1085.2297999978066,0.4571642430104856
1085.4004566645622,0.4498765665667079
1085.571123331388,0.4424790340047541
1085.7417899982133,0.43498985094806447
1085.9124566650391,0.4273978543555031
1086.0831233318645,0.41972137957005706
1086.2537899978956,0.41194923649574333
1086.424456664721,0.4040998420003181
1086.5951233315468,0.3961619817331017
1086.7657899983724,0.38815421073764855
1086.936456665198,0.3800653265874355
1087.1071099988621,0.3719139385048805
1087.2777666656177,0.3636887487933447
1087.448433332443,0.3554085972898901
1087.6190999984742,0.34706210842159724
1087.7897666652996,0.3386681214684347
1087.9604333321254,0.3302152833126845
1088.131099998951,0.3217225498547509
1088.3017666657765,0.31317836794762044
1088.4724333310128,0.3046017332944833
1088.6430999978381,0.29598113640494356
1088.8137566645942,0.28733568160624445
1088.9844233314195,0.2786537461810515
1089.1550899982453,0.2699544629400112
1089.3257566650707,0.2612260520118249
1089.4964233318965,0.25248776103765436
1089.6670899979276,0.24372775737938243
1089.8377566647528,0.23496516646529228
1090.0084233315786,0.22618806449378995
1090.1790899984044,0.21741564527842744
1090.34974666516,0.20863589268668353
1090.520399998824,0.19986786583239324
1090.6910666656495,0.19109945937488054
1090.8617333316802,0.18234980053246957
1091.032399998506,0.17360673516218716
1091.2030666653313,0.1648892906565823
1091.3737333321574,0.15618520708619948
1091.5443999989827,0.14751361703930282
1091.7150666658085,0.13886207511860704
1091.8857333310448,0.1302496791405148
1092.0563899978001,0.12166397207663705
1092.2270566646257,0.11312392901251866
1092.3977233314513,0.10461695808417626
1092.568389998277,0.09616205026847398
1092.7390566651027,0.08774651515917131
1092.9097233319285,0.07938926603804752
1093.080389997959,0.0710775260589614
1093.2510566647848,0.06283024805688223
1093.4217233316103,0.05463437774899762
1093.5923799983661,0.04650877624340507
1093.7630333320299,0.03844029140654708
1093.9336999988557,0.030447648460108688
1094.104366665681,0.022517577843194324
1094.2750333317122,0.014668779104894765
1094.4456999985377,0.0068878357461534
1094.6163666653633,-0.0008066450132823821
1094.7870333321891,-0.008428295706982704
1094.9576999990145,-0.015958424563312746
1095.1283666650456,-0.02341089533215213
1095.2990233310065,-0.03076720811113373
1095.4696899978321,-0.038041294323704705
1095.6403566646577,-0.045214773348218884
1095.8110233314833,-0.052301786146305075
1095.9816899983089,-0.05928401962103772
1096.1523566651344,-0.06617575734884491
1096.32302333196,-0.07295893382476996
1096.493689997991,-0.07964788017891862
1096.6643566648165,-0.0862246070600086
1096.8350099984805,-0.09270363587636687
1097.005666665236,-0.099067058338978
1097.1763333320619,-0.10532961056563925
1097.3469999988874,-0.11147364633481094
1097.517666665713,-0.11751373783331809
1097.688333331744,-0.12343215719603466
1097.8589999985695,-0.12924381327215603
1098.0296666653953,-0.13493116218940637
1098.200333332221,-0.14050925870877717
1098.3709999990465,-0.14596067063581422
1098.5416666642825,-0.15130064875344557
1098.712323331038,-0.15651182324734955
1098.8829899978637,-0.1616095990937589
1099.0536566646892,-0.16657677326299894
1099.2243233315153,-0.17142894629548497
1099.3949899983404,-0.17614895938045058
1099.5656566651664,-0.18075255062336526
1099.7363233319916,-0.18522265058874393
1099.9069899980227,-0.1895750672925224
1100.0776566648485,-0.19379302819944086
1100.2482999984425,-0.19789241990092976
1100.418966665268,-0.20185649753215984
1100.5896333320936,-0.2057014230217348
1100.760299998919,-0.20941052225817805
1100.9309666657448,-0.2130001170101106
1101.1016333317755,-0.216453667220508
1101.2722999986013,-0.2197875233771822
1101.4429666654269,-0.22298515092062596
1101.6136333322524,-0.22606320114408207
1101.784289999008,-0.22900535080186812
1101.9549566642443,-0.23182844612180709
1102.12562333107,-0.2345162937052152
1102.2962899978957,-0.2370858344642413
1102.4669566647212,-0.23952099417861986
1102.637623331547,-0.24183883540998813
1102.8082899983724,-0.24402348332971088
1102.978956665198,-0.24609219432772717
1103.1496233312287,-0.24802924931126324
1103.3202899980545,-0.24985180930948356
1103.49095666488,-0.25154414922023954
1103.6616233317059,-0.2531235068875472
1103.8322899985312,-0.2545742432752054
1104.0029433321954,-0.25591394614163143
1104.173599998951,-0.2571271690475593
1104.3442666657766,-0.2582314578203111
1104.5149333318075,-0.25921146045419313
1104.685599998633,-0.26008491658477806
1104.8562666654586,-0.2608364845623238
1105.0269333322844,-0.26148393398996167
1105.19759999911,-0.2620118983791215
1105.368266664346,-0.2624383454204169
1105.5389333311716,-0.26274809874175725
1105.7095899979272,-0.2629592423687144
1105.880256664753,-0.26305656393844695
1106.0509233315784,-0.26305825619402745
1106.2215899984044,-0.26294924178473983
1106.3922566652298,-0.26274785081984703
1106.5629233312607,-0.2624391235681703
1106.7335899980862,-0.26204138693126294
1106.9042566649118,-0.2615397143824748
1107.0749233317374,-0.26095256077171314
1107.2455799984932,-0.26026496852810926
1107.4162333321572,-0.2594955405436325
1107.5868999989827,-0.2586293809458593
1107.7575666650137,-0.25768517000375274
1107.9282333318392,-0.25664804305691397
1108.098899998665,-0.25553674230364454
1108.2695666654904,-0.25433643154005187
1108.4402333323162,-0.25306585062575576
1108.6108999991416,-0.2517101310335584
1108.7815666643778,-0.25028817661914976
1108.9522233311334,-0.2487852153533735
1109.1228899979592,-0.2472201971942601
1109.2935566647848,-0.24557842470786806
1109.4642233316104,-0.24387876982227807
1109.6348899984362,-0.242106500288382
1109.8055566652615,-0.24028069234958074
1109.9762233312927,-0.23838657640172578
1110.146889998118,-0.23644318047772422
1110.3175566649436,-0.23443577162112206
1110.4882233317692,-0.23238342050827424
1110.6588666653631,-0.23027141579803787
1110.829533332189,-0.22811884292731763
1111.0001999990147,-0.2259109830446407
1111.1708666650452,-0.22366691813410272
1111.3415333318712,-0.2213718628385849
1111.5121999986966,-0.2190450615149644
1111.6828666655224,-0.21667164287520663
1111.8535333323478,-0.21427090626833342
1112.0241999983787,-0.21182798693939697
1112.1948666644096,-0.2093621500393217
1112.3655333312352,-0.20685842704271967
1112.536199998061,-0.20433598109483678
1112.7068666648863,-0.2017798607001135
1112.8775233316421,-0.19920935236367782
1113.048189998468,-0.19660934911297107
1113.2188566652935,-0.19399923092335303
1113.3895233313242,-0.19136389504069262
1113.5601899981498,-0.18872261237911392
1113.7308566649754,-0.1860602869945234
1113.9015233318012,-0.18339620303407106
1114.0721899986268,-0.1807153653397713
1114.2428566646577,-0.17803706960712257
1114.4134999990463,-0.17534606437821826
1114.5841666650772,-0.172661563337344
1114.7548333319028,-0.16996814756627707
1114.9254999987284,-0.16728497984903956
1115.0961666655542,-0.1645966309430342
1115.26683333238,-0.1619223005453043
1115.4374999976158,-0.15924657284822613
1115.6081666644416,-0.15658877166847698
1115.778833331267,-0.1539334275039737
1115.9494999980925,-0.1512996642623842
1116.1201566648483,-0.14867200237882847
1116.290823331674,-0.1460694573165219
1116.4614899984995,-0.143476516242473
1116.632156665325,-0.14091219718223233
1116.802823331356,-0.13836081465785227
1116.9734899981818,-0.1358412009781268
1117.1441566650071,-0.13333760471423037
1117.314823331833,-0.1308688335983539
1117.4854899986583,-0.12841904501604678
1117.6561433315278,-0.12600708088159762
1117.826799999078,-0.12361690904448631
1117.997466665109,-0.12126726144105013
1118.1681333319345,-0.1189419864855087
1118.3387999987604,-0.11665969048171199
1118.509466665586,-0.1144040606651293
1118.6801333324115,-0.11219367779316555
1118.8507999976475,-0.11001234381470269
1119.021466664473,-0.10787868155410758
1119.192133331299,-0.10577609849107404
1119.3627999981243,-0.10372307527079924
1119.53346666495,-0.10170303602386048
1119.704133330981,-0.09973441283426762
1119.8747899985315,-0.09780047852626042
1120.0454566645626,-0.09591971380746676
1120.2161233313877,-0.09407525892019353
1120.3867899982135,-0.09228544998299593
1120.557456665039,-0.09053324190470205
1120.728123331865,-0.08883700924584162
1120.89878999869,-0.08717967659571103
1121.0694566647212,-0.08557938109523654
1121.2401233315468,-0.08401911296281453
1121.4107899983724,-0.08251701096915869
1121.5814333319663,-0.08105588871599778
1121.752099998792,-0.07965377846729857
1121.9227666656175,-0.07829343456779816
1122.0934333324433,-0.07699278396213412
1122.2640999976793,-0.07573445513917451
1122.4347666645049,-0.07453629149723179
1122.6054333313307,-0.07338080730807439
1122.776099998156,-0.07228582814888464
1122.946766664982,-0.07123361556697709
1123.1174233317374,-0.07024198281095236
1123.288089998563,-0.06929314113024264
1123.4587566645941,-0.06840495131696676
1123.6294233314195,-0.06755986647611353
1123.8000899982453,-0.06677549273700499
1123.970756665071,-0.06603393532659184
1124.1414233318965,-0.06535261262964259
1124.3120899979274,-0.0647134891589839
1124.482756664753,-0.06413409939102932
1124.6534233315786,-0.06359641687040841
1124.8240666651727,-0.06311786889753895
1124.9947333319983,-0.06268026662736184
1125.1653999988237,-0.062301071494253665
1125.3360666656495,-0.061961933005649714
1125.506733332475,-0.06168023397857377
1125.6773999977113,-0.06143759375852166
1125.8480666645366,-0.06125114176015189
1126.0187333313625,-0.06110238853584772
1126.189399998188,-0.061008664165054925
1126.3600666650136,-0.0609512922923214
1126.5307333310445,-0.060947736435842
1126.7013999978699,-0.06097934938616806
1126.8720666646957,-0.061063306180307475
1127.0427233314515,-0.0611808497337974
1127.213389998277,-0.06134912310389868
1127.3840566651027,-0.06154930756704932
1127.5547233319282,-0.06179859639969847
1127.7253899979592,-0.062078131396847744
1127.8960566647847,-0.06240505889763001
1128.0667233316103,-0.0627605346184932
1128.237389998436,-0.06316163580021315
1128.4080566652615,-0.06358939972831192
1128.5787133320173,-0.06406081845676405
1128.7493666656812,-0.06455692654691356
1128.920033331712,-0.06509473310977348
1129.090699997743,-0.06565511879837593
1129.2613666645686,-0.06625512602629517
1129.4320333313942,-0.06687579628578094
1129.6026999982198,-0.06753402114822683
1129.7733666650454,-0.0682108163665909
1129.9440333310763,-0.06892298116185296
1130.1146999979019,-0.0696517528255797
1130.2853666647275,-0.07041382214055797
1130.4560333315533,-0.07119015184043104
1130.6266999983789,-0.07199748969205264
1130.7973566651344,-0.07281695978031413
1130.96802333196,-0.0736651527917741
1131.1386899979912,-0.07452297471664776
1131.3093566648163,-0.07540701563322795
1131.4800233316423,-0.07629846491667804
1131.650689998468,-0.07721374692732089
1131.8213566652935,-0.07813390084211334
1131.992023332119,-0.07907540471950482
1132.1626899989446,-0.08001914458405127
1132.333343331019,-0.08098169430115044
1132.5039999977748,-0.08194412371621994
1132.6746666646002,-0.08292271196794355
1132.845333331426,-0.08389825434156975
1133.0159999982516,-0.08488729851605722
1133.1866666650772,-0.08587084537948486
1133.3573333311083,-0.08686551287125292
1133.5279999979339,-0.08785210190727932
1133.6986666647595,-0.08884715079511402
1133.869333331585,-0.08983145650777694
1134.0399999984106,-0.090821643632535
1134.2106566651662,-0.09179857245269327
1134.381323331992,-0.0927788496548599
1134.5519899980227,-0.09374329267571495
1134.7226566648483,-0.09470853698640325
1134.8933233316739,-0.09565541847717052
1135.0639899984997,-0.09660079254542625
1135.234656665325,-0.09752554783140868
1135.4053233321508,-0.09844635037346175
1135.5759899989764,-0.09934401483951244
1135.7466566650073,-0.1002352961165216
1135.9173233318331,-0.10110111043696247
1136.0879899986585,-0.10195816025359372
1136.258633331458,-0.10278700583958841
1136.4292999982833,-0.1036045774952672
1136.5999666643143,-0.10439162890092078
1136.7706333311398,-0.10516514783582914
1136.9412999979654,-0.10590590736447424
1137.111966664791,-0.1066310130111141
1137.2826333316166,-0.10732116100389509
1137.4532999984424,-0.10799357371788651
1137.623966665268,-0.10862889682524315
1137.794623332024,-0.10924432169441534
1137.9652899980545,-0.10982073742592979
1138.1359566648803,-0.11037537367954213
1138.3066233317056,-0.11088896499414475
1138.4772899985314,-0.11137895274229855
1138.647956665357,-0.11182614257750075
1138.8186233321826,-0.11224798323173535
1138.9892899990082,-0.11262529338379144
1139.159956665039,-0.11297561241849914
1139.3306233318647,-0.11327988133215196
1139.5012899986903,-0.11355580498713536
1139.6719566655158,-0.11378425308025185
1139.8426233323414,-0.11398276489170983
1140.0132899975774,-0.114132337285691
1140.1839333311716,-0.11425061161580652
1140.3545999979974,-0.11431864097456189
1140.5252666648228,-0.11435429280832375
1140.6959333316486,-0.11433844349652843
1140.8665999984742,-0.1142890290024085
1141.0372666652997,-0.11418705087696365
1141.2079333313307,-0.11405043808004117
1141.3785999981562,-0.11386003190239959
1141.549266664982,-0.11363399336464204
1141.7199233317376,-0.11335318196838984
1141.8905899985632,-0.11303587096097532
1142.0612566653888,-0.11266310616299782
1142.2319233322144,-0.11225318383322287
1142.40258999904,-0.1117871233049201
1142.5732566650709,-0.11128342396515142
1142.7439233318964,-0.11072315299799379
1142.914589998722,-0.11012472826040758
1143.0852566655476,-0.10946946580765021
1143.2559233323732,-0.1087759559997161
1143.4265899976094,-0.10802541871303538
1143.5972566644352,-0.10723659156524944
1143.7679233312606,-0.10639068709375853
1143.9385666648548,-0.10550650137365897
1144.1092333316801,-0.10456530181849136
1144.279899998506,-0.10358585379899105
1144.4505666653313,-0.1025493866452467
1144.6212333313624,-0.10147482557632372
1144.791899998188,-0.1003435365207616
1144.9625666650138,-0.09917463781003105
1145.1332333318394,-0.09794980947121856
1145.303899998665,-0.09668811104342405
1145.4745666654903,-0.09537083067138082
1145.6452233322461,-0.09401687356680527
1145.8158899982768,-0.09260783533493266
1145.9865566651026,-0.09116277913612512
1146.1572233319282,-0.08966322226906051
1146.327889998754,-0.08812841085770141
1146.4985566655796,-0.08653979247347397
1146.6692233324052,-0.08491666049120904
1146.8398899976414,-0.08324070715209464
1147.0105566644668,-0.08153122018952857
1147.1812233312926,-0.07976987615219353
1147.351889998118,-0.0779761610751312
1147.5225566649437,-0.0761315770703878
1147.6932133316993,-0.07425584630768675
1147.8638666653633,-0.07233067149256422
1148.0345333313944,-0.07037572452632368
1148.2051999982198,-0.06837261199771595
1148.3758666650454,-0.06634106832117805
1148.546533331871,-0.06426278284296628
1148.7171999986967,-0.06215769732956925
1148.8878666655223,-0.06000735752415233
1149.0585333323477,-0.05783172360040846
1149.2291999983786,-0.05561267481475115
1149.3998666652044,-0.05337010986707743
1149.5705333320298,-0.051085934392135206
1149.7411999988558,-0.04878011537371088
1149.9118566656111,-0.04643448531899178
1150.0825233316423,-0.04406907329486311
1150.253189997673,-0.04166569219230259
1150.4238566644985,-0.0392445175745799
1150.5945233313241,-0.0367873079687434
1150.76518999815,-0.03431431632597169
1150.9358566649757,-0.03180752411598414
1151.1065233318013,-0.029287205522889208
1151.2771899986267,-0.026735453847694792
1151.4478433314957,-0.02417255615994653
1151.6184999982515,-0.021580633146471503
1151.7891666650771,-0.018980135758922528
1151.9598333319027,-0.01635323438229093
1152.1304999987283,-0.013720190188461594
1152.301166665554,-0.01106313740120071
1152.4718333323797,-0.008402723018013633
1152.6424999984106,-0.005721461337552359
1152.8131666652362,-0.003039647135945838
1152.9838333320617,-0.00034003080320236433
1153.1544999988873,0.0023571724424249225
1153.325166665713,0.005069176190724958
1153.4958333309492,0.007775806606553789
1153.6664999977747,0.010494075310866885
1153.8371566645305,0.013204022147891088
1154.0078233313561,0.01592256085968028
1154.1784899981817,0.01862999186551562
1154.349156665007,0.021343137219158786
1154.5198233318329,0.024042396039271493
1154.6904899986584,0.02674466765262755
1154.8611566646894,0.02943056601909499
1155.0318233315152,0.032117023496905955
1155.2024899983405,0.03478467843633542
1155.3731333319345,0.03745055584333265
1155.5437999987603,0.04009539223653916
1155.7144666655859,0.0427362059174754
1155.8851333324114,0.045353682145717035
1156.0557999984424,0.04796498158349362
1156.2264666652682,0.050550693707162635
1156.3971333320935,0.05312807095277523
1156.567799998919,0.055677628499558054
1156.738466665745,0.05821676700222682
1156.9091333309811,0.060726067858608554
1157.0797999978065,0.06322267904616824
1157.250466664632,0.06568731409249873
1157.4211333314577,0.06813737712181472
1157.5917899982135,0.07055342869560127
1157.7624566650388,0.07295286783623627
1157.9331233318646,0.07531621270093514
1158.1037899978955,0.07766093018718387
1158.2744566647211,0.0799675642743844
1158.4451233315472,0.0822536258992353
1158.6157899983723,0.08449975748229563
1158.786456665198,0.08672345590417528
1158.9571233320235,0.08890541089385277
1159.1277899980546,0.09106315583279218
1159.2984566648802,0.09317738222199985
1159.4691233317058,0.09526563391788023
1159.6397899985313,0.0973086849135432
1159.8104333321253,0.09932407986502666
1159.9810999989509,0.10129251999736268
1160.1517666657764,0.1032315385060142
1160.3224333310127,0.1051219460153887
1160.4930999978383,0.10698137284744391
1160.6637666646639,0.1087907270378731
1160.8344333314894,0.11056746766997791
1161.0050999983152,0.11229253106461326
1161.175766664346,0.11398357525178711
1161.3464233318966,0.11562174516611273
1161.5170899979275,0.11722474641692217
1161.6877566647531,0.11877382457295045
1161.8584233315787,0.12028685102064149
1162.029089998404,0.12174502477622752
1162.1997566652299,0.12316623927841441
1162.3704233312608,0.1245317136323193
1162.5410899980864,0.12585943038127478
1162.711756664912,0.12713054627004217
1162.8824233317375,0.12836296543479236
1163.053089998563,0.12953803695606572
1163.2237566653887,0.13067376519134308
1163.3944233322143,0.13175152102239937
1163.5650666658082,0.13278948605631383
1163.7357333310445,0.1337690037398342
1163.9063999978703,0.13470825403625683
1164.0770666646958,0.13558872004044883
1164.2477333315212,0.13642862050701202
1164.418399998347,0.1372094781140737
1164.589066664378,0.13794964773506205
1164.7597333312033,0.13863062530049483
1164.930399998029,0.13927085087213975
1165.1010666648544,0.13985173270382717
1165.2717333316803,0.140391763486675
1165.442399998506,0.14087259124397736
1165.6130666653316,0.14131262514362747
1165.7837233312925,0.1416935564356712
1165.9543899981181,0.1420339272926225
1166.1250566649437,0.14231542687781096
1166.2957233317693,0.14255669066254137
1166.4663899985949,0.14273941213641755
1166.6370566654205,0.1428823580520091
1166.807723332246,0.14296731475103222
1166.9783899982772,0.1430132089708408
1167.1490566651028,0.14300181259612582
1167.3197233319283,0.1429521489414474
1167.490389998754,0.1428460392536094
1167.6610566655795,0.14270270005684815
1167.831723332405,0.14250384753277737
1168.0023666644097,0.14226872299299065
1168.1730333312353,0.14197902016850866
1168.3436999980609,0.14165407628584806
1168.5143666648864,0.14127550871939198
1168.685033331712,0.14086280424304246
1168.8556999985378,0.14039759642211505
1169.0263666653634,0.13989931761669872
1169.197033331394,0.13934962642752646
1169.36769999822,0.13876812116034665
1169.5383666650455,0.13813651366403643
1169.7090233318008,0.13747437706999993
1169.8796899986269,0.13676340166534776
1170.0503566654525,0.13602338364776795
1170.221023332278,0.13523594176299608
1170.391689998309,0.13442106727779327
1170.5623566651343,0.13356023945968806
1170.73302333196,0.13267345947533238
1170.9036899987855,0.13174226388119895
1171.0743566656113,0.1307867046172475
1171.2450233316422,0.12978813420017574
1171.415689997673,0.12876666887384272
1171.586356664499,0.1277037229001317
1171.7569999980929,0.12661932245473315
1171.9276666649184,0.12549487291138048
1172.098333331744,0.12435050340874051
1172.2689999985696,0.12316762885099271
1172.4396666653952,0.1219664581989307
1172.6103333314259,0.12072842110244981
1172.7809999982514,0.11947384508059526
1172.9516666650773,0.11818403219003208
1173.1223333319028,0.11687942997961422
1173.2929999987284,0.11554136062722482
1173.463666665554,0.11419029187321923
1173.6343333323796,0.11280747093458914
1173.8049999984105,0.11141350122145927
1173.975656665166,0.10998948327438371
1174.1463233319919,0.10855607075377756
1174.3169899988177,0.10709431321170287
1174.487656665643,0.10562477231399588
1174.6583233308793,0.10412854264299576
1174.8289899977049,0.10262636554643044
1174.9996566645302,0.10109925368527632
1175.170323331356,0.09956780623976025
1175.3409899981816,0.09801309505329449
1175.5116566650072,0.09645573325562234
1175.6823233318328,0.09487666881696173
1175.8529899986584,0.09329678805432828
1176.0236566646895,0.09169698126648311
1176.1942999982834,0.09009806651905145
1176.364966665109,0.08848081350102786
1176.5356333319346,0.08686613249668516
1176.7062999987602,0.0852347928005972
1176.8769666655858,0.08360769615716682
1177.0476333324116,0.08196544251470465
1177.2182999984423,0.08032902087616595
1177.388966665268,0.07867904966069242
1177.5596333320937,0.07703622840871877
1177.7302999989192,0.07538111996176622
1177.9009666657446,0.07373472869059834
1178.0716333309808,0.0720778163880856
1178.2422899977366,0.07043120595591754
1178.412956664562,0.06877554557873945
1178.5836233313878,0.067131777064805
1178.7542899982134,0.06548035921791302
1178.9249566650392,0.06384227249414502
1179.0956233318648,0.062197990811025755
1179.2662899978955,0.060568452582638155
1179.4369566647213,0.05893405674805487
1179.6076233315466,0.057315680694277844
1179.7782899983727,0.05569364229219614
1179.9489566651978,0.054088911037113024
1180.1196233320236,0.05248180790885031
1180.2902899980545,0.05089335796947276
1180.4609433317185,0.04930402918297168
1180.631599998474,0.04773485049915119
1180.8022666652996,0.046165894624860974
1180.9729333321252,0.044618228159424685
1181.2937799986205,0.043071980738521504
1181.6897333312036,0.04154825257541982
1181.860399998029,0.04002694685867729
1182.0310666648547,0.038529238000606494
1182.2017333316803,0.03703508698349709
1182.372399997711,0.03556565679416771
1182.5430666645368,0.034100814403670084
1182.7137233312924,0.03266164602455814
1182.884389998118,0.031228048427569915
1183.0550566649438,0.02982119876713791
1183.2257233317694,0.028420794441098452
1183.396389998595,0.027047902835266674
1183.5670566646259,0.025682251358412452
1183.7377233314514,0.024344988845346614
1183.908389998277,0.023015799976167862
1184.0790566651026,0.02171582712169929
1184.2497233319282,0.020424631661385636
1184.4203899987538,0.01916323481307215
1184.5910566655796,0.017911217741467304
1184.7617233316105,0.016689786183354993
1184.9323666644098,0.015478290027958471
1185.1030333312353,0.014298095669154801
1185.273699998061,0.013128509125802587
1185.4443666648865,0.011990761250939726
1185.615033331712,0.010864111127769221
1185.785699997743,0.009769713836971033
1185.9563666645686,0.008686907536975479
1186.1270333313942,0.0076367869073883324
1186.2976999982197,0.006598613426108886
1186.4683666650456,0.005593623776575993
1186.6390333318711,0.0046008535708657195
1186.8096999986967,0.0036414021716069675
1186.9803666647276,0.0026943284634114474
1187.1510233314834,0.0017808219007968593
1187.3216899983086,0.0008797896369782818
1187.4923566651346,1.2501781343628137e-05
1187.6630233319602,-0.0008420075717539003
1187.8336899987858,-0.0016625942085682392
1188.0043566656113,-0.00247037062317539
1188.175023331642,-0.0032441215527472668
1188.3456899984678,-0.00400510259008171
1188.5163566652932,-0.004732065378587904
1188.687023332119,-0.0054461973331755955
1188.8576899989446,-0.006126308872564077
1189.0283566649755,-0.006793652468365174
1189.1989999977748,-0.007427003922821495
1189.3696666646006,-0.008047784475259905
1189.5403333314262,-0.008634637816820417
1189.7109999982517,-0.009209057366217988
1189.8816666650773,-0.009749808161518485
1190.052333331903,-0.010278334192046525
1190.2229999987285,-0.010773435870253107
1190.3936666647592,-0.011256658295961635
1190.564333331585,-0.011707409874293265
1190.7349999984106,-0.012146737993464166
1190.9056666652361,-0.012553435966941508
1191.0763333320617,-0.012949063828955483
1191.2469999988873,-0.01331248935804738
1191.4176666657129,-0.013665142611284715
1191.5883233316738,-0.013985845740070849
1191.7589899984996,-0.014296340252137937
1191.9296566653254,-0.014575407584513147
1192.1003233321508,-0.014844648672013632
1192.2709899989763,-0.015082981714703429
1192.4416566642126,-0.015312037639776621
1192.612323331038,-0.015510580918507709
1192.7829899978638,-0.015700389122959374
1192.9536566646893,-0.01586005629622553
1193.124323331515,-0.016011283606554228
1193.2949899983405,-0.01613274570508716
1193.465656665166,-0.016246270832725153
1193.6362999987603,-0.016330565499553782
1193.8069666647912,-0.01640748923920502
1193.9776333316167,-0.016455804267670984
1194.1482999984423,-0.016497448162487004
1194.318966665268,-0.0165110320965654
1194.4896333320935,-0.0165187294130311
1194.6602999989193,-0.016499269945496633
1194.8309666657449,-0.016474560204878218
1195.0016333317758,-0.01642303706060778
1195.1722999986014,-0.016366809259180895
1195.342966665427,-0.016284630118506734
1195.5136333322523,-0.01619849080986351
1195.6842899990081,-0.01608706967937831
1195.8549566642444,-0.015972598641278687
1196.0256233310697,-0.01583385989824043
1196.1962899978955,-0.015693179212493857
1196.366956664721,-0.015530143032891543
1196.537623331547,-0.015366700510355826
1196.7082899983725,-0.015181282189027714
1196.878956665198,-0.014995651520154162
1197.049623331229,-0.014788540515251058
1197.2202899980543,-0.014582009934519493
1197.3909566648804,-0.01435461679529336
1197.5616233317055,-0.014128481417872254
1197.7322899985313,-0.0138821221829077
1197.902956665357,-0.01363770932179391
1198.073599998951,-0.013373653245818374
1198.2442666657766,-0.013112114979063954
1198.4149333318073,-0.012831577707468539
1198.585599998633,-0.012554288816404099
1198.7562666654587,-0.012258544575168263
1198.9269333322843,-0.011966672721428847
1199.09759999911,-0.011657275385194578
1199.2682666643461,-0.011352915915601532
1199.4389333311715,-0.01103221655977748
1199.6095999979975,-0.010717422081023054
1199.7802666648229,-0.010387424919542122
1199.9509333316485,-0.010064384016643892
1200.121589998404,-0.00972694031765172
1200.2922566652298,-0.009397156621291824
1200.4629233312608,-0.009053245487828359
1200.6335899980863,-0.008717248916746105
1200.804256664912,-0.008367412793111487
1200.9749233317375,-0.008026153253325737
1201.145589998563,-0.007671748730568434
1201.316256664594,-0.00732648612125612
1201.4869233314196,-0.0069685824547973275
1201.6575899982452,-0.0066205188516012085
1201.828256665071,-0.0062604475843464
1201.9989233318963,-0.005910834972703706
1202.1695899987221,-0.005549880049019735
1202.340233332316,-0.005200032046999253
1202.5108999991419,-0.0048394302852371625
1202.681566664378,-0.004490539104349098
1202.8522333312035,-0.004131329532727858
1203.022899998029,-0.003784911358986876
1203.1935666648546,-0.0034291989660322005
1203.3642333316802,-0.003086527820042626
1203.5348999977111,-0.002734585044356195
1203.705566664537,-0.0023961373980727094
1203.8762333313625,-0.0020490695169194037
1204.046899998188,-0.0017162914999777322
1204.2175666650137,-0.0013753418556142235
1204.3882333318393,-0.001048980966861131
1204.5588999986649,-0.0007152556440694392
1204.7295666646958,-0.0003968005048747914
1204.9002333315213,-7.156797073880301e-05
1205.070889998277,0.00023793027062426488
1205.2415566651027,0.0005537438137655847
1205.4122233319283,0.0008533176568954959
1205.582889998754,0.001158610383877302
1205.7535566655795,0.001447301299711943
1205.9242233316104,0.00174137131557375
1206.094889998436,0.002017971568364173
1206.2655566652616,0.0022990104323114993
1206.4362233320874,0.002562193037757266
1206.6068899989127,0.002829479563370265
1206.7775566657385,0.0030785813289356864
1206.9482233309748,0.0033313900893222545
1207.1188899978001,0.003565561226791344
1207.2895333313943,0.0038031223779039875
1207.4601999982199,0.00402167610145656
1207.6308666650452,0.004243370219627364
1207.801533331871,0.004445758476688481
1207.9721999986966,0.004651762033086863
1208.1428666647275,0.004838342830193838
1208.3135333315533,0.005027784197235764
1208.4841999983787,0.005197701631962172
1208.6548666652045,0.005370342685085173
1208.8255333320299,0.005523336248013405
1208.9961999988557,0.005679629839477227
1209.166866665681,0.005816071279036773
1209.3375333317122,0.0059549582929312355
1209.5081899984677,0.006073570531567221
1209.6788566652936,0.00619441864784844
1209.8495233321191,0.006294754041237856
1210.0201899989447,0.0063969763633719735
1210.1908566649756,0.006478459758268751
1210.3615233310065,0.00656188855810145
1210.5321899978321,0.006624479983619257
1210.7028566646577,0.0066890349740534654
1210.8735233314833,0.006732504701952645
1211.0441899983089,0.006777770931207155
1211.2148566651344,0.00680185968449247
1211.38552333196,0.006827829884846791
1211.556189997991,0.006832993994811435
1211.7268566648165,0.00684019143055838
1211.897523331642,0.006826366927937441
1212.068176665306,0.006814440594606502
1212.2388333320619,0.006781474075763544
1212.4094999988874,0.006750202503852772
1212.580166665713,0.006697529506238328
1212.750833331744,0.0066463424645991
1212.9214999985695,0.006573756985179089
1213.0921666653953,0.006502737142827442
1213.262833332221,0.006410230152500231
1213.4334999990465,0.006319190017821776
1213.6041666642825,0.0062065852045084914
1213.7748333311079,0.00609578430408908
1213.9454999979337,0.005963522754166955
1214.1161666647592,0.005833059915444333
1214.286833331585,0.005681085343638304
1214.4574899983404,0.005530943837383203
1214.6281566651664,0.0053596110587422205
1214.7988233319916,0.005190260870094359
1214.9694899980227,0.004999582248511185
1215.1401566648485,0.00481097967673526
1215.3108233316739,0.004600865571606235
1215.4814899985,0.0043929511958017515
1215.6521566653253,0.0041638920387410605
1215.822823331356,0.00393683838863335
1215.9934899981815,0.003688735218874941
1216.1641566650073,0.003442852558767364
1216.3348233318327,0.003175856428771831
1216.5054766654969,0.002910998853308254
1216.6761333322524,0.0026252764187265853
1216.846799999078,0.002342170076771187
1217.0174666643143,0.002038057564601023
1217.1881333311399,0.0017360943397851643
1217.3587999979657,0.0014128672014577866
1217.529466664791,0.0010925173472515926
1217.700133331617,0.0007515547212116801
1217.8707999976475,0.0004138013613747538
1218.0414666644733,5.5530707479062095e-05
1218.2121333312987,-0.00029968420466879145
1218.3827999981245,-0.0006755305394928588
1218.55346666495,-0.001048798395751502
1218.7241333317756,-0.0014427659966486474
1218.8947999986012,-0.0018338486890118538
1219.0654666654268,-0.0022455337022212647
1219.2361233313877,-0.002654253824002962
1219.4067899982133,-0.0030833805112604395
1219.5774566650389,-0.003508782417192959
1219.7481233318645,-0.00395418492317872
1219.9187899986905,-0.00439590894793465
1220.0894566655159,-0.004857642120496832
1220.2601233323417,-0.0053159668230360856
1220.4307899983723,-0.005794456563265772
1220.6014566651982,-0.006269327601458421
1220.7721233320235,-0.00676418208994145
1220.942789998849,-0.007255180587011417
1221.113456665675,-0.00776606547267349
1221.2841233309111,-0.008272926935241703
1221.454776664575,-0.008799255488846306
1221.6254333313307,-0.009321139034532371
1221.7960999981563,-0.009861991199746317
1221.9667666649818,-0.010397591968108754
1222.1374333318074,-0.010951765768518097
1222.308099998633,-0.01150094055345596
1222.478766664664,-0.012068774329097776
1222.6494333314895,-0.012631469197749814
1222.8200999983153,-0.013212428388265097
1222.9907666651409,-0.013787875223189933
1223.1614333319662,-0.014381546251854609
1223.332099998792,-0.0149692978320494
1223.5027666656176,-0.015574969625557987
1223.6734333324434,-0.01617440430094507
1223.8440999984741,-0.016791233071776827
1224.0147666652997,-0.017401315353439833
1224.1854233320555,-0.018028786935206955
1224.356089998881,-0.018650092522075723
1224.5267566657067,-0.01928924883738413
1224.6974233309427,-0.019921431888720417
1224.8680899977685,-0.020570763173520017
1225.0387566645938,-0.02121277088225776
1225.2094233314197,-0.021871461873972722
1225.3800899982452,-0.02252286835122348
1225.5507566650708,-0.023191327133513514
1225.7214233318966,-0.023852852434189737
1225.8920899979275,-0.024530992606045694
1226.0627566647531,-0.025201718555834467
1226.2334233315787,-0.025888771084409606
1226.4040666651726,-0.026568221506449368
1226.5747333319982,-0.027263952104378812
1226.7453999988238,-0.02795191327328084
1226.9160666656494,-0.02865585236048867
1227.0867333316805,-0.02935151191286612
1227.257399998506,-0.030062736337235958
1227.4280666653317,-0.030765106633541397
1227.5987333321573,-0.03148264264984531
1227.7693999989829,-0.03219099362449514
1227.9400666658082,-0.032914568359092844
1228.1107333310445,-0.0336283580834531
1228.2813999978703,-0.034356512500430904
1228.4520666646958,-0.03507461819773121
1228.6227333315212,-0.03580656911119127
1228.793399998347,-0.03652792078578204
1228.964066664378,-0.037263173263798646
1229.1347233319282,-0.037988098774710106
1229.305389997959,-0.03872677313862236
1229.4760566647847,-0.03945517799024112
1229.6467233316102,-0.04019716361268037
1229.817389998436,-0.0409275038360166
1229.9880566652616,-0.041669715775074376
1230.1587233312925,-0.0423994222638754
1230.3293899981181,-0.0431406023649388
1230.5000566649437,-0.043868322403021666
1230.6707233317693,-0.04460699550146641
1230.8413899985949,-0.04533160068922424
1231.0120566654205,-0.0460666729465321
1231.182723332246,-0.04678694425683152
1231.3533899982772,-0.04751688681053519
1231.5240566651028,-0.04823140051980185
1231.6947233319283,-0.048955087546670994
1231.8653666647276,-0.049662558004983495
1232.0360333315532,-0.05037870925022561
1232.2066999983788,-0.0510781424354097
1232.3773666644097,-0.0517857805213658
1232.5480333312353,-0.052476379971604876
1232.7186999980609,-0.0531745389449798
1232.8893666648864,-0.05385514236675644
1233.060033331712,-0.05454279997041294
1233.2306999985378,-0.05521324212329848
1233.4013666653634,-0.0558908142195961
1233.572033331394,-0.05655097316378826
1233.74269999822,-0.05721785371002288
1233.9133666650455,-0.05786597306916429
1234.0840233318008,-0.058519763045803544
1234.2546899986269,-0.0591544886437785
1234.4253566654525,-0.059794091427908196
1234.596023332278,-0.0604134185118676
1234.766689998309,-0.06103722307426163
1234.9373566651343,-0.06164022654408513
1235.10802333196,-0.06224694526160248
1235.2786899987855,-0.06283207557156002
1235.4493566656113,-0.06342040146672016
1235.6200233316422,-0.06398665305389521
1235.790689997673,-0.06455598269174773
1235.961356664499,-0.06510285354737334
1236.1320233313245,-0.06565173370688418
1236.3026899981498,-0.06617705258531507
1236.4733566649757,-0.06670387702891921
1236.6440099986394,-0.06720720754005216
1236.8146666653952,-0.06771168123878746
1236.9853333314259,-0.06819212020786408
1237.1559999982514,-0.06867283805205572
1237.3266666650773,-0.06912831384774423
1237.4973333319028,-0.0695836345748994
1237.6679999987284,-0.07001344411352543
1237.838666665554,-0.07044250031223141
1238.0093333323796,-0.07084532528147426
1238.1799999984105,-0.07124667347755859
1238.350666665236,-0.07162100841654413
1238.5213333320619,-0.07199389485922758
1238.6919999988877,-0.07234037699569351
1238.862666665713,-0.07268485322779188
1239.0333333309493,-0.07300217096674087
1239.2039999977746,-0.07331687101073596
1239.3746666646002,-0.07360348847467596
1239.545323331356,-0.07388657587851179
1239.7159899981816,-0.07414059517480329
1239.8866566650072,-0.07439058408705075
1240.0573233318328,-0.07461001562546045
1240.2279899986584,-0.07482429689376602
1240.3986566646895,-0.07500806799651956
1240.5693233315149,-0.07518654562975098
1240.7399899983407,-0.07533408552276491
1240.910656665166,-0.07547589133221994
1241.0813233319918,-0.07558585881198984
1241.2519899980227,-0.07568938239564774
1241.4226566648483,-0.07576085675604685
1241.5933233316741,-0.07582550552691475
1241.7639899984995,-0.0758577547641078
1241.934656665325,-0.07588282210970404
1242.1053233321506,-0.07587515149291654
1242.2759666657446,-0.07585996424369097
1242.4466333309808,-0.07581186931948473
1242.6172999978066,-0.07575596754920669
1242.787966664632,-0.07566693179998064
1242.9586333314578,-0.07556977073168382
1243.1292999982834,-0.07543998486559203
1243.2999666643143,-0.07530240321276827
1243.47063333114,-0.07513161259213512
1243.6412999979655,-0.07495202759386156
1243.8119666647913,-0.07473839001510944
1243.9826333316166,-0.07451551246367465
1244.1532999984424,-0.07425803222114893
1244.3239566651978,-0.07399145108057943
1244.4946233320236,-0.07369092821077795
1244.6652899980545,-0.0733816109299473
1244.83595666488,-0.07303792101550347
1245.0066233317057,-0.0726849931340457
1245.1772899985313,-0.07229739385123034
1245.3479566653568,-0.07190048154821133
1245.5186233321824,-0.07146887666744303
1245.689289999008,-0.07102753141715344
1245.859956665039,-0.07055124783776108
1246.0306233318647,-0.07006496151558074
1246.2012899986903,-0.06954386927724479
1246.3719566655159,-0.06901291147277493
1246.5426233323415,-0.0684471276463412
1246.713289997578,-0.0678716078243959
1246.8839566644033,-0.067261256179075
1247.0546233312289,-0.06664103023990164
1247.225266664823,-0.06598587015974375
1247.3959333316486,-0.06532071333534165
1247.5665999984742,-0.0646205080529829
1247.7372666652998,-0.06391019776767232
1247.9079333313307,-0.06316420488108812
1248.0785999981563,-0.062407808589059456
1248.2492666649819,-0.06161584646767976
1248.4199333318074,-0.060814003278668136
1248.590599998633,-0.05997715842107085
1248.7612666654586,-0.059130414280850495
1248.9319333322844,-0.058248861424190966
1249.10259999911,-0.05735760411633846
1249.273266665141,-0.05643139198725962
1249.4439333319665,-0.05549570832678826
1249.6145999987918,-0.05452532705324641
1249.7852566655476,-0.05354629207796401
1249.9559233323732,-0.05253393821707241
1250.1265899976092,-0.05151339427088258
1250.2972566644353,-0.05045895713849803
1250.4679233312606,-0.04939612345649948
1250.6385899980864,-0.04829993900877761
1250.8092566649118,-0.0471955190846656
1250.9799233317376,-0.0460575465103104
1251.150589998563,-0.04491174241949832
1251.3212566645939,-0.04373360449159251
1251.49192333142,-0.042548096311453905
1251.662589998245,-0.04133048670100536
1251.8332566650708,-0.04010575140136066
1252.0039233318967,-0.03884946747981358
1252.1745899979273,-0.037587166676899465
1252.3452566647532,-0.03629417802263733
1252.5159133315087,-0.03499584487905422
1252.6865666651724,-0.03366719456472785
1252.8572333319983,-0.032333529412915896
1253.0278999988236,-0.030969894861015403
1253.1985666656497,-0.029601681848436884
1253.369233332475,-0.02820393479023329
1253.5398999977112,-0.02680199933950537
1253.710566664537,-0.02537137406715913
1253.8812333313624,-0.02393737344908687
1254.051899998188,-0.022475974742906416
1254.2225666650136,-0.021011998219269596
1254.3932333310445,-0.01952115556584879
1254.56389999787,-0.01802826794744303
1254.7345666646956,-0.01650766864850024
1254.9052333315212,-0.014985308531074201
1255.075899998347,-0.013435970680916792
1255.2465666651724,-0.01188541223512006
1255.4172233319282,-0.010308855334497125
1255.587889997959,-0.008731831776175644
1255.7585566647847,-0.007130549383709007
1255.9292233316103,-0.00553055346502112
1256.099889998436,-0.003907343117523464
1256.2705566652617,-0.0022862687209597244
1256.4412233320872,-0.0006430092946395154
1256.6118899989128,0.0009980005514582777
1256.7825566649437,0.0026618794362794932
1256.953223331769,0.004322874882912402
1257.123889998595,0.006005447987756357
1257.2945566654205,0.007684064776925337
1257.4652233322463,0.009382788966747848
1257.6358899990719,0.011076655834515519
1257.806556664308,0.012788356413372802
1257.9772133310637,0.014492845545187502
1258.625733331839,0.016214665219094856
1258.7963999986648,0.017928512608309546
1258.9670666646957,0.019658562355798596
1259.1377333315215,0.02137966623639306
1259.308399998347,0.023117104321641036
1259.4790666651727,0.02484550790650044
1259.649733331998,0.02658922445548264
1259.8203999988239,0.028322855753152812
1259.9910666656494,0.03007091938004846
1260.1617333316804,0.03180788204314529
1260.332399998506,0.0335573772753795
1260.5030666653315,0.03529460390639011
1260.6737333321573,0.037043552208686374
1260.844389998913,0.03877836820356941
1261.0150566657385,0.04052301325195514
1261.1857233309745,0.04225202887011444
1261.3563899978003,0.04398910049989747
1261.5270566646257,0.04570955982690425
1261.6977233314515,0.047436569119504446
1261.868389998277,0.04914493190241895
1262.0390566651026,0.050857200917574265
1262.2097233319284,0.05254873047547901
1262.3803899979591,0.054241872837245984
1262.551056664785,0.055912793792028834
1262.7217233316103,0.057583645877867094
1262.8923899984359,0.0592304939923019
1263.0630566652615,0.06087559570733553
1263.2337233312924,0.06249523821384495
1263.4043899981182,0.06411129262376966
1263.5750333317121,0.06570017341843437
1263.7456999985375,0.06728382506931478
1263.9163666653635,0.0688391779026318
1264.0870333321889,0.07038817101751245
1264.2576999990147,0.0719077326230945
1264.4283666650454,0.07341955896556743
1264.5990333310763,0.0749008402850047
1264.7696999979019,0.07637359144183369
1264.9403666647274,0.0778149561099448
1265.1110333315532,0.07924723390087382
1265.2816999983786,0.08064739971118719
1265.4523666644097,0.08203804898514677
1265.6230333312353,0.08339607449555757
1265.7936999980607,0.08474423752162394
1265.9643666648865,0.08605915691510817
1266.135033331712,0.08736367643555848
1266.3056899984676,0.08863456221088474
1266.4763566652935,0.08989437354723326
1266.6470233313244,0.09111984461433535
1266.81768999815,0.09233367051698659
1266.9883566649755,0.09351254013294696
1267.159023331801,0.09467945742657947
1267.3296899986267,0.09581102194707891
1267.5003566654523,0.09693019608019691
1267.671023332278,0.0980135317696338
1267.841689998309,0.09908415760461409
1268.0123566651346,0.10011873988983593
1268.1830233319602,0.10114059979153564
1268.3536899987855,0.10212600273720901
1268.5243566656113,0.10309819720201915
1268.695023331642,0.104033263755048
1268.8656899976731,0.10495453564872265
1269.0363566644987,0.10583826576122671
1269.2070233313243,0.10670778668385529
1269.37768999815,0.10753913282534124
1269.5483333317438,0.1083558995386899
1269.7189999985694,0.10913397311229257
1269.889666665395,0.10989717081519147
1270.060333331426,0.11062127453642542
1270.2309999982515,0.1113295481995032
1270.4016666650773,0.11199814199677038
1270.5723333319029,0.1126507205248226
1270.7429999987285,0.11326317995033512
1270.913666665554,0.11385920102364866
1271.0843333323796,0.1144149953506829
1271.2549999984108,0.11495404798750636
1271.4256666652363,0.11545259624455315
1271.596333332062,0.11593393410037743
1271.7669999988875,0.11642819299568999
1271.937666665713,0.11690812413233867
1272.108333330949,0.11734517907313136
1272.2789899977047,0.11776724318467716
1272.4496566645307,0.11814584604344984
1272.6203233313558,0.1185086158633801
1272.7909899981819,0.11882719931773239
1272.961656665007,0.11912928567543636
1273.132323331833,0.11938681247590573
1273.3029899986584,0.11962772736215196
1273.4736566646893,0.11982395540944245
1273.6443233315154,0.12000300515957404
1273.8149899983407,0.12013676702583793
1273.9856566651663,0.12025281231840157
1274.1563233319919,0.12032334066842107
1274.3269899980228,0.12037618609825461
1274.4976566648481,0.12038328609060923
1274.668323331674,0.12037224441336015
1274.8389899984995,0.12031516143435256
1275.009656665325,0.12023965442983968
1275.1803233321507,0.12011785386401724
1275.3509899989765,0.11997749190223221
1275.521633330981,0.11979065846346884
1275.6922999978065,0.1195851632229215
1275.8629666646325,0.11933303589124317
1276.0336333314576,0.11906194229755787
1276.2042999982834,0.11874413225489046
1276.3749666643141,0.11840719709224579
1276.54563333114,0.11802349523572433
1276.7162999979655,0.117620630010277
1276.886966664791,0.11717090086884775
1277.0576333316167,0.116701884879843
1277.2282999984423,0.1161859340744278
1277.3989666652678,0.11565090717833248
1277.5696333320934,0.11506913937441217
1277.7402999981243,0.11446823475582464
1277.91096666495,0.11382055574244931
1278.0816333317757,0.11315386783970022
1278.2522899985313,0.11244055130722659
1278.422956665357,0.11170829380078877
1278.5936233321825,0.1109295618560042
1278.7642899990083,0.11013218630348565
1278.934956665039,0.10928855881372761
1279.1056233318645,0.10842648083764841
1279.2762899986903,0.10751846517103802
1279.446956665516,0.10659242092243104
1279.6176233323415,0.10562090352601165
1279.7882899975777,0.10463160217244005
1279.958956664403,0.10359701161696584
1280.129623331229,0.10254499661371566
1280.3002899980543,0.10144825617076715
1280.47095666488,0.10033485839463713
1280.6416233317057,0.09917730912968512
1280.8122899985315,0.09800355281830056
1280.9829433314007,0.09678611538270519
1281.1535999981563,0.09555304456542214
1281.3242666649817,0.09427659383760045
1281.4949333318075,0.09298471901404094
1281.665599998633,0.09165010118967765
1281.8362666654589,0.09030070097739114
1282.0069333322845,0.08890934128013152
1282.17759999911,0.08750431650777656
1282.3482666651407,0.08605822609436901
1282.5189333319663,0.08459920352275402
1282.689599998792,0.08309977326572808
1282.8602666656175,0.0815880803560702
1283.0309333324433,0.08003680461707693
1283.2015999976793,0.07847426315901962
1283.3722666645049,0.07687284176841681
1283.5429333313307,0.07526073624203165
1283.713599998156,0.07361061891637863
1284.0890566651026,0.07195074496792145
1284.3962566645941,0.07025362783274211
1284.5669233314195,0.06854766963154034
1284.7375899982453,0.06680535612902609
1284.908256665071,0.06505502507710714
1285.0789233318965,0.0632691707533267
1285.2495899979274,0.06147627834711956
1285.420256664753,0.05964879400354199
1285.5909233315786,0.05781520900005312
1285.7615899984041,0.05594799970713868
1285.9322566652297,0.05407565091653154
1286.1029233320555,0.05217050285179498
1286.2735899988809,0.05026069271008097
1286.4442566657067,0.04831887105193782
1286.6149233317376,0.046373307753467624
1286.7855899985632,0.044396747722573085
1286.9562466653188,0.0424180527591159
1287.126899998188,0.04040979356784838
1287.2975666650136,0.03840036168398554
1287.4682333310445,0.036362250523828805
1287.6388999978699,0.03432417795476154
1287.8095666646957,0.03225842593519673
1287.9802333315215,0.030193718649796954
1288.150899998347,0.028102619747101164
1288.3215666651727,0.02601383883920024
1288.4922333319982,0.0238996811557946
1288.662899998029,0.021788675685396167
1288.8335666648547,0.019653154372724444
1289.0042333316803,0.017521820217650374
1289.174899998506,0.015367194234704255
1289.3455666653313,0.013217797944709616
1289.5162333321573,0.011046070392023497
1289.6868999989829,0.008880356193051673
1289.8575666650136,0.00669329582941526
1290.0282333318394,0.0045134912584969345
1290.1988999986647,0.0023133250937352992
1290.3695566654205,0.00012148441332249681
1290.5402233322461,-0.0020895249060495203
1290.710889999072,-0.004291111858802104
1290.881556664308,-0.00651068885991132
1291.0522233311335,-0.008719380018181714
1291.2228899979593,-0.01094455274415098
1291.3935566647847,-0.013158010125062429
1291.5642233316103,-0.01538673388729869
1291.7348899984358,-0.01760206545223843
1291.9055566652617,-0.019831667519407535
1292.0762233312923,-0.02204710516087957
1292.2468899981181,-0.02427600352159548
1292.4175566649435,-0.026490007734080716
1292.5882233317693,-0.028716444769924455
1292.758889998595,-0.030927045327612937
1292.9295566646258,-0.03314896603138897
1293.1002233314514,-0.035353957731049886
1293.270889998277,-0.037569180971416635
1293.4415566651026,-0.039766223388803215
1293.6121999986967,-0.041972391772399795
1293.7828666655223,-0.0441592853983053
1293.953533332348,-0.046354198918268356
1294.1241999983788,-0.048528650944158314
1294.2948666644095,-0.05070991298772459
1294.4655333312353,-0.052869712560374496
1294.636199998061,-0.05503523192154507
1294.8068666648865,-0.05717802827363899
1294.9775333317123,-0.059325265857231455
1295.148199997743,-0.061448407889525304
1295.3188666645685,-0.0635746858839264
1295.4895333313943,-0.06567590467950642
1295.66019999822,-0.06777906495524667
1295.8308666650455,-0.0698554380498227
1296.001533331871,-0.07193268457209223
1296.1721999986967,-0.0739822375744545
1296.3428566646576,-0.07603173981055505
1296.5135233314832,-0.07805251872313736
1296.684189998309,-0.08007221031261558
1296.8548566651348,-0.08206227725946828
1297.02552333196,-0.08405023570909564
1297.196189998786,-0.08600732578753265
1297.3668566656113,-0.08796118469179563
1297.5375233316422,-0.08988365146646551
1297.7081899984678,-0.09180190346909825
1297.8788566652934,-0.09368780711090668
1298.049523332119,-0.09556887598112342
1298.2201899989445,-0.09741676234809617
1298.3908566649757,-0.09925874993383224
1298.5615233310064,-0.10106651148236279
1298.732189997832,-0.10286745781427549
1298.9028566646575,-0.10463347830820174
1299.073523331483,-0.10639236534880098
1299.2441899983087,-0.10811509050211547
1299.4148566651345,-0.10982918424891824
1299.5854999987284,-0.1115062505907559
1299.7561666647593,-0.11317402405682098
1299.926833331585,-0.11480367802709616
1300.0974999984105,-0.1164228587351635
1300.268166665236,-0.11800324280710844
1300.4388333320617,-0.11957246025558121
1300.6094999988873,-0.1211023098934062
1300.7801666657128,-0.12262032278245522
1300.950833331744,-0.12409797361651038
1301.1214999985696,-0.12556279123802513
1301.2921666653951,-0.12698652762687304
1301.4628333322207,-0.1283969314601997
1301.6334999990463,-0.12976528879385946
1301.8041666642825,-0.13111938106299503
1301.974833331108,-0.13243125348711404
1302.1454999979337,-0.13372853937972132
1302.3161666647593,-0.1349829493367356
1302.4868333315849,-0.13622187821676537
1302.6574999984107,-0.13741707026835476
1302.8281666644416,-0.13859616120947543
1302.9988233319916,-0.1397309325138687
1303.1694899980228,-0.14084890081486542
1303.3401566648486,-0.14192161382434695
1303.510823331674,-0.14297696991091485
1303.6814899984997,-0.14398668624723032
1303.852156665325,-0.1449785307886107
1304.022823331356,-0.14592436098991543
1304.1934899981816,-0.14685180615731686
1304.3641566650074,-0.14773287191023185
1304.5348233318327,-0.14859509609956525
1304.7054899986585,-0.14941040873402478
1304.8761566654841,-0.15020671334717103
1305.0468233323097,-0.150955957769423
1305.2174899983409,-0.15168570639463008
1305.3881566651662,-0.15236807566127658
1305.5588233319918,-0.15303048381371512
1305.7294899988176,-0.15364519459145096
1305.9001566656432,-0.15423985407085702
1306.0708099977176,-0.15478663420227246
1306.2414666644731,-0.15531283042149158
1306.4121333312987,-0.15579077965801102
1306.5827999981243,-0.15624787817782906
1306.75346666495,-0.15665649391699552
1306.9241333317757,-0.15704402645943663
1307.0947999986015,-0.15738274376426453
1307.2654666654269,-0.15770074459618777
1307.4361333314578,-0.1579700012936234
1307.6067999982833,-0.15821781413599456
1307.777466665109,-0.15841639762892099
1307.9481333319347,-0.15859340535801697
1308.1187999987603,-0.15872096134563127
1308.289466665586,-0.15882683910883236
1308.4601333324113,-0.15888344239762187
1308.6307999984424,-0.15891851141350286
1308.8014666652678,-0.15890426589959475
1308.9721333320936,-0.15886827702347983
1309.1427999989191,-0.15878287619960538
1309.3134566656747,-0.15867587007110795
1309.484123330911,-0.15851962331199693
1309.6547899977365,-0.15834181348451212
1309.8254566645624,-0.15811485480948836
1309.996123331388,-0.15786646539780214
1310.1667899982135,-0.15756941241385003
1310.3374566650393,-0.15725128327251015
1310.5081233318647,-0.15688466852565067
1310.6787899978958,-0.15649687682222221
1310.849456664721,-0.1560613416489804
1311.0201233315468,-0.1556053254163682
1311.1907899983723,-0.1551017577324219
1311.3614566651981,-0.15457800863365534
1311.5321233320235,-0.15400743283095286
1311.7027899980544,-0.1534174722330708
1311.87345666488,-0.15278112072773534
1312.0441233317056,-0.15212573379973277
1312.2147899985312,-0.1514235675899245
1312.3854566653567,-0.1507019704527783
1312.5561233321828,-0.14993367026796683
1312.7267666657767,-0.14914622056528956
1312.897433331013,-0.14831238207690503
1313.0680999978383,-0.1474593791449738
1313.238766664664,-0.1465601268764497
1313.4094333314895,-0.14564208387238345
1313.5800999983153,-0.14467793877585242
1313.7507666643462,-0.14369527092965753
1313.9214333311718,-0.14266715847558317
1314.0920999979974,-0.14162101909743935
1314.262766664823,-0.1405298161483188
1314.4334333316485,-0.1394209930792241
1314.604099998474,-0.13826757670711395
1314.7747666652997,-0.13709689669201292
1314.9454333313306,-0.13588187809703786
1315.1160999981562,-0.13464995330194154
1315.2867666649818,-0.13337408827253727
1315.4574233317376,-0.1320816812068566
1315.6280899985634,-0.13074586330065202
1315.7987566653887,-0.12939417062315162
1315.9694233322145,-0.12799961762113343
1316.14008999904,-0.12658974462301642
1316.3107566650708,-0.12513721871183428
1316.4814233318964,-0.12366982755625042
1316.652089998722,-0.12216083507652813
1316.8227566655478,-0.12063744473626731
1316.9934233323734,-0.11907265323411532
1317.1640899976096,-0.11749411912572028
1317.334756664435,-0.11587575959416498
1317.5054233312608,-0.1142449549621199
1317.6760899980861,-0.11257464064933387
1317.846756664912,-0.11089191543967654
1318.0174233317375,-0.10916973131363047
1318.188089998563,-0.10743568540482223
1318.358756664594,-0.10566289206107002
1318.5294233314198,-0.10387925276500905
1318.7000899982454,-0.10205761236747857
1318.870756665071,-0.10022623449022337
1319.0414233318963,-0.09835763011585232
1319.2120666654905,-0.09647968374699697
1319.382733332316,-0.09456573967879767
1319.5533999983468,-0.09264310299750568
1319.7240666651728,-0.090685296951159
1319.8947333319982,-0.08871973022747237
1320.065399998824,-0.08671993007363774
1320.2360666656496,-0.08471344881864788
1320.4067333324751,-0.0826735677431288
1320.5773999977112,-0.0806277153612291
1320.7480666645367,-0.07854920737287573
1320.9187333313625,-0.07646545345822063
1321.0893999981881,-0.07435004538765326
1321.2600666650135,-0.07223013258402185
1321.4307333310444,-0.07007948968656977
1321.6013999978702,-0.06792550380269365
1321.7720666646956,-0.0657417593181431
1321.9427333315214,-0.06355567149735807
1322.1133999983467,-0.061340300762413785
1322.2840666651725,-0.05912321919490093
1322.4547233319283,-0.05687831198021562
1322.6253899979592,-0.054632986166933926
1322.7960566647848,-0.05236122853610713
1322.9667233316104,-0.05009055080132024
1323.137389998436,-0.04779532552339336
1323.3080566652616,-0.04550205598662824
1323.4787233320872,-0.043184729738707565
1323.6493899989127,-0.04087067097571646
1323.8200566649436,-0.03853423111853443
1323.9907233317695,-0.03620269427280281
1324.161389998595,-0.03385035032766541
1324.3320566654206,-0.03150417487247132
1324.5027233322462,-0.029138796010843
1324.6733899990718,-0.02678088210939441
1324.844056664308,-0.02440521116548979
1325.0147233311334,-0.02203813561716366
1325.1853899979592,-0.019654389601799622
1325.3560566647848,-0.017280384420411975
1325.5267233316104,-0.014890879261583504
1325.6973799983662,-0.012512398564891173
1325.86803333203,-0.010119974328192194
1326.0386999980608,-0.007739802548367015
1326.2093666648864,-0.005346997146159791
1326.3800333317122,-0.002967582282671958
1326.5506999985378,-0.000576912938894808
1326.7213666653631,0.0017989202891379446
1326.892033332189,0.004184841544311696
1327.0626999990147,0.0065549530824755295
1327.2333666650452,0.008934056868537559
1327.4040333318712,0.011296173945645993
1327.5746999986966,0.01366618989107642
1327.7453666655224,0.016018199393724366
1327.9160333323478,0.018376935658730536
1328.0866999983787,0.02071653339129776
1328.2573666644096,0.02306165210758613
1328.4280333312352,0.02538667518701836
1328.598699998061,0.027716243974296177
1328.7693666648863,0.030024914029853352
1328.9400333317121,0.03233759537587379
1329.110689998468,0.03462852555577745
1329.2813566652935,0.0369224294408444
1329.4520233313242,0.03919363209472433
1329.6226899981498,0.04146667331154156
1329.7933566649754,0.04371605680044294
1329.9640233318012,0.04596644262695536
1330.1346899986268,0.0481922287893692
1330.3053566646577,0.050417675714640973
1330.4760233314832,0.052617496103523086
1330.6466899983088,0.05481638842460309
1330.8173566651344,0.05698889629323116
1330.98802333196,0.05915938265090025
1331.1586899987858,0.06130237904961608
1331.3293566656116,0.06344215361810061
1331.5000233316423,0.06555342976570913
1331.6706899984679,0.06766050676508542
1331.8413566652932,0.06973827661702232
1332.012023332119,0.07181085968808432
1332.1826899989446,0.07385324021612572
1332.3533566649753,0.0758896491488275
1332.5240233310064,0.0778952184117061
1332.694689997832,0.07989385837566296
1332.865333331426,0.08186070621449038
1333.0359999982516,0.08381981571761027
1333.2066666650771,0.08574639643510118
1333.3773333319027,0.08766423787674145
1333.5479999987283,0.08954914063626085
1333.7186666647592,0.09142503162183326
1333.889333331585,0.0932671645153753
1334.0599999984106,0.09509931779772225
1334.2306666652362,0.09689684199397314
1334.4013333320618,0.09868350587785729
1334.5719999988873,0.10043474628578589
1334.742666665713,0.10217469200282275
1334.913333331744,0.10387872969765093
1335.0839999985697,0.10557066509097789
1335.2546666653952,0.10722605362729874
1335.4253333322208,0.10886857158628867
1335.5959999990464,0.11047386140058668
1335.7666666642824,0.11206559686229817
1335.9373333311082,0.11361957143598285
1336.1079999979336,0.1151594970824488
1336.2786566646896,0.11666117756026166
1336.4493233315147,0.11814819753910424
1336.6199899983408,0.11959648794167253
1336.7906566651661,0.12102958467875291
1336.961323331992,0.12242346841429821
1337.131989998023,0.12380159381962831
1337.3026566648484,0.12514010931781078
1337.473323331674,0.12646246567515546
1337.6439899984996,0.12774480775429317
1337.8146566653254,0.12901063837885357
1337.9853233313559,0.13023615090749396
1338.1559899981817,0.13144476271653166
1338.3266566650072,0.13261266480646836
1338.4973233318328,0.1337632839369382
1338.6679899986584,0.1348729795898841
1338.8386566654842,0.13596512733917704
1339.0093233323096,0.13701610462962963
1339.1799899983407,0.1380492785884351
1339.3506433312098,0.13904109158363526
1339.5212999979653,0.14001473212300308
1339.6919666647912,0.1409467965420358
1339.8626333316165,0.1418603506061332
1340.0332999976476,0.14273207048220735
1340.2039666644732,0.14358511998236087
1340.3746333312988,0.1443962095561291
1340.5452999981244,0.14518847531376058
1340.71596666495,0.14593863380898572
1340.8866333317756,0.14666979043485526
1341.0572999986011,0.14735877964083693
1341.227966665427,0.14802855205583856
1341.3986333314576,0.14865613896781998
1341.5692999982834,0.14926452036446103
1341.739966665109,0.14983066304158385
1341.978899998665,0.15037765562779487
1342.2519666655858,0.15088258200828003
1342.4226333324116,0.15136831944711052
1342.5932999984423,0.1518120292906265
1342.763966665268,0.15223656747676292
1342.9346333320937,0.15261919084669467
1343.1052999989192,0.15298265283708498
1343.2759566656748,0.15330433569440513
1343.4466233309108,0.15360700148651893
1343.6172899977366,0.1538679432203644
1343.787956664562,0.15410995408952968
1343.9586233313878,0.15431050261327667
1344.1292899982134,0.15449218902578313
1344.2999566650392,0.1546325290919011
1344.4706233318648,0.1547540725044845
1344.6412899978955,0.15483435570583684
1344.8119566647213,0.1548959762349857
1344.9826233315466,0.15491653021516671
1345.1532899983727,0.15491845567045212
1345.3239566651978,0.15487944368496925
1345.4946233320236,0.15482191497571451
1345.6652899980545,0.15472373242601142
1345.83595666488,0.1546071913959915
1346.0066233317057,0.15445047802098516
1346.1772899985313,0.15427624082879862
1346.3479566653568,0.15406240995994727
1346.518609999021,0.15383148793635243
1346.6892666657766,0.15356141934167197
1346.8599333310126,0.153274776059652
1347.0305999978384,0.1529494464562448
1347.2012666646638,0.1526077216594153
1347.3719333314898,0.15222768271252124
1347.5425999983152,0.15183173757565332
1347.713266664346,0.15139801130347838
1347.8839333311716,0.15094912164688346
1348.0545999979972,0.15046324957649765
1348.225266664823,0.14996283958264717
1348.3959333316486,0.14942603456216885
1348.5665999984742,0.1488753434265959
1348.7372666652998,0.14828893921534525
1348.9079333313307,0.14768929654307503
1349.0785999981563,0.1470547045144593
1349.2492666649819,0.1464075388622882
1349.4199333318074,0.14572609955299573
1349.590599998633,0.1450326544512043
1349.7612666654586,0.1443054567423749
1349.9319333322844,0.1435668469713056
1350.10259999911,0.14279518680207362
1350.273256665071,0.1420126843395607
1350.4439233318965,0.14119770280160063
1350.6145899987218,0.1403724917480133
1350.7852566655476,0.1395155249376175
1350.9559233323732,0.1386489899714603
1351.1265899976092,0.13775128109074597
1351.2972566644353,0.13684464055339035
1351.4679233312606,0.13590748618605375
1351.6385899980864,0.13496209407747556
1351.8092566649118,0.13398693206544368
1351.9799233317376,0.13300408221265825
1352.150589998563,0.13199217289086979
1352.3212566645939,0.13097342357405656
1352.49192333142,0.12992634923668242
1352.662589998245,0.12887301641031684
1352.8332566650708,0.1277920717641078
1353.0039233318967,0.12670545311637227
1353.1745899979273,0.12559191366371847
1353.3452566647532,0.12447357354722424
1353.5159233315785,0.12332910926897783
1353.6865899984043,0.12218054854943088
1353.85725666523,0.12100654500159184
1354.0279233320555,0.11982893468071884
1354.1985666656497,0.1186265353870158
1354.369233332475,0.11742121510005461
1354.5398999977112,0.1161919800093144
1354.710566664537,0.1149607590665296
1354.8812333313624,0.11370651491324392
1355.051899998188,0.11245106118642612
1355.2225666650136,0.11117310563381741
1355.3932333310445,0.10989430874662613
1355.56389999787,0.10859361891082966
1355.7345666646956,0.1072928339094162
1355.9052333315212,0.10597085322670236
1356.075899998347,0.10464930625234552
1356.2465666651724,0.10330750942117731
1356.4172333319982,0.10196742304978555
1356.5878999980291,0.10060800854444706
1356.7585666648547,0.09925107670664486
1356.9292333316803,0.09787560332983368
1357.099899998506,0.09650328594576518
1357.2705666653317,0.09511310190728572
1357.4412333321573,0.09372651664140604
1357.6118999989826,0.09232261588126689
1357.7825666650137,0.0909231262654752
1357.953223331769,0.08950734283308981
1358.123889998595,0.08809688112196487
1358.2945566654205,0.08667063402425718
1358.4652233322463,0.08524979567188871
1358.6358899990719,0.08381372503507738
1358.806556664308,0.08238362944322143
1358.9772233311337,0.08093850823684545
1359.147889997959,0.07949982194850888
1359.3185566647849,0.0780469502596756
1359.4892233316102,0.07660122617145249
1359.659889998436,0.07514184886061237
1359.8305566652616,0.07369006571806475
1360.0012233312925,0.07222540181940407
1360.171889998118,0.07076892467603171
1360.3425566649437,0.0692999579997975
1360.5132233317695,0.06783957319352633
1360.6838899985949,0.0663672435541239
1360.8545566646258,0.06490412913552576
1361.0252233314513,0.0634296262323285
1361.195879998207,0.06196485586940571
1361.3665333318709,0.06048930879085277
1361.5371999986967,0.059023887991484614
1361.707866665522,0.05754812806439774
1361.878533332348,0.056082790417004584
1362.0491999983788,0.05460750699906751
1362.2198666644097,0.05314323885256031
1362.3905333312352,0.05166957233342889
1362.5611999980608,0.05020733418804238
1362.7318666648864,0.048736104424746324
1362.902533331712,0.04727731759009648
1363.073199997743,0.04581040620030644
1363.2438666645687,0.04435623964216239
1363.4145333313943,0.042894338562712735
1363.5851999982199,0.04144559926020319
1363.7558666650452,0.03998946564148598
1363.926533331871,0.03854687527307364
1364.0971999986966,0.03709729937315364
1364.2678666647275,0.035661650672979
1364.4385333315533,0.03421928646861799
1364.6091999983787,0.032790882043421
1364.7798666652045,0.03135624513136999
1364.9505333320299,0.02993563308620103
1365.1211899987857,0.028508712601721622
1365.2918566656112,0.02709619299673514
1365.4625233316422,0.02567788369118214
1365.6331899984677,0.024274118929947595
1365.8038566652936,0.02286478618934248
1365.9745233321191,0.021470423209585823
1366.1451899989447,0.020071035664574428
1366.3158566649756,0.018687204189726286
1366.4865233310065,0.017298868597581625
1366.6571899978321,0.01592636004432539
1366.8278566646577,0.014549420090139304
1366.998523331483,0.013188475351289941
1367.1691899983089,0.011823271563355546
1367.3398566651344,0.010474232813582644
1367.51052333196,0.009121431728581857
1367.681189997991,0.007785360986308104
1367.8518566648165,0.006445718337953473
1368.0225233316419,0.005122729087478981
1368.1931899984677,0.0037961865554661544
1368.3638566652933,0.002486498752717879
1368.5345233313244,0.001173557134194698
1368.7051899981502,-0.00012235434971070666
1368.875833331744,-0.0014214038651077713
1369.0464999985695,-0.002704198726691882
1369.2171666653953,-0.00399042982585088
1369.387833332221,-0.005260340358584271
1369.5584999990463,-0.006533658532942913
1369.7291666642825,-0.007790769259892643
1369.899833331108,-0.009051101592718042
1370.0704999979337,-0.010295194886088046
1370.241166664759,-0.011542696980008985
1370.411833331585,-0.012774047473253159
1370.5824999984104,-0.014008839164586138
1370.7531666644413,-0.01522758058364747
1370.923833331267,-0.016449854479628486
1371.0944999980925,-0.017656154207066274
1371.2651666649185,-0.018866260250505924
1371.4358333317439,-0.020060220026412168
1371.6064999985697,-0.02125757830959529
1371.777166665395,-0.022438711992188956
1371.947833331426,-0.023623100138212214
1372.1184999982515,-0.024791192937518358
1372.2891666650771,-0.025962579624014444
1372.459833331903,-0.027118501847722378
1372.6304999987283,-0.028278355968349867
1372.8011566654839,-0.029423026980460457
1372.9718233323097,-0.03057145097833172
1373.1424899983406,-0.03170408036800707
1373.3131566651664,-0.03284019077186703
1373.4838233319917,-0.03396077389101116
1373.6544899988176,-0.03508486375964176
1373.825156665643,-0.036193972483797576
1373.9958233308794,-0.03730682757078832
1374.1664899977047,-0.038404466641576616
1374.3371566645305,-0.0395059111289633
1374.5078233313561,-0.040592516225345356
1374.6784899981817,-0.0416828055265979
1374.849156665007,-0.04275821835267066
1375.0198233318329,-0.04383739010517423
1375.1904899986584,-0.044901394645271236
1375.3611566646891,-0.0459690725777014
1375.5318233315152,-0.04702209125502692
1375.7024899983405,-0.0480793401887066
1375.8731566651663,-0.04912193442493554
1376.0438233319917,-0.05016803475948748
1376.2144899980228,-0.05119951749327223
1376.3851566648482,-0.052234730471602875
1376.5557999984424,-0.05325497618218876
1376.7264666652682,-0.054278577169259705
1376.8971333320935,-0.05528735428855303
1377.067799998919,-0.0562996654840877
1377.238466665745,-0.05729708017938151
1377.4091333309811,-0.05829765082877098
1377.5797999978067,-0.05928312670904232
1377.750466664632,-0.060271780795135024
1377.9211333314574,-0.06124513143579718
1378.0917999982835,-0.06222122543713971
1378.2624666643144,-0.06318186156854974
1378.4331333311397,-0.06414506726973312
1378.6037999979656,-0.0650926604867928
1378.7744666647911,-0.06604277145537008
1378.945133331617,-0.06697705398505982
1379.1157999984423,-0.06791356604180741
1379.286466665268,-0.06883476397768258
1379.4571333320935,-0.06975858306993443
1379.6277999981244,-0.07066735308563864
1379.7984666649502,-0.07157842347997656
1379.9691333317758,-0.072474228827472
1380.1397999986013,-0.07337191819314325
1380.310456665357,-0.07425383386838293
1380.4811233321825,-0.07513773015455101
1380.651789999008,-0.07600491596522102
1380.8224566650392,-0.07687299121951595
1380.9931233318646,-0.07772406562157688
1381.1637899986902,-0.07857548137085428
1381.3344566655157,-0.07940899042961871
1381.5051233323416,-0.08024259084249637
1381.6757899975778,-0.08105944999498928
1381.8464566644034,-0.08187646454680124
1382.017123331229,-0.08267593328852675
1382.1877899980548,-0.08347473922679864
1382.3584566648801,-0.08425483690615575
1382.5291233317057,-0.08503311803924817
1382.6997899985313,-0.08579237283744645
1382.8704566645622,-0.08655051259665654
1383.041123331388,-0.08728939418014901
1383.2117899982136,-0.08802624520388276
1383.3824566650387,-0.08874295816965116
1383.5531233318648,-0.089456526610791
1383.7237899986903,-0.09014903928299926
1383.894456664721,-0.09083763981987922
1384.0651233315468,-0.091504370150307
1384.2357666651408,-0.09216671866121398
1384.4064333319664,-0.09280688563574398
1384.5770999987922,-0.0934417461611977
1384.7477666656177,-0.09405327491204091
1384.9184333324433,-0.09465867803519423
1385.0890999976793,-0.09524026310061733
1385.259766664505,-0.09581501798225131
1385.4304333313307,-0.09636492893864777
1385.601099998156,-0.09690779808148829
1385.771766664982,-0.09742598947654711
1385.9424333310128,-0.09793685388371558
1386.1130999978384,-0.09842170874802386
1386.283766664664,-0.09889785533399342
1386.4544333314896,-0.09934681564837611
1386.6250999983151,-0.09978647282774168
1386.7957666651407,-0.10019888650178323
1386.9664333319665,-0.10060177251022989
1387.1370999979972,-0.10097699554356543
1387.307766664823,-0.10134269640459886
1387.4784333316486,-0.1016815146099416
1387.649099998474,-0.1020099063433776
1387.8197666652998,-0.10231138002532714
1387.9904333321253,-0.10260275735588326
1388.1610999989512,-0.10286694787426269
1388.3317666657763,-0.10312048923161948
1388.5024233317374,-0.1033467261443616
1388.673089998563,-0.10356180811642894
1388.8437566653888,-0.1037481417972947
1389.0144233322144,-0.10392245685059337
1389.18508999904,-0.10406792773737251
1389.3557566642762,-0.10420172585511799
1389.5264233311016,-0.10430596864882866
1389.6970899979274,-0.10439720821580577
1389.867756664753,-0.1044584247409904
1390.0384233315785,-0.10450579203415437
1390.2090899984044,-0.10452352653028393
1390.3797566652297,-0.10452835642580105
1390.5504233312608,-0.10450488208314128
1390.7210899980864,-0.10446881235402357
1390.8917566649118,-0.10440355891371239
1391.0624233317376,-0.10432531264005174
1391.2330899985632,-0.10421862956442067
1391.403756664594,-0.10409867777062194
1391.5744233314197,-0.10394921146281844
1391.7450899982455,-0.10378576851670548
1391.9157566650708,-0.10359140191488062
1392.0864233318964,-0.10338226061159547
1392.257089998722,-0.10314187427593942
1392.427733332316,-0.10288622654634462
1392.5983999991417,-0.10259925080332609
1392.769066664378,-0.10229926207504238
1392.9397333312036,-0.10196940401339648
1393.110399998029,-0.10162458055670948
1393.2810666648547,-0.10124762570089099
1393.4517333316803,-0.10085341344173537
1393.622399997711,-0.10042652082375285
1393.7930666645368,-0.09998273118110683
1393.9637333313622,-0.09950628142596762
1394.134399998188,-0.09901326231485218
1394.3050666650138,-0.09848757634432433
1394.4757333318391,-0.0979451280426594
1394.646399998665,-0.0973695749871794
1394.8170666646959,-0.09677653596175313
1394.9877333315212,-0.09614978619850863
1395.1583999983468,-0.09550591681405633
1395.3290666651726,-0.09482921231432427
1395.4997333319982,-0.09413534949793718
1395.6703999988235,-0.09340843564961032
1395.8410666656496,-0.09266516429430272
1396.0117333316805,-0.09188947933406644
1396.182389998436,-0.09109788431889812
1396.3530566652616,-0.09027489614989867
1396.5237233320872,-0.08943534701713078
1396.6943899989128,-0.08856388828221189
1396.8650566657384,-0.0876751641183253
1397.0357233309746,-0.08675525016473788
1397.2063899978002,-0.0858194907853595
1397.3770566646258,-0.08485319344342508
1397.5477233314516,-0.0838713032102601
1397.718389998277,-0.08285931729300164
1397.8890566651025,-0.08183187548166776
1398.0597233319281,-0.08077454129290657
1398.230389997959,-0.07970157549975163
1398.4010566647846,-0.0785989783882025
1398.5717233316104,-0.07748171402951026
1398.7423899984358,-0.07633523360044417
1398.9130566652616,-0.07517448257894696
1399.0837233312925,-0.07398551829640877
1399.254389998118,-0.0727826221861569
1399.4250566649437,-0.07155256173973122
1399.5957233317692,-0.07030939327388608
1399.7663899985948,-0.06903931699812044
1399.9370566654204,-0.06775658891102541
1400.1076999990146,-0.0664504515128626
1400.2783666650453,-0.06513336449408837
1400.4490333310764,-0.06379366862344776
1400.6196999979018,-0.062443939154785376
1400.7903666647276,-0.0610724555972618
1400.9610333315534,-0.05969187077725432
1401.1316999983787,-0.05829033047560119
1401.3023666644096,-0.05688000481636461
1401.4730333312352,-0.0554494811613079
1401.6436999980608,-0.05401124506300572
1401.8143666648864,-0.052554035809561486
1401.9850333317122,-0.05108959380428749
1402.1556999985378,-0.04960812588672685
1402.3263666653634,-0.04812169668540544
1402.4970333313943,-0.0466228863628055
1402.6676999982196,-0.04512242679298685
1402.8383666650454,-0.04361200189307849
1403.0090333318713,-0.04210232353731893
1403.1796999986966,-0.040585577270708426
1403.3503666655222,-0.03907179449094414
1403.5210333323478,-0.037553601715171
1403.6916999983787,-0.036039599047732206
1403.8623666652043,-0.03452224635965366
1404.03303333203,-0.03300978136089481
1404.2036999988554,-0.03149505982448768
1404.3743666656815,-0.029986191017505045
1404.545023331642,-0.028475867642621742
1404.715689997673,-0.026972474075230842
1404.8863566644986,-0.025469603875703527
1405.0570233313242,-0.023975427918508513
1405.2276899981498,-0.022483016665879492
1405.3983566649754,-0.021000177359935798
1405.569023331801,-0.019520756872520872
1405.7396899986268,-0.018051885548174797
1405.9103566646577,-0.01658748253915463
1406.0810233314833,-0.015134337766623606
1406.2516899983088,-0.01368767175110382
1406.4223566651344,-0.012253159258010828
1406.59302333196,-0.010825240618360498
1406.7636899979912,-0.009410841491988902
1406.9343566648163,-0.008003680955831998
1407.1050233316423,-0.00661038441790523
1407.275689998468,-0.005226169835191613
1407.4463566652935,-0.0038573716719418564
1407.6170233321188,-0.0024992922327736183
1407.7876899989446,-0.0011575223224818416
1407.9583566649756,0.00017231943158855283
1408.1290099978446,0.0014848087955057555
1408.2996666646002,0.002783108524202779
1408.470333331426,0.004062617619013185
1408.6409999982516,0.0053284650268078
1408.8116666650772,0.006576172960664694
1408.9823333311083,0.007808071107363809
1409.1529999979336,0.009020517591529194
1409.3236666647595,0.010217355373761523
1409.494333331585,0.011394315401831969
1409.6649999984106,0.012555051159434286
1409.835666665236,0.013695131446607943
1410.0063333320618,0.014818019106079555
1410.1769999980925,0.01592060675005514
1410.3476666649183,0.017006598191354264
1410.5183333317439,0.018071924209928425
1410.6889999985694,0.01911943363079817
1410.859666665395,0.020145884351107958
1411.0303333322206,0.021153560213823204
1411.2009999990464,0.022139872041208007
1411.3716666650773,0.02310707007013314
1411.5423333319031,0.024052590239578425
1411.7129999987285,0.02497871903862656
1411.883666665554,0.025883267653887636
1412.0543333323799,0.026768488989935335
1412.2249899975457,0.027631273937511133
1412.3956566643715,0.02847347276826932
1412.566323331197,0.029294132831571684
1412.7369899980226,0.03009350776506614
1412.9076566648482,0.03086917666850652
1413.0783233316738,0.03162137880342762
1413.2489899984998,0.032349257329964805
1413.419656665325,0.03305323500652095
1413.590323331356,0.03373307061198792
1413.7609899981815,0.03438946085658608
1413.9316566650073,0.035021612633009284
1414.102323331833,0.0356292122920756
1414.2729899986584,0.0362123845015358
1414.4436566646896,0.03677071726607133
1414.6143233315152,0.03730487191127382
1414.7849899983405,0.03781455189337561
1414.955656665166,0.0382994271053139
1415.126323331992,0.0387593382616666
1415.2969899988175,0.03919518564572295
1415.467656665643,0.03960518714935087
1415.638323331674,0.03999047420524584
1415.8089899984996,0.040349086984099405
1415.9796566653251,0.04068324750359899
1416.150323332151,0.040991307093564876
1416.3209899989763,0.04127522328431202
1416.491633330981,0.041532157310284874
1416.6622999978067,0.04176484470898733
1416.832966664632,0.041970950779017316
1417.0036333314579,0.0421527885564052
1417.1742999982832,0.042307322059568
1417.344966665109,0.04243789567128456
1417.5156333319349,0.04254190187517288
1417.6862999987602,0.042622958093664294
1417.8569666647911,0.04267717233383324
1418.0276333316167,0.04270875326520239
1418.1982999984423,0.042713539852263276
1418.3689666652679,0.04269570483197972
1418.5396333320937,0.04265095947748438
1418.710299998919,0.04258425249203544
1418.8809666657448,0.04249057403592728
1419.0516333317757,0.04237593016736486
1419.2222999986013,0.04223377149786944
1419.392966665427,0.042070732919880394
1419.5636333322527,0.04187963642306012
1419.734299999078,0.041667533585533094
1419.9049666643143,0.04142688472461001
1420.0756333311397,0.04116576683879741
1420.2462899978957,0.0408774748180959
1420.4169566647213,0.04056981887519307
1420.5876233315469,0.04023146252120173
1420.7582899983722,0.03987280353605976
1420.928956665198,0.039487785629656776
1421.099623331229,0.03908545545468715
1421.2702899980545,0.03865649066631355
1421.44095666488,0.038211117549783805
1421.6116233317057,0.03773972409780188
1421.7822899985317,0.037251542821566654
1421.9529566653569,0.03673676490505956
1422.123623331388,0.03620885258825752
1422.2942899982133,0.03565541642751705
1422.4649566650392,0.03508910235257601
1422.6356233318647,0.03449935051721525
1422.8062899986903,0.033898408690032016
1422.976956665516,0.033271629386684126
1423.1476233323415,0.0326329933294429
1423.3182899983722,0.031969246601478485
1423.488956665198,0.03129669737490881
1423.6596233320238,0.03059951671307322
1423.8302899988491,0.029893085973212743
1424.0009566656747,0.029162191470074934
1424.1715999976793,0.028423784838570675
1424.3422666645051,0.0276613168697091
1424.5129333313305,0.026892501722771973
1424.6835999981563,0.026100490604386437
1424.8542666649819,0.025303314477823274
1425.0249333318075,0.02448469288463385
1425.195599998633,0.023662893307734755
1425.366266664664,0.02281931221669031
1425.5369333314898,0.021974805662339895
1425.707599998315,0.02110890146697019
1425.878266665141,0.020243266179612508
1426.0489333319665,0.019355929880374705
1426.219599998792,0.018468847198507297
1426.3902666656177,0.01755905413567348
1426.5609333324433,0.016651502424638115
1426.7315999984742,0.015721523224714852
1426.9022666652997,0.014796442562675928
1427.0729333321253,0.013851058417460179
1427.243599998951,0.01291034387742268
1427.4142666657767,0.011949498421270513
1427.584933331013,0.010995659002156108
1427.7555999978383,0.01001396791258007
1427.926266664664,0.009037099467248047
1428.0969333314895,0.008037807642489134
1428.2675999983153,0.007049185165031352
1428.4382566650706,0.006043768709913022
1428.6089233318964,0.005051886647575778
1428.7795899979274,0.004041933290677032
1428.950256664753,0.003046407946636418
1429.1209233315788,0.002031477047987842
1429.291589998404,0.0010346878142434334
1429.4622566652297,2.2628494873199942e-05
1429.6329233312606,-0.0009664172082724594
1429.8035899980864,-0.001973425850309549
1429.9742566649118,-0.0029563853207910484
1430.1449233317376,-0.003958011571497251
1430.3155899985634,-0.004930949274836882
1430.4862566653887,-0.005916175124001186
1430.6569233322145,-0.0068713527697576975
1430.82758999904,-0.00784113088349399
1430.9982566650708,-0.008777847270286236
1431.1689233318964,-0.00972740456326315
1431.339589998722,-0.010638506831089144
1431.5102566655476,-0.011563030379269194
1431.6809233323734,-0.01244556738758731
1431.8515899976096,-0.013336389733227897
1432.0222566644352,-0.014178930904879051
1432.1929133311908,-0.015033026339092048
1432.3635666648547,-0.015845056078969764
1432.53423333168,-0.01668054503526576
1432.7048999985059,-0.017472423947401554
1432.8755666653315,-0.01828770875936711
1433.0462333313621,-0.019051856239459236
1433.2168999981882,-0.019830534188788464
1433.3875666650138,-0.020549177683881623
1433.5582333318393,-0.021292035368882883
1433.728899998665,-0.021977755945065246
1433.8995666654905,-0.022685541850733796
1434.070233332316,-0.023323153396100825
1434.2408999983468,-0.02397950865341229
1434.4115666651726,-0.024560245576104884
1434.5822333319982,-0.025171865290360796
1434.752899998824,-0.025713089578856353
1434.9235666656496,-0.026286869268179778
1435.094233332475,-0.026785184869720834
1435.2648999977112,-0.027320517300578263
1435.4355666645367,-0.0277701119853547
1435.6062333313625,-0.028254601121349452
1435.7768999981881,-0.028643964322142536
1435.9475666650135,-0.029075642208943504
1436.1182333310444,-0.02940273693919204
1436.2888999978702,-0.029780639251543707
1436.4595666646956,-0.030040689135075554
1436.6302233314514,-0.030365555250694776
1436.8008899982772,-0.030570117827430764
1436.9715566651025,-0.030862688110673466
1437.1422233319283,-0.031029345028850946
1437.312889997959,-0.031303674216516135
1437.4835566647848,-0.03143539081582119
1437.6542233316104,-0.03169281373867202
1437.824889998436,-0.03179450491744239
1437.9955566652616,-0.032037034885017406
1438.1662233320872,-0.032107181411862244
1438.3368899989127,-0.032369378570843134
1438.5075566649436,-0.032430133577444425
1438.6782233317695,-0.032705923802252054
1438.848889998595,-0.03271322985254254
1439.0195566654206,-0.032986199499993374
1439.1902233322462,-0.03288554885943794
1439.3608899990718,-0.03318187370105602
1439.531556664308,-0.03290681638450313
1439.7022233311334,-0.03329636022863498
1439.8728899979592,-0.03225189087053907
