Time (minutes),Amplitude
0.04012333154678345,0.012285968135500229
0.21078999837239581,-0.04820769771989365
0.3814566651980082,0.012953442389798056
0.5521233320236206,-0.04760613363559714
0.722789998849233,0.013677943585585448
0.8934566656748453,-0.04696984251277512
1.0641233317057293,0.014446817928247122
1.2347899985313417,-0.046289880944252675
1.405456665356954,0.015247178682512123
1.5761233321825663,-0.04558668988515676
1.746789999008179,0.016060660169702097
1.9174566642443338,-0.0448771356377606
2.0881233310699465,0.016881725717620737
2.258789997895559,-0.04416640384872976
2.429456664721171,0.017700460570103625
2.6001233315467838,-0.043457082934000635
2.770789998372396,0.01851969175933429
2.9414566651980083,-0.04274489733709455
3.112099997997284,0.019335217482241433
3.282766664822897,-0.04203352024030643
3.453433331648509,0.020152343665084154
3.6240999984741213,-0.0413161636034193
3.7947666652997336,0.02097759529120929
3.965433332125346,-0.04058902226928462
4.136099998950959,0.02181018134568925
4.30676666577657,-0.03985435166372334
4.477433331807454,0.02264339770314967
4.648099998633066,-0.03912213046163699
4.818766665458679,0.023467319269617183
4.989433332284292,-0.03840204392778143
5.160099999109904,0.024272372471432237
5.33076666434606,-0.03770444998553439
5.501433331171671,0.02504697080095063
5.672099997997284,-0.03703706257463484
5.842766664822896,0.02578246877418516
6.013433331648509,-0.0364089163755303
6.184099997679392,0.026470129101246048
6.3547666645050045,-0.0358281665684882
6.525433331330618,0.027106056193951965
6.69609999815623,-0.035297535703561804
6.8667566649119065,0.027689598243496247
7.037423331737519,-0.034816783389421194
7.208089998563132,0.028223053867399314
7.378756664594015,-0.034382129412428616
7.549423331419627,0.028711357259426452
7.720089998245238,-0.033989000063726627
7.890756665070851,0.029160310163791447
8.061423331896464,-0.03362963496816044
8.232089998722076,0.02957756186278616
8.402756665547688,-0.03329739221955551
8.5734233323733,0.029966835903800528
8.744089998404185,-0.032989921688568666
8.914756665229797,0.03033057385193571
9.08542333205541,-0.032704394529222254
9.256089998881022,0.030672355441922372
9.426756665706634,-0.03243592460805866
9.597423330942789,0.03099634827017102
9.768089997768403,-0.032181048745960006
9.938756664594015,0.03130483909139939
10.109423331419627,-0.03193824572303443
10.28008999824524,0.031599899049426526
10.450756665070852,-0.031706350725450014
10.621413331826528,0.03188236709131933
10.792066664695739,-0.03148491314887697
10.962733331521353,0.03215375413819625
11.133399998346965,-0.03127247650275864
11.304066665172575,0.0324171604870643
11.474733331998188,-0.031065759400113076
11.645399998823802,0.03267416368547583
11.816066665649414,-0.030862875563384705
11.986733331680298,0.03292587283319131
12.157399998505912,-0.03066316277670021
12.328066665331523,0.033172981671084956
12.498733332157135,-0.030467315763468828
12.669399998982747,0.033413550422535736
12.84006666580836,-0.03027821496140501
13.010733331044516,0.03364482672495181
13.181399997870127,-0.030098504868989424
13.35206666469574,0.03386475158610642
13.522733331521351,-0.029929668550246154
13.693399998346965,0.03407150208429328
13.864066664377848,-0.029772804056877076
14.03473333120346,0.03426352268803002
14.20539999802907,-0.029630418789384855
14.376066664854685,0.03443903178865268
14.546723331610362,-0.029503239018794817
14.717389998435973,0.034597535437169105
14.888056665261587,-0.02939200790518665
15.05872333129247,0.034737044579834675
15.229389998118084,-0.02929925943434023
15.400056664943696,0.03485397171156258
15.570723331769306,-0.02922860658834808
15.74138999859492,0.034944942963741364
15.912056665420533,-0.02918342714275451
16.082723332246143,0.03500774820042617
16.25338999827703,-0.029165491628833532
16.42405666510264,0.03504156161480497
16.594723331928254,-0.029174983571532104
16.765389998753864,0.03504651415825127
16.93605666557948,-0.02921036957441217
17.10672333240509,0.035023608298186265
17.277389997641247,-0.029270667315305837
17.448056664466858,0.03497310418891377
17.61872333129247,-0.029355252352115783
17.78938999811808,0.03489605380090681
17.960056664943696,-0.029463512499334207
18.130723331769307,0.03479345511717504
18.301379998524983,-0.029595878326186455
18.472033331394197,0.034665050136643165
18.642699998219808,-0.029752427169835338
18.81336666504542,0.03451191614831677
18.984033331871032,-0.029931831988807413
19.154699998696646,0.03433560534346901
19.325366665522257,-0.030131727392782172
19.496033332347867,0.03413833795739983
19.666699998378753,-0.03035017681616755
19.837366665204367,0.03392186493803134
20.008033332029978,-0.030585370948296425
20.17869999885559,0.03368807205796056
20.349366665681202,-0.030833732157537572
20.52003333171209,0.033440046494903904
20.69069999774297,-0.031092169982717854
20.861366664568582,0.03318086305109363
21.032033331394196,-0.03135880400876739
21.202699998219806,0.03291331650754295
21.37336666504542,-0.031631413186654744
21.544033331076303,0.032639482864462395
21.714699997901917,-0.031907912310824994
21.88536666472753,0.03236143246500849
22.05603333155314,-0.03218597609222782
22.226689998308817,0.032081869140348857
22.39735666513443,-0.0324629665183216
22.568023331960042,0.03180293387508718
22.738689997990924,-0.032736641336095204
22.90935666481654,0.031526901350003494
23.080023331642153,-0.03300473889710453
23.250689998467763,0.03125575588014499
23.421356665293374,-0.033265972442008254
23.592023332118988,0.030990353915957766
23.762689998944598,-0.033519319116136814
23.93335666497548,0.030731357067263054
24.104023331801095,-0.03376398717213526
24.274689998626712,0.03047954357263055
24.445356665452323,-0.03399898414173784
24.616023332277933,0.030236157254773636
24.78668999830882,-0.03422277629442038
24.957356664339702,0.030002407955106142
25.128023331165316,-0.03443391624937503
25.298689997990927,0.029779462406681383
25.469356664816537,-0.03463146135508586
25.640023331642148,0.029568463726124074
25.810689998467762,-0.034814478090594736
25.98133333206177,0.029370576449074412
26.151999998092652,-0.03498214256747503
26.322666664918263,0.0291869297550753
26.493333331743877,-0.03513316469915257
26.663999998569487,0.029018875908872605
26.834666665395098,-0.0352665279823743
27.005333332220715,0.02886742369700639
27.175999999046326,-0.03538114624361831
27.34666666507721,0.028733895891095207
27.51733333190282,-0.03547590774286469
27.687999998728436,0.028619582926640366
27.858666665554047,-0.03554935633996581
28.029333332379657,0.028525571089764567
28.199999997615812,-0.03560023748037968
28.370666664441426,0.028452916353496244
28.541333331267037,-0.0356275086122415
28.711999998092654,0.028402468206456633
28.882666664918265,-0.03563028319756014
29.05333333174388,0.02837481231778643
29.223999997774758,-0.03560822212747773
29.394666664600372,0.0283702611472082
29.565333331425983,-0.03556161364313076
29.7359999982516,0.02838827401782263
29.906656665007272,-0.035491382703362856
30.077323331832883,0.028427981153422297
30.2479899986585,-0.035398251583401014
30.418656664689383,0.028488848375621784
30.589323331514993,-0.03528328809556393
30.759989998340604,0.028569690015394913
30.930656665166218,-0.035147374330714236
31.10132333199183,0.0286695846719084
31.271989998817446,-0.034991602811242015
31.442656665643057,0.028787409375264996
31.61332333167394,-0.034817729312888276
31.783989998499557,0.02892113005199657
31.954656665325167,-0.03462736502559313
32.12532333215078,0.029069585219854047
32.295989998976395,-0.03442171672431048
32.46665666421255,0.029231503443106797
32.63732333103816,-0.034201937880296684
32.80798999786377,0.029405337051475577
32.97865666468938,-0.033969438769052514
33.14932333151499,0.029589769491188384
33.3199899983406,-0.033725094079210045
33.49065666516621,0.02978419658224937
33.66129999876022,-0.03346948490018282
33.8319666647911,0.029987624409408845
34.00263333161672,-0.03320365175064965
34.17329999844234,0.03019862762693682
34.34396666526794,-0.03292891642047458
34.51463333209356,0.030415947219684544
34.68529999891917,-0.032646227310759786
34.85596666574479,0.030638403425071632
35.02663333177567,-0.03235665726005118
35.19729999860128,0.030864750865023063
35.36796666542689,-0.03206179626624662
35.5386333322525,0.03109304009788236
35.70929999907811,-0.031763668823564135
35.87996666431427,0.03132079662411048
36.05063333113988,-0.03146493456860073
36.22129999796549,0.031545112299442235
36.391966664791106,-0.031168473319695605
36.56263333161672,0.03176333531235539
36.7332999976476,-0.03087694401681838
36.90396666447322,0.031972820423878855
37.074633331298834,-0.030592731357832508
37.24529999812444,0.03217113539779172
37.41595666488011,-0.03031786300075161
37.586623331705724,0.03235648097530015
37.75728999853134,-0.030054079831570938
37.92795666535695,0.03252708864968595
38.09862333138784,-0.02980283452570766
38.26928999821345,0.032681522826236785
38.43995666503906,-0.02956554113693785
38.61062333186467,0.03281874654626687
38.78128999869028,-0.02934352773702663
38.9519566655159,0.03293725038017537
39.12262333234152,-0.029138407774766333
39.293289998372394,0.033035543506979
39.46395666519801,-0.028952001512191017
39.63462333202362,0.03311185910670168
39.80528999884923,-0.028785835467353024
39.97595666567484,0.03316440503753519
40.146623330911,-0.028641824733732557
40.31728999773661,0.033191672207990006
40.48795666456222,-0.028521371976412885
40.65862333138784,0.0331922172274235
40.82928999821345,-0.028426001446290095
40.999956665039065,0.03316473182659521
41.170623331864675,-0.02835698207448387
41.34126666466395,0.033108000778505633
41.511933331489566,-0.02831526300169593
41.682599998315176,0.03302130548005472
41.853266665140794,-0.028301344244985566
42.0239333319664,0.03290444986293795
42.194599998792015,-0.028315306186936867
42.365266665617625,0.03275751197538599
42.53593333244324,-0.02835740770294905
42.706599998474125,0.032580496919602776
42.877266665299736,-0.028427326432848513
43.047933332125346,0.032373788211071175
43.218599998950964,-0.028524567860011354
43.389266665776574,0.03213811051338046
43.55993333101273,-0.028648116498842382
43.73059999783834,0.031874804211608675
43.90126666466395,-0.028796559750805275
44.07193333148956,0.0315856891565533
44.24259999831518,-0.02896776598678922
44.41326666434607,0.03127315257362375
44.58392333189646,-0.029159572839283835
44.75458999792735,0.03093930103264346
44.92525666475296,-0.029369564371947293
45.09592333157857,0.030586796972051095
45.26658999840418,-0.029595244121986847
45.4372566652298,0.030218423871873384
45.607923331260686,-0.029833702189008895
45.7785899980863,0.029837028512167723
45.94925666491191,-0.030081981934337393
46.119923331737525,0.029445617063880887
46.290589998563135,-0.030337235403035248
46.461256665388746,0.029047166128969796
46.631923332214356,-0.03059650261247958
46.80258999903997,0.028644777631709608
46.97325666507085,-0.03085646888253618
47.14392333189646,0.02824190527382044
47.31458999872208,-0.031113634182283578
47.48525666554768,0.027841898955698375
47.6559233323733,-0.03136456829313602
47.82658999760945,0.027447973466158064
47.99725666443507,-0.03160609432306493
48.16792333126068,0.027063306271163014
48.33857999801636,-0.03183507552644584
48.5092333316803,0.026691077550385064
48.67989999850591,-0.03204837307156379
48.85056666533153,0.026334328516885754
49.02123333136241,-0.03224312218519704
49.19189999818802,0.02599598785999983
49.36256666501363,-0.03241647664091215
49.53323333183924,0.025678711453368086
49.70389999866485,-0.03256604390034061
49.87456666549046,0.02538475031224519
50.04523333231608,-0.032689506246562056
50.21589999834697,0.02511626781401746
50.38656666517258,-0.03278460236209692
50.55723333199819,0.024875446231966615
50.7278999988238,-0.032849339989086616
50.89856666564942,0.024664061914298863
51.06923333247503,-0.03288231664643681
51.23989999771119,0.02448324400929809
51.410566664536795,-0.03288223688282319
51.58123333136241,0.024334410202565424
51.75189999818802,-0.03284833986431889
51.92256666501363,0.024217976367994273
52.093233331044516,-0.032780566460472914
52.26388999859491,0.024133834840337643
52.4345566646258,-0.032679209359305385
52.60522333145142,0.02408180734014701
52.77588999827704,-0.03254427890248367
52.94655666510264,0.02406178174873567
53.11722333192826,-0.032376279078174836
53.287889997959134,0.024072951576160392
53.45855666478475,-0.032176253944975176
53.62922333161036,0.024114208165277127
53.79988999843598,-0.03194539196789318
53.97055666526158,0.024184347961184936
54.1412233320872,-0.03168502929434566
54.31188999891282,0.02428203333665407
54.482556664943694,-0.03139683789989188
54.65322333176931,0.02440549693708207
54.823889998594915,-0.031082558746856337
54.99455666542053,0.02455288449340399
55.16522333224615,-0.030744208194319896
55.33588999907175,0.024722085845767922
55.506556664307915,-0.030383984727531618
55.67722333113353,0.024910666511437578
55.847889997959136,-0.03000439606883705
56.01854666471481,0.025116136330528983
56.18919999837876,-0.0296077413071268
56.359866665204365,0.025336417039252466
56.530533332029975,-0.029196361354435117
56.70119999806086,0.025569090808063716
56.871866664886475,-0.028772823834601086
57.04253333171209,0.025811795321559756
57.213199998537696,-0.028339418782606245
57.383866665363314,0.026062215211482036
57.55453333218893,-0.027898032512574892
57.725199999014535,0.02631847237444725
57.895866665045425,-0.027450552757247976
58.06653333187103,0.026578796508256366
58.237199998696646,-0.02699881299700977
58.40786666552225,0.02684167962955032
58.57853333234787,-0.026544605368835652
58.74919999837876,0.027105039305162816
58.91986666440963,-0.026089857359868747
59.09053333123525,0.027367192784734217
59.26119999806085,-0.025636134581296724
59.43185666481654,0.02762631639126653
59.60252333164216,-0.025185450612338636
59.773189998467764,0.02788063641643858
59.94385666529338,-0.02473956024674796
60.11452333132426,0.02812841203924036
60.285189998149875,-0.02430012573602793
60.455856664975485,0.028368057779898766
60.626523331801096,-0.02386890419058836
60.797189998626706,0.028597912226064604
60.96785666465759,-0.023447353810707932
61.1385233314832,0.02881642552626714
61.30918999830882,-0.023037048361693492
61.47985666513442,0.029021994578600115
61.65052333196004,-0.022639418070445172
61.821189998785655,0.029213245842471196
61.99185666561127,-0.022255468068173325
62.16252333164216,0.029389203607294134
62.333189998467766,-0.021886140063107257
62.503856665293384,0.029549050525337663
62.67452333211899,-0.02153252966403015
62.845189998944605,0.02969194402258835
63.01584333181381,-0.021195560953448232
63.18649999777476,0.029816789767828877
63.35716666460037,-0.020876359745679595
63.52783333142598,0.02992260042704526
63.69849999825159,-0.02057594239184262
63.869166665077216,0.030008261136697016
64.03983333190281,-0.02029558950710071
64.21049999872844,0.030072797225547777
64.38116666475932,-0.020035595771540918
64.55183333158493,0.030116327750204976
64.72249999841054,-0.019795846418573335
64.89316666523615,0.030138799060770848
65.06383333206176,-0.01957637283257037
65.23449999888737,0.030139982372714015
65.40516666571298,-0.019377561305817463
65.57583333174388,0.030119408647781315
65.74649999856949,-0.019199599141414284
65.9171666653951,0.030076898248548423
66.08783333222071,-0.01904269342633615
66.25849999904632,0.03001212907823991
66.42916666428248,-0.018906912524995052
66.59983333110809,0.02992510304482489
66.77049999793371,-0.018792117360925058
66.94116666475932,0.029816005178770266
67.111823331515,-0.01869791624661278
67.28248999834061,0.02968512003056336
67.45315666516622,-0.018624243969013236
67.62382333199182,0.029532501139473977
67.79448999802273,-0.018571186479335273
67.96515666484834,0.029357985306382877
68.13582333167395,-0.01853855227051078
68.30648999849956,0.029161860462874004
68.47715666532517,-0.01852578314390374
68.64782333135605,0.028944475848939593
68.81848999818166,-0.01853268010910775
68.98915666500729,0.028705956449121918
69.15982333183288,-0.018559108913502004
69.3304899986585,0.028446260018661566
69.5011566654841,-0.018605191776412892
69.67182333230973,0.028165195889852567
69.84248999834062,-0.018671349352043946
70.01315666516622,0.02786228001200675
70.18380999803544,-0.018757978196687095
70.3544666647911,0.027537332223487344
70.52513333161671,-0.018865500645724412
70.6957999976476,0.027189744674107032
70.86646666447321,-0.018994463332615678
71.03713333129882,0.0268190644079931
71.20779999812444,-0.0191453171620752
71.37846666495005,0.02642496581066268
71.54913333177566,-0.019318262859553043
71.71979999860129,0.026007349637011748
71.89046666542689,-0.019513072198046627
72.06113333145778,0.025566662389513876
72.23179999828338,-0.019729201672471535
72.402466665109,0.02510325201583288
72.57313333193461,-0.01996628049463544
72.74379999876024,0.02461748037170158
72.91446666558583,-0.020223979364518405
73.08513333241144,0.02410997493827306
73.25579999844233,-0.02050157983152554
73.42646666526794,0.0235816067832132
73.59713333209355,-0.02079828296726387
73.76779999891917,0.023033352575642006
73.93845666567483,-0.021112852566074584
74.10912333091099,0.022466631886029913
74.27978999773661,-0.02144390143702577
74.45045666456222,0.02188297032873519
74.62112333138785,-0.021789824187029603
74.79178999821345,0.021284291770665206
74.96245666503907,-0.022148617497140203
75.13312333186467,0.020672684793346267
75.30378999789556,-0.022518055802179682
75.47445666472116,0.02005035828273516
75.64512333154678,-0.022895929112815152
75.8157899983724,0.019419502142258932
75.986456665198,-0.023279846080158133
76.15712333202362,0.018782757458262293
76.3277899980545,-0.02366687651248749
76.49845666488011,0.018143188919108894
76.66912333170572,-0.024053881872213665
76.83978999853133,0.017503799230965487
77.01045666535694,-0.024437898368092792
77.18112333218258,0.01686767155702449
77.35176666577658,-0.02481562663406818
77.52243333101273,0.016238178423643834
77.69309999783835,-0.02518325746705226
77.86376666466394,0.015619375578298195
78.03443333148957,-0.02553598703805278
78.20509999831518,0.015015696963753766
78.37576666434606,-0.025868872704770885
78.54643333117168,0.01443186912709309
78.71709999799728,-0.026176664591230765
78.8877666648229,0.01387290174752077
79.0584333316485,-0.026453821560920205
79.22909999847413,0.01334402509049765
79.39976666529972,-0.02669498447119169
79.57043333133062,0.012850303209657842
79.74109999815623,-0.026894895902397915
79.91176666498184,0.012396265058859142
80.08243333180747,-0.027049150871586238
80.25309999863308,0.011985414346600498
80.42376666545867,-0.027154760425994483
80.5944333322843,0.011620183126059856
80.7650999991099,-0.027209772891826477
80.93576666514079,0.01130174281228079
81.10642333189647,-0.027213352883003843
81.27708999872206,0.011030455528601
81.4477566655477,-0.02716575897667081
81.6184233323733,0.010805649513128535
81.78908999760947,-0.02706789274810901
81.95975666443506,0.010626155064961708
82.13042333126069,-0.026921372738782545
82.30108999808628,0.010489988845134302
82.47175666491191,-0.026728758900096135
82.64242333173752,0.010394303813622049
82.81308999856313,-0.02649313828513344
82.98375666459401,0.010335917305353434
83.15442333141964,-0.026218055554291676
83.32508999824525,0.010311139942387724
83.49575666507086,-0.02590734365559772
83.66642333189645,0.010316189466412818
83.83708999792735,-0.02556492761974965
84.00775666475297,0.01034713038636374
84.17842333157857,-0.025194812508470103
84.34907999833425,0.010400101449069953
84.5197333319982,-0.024800849358645474
84.6903999988238,0.010471344255930598
84.86106666564942,-0.0243868506224227
85.03173333247503,0.010557146285077878
85.20239999771118,-0.0239565858366501
85.3730666645368,0.010653862017784224
85.5437333313624,-0.023513551460693494
85.71439999818803,0.010758246699598985
85.88506666501362,-0.02306092827796504
86.05573333104451,0.010867367188337593
86.22639999787013,-0.022601504163167186
86.39706666469573,0.010978603068772129
86.56773333152135,-0.02213763892237337
86.73839999834695,0.01108998949808784
86.90906666517257,-0.02167107703099648
87.0797333319982,0.011200096945030167
87.25039999802907,-0.02120300330510028
87.42106666485469,0.011308067788726856
87.5917333316803,-0.020734097341976284
87.76239999850591,0.01141352752857827
87.93306666533151,-0.020264432077933207
88.10373333215713,0.011516740552016609
88.27438999891281,-0.019793577369647094
88.44505666494369,0.01161843859218246
88.61572333176932,-0.0193206177779934
88.78638999859493,0.011719774232556572
88.95705666542054,-0.018844316709130286
89.12772333224615,0.011822189763962258
89.29838999907176,-0.01836306286920852
89.46905666430791,0.011927606894910828
89.63972333113352,-0.017874771546946902
89.81038999795913,0.01203833875969613
89.98105666478475,-0.017377014508585732
90.15172333161037,0.012157036906542556
90.32238999843598,-0.01686708455231048
90.49305666526159,0.012286587853505624
90.66372333129247,-0.016342090386071734
90.83438999811808,0.01242998163839244
91.00505666494368,-0.01579908368424822
91.1757233317693,0.012590218090939187
91.34638999859492,-0.015235167657526555
91.51704666535059,0.012770215777208023
91.68769999901454,-0.014647558699427764
91.85836666504541,0.012972748762303204
92.02903333187103,-0.01403363885110509
92.19969999869664,0.013200494393114168
92.37036666552225,-0.013390927295746074
92.54103333234787,0.013455753132245268
92.71169999837875,-0.01271736769800333
92.88236666440963,0.013740500894760775
93.05303333123524,-0.012011237311001306
93.22369999806088,0.01405641693112058
93.39436666488646,-0.011271159518857305
93.56503333171209,0.014404681649805533
93.73569999774297,-0.010496298337864396
93.90636666456858,0.01478581866668719
94.07703333139419,-0.009686568856390737
94.24769999821982,0.015199810253759471
94.41836666504541,-0.008842364374384123
94.58903333187104,0.0156459873332153
94.75969999869665,-0.007964846102304494
94.93035666465758,0.01612277748512098
95.1010233314832,-0.007056019433375047
95.27168999830882,0.016628002830299075
95.44235666513443,-0.006118430639907876
95.61302333196004,0.01715881630098514
95.78368999878566,-0.005155449176402522
95.95435666561129,0.017711490305766037
96.12502333164215,-0.004171119527976748
96.29568999846776,0.01828193652458711
96.46635666529338,-0.0031698550568849517
96.63702333211899,0.01886553760534449
96.8076899989446,-0.002156748836900325
96.97835666497548,0.0194568706026491
97.14902333100636,-0.0011376233030614897
97.31968999783199,0.020049955226147304
97.4903566646576,-0.00011879617186731037
97.66102333148321,0.02063826785130334
97.8316899983088,0.0008928301052299628
98.00234333197275,0.021214712496535417
98.17299999872843,0.0018898907773948646
98.34366666475931,0.02177189795374312
98.51433333158494,0.0028648670739095587
98.68499999841055,0.022302268771657554
98.85566666523616,0.003809943871447754
99.02633333206178,0.022798091419242095
99.19699999888738,0.00471734515695018
99.36766666571299,0.02325157493819639
99.53833333174389,0.00557920706377863
99.70899999856948,0.023654975979868226
99.8796666653951,0.006387654722650881
100.05033333222072,0.02400051016935144
100.22099999904633,0.007135018787768321
100.39166666428247,0.024280816887841842
100.56233333110809,0.007813997782032098
100.7329999979337,0.02448885915974977
100.90366666475931,0.008417740346327068
101.07433333158492,0.024618101289806207
101.24499999841055,0.00893985188652892
101.41566666444143,0.024662585842018123
101.58633333126704,0.00937468408902353
101.75699999809267,0.02461704931836008
101.92765666484833,0.009717238579817426
102.09832333167394,0.024476884342707346
102.26898999849956,0.009963274110664907
102.43965666532517,0.024238406491008585
102.61032333135606,0.010109348740431503
102.78098999818164,0.023898660434251595
102.95165666500728,0.010153349605112133
103.12232333183287,0.02345633903851116
103.2929899986585,0.010094172723481629
103.46365666548411,0.022910827151821914
103.63432333230972,0.00993169904577166
103.8049899983406,0.022262505085351925
103.97565666516621,0.009666711246260546
104.14632333199184,0.021512889290995173
104.31698999881746,0.009301492365390622
104.48765666564304,0.020665159205090846
104.65832333087921,0.008839652154275627
104.82898999770482,0.019723251312046122
104.99965666453042,0.008285491668765447
105.17029999812443,0.018692071133573157
105.34096666495005,0.007644477099032786
105.51163333177567,0.017577796812754936
105.68229999860128,0.006923342509777446
105.8529666654269,0.0163877427704782
106.02363333145777,0.0061298128467070535
106.1942999982834,0.015130110882752306
106.364966665109,0.0052724733212289095
106.53563333193463,0.013813851706528447
106.70629999876022,0.004360446913398844
106.87696666558584,0.01244858415363798
107.04763333241144,0.0034038680925308523
107.21829999844233,0.011044866509343967
107.38896666526796,0.002413601483521714
107.55963333209357,0.009613970257916505
107.73029999891915,0.0014011564635756956
107.90096666574478,0.008167696520174343
108.07163333098092,0.0003784744354094571
108.24229999780655,0.0067181003159192
108.41295666456224,-0.0006423602199033585
108.58362333138783,0.005277467432352643
108.75428999821345,-0.0016489465361277024
108.92495666503905,0.0038583034514621368
109.09562333186469,-0.0026288699896385567
109.26628999789554,0.0024728445937603374
109.43695666472118,-0.0035699179283976198
109.60762333154678,0.0011335681949837867
109.7782899983724,-0.004459824060720236
109.94895666519801,-0.0001476678559079261
110.11962333202362,-0.0052870793163431505
110.2902899980545,-0.0013594906967363833
110.46095666488011,-0.0060405854840388665
110.63162333170574,-0.002491092911942499
110.80228999853134,-0.006709902062459731
110.97295666535695,-0.0035324101695514407
111.14362333218256,-0.007285543171371922
111.31428999900818,-0.004474401643756877
111.48495666503905,-0.007758891592698886
111.65562333186467,-0.005308993516010282
111.82626666466395,-0.008122557610271829
111.99693333148957,-0.0060292658481500665
112.16759999831518,-0.008370181371158303
112.33826666434607,-0.006629646395769358
112.50893333117168,-0.008497232113288776
112.67959999799727,-0.0071062485764054615
112.8502666648229,-0.008500226168336967
113.02093333164851,-0.00745628982159765
113.19159999847413,-0.008377514464598208
113.36226666529974,-0.007678971624147805
113.53293333133063,-0.008129030634893992
113.70359999815624,-0.007775011660734938
113.87426666498183,-0.007756412228439255
114.04493333180744,-0.007746860573809115
114.21559999863307,-0.007262810047919514
114.38626666545868,-0.00759829401969176
114.5569333322843,-0.006652977074686391
114.72759999910991,-0.0073347695024739935
114.8982666651408,-0.0059330181028270056
115.06892333189646,-0.006963250232956308
115.23958999872207,-0.005110789803192102
115.41025666554769,-0.006492334944992435
115.5809233323733,-0.004195674091260688
115.75158999760944,-0.0059321582987839705
115.92225666443505,-0.0031983202939280396
116.09292333126068,-0.0052937561592767465
116.26358999808629,-0.0021305011838404363
116.43425666491191,-0.004589695882051582
116.60492333173752,-0.001005345650934628
116.77558999856312,-0.003833576991973248
116.94625666459402,0.000162866537725704
117.11692333141964,-0.003040219369525852
117.28758999824522,0.0013588057300710022
117.45825666507085,-0.002225154492559236
117.62892333189647,0.0025666784990678133
117.79958999792734,-0.0014045177712257667
117.97025666475297,0.0037700577256132095
118.14092333157858,-0.0005947228256575832
118.31156666517259,0.004952403210260853
118.48223333199819,0.0001874549220228513
118.6528999988238,0.006096805758840415
118.8235666656494,0.0009251655220491535
118.99423333247503,0.00718665688537404
119.16489999771117,0.0016020517112739958
119.3355666645368,0.008205759582661419
119.50623333136241,0.0022021842472467537
119.67689999818802,0.009138448882216136
119.84756666501362,0.0027102482094083554
120.01823333104451,0.009969852635395014
120.18889999787011,0.0031118993536274255
120.35956666469573,0.010686274175930549
120.53023333152134,0.003394034297726115
120.70089999834697,0.011275084993221737
120.87156666517258,0.0035445708199499906
121.04223333199818,0.011724821921389956
121.21289999802907,0.003552847604641301
121.38356666485467,0.01202565063344308
121.55422333161036,0.003409913948534135
121.72488999843597,0.012169483873721805
121.8955566652616,0.003108544792632623
122.0662233320872,0.012150129416494774
122.2368899989128,0.0026436779939344557
122.4075566649437,0.011963539791908057
122.5782233317693,0.002012148181348753
122.7488899985949,0.011607510457170338
122.91955666542053,0.001212773382331666
123.09022333224615,0.011082246133225594
123.26088999907176,0.0002466666679111999
123.43155666430792,0.010389908196479112
123.60222333113352,-0.0008828388558730688
123.77288999795914,0.009535004964050686
123.94355666478475,-0.0021707124350878082
124.11422333161036,0.008523623544888684
124.28487999836602,-0.003609796435326491
124.45553333202997,0.007364153588451409
124.62619999806086,-0.005190674972271361
124.7968666648865,0.0060669929442715926
124.96753333171209,-0.006902133336875283
125.1381999985377,0.004644321798309181
125.3088666653633,-0.008731138520732882
125.47953333218894,0.003110021198190729
125.65019999901456,-0.010663074917466089
125.82086666504543,0.001479355059576203
125.99153333187103,-0.012681889496934865
126.16219999869665,-0.0002308469026116657
126.33286666552226,-0.014770007215418567
126.50353333234787,-0.0020023858943867085
126.67419999837875,-0.01690869415909599
126.84486666440962,-0.0038160823240763232
127.01553333123525,-0.01907818816085467
127.18619999806086,-0.005651842570750916
127.35686666488648,-0.02125835850680358
127.52753333171208,-0.007489346970050712
127.69818999846777,-0.023428487135153803
127.86885666529338,-0.009307515816389578
128.03952333132426,-0.025567163302116405
128.21018999814987,-0.011084708291083087
128.38085666497548,-0.02765276460261458
128.5515233318011,-0.012799624988541695
128.72218999862673,-0.029664149946019052
128.8928566646576,-0.014431394009994682
129.0635233314832,-0.03158078657808949
129.23418999830884,-0.015959551922905185
129.40485666513445,-0.0333823508947311
129.57552333196003,-0.01736431762723396
129.74618999878567,-0.035049746319465364
129.91685666561128,-0.01862709449676868
130.08752333164216,-0.036564630063113876
130.25818999846777,-0.01973015075979964
130.42885666529338,-0.037909929322345166
130.599523332119,-0.020657164814088375
130.7701766649882,-0.03907014661919362
130.94083333174385,-0.0213934664414744
131.11149999777476,-0.04003111966545818
131.2821666646004,-0.021925749915159165
131.452833331426,-0.040780919984353764
131.6234999982516,-0.02224311451836818
131.7941666650772,-0.041309047551556614
131.9648333319028,-0.02233576365095566
132.13549999872845,-0.04160707940468938
132.3061666647593,-0.02219679377409466
132.47683333158494,-0.04166925609190513
132.64749999841055,-0.021821644594330388
132.81816666523616,-0.041492282049801994
132.98883333206177,-0.021207936085854945
133.15949999888738,-0.04107461848418974
133.330166665713,-0.020355339297787302
133.50083333174388,-0.0404170674771348
133.67148999849957,-0.0192658784944526
133.84215666532515,-0.039522977362342185
134.0128233321508,-0.017944084367566508
134.18348999897643,-0.03839764993691898
134.35415666421255,-0.016395981081114244
134.52482333103814,-0.037048264985242385
134.69548999786375,-0.014630130904694356
134.86615666468938,-0.03548449805080405
135.036823331515,-0.012657256877726555
135.20748999834058,-0.03371807279839451
135.37815666516622,-0.010490186234405887
135.54882333199185,-0.031762675809245494
135.71948999802274,-0.008143434949357074
135.89015666484832,-0.029633774998426465
136.06082333167396,-0.005633299797011326
136.23148999849954,-0.02734833680734367
136.40215666532518,-0.0029774576798201734
136.57282333135603,-0.02492472287416244
136.74348999818167,-0.00019521382145980747
136.91413333177567,-0.022382628388679396
137.08479999860128,0.0026936706154582087
137.2554666654269,-0.019742322886690082
137.4261333322525,0.005668293242848672
137.59679999907812,-0.017025083016408607
137.76746666431427,0.008706794330769837
137.93813333113985,-0.014253331206572515
138.1087999979655,0.011786803316243356
138.2794666647911,-0.011449548938332351
138.4501333316167,0.014885465810527042
138.6207999976476,-0.008636693255265468
138.7914666644732,0.017979820764901015
138.96213333129882,-0.005837554888402328
139.13279999812443,0.021047215563083282
139.30346666495007,-0.0030746833964896895
139.47413333177565,0.02406552213423973
139.6447999986013,-0.0003693448716519838
139.81546666542687,0.027014243266547104
139.98613333145778,0.002258461412434063
140.15678999821344,0.029873157530106064
140.32745666503905,0.004788687377035568
140.49812333186466,0.03262281304417386
140.66878999869027,0.007202520889671991
140.8394566655159,0.03524475455587429
141.01012333234152,0.009482052766889787
141.1807899983724,0.037721669641347294
141.35145666519801,0.011610420818212747
141.5221233320236,0.040037436653984744
141.69278999884926,0.01357254961977432
141.86345666567485,0.04217761880753595
142.03412333091097,0.015354708963613918
142.20478999773664,0.044129256319113803
142.37545666456222,0.016944667653653395
142.54612333138783,0.04588084000611349
142.71678999821341,0.018331854323667917
142.88743333180747,0.04742287791655146
143.05809999863305,0.01950785937240642
143.22876666466397,0.04874781597994255
143.39943333148955,0.020465925190239473
143.57009999831516,0.04984965946083627
143.7407666651408,0.02120098520475729
143.9114333319664,0.050723781335375986
144.082099998792,0.021709229171457053
144.25276666561763,0.0513675842093569
144.42343333244327,0.02198866657867761
144.59409999847415,0.05177963303480023
144.76476666529973,0.02203836167425942
144.93543333212534,0.051959831536710695
145.10609999895095,0.021860244353809247
145.2767666657766,0.051912587719184874
145.44743333101275,0.02146056165723488
145.61809999783833,0.05164482930487342
145.78876666466397,0.02084684839089482
145.95943333148955,0.05116475191829582
146.13008999824524,0.020028143584205706
146.30075666507082,0.05048215247408079
146.47142333189646,0.019015052616822375
146.64208999792734,0.04960813640950734
146.81275666475295,0.01781939342515772
146.98342333157856,0.048555206260486976
147.1540899984042,0.016454309379088327
147.3247566652298,0.04733717002672586
147.49542333126067,0.01493429596155441
147.6660899980863,0.045969095903288834
147.8367566649119,0.013275059716834608
148.00742333173753,0.04446725139217598
148.1780899985631,0.011493477815234618
148.34875666538875,0.042848873520870266
148.51942333221436,0.009606938706535378
148.69008999903997,0.041131515060989304
148.86073333104451,0.007633342314799339
149.03139999787012,0.0393332299831735
149.2020666646957,0.005590814812873807
149.37273333152137,0.037472279366065335
149.54339999834696,0.0034977162564159415
149.71406666437784,0.03556727957017719
149.88473333120345,0.0013728800745758964
150.0553999980291,0.03363693354947389
150.2260666648547,-0.0007651033561505703
150.3967333316803,0.031699573572144986
150.56739999850592,-0.002898387553655063
150.73806666533153,0.029772496479005782
150.90873333136238,-0.005009849878937384
151.07939999818805,0.027872484073198558
151.25006666501363,-0.007083493491440557
151.42073333183924,0.026015363155464568
151.59138999859493,-0.009103563939580573
151.76205666542054,0.02421630533342464
151.93272333224616,-0.011055508334168802
152.10338999827704,0.022489529659843344
152.27405666510265,-0.0129251314178956
152.44472333192826,0.020848692367804636
152.61538999875387,-0.014700068282968503
152.78605666557945,0.019304821935902473
152.9567233324051,-0.016369928975980285
153.12738999764125,0.017867223637904963
153.29805666446686,-0.01792718300725583
153.46872333129247,0.01654236479734118
153.6393899981181,-0.019365618914150878
153.8100566649437,0.015336492911867668
153.9807233317693,-0.020678885794577048
154.1513899985949,0.014255156701386272
154.3220566646258,-0.02186294870714637
154.4927233314514,0.013301135235805596
154.66338999827704,-0.02291598029618721
154.83404666503273,0.012475342120072747
155.00469999869665,-0.0238378564155321
155.17536666552223,0.011776851230158062
155.34603333234787,-0.02463010107115005
155.51669999837878,0.011203558254614342
155.68736666520437,-0.02529595931591145
155.85803333202998,0.010751101925000674
156.0286999988556,-0.025840807183005996
156.19936666568123,0.010412816167988262
156.37003333171208,-0.02627196498025657
156.54069999774296,0.010181770348098099
156.71136666456857,-0.026596507640477222
156.88203333139418,0.010049735063056557
157.0526999982198,-0.026823750946146627
157.2233666650454,0.010006649720879177
157.3940333310763,-0.026964096149909564
157.56469999790193,0.010041708352190752
157.73535666465762,-0.027028834971840228
157.9060233314832,0.010143091937527764
158.0766899983088,-0.027030303018172518
158.24735666513442,0.010298031199260035
158.41802333196006,-0.02698165792528967
158.5886899979909,0.010492873495295735
158.75935666481655,-0.026896424409571577
158.93002333164216,0.01071435355046462
159.10068999846777,-0.026788539367368015
159.27135666529335,0.010947978921455121
159.44202333211896,-0.026672254516010876
159.6126899989446,0.011179599665302818
159.78335666497549,-0.026562356155043782
159.9540233318011,0.011393880885861707
160.1246899986267,-0.02647377791323944
160.29533333142598,0.011576785474047897
160.4659999982516,-0.026420402191993705
160.63666666507723,0.01171430751840326
160.80733333110808,-0.026415895736584916
160.9779999979337,0.01179319069111253
161.14866666475933,-0.026473177293191246
161.31933333158491,0.011801144111216152
161.48999999841052,-0.026603792847096644
161.66066666523616,0.011727070204413218
161.83133333206177,-0.026818787505708888
162.00199999809266,0.011560394921956894
162.17266666491827,-0.027126894125094364
162.34333333174388,0.011293119560398144
162.5139999985695,-0.02753660892861017
162.6846666653951,0.010917027406839936
162.8553333322207,-0.0280550837607299
163.02599999904632,0.01042627135361126
163.1966566650073,-0.028687364697552023
163.3673233318329,0.009816039237284543
163.53798999865847,-0.029437511598397276
163.7086566654841,0.009083265030542399
163.87932333230975,-0.030308042687454972
164.04998999754588,0.008225330518727828
164.22065666437146,-0.03130115455682336
164.3913233311971,0.0072424181678082305
164.56198999802274,-0.0324148101919183
164.73265666484832,0.0061364426610368
164.90332333167393,-0.03364654249276674
165.07398999849957,0.00491174406262286
165.24465666532518,-0.03499068288879877
165.41532333135606,0.003574357633951098
165.58598999818167,-0.036440625963187014
165.75665666500726,0.0021317892612393867
165.9273233318329,-0.03798786740363251
166.0979899986585,0.0005936327247212755
166.2686433315277,-0.03962171682906733
166.4392999990781,-0.0010281721260404569
166.609966665109,-0.041329862745994726
166.7806333319346,-0.0027210323444286956
166.95129999876022,-0.043099004986829385
167.12196666558586,-0.004470160258692332
167.29263333241144,-0.04491351866281671
167.4632999976476,-0.006259768358977553
167.6339666644732,-0.046756983234614434
167.80463333129882,-0.008072889510965183
167.97529999812443,-0.04858610794399087
168.14596666495004,-0.009877038914923853
168.31663333098095,-0.05038810660336862
168.48729999780653,-0.011675866061656506
168.65796666463217,-0.052170470849758524
168.82863333145775,-0.013446355600827492
168.99928999821344,-0.05391063041103943
169.16995666503902,-0.015168055873482791
169.3406233318647,-0.05558947750524165
169.51128999869027,-0.016819686570826355
169.68195666472116,-0.05718363450334775
169.8526233315468,-0.018378686827020204
170.0232899983724,-0.05867156052832331
170.19395666519802,-0.019823220727713114
170.36462333202363,-0.06003175801581876
170.53528999884924,-0.021133745515773985
170.70595666567485,-0.06124558869864699
170.87662333170573,-0.022289677795942934
171.04728999853134,-0.06229159791113546
171.21795666535695,-0.02326862634016898
171.3886233321826,-0.06314648755500926
171.55928999900817,-0.024048854010765053
171.7299566642443,-0.06379067130569996
171.90059999783836,-0.02461146797666119
172.07126666466394,-0.0642055741237123
172.24193333148955,-0.024938467651872798
172.4125999983152,-0.06437476858413801
172.5832666651408,-0.02501482998405632
172.75393333196638,-0.06428381675572985
172.9245999979973,-0.02482688367408003
173.0952666648229,-0.0639196232951518
173.2659333316485,-0.024362071224516793
173.43659999847415,-0.06327091020158569
173.60726666529973,-0.023611030719838128
173.77793333212537,-0.06233058961857797
173.94859999895095,-0.02256704870932247
174.11926666577656,-0.06109173607037509
174.28993333180748,-0.021223077728844145
174.46058999856314,-0.05954666535668439
174.63125666538878,-0.019572583830347334
174.80192333221436,-0.057691633786266266
174.97258999903997,-0.017614345898699642
175.14325666427612,-0.055527020854414626
175.3139233311017,-0.01535027891873235
175.48458999792737,-0.05305624849460098
175.65525666475295,-0.012784977049860627
175.82592333157857,-0.050285502988750216
175.99658999840418,-0.009927947207472214
176.16725666522981,-0.047227311607415765
176.3379233312607,-0.006791540897151241
176.50858999808628,-0.04389262450226263
176.67925666491192,-0.0033861863601436326
176.84992333173753,-0.040292216066162075
177.02058999856314,0.0002761888239990789
177.1912466653188,-0.036441089158322164
177.36189999898275,0.0041761076469871514
177.5325666650136,-0.03236154901865961
177.70323333183924,0.008291580688582621
177.87389999866485,-0.028075394079426372
178.04456666549046,0.012599946962323489
178.21523333231607,-0.023605852900005605
178.38589999914169,0.017077566162979885
178.55656666437784,-0.01897649393458008
178.72723333120345,0.021701163568575772
178.89789999802906,-0.01421173799523272
179.0685666648547,0.02644365707325489
179.23923333168028,-0.009339987015477717
179.4098999977112,0.03127562421377093
179.5805666645368,-0.004391858890748611
179.7512333313624,0.036166719464621334
179.92189999818802,0.0006013789406320699
180.0925566649437,0.04108380723119583
180.26322333176932,0.0056058054741634335
180.4338899985949,0.04599329516147096
180.60455666462582,0.010588261062320983
180.77522333145143,0.05086195702181767
180.94588999827704,0.015515493661069928
181.11655666510265,0.05565665438379948
181.28722333192826,0.02035512879407084
181.4578899987539,0.060344896961317965
181.62855666557948,0.02507290912072355
181.79922333161034,0.06489207617859044
181.96988999843597,0.0296352939855342
182.14055666526158,0.0692656508982445
182.3112233320872,0.03401073454871286
182.4818899989128,0.07343395848602606
182.6525466656685,0.03816650985915794
182.82319999774296,0.07736356429320206
182.99386666456857,0.042069455547368066
183.1645333313942,0.08102365051083717
183.33519999821982,0.045692180993151504
183.5058666650454,0.08438913270191711
183.67653333187104,0.04900958674058493
183.84719999869665,0.08743547515268685
184.01786666472753,0.05199905145432079
184.18853333155312,0.09013985973163584
184.35919999837876,0.05463677943946771
184.52986666520437,0.09247843867919604
184.70053333202998,0.05689921842508811
184.8711999988556,0.09442778118392293
185.04185666561128,0.058763466108726216
185.21252333164216,0.09596887562429543
185.38318999846777,0.060215133980615725
185.55385666529338,0.09709019512593559
185.72452333211896,0.06124419502016202
185.8951899989446,0.09778428864578757
186.06585666497548,0.06184711551144932
186.23652333100637,0.09804984184926532
186.40718999783198,0.06202273979621168
186.57785666465756,0.09788469328881573
186.74852333148323,0.06176978018613407
186.9191899983088,0.09728931717824248
187.08985666513442,0.061089387600056416
187.26052333196003,0.09626512587453841
187.43118999799094,0.05998331438783491
187.60183333158494,0.09481622896636968
187.77249999841055,0.0584591186363959
187.94316666523616,0.09295115085609403
188.11383333206177,0.05652488701219464
188.28449999888738,0.09067912217964583
188.455166665713,0.054191730031975825
188.62583333174388,0.0880158928399459
188.7964999985695,0.051478466493336546
188.9671666653951,0.08498005076391353
189.1378333322207,0.048405646805938264
189.30849999904632,0.08159463918336746
189.47916666428247,0.04499726596547581
189.6498333311081,0.07788413810791109
189.82049999793372,0.041277676268743874
189.99116666475933,0.07387237780969451
190.16183333158492,0.037271168189266755
190.33249999841055,0.06958556821303731
190.50315666516622,0.03300572654021832
190.67382333199185,0.06505194735828182
190.84448999802274,0.028508199786495998
191.01515666484835,0.060299984457176985
191.18582333167396,0.023811514585912564
191.35648999849954,0.05536490119577434
191.52715666532518,0.018950014868012323
191.69782333135603,0.050280597606532786
191.86848999818167,0.013957156619126396
192.03915666500728,0.04508086385524728
192.2098233318329,0.008867805192476276
192.3804899986585,0.039801863172167336
192.55115666548414,0.003717170471001181
192.72182333230973,0.03447511683726207
192.89248999834064,-0.0014659257737980103
193.0631433312098,0.029131091397365794
193.2337999979655,-0.006648953730083374
193.40446666479107,0.023802276985208065
193.5751333316167,-0.011799778946368824
193.7457999976476,0.018521628047740043
193.91646666447323,-0.016883383547323723
194.08713333129882,0.013324847838213963
194.25779999812443,-0.02186539873770767
194.42846666495007,0.008243951244939022
194.59913333177565,-0.026715397515187974
194.7697999986013,0.003309013992705609
194.94046666542687,-0.031403993133358656
195.11113333145778,-0.0014519384648010256
195.2817999982834,-0.03590397888765578
195.45246666510897,-0.006012307341395003
195.6231333319346,-0.040189687932133254
195.79378999869027,-0.010348356842164199
195.9644566655159,-0.044239276489060265
196.13512333234152,-0.014438539056516111
196.3057899983724,-0.04803284540104842
196.476456665198,-0.018266321312723235
196.6471233320236,-0.05155584084515306
196.81778999884926,-0.02181682917676051
196.98845666567485,-0.054793890352039555
197.15912333091097,-0.02507768635029869
197.32978999773664,-0.0577363471768648
197.50045666456222,-0.028039083278056157
197.67112333138783,-0.06037335888500108
197.84178999821341,-0.03069214053933422
198.01244333187742,-0.06269842783707312
198.18309999863305,-0.0330330875973086
198.35376666466397,-0.06470921554238819
198.52443333148955,-0.03506050955784115
198.6950999983152,-0.06640616090369714
198.8657666651408,-0.036778534437651764
199.0364333319664,-0.06779596684980928
199.20709999879202,-0.038191849743866774
199.37776666561763,-0.06888021314482358
199.54843333244327,-0.039304076553621364
199.71909999847415,-0.06966718730039226
199.88976666529973,-0.04012530019481605
200.06043333212534,-0.0701670347748347
200.23109999895095,-0.04066792596751401
200.4017666657766,-0.07039463726060223
200.57243333101275,-0.04094767666872529
200.7430899977684,-0.07036688639283174
200.91375666459402,-0.040982430857772104
201.08442333141963,-0.0701028005534775
201.25508999824524,-0.040793374341391304
201.42575666507082,-0.06962537177385017
201.5964233318965,-0.04040337955261435
201.76708999792734,-0.06895699606755858
201.93775666475295,-0.03983520158376375
202.10842333157856,-0.06812152056606748
202.2790899984042,-0.039113986081943095
202.4497566652298,-0.06714521862476876
202.62042333126067,-0.038265562803488855
202.7910899980863,-0.06605344588642087
202.9617566649119,-0.03731566061556081
203.13242333173753,-0.0648730212401658
203.3030899985631,-0.036291366294978096
203.4737333321571,-0.06363009911880305
203.64439999898272,-0.03521772590327626
203.81506666580836,-0.06234982567998074
203.98573333104451,-0.03412048309879279
204.1563999978701,-0.061058347081662315
204.3270666646957,-0.033024135854498086
204.49773333152137,-0.05977692989706473
204.66839999834696,-0.031948136832341434
204.83906666437784,-0.05852549040829152
205.00973333120345,-0.03091410871939797
205.1803999980291,-0.05732706194548964
205.35106666485473,-0.02994388516755718
205.5217333316803,-0.05620179553748166
205.69238999843597,-0.029057171661741092
205.86305666526158,-0.05516789977258048
206.03372333129246,-0.028268515316751317
206.20438999811807,-0.054237787997091155
206.3750566649437,-0.02758966270461936
206.5457233317693,-0.053421787091347116
206.71638999859493,-0.02702956036380998
206.88705666542054,-0.05272734843529082
207.05772333224613,-0.026593869213424243
207.22838999827704,-0.052159005460812216
207.39905666510262,-0.026286539009408572
207.56972333192826,-0.05171910368124426
207.74038999875387,-0.026107605028211266
207.91105666557945,-0.0514061534708308
208.0817233324051,-0.02605450518798428
208.25238999764127,-0.051216467007259694
208.42303333123527,-0.026122120516651873
208.59369999806086,-0.05114374908888156
208.7643666648865,-0.026303323348392436
208.93503333171208,-0.05117935478746827
209.1056999985377,-0.026587582464338257
209.27636666536333,-0.05131142646920702
209.44703333139424,-0.0269619063410756
209.61769999821982,-0.05152571363712299
209.7883666650454,-0.027410396216358015
209.959033331871,-0.0518050208425257
210.12969999869665,-0.02791481149765643
210.30036666552223,-0.05212984343703689
210.47103333234787,-0.028454434795821965
210.6416899983088,-0.052477738791946935
210.81235666513444,-0.02900540919934927
210.98302333196003,-0.05282428944326687
211.15368999878564,-0.029542742027901567
211.32435666561128,-0.05314364780473079
211.49502333164213,-0.030039454261422106
211.66568999767304,-0.05340784794773175
211.83635666449862,-0.03046675183732944
212.00702333132426,-0.05358729540922053
212.1776899981499,-0.030794535564366603
212.34835666497548,-0.05365109923360294
212.5190233318011,-0.030991552676201437
212.68968999862668,-0.05356823521885463
212.8603566646576,-0.031026205645042534
213.03102333148323,-0.05330698006477371
213.20167666514712,-0.030867496782512903
213.37233333190278,-0.052835708042601584
213.54299999872842,-0.030483291859646877
213.71366666555406,-0.05212343182014575
213.88433333237967,-0.029843202270788363
214.0549999984105,-0.05114000923183803
214.22566666523616,-0.028917824341586882
214.39633333206174,-0.0498561068747063
214.56699999888738,-0.027677763374016676
214.737666665713,-0.04824368068901667
214.90833333094915,-0.026097175414067628
215.07899999777473,-0.04627840386294153
215.24966666460037,-0.024152617029197514
215.42033333142598,-0.043938177058877495
215.59098999818167,-0.02182335004861998
215.76165666500728,-0.041203426852705435
215.93232333183286,-0.01909022922272351
216.1029899986585,-0.0380563584190426
216.27365666468936,-0.015937573896271144
216.444323331515,-0.03448286162835487
216.6149899983406,-0.012352333210467907
216.7856566651662,-0.03047146893334627
216.95632333199183,-0.00832508364507033
217.12698999802274,-0.026014521005663607
217.29765666484832,-0.003849865237925294
217.46832333167396,-0.021108283691840365
217.63898999849954,0.0010748347594479587
217.80965666532515,-0.015753620680254453
217.9803233321508,0.006445100467519976
218.15097666581468,-0.009956910573026938
218.32163333098097,0.012254436295806376
218.49229999780655,-0.0037261273528332345
218.66296666463217,0.01849066144404644
218.83363333145775,0.002922631266413055
219.0042999982834,0.025135037628363187
219.17496666431424,0.009968412287529545
219.34563333113988,0.032165026167649845
219.51629999796546,0.017386815271546605
219.6869666647911,0.03955389053788261
219.8576333316167,0.02514989291192561
220.02829999844235,0.04727185483929152
220.19896666526793,0.03322461505000592
220.3696233320236,0.05528314535506461
220.5402899980545,0.04157371392500631
220.71095666488014,0.06354802506165626
220.88162333170573,0.050154013319507376
221.05228999853134,0.07202079008940553
221.22295666535697,0.05891767990342148
221.39362333218259,0.08065070710257922
221.56428999900817,0.06781160576773371
221.73495666503905,0.08938353513910566
221.90562333186466,0.07677968628851006
222.0762899986903,0.09815985672752678
222.24695666551594,0.08576018859875917
222.41762333234152,0.10691670214036188
222.588276664416,0.09468933921869128
222.7589333311717,0.11558886040655154
222.9295999979973,0.10350005635472839
223.1002666648229,0.12410813768227275
223.27093333164854,0.11212341909011617
223.44159999847415,0.13240468723203264
223.61226666529973,0.1204887218986705
223.7829333313306,0.14040724582645633
223.95359999815622,0.12852417002415364
224.12426666498186,0.14804375840838663
224.29493333180744,0.1361573488582991
224.46559999863308,0.15524078151462803
224.6362666654587,0.143314428469222
224.80693333228433,0.16192453817580418
224.9775999991099,0.1499212963051773
225.14826666514077,0.16801958588435745
225.31892333189649,0.15590397649277365
225.48958999872207,0.1734564874402254
225.6602566655477,0.16119420766366113
225.8309233323733,0.17816596871359788
226.00158999760947,0.165722958860591
226.17225666443505,0.18207973309000153
226.3429233312607,0.16942369188087972
226.5135899980863,0.18513339298165069
226.68425666491194,0.17223398148088337
226.85492333173752,0.18726593844587366
227.0255899985631,0.17409495517910395
227.19625666459402,0.18842207708708572
227.36692333141963,0.17495419486679353
227.53756666501363,0.18855189597408734
227.70823333183927,0.17476473646500185
227.87889999866485,0.18761006614778025
228.04956666549046,0.1734834423815369
228.2202333323161,0.18555781920724423
228.39089999834695,0.1710755402138127
228.5615666651726,0.18236292053670214
228.7322333319982,0.1675123540327779
228.90289999882384,0.17800066434233655
229.07356666564942,0.16277296685843523
229.244233332475,0.17245532914341713
229.4148999977112,0.15684634474356332
229.58556666453683,0.16571756829204778
229.7562333313624,0.1497244154542786
229.92689999818805,0.15778451747016342
230.09756666501363,0.14141152809548055
230.26822333176932,0.14866778811631878
230.4388899985949,0.13192486748554064
230.60955666462579,0.13838707804065414
230.78022333145145,0.12128687936038479
230.95088999827703,0.12696889917528065
231.12155666510267,0.10952985211509297
231.29222333192826,0.11445204950062166
231.46288999795917,0.0966978741384137
231.63355666478475,0.10088450116908877
231.80422333161036,0.08284224864372816
231.974889998436,0.08632112952798192
232.14555666526158,0.06802314091739235
232.3162233320872,0.0708273483187941
232.4868666656812,0.0523091960762317
232.6575333317121,0.05447496451077021
232.82819999774296,0.035776974538225655
232.9988666645686,0.037345967628532234
233.16953333139423,0.018513252656884662
233.34019999821982,0.019531040789643874
233.5108666650454,0.0006113933614023098
233.6815333310763,0.0011264783349740392
233.85219999790192,-0.01782841666167181
234.0228666647275,-0.01776369132640139
234.19353333155314,-0.036699466737999537
234.36419999837875,-0.037029532790415175
234.5348666652044,-0.055888153500736365
234.70552333196002,-0.05655486615743921
234.87618999799096,-0.07527611260308793
235.04685666481654,-0.0762173127590251
235.21752333164213,-0.09473748069122476
235.38818999846777,-0.0958890626446926
235.55885666529338,-0.11414247577771229
235.72952333211896,-0.11543872337714702
235.9001899989446,-0.13335874660695715
236.07085666497545,-0.1347345037357333
236.2415233318011,-0.1522568247272484
236.41218999862673,-0.15364656620524395
236.5828566654523,-0.1707044915274529
236.7534999982516,-0.17204141513229607
236.9241666650772,-0.1885676624216378
237.09483333110808,-0.18978396364942596
237.2654999979337,-0.20571186808721031
237.43616666475933,-0.2067408348211433
237.60683333158494,-0.2220036915128605
237.77749999841052,-0.22277927584242513
237.94816666523616,-0.23731283834541844
238.11883333206174,-0.23777078892599107
238.28949999809265,-0.2515107376055747
238.4601666649183,-0.2515887189836025
238.63083333174387,-0.2644752166626997
238.80149999856948,-0.26411463490132936
238.97216666539506,-0.27609042253805344
239.1428333322207,-0.27523557576556706
239.31349999904631,-0.2862471338177085
239.4841666650772,-0.28484739507105694
239.65482333183292,-0.2948465969074599
239.8254899986585,-0.2928556565907502
239.9961566654841,-0.30179901230239187
240.16682333230975,-0.29917583932373376
240.3374899975459,-0.3070251680261658
240.50815666437148,-0.30373342517982
240.6788233311971,-0.31045627526524433
240.84948999802273,-0.3064655680030478
241.02015666484832,-0.31203472227838436
241.19082333167393,-0.3073207769572523
241.36148999849956,-0.31171501872618
241.5321566653252,-0.30625937764937755
241.70279999812442,-0.30946395346809086
241.87346666495006,-0.30325577771806433
242.04413333177567,-0.30526417263501093
242.21479999860125,-0.29829933663182834
242.3854666654269,-0.2991107137710942
242.5561333322525,-0.29139229583566906
242.72679999907808,-0.2910132840301285
242.897466665109,-0.2825511410203439
243.06813333193458,-0.28099514486095983
243.23879999876021,-0.27180704825332613
243.40946666558585,-0.2690962272979525
243.58013333241146,-0.25920718875308396
243.75079999764756,-0.25537023268047193
243.92145666440328,-0.24481241940892493
244.09212333122892,-0.23988562701403154
244.2627899980545,-0.22869900720070394
244.4334566648801,-0.22272641441353852
244.6041233317057,-0.21095722967205657
244.77478999853133,-0.20398924132033472
244.94545666456224,-0.1916903203760277
245.11612333138783,-0.18378363515678162
245.2867899982134,-0.17101599481438443
245.45745666503908,-0.16223734989807126
245.62812333186466,-0.14907086550083198
245.7987899986903,-0.13949501432507305
245.9694566647212,-0.12600759523538385
246.1400999991099,-0.115718023391728
246.31076666514076,-0.1019929038533392
246.4814333319664,-0.09107886629713777
246.65209999879198,-0.07720622380873648
246.82276666561765,-0.06576666936398358
246.99343333244323,-0.051844458035318945
247.1640999976794,-0.0399834544531791
247.33476666450503,-0.026112522659693452
247.5054333313306,-0.01393855689290212
247.67609999815622,-0.0002241772155727875
247.8467666649818,0.012153647107579574
248.0174333310127,0.02561220799413897
248.1880899985631,0.038088078413061416
248.358756664594,0.05119295353085012
248.52942333141965,0.06366656390886269
248.70008999824523,0.07632897063440923
248.87075666507084,0.08870748198520934
249.04142333189648,0.10084427972283845
249.21208999792734,0.11303948703527143
249.38275666475292,0.12457255112894937
249.55342333157859,0.13650022281675464
249.72408999840417,0.14735435096606894
249.8947566652298,0.1589343910098769
250.0654233320554,0.16904028685794473
250.23608999888103,0.18019867418528912
250.4067466656367,0.1894926942111483
250.5773999977112,0.20016109039872804
250.7480666645368,0.20858508376262097
250.9187333313624,0.21870088494116405
251.089399998188,0.22620303115205045
251.26006666501362,0.23571018101059407
251.43073333104448,0.24224484738821206
251.60139999787012,0.25109336333360427
251.77206666469573,0.256621071318631
251.94273333152137,0.2647673176205231
252.113399998347,0.2692547703286798
252.2840666651726,0.2766610799090547
252.4547333319982,0.28008114769873627
252.62538999795916,0.28671687859133843
252.79605666478474,0.2890499114431509
252.96672333161035,0.294891657248924
253.137389998436,0.29612487714612035
253.30805666526157,0.3011561061688776
253.4787233320872,0.3012837441530431
253.64938999891282,0.3054948824127242
253.8200566649437,0.30451769187192473
253.99072333176932,0.3079054658772569
254.1613899985949,0.30583079661157314
254.33205666542054,0.3083989743525497
254.50272333224615,0.30524149435847214
254.67338999907173,0.30700101066014246
254.84405666430789,0.3027821284396828
255.01472333113355,0.3037502721124525
255.18538999795913,0.29849758303808027
255.35604666471482,0.29869776975828133
255.52669999837877,0.2924449252761209
255.69736666520436,0.2919064620171654
255.86803333202997,0.2846930094319926
256.0386999980609,0.2834511303548091
256.2093666648865,0.27532258496025885
256.38003333171207,0.27341822711938585
256.55069999853765,0.2644252504833436
256.72136666536323,0.2619039847735381
256.89203333218893,0.25210144102997745
257.0626899989446,0.24901301594109945
257.2333566649755,0.2384600131064589
257.4040233318011,0.23485834002592565
257.5746899986267,0.22361780042884544
257.7453566654523,0.21956038413964432
257.9160233322779,0.2076984720265676
258.0866899983088,0.20324572653031553
258.2573566643397,0.19083116465697073
258.4280233311653,0.18604594435764385
258.5986899979909,0.17314954831325297
258.76935666481654,0.16809649076923477
258.9400233316422,0.15479045679715672
259.11068999846776,0.14953547756633678
259.2813566652934,0.1358932056718506
259.45202333132426,0.13050344048864768
259.6226766649882,0.11659919548945744
259.79333333174384,0.11114223357711316
259.9639999985695,0.09705021000731684
260.1346666653951,0.0915933530188297
260.30533333222075,0.0773870466873739
260.47599999904634,0.07199677531564178
260.6466666650772,0.05774864431852392
260.8173333319029,0.05249018716863962
260.98799999872847,0.03827108741738911
261.15866666555405,0.033207970086097494
261.32933333237963,0.019086545881225714
261.49998999754587,0.01427973576461335
261.67065666437145,0.00032173938223893937
261.8413233311971,-0.0041705407227078314
262.0119899980227,-0.017902217556053535
262.1826566648483,-0.02202470416435117
262.353323331674,-0.03547057120765332
262.5239899984996,-0.039171572653217086
262.69465666532517,-0.05227611520498918
262.8653233313561,-0.055507965736541535
263.03598999818166,-0.06821988392638556
263.20665666500724,-0.07093913708739262
263.3773233318329,-0.08321168166176791
263.54798999865847,-0.08537960373923688
263.7186566646894,-0.09717105998596626
263.88932333151496,-0.09875389653972702
264.05997666517897,-0.11002764473887536
264.23063333193465,-0.11099666615183905
264.40129999876024,-0.12172133220323904
264.5719666655858,-0.12205297841360438
264.7426333324114,-0.13220257403462338
264.9132999976476,-0.13187861721601507
265.0839666644732,-0.14143266162085066
265.2546333312988,-0.14044028300115158
265.42529999812444,-0.1493839043549149
265.59596666495,-0.1477158228660056
265.7666233317057,-0.15603971080314594
265.93728999853136,-0.15369395738461478
266.10795666456227,-0.16139412370148376
266.27862333138785,-0.1583738664347354
266.44928999821343,-0.1654515931665379
266.619956665039,-0.16176515710281508
266.79062333186465,-0.16822690553350778
266.96128999869023,-0.16388759143283504
267.1319566647212,-0.1697448587506345
267.3026233315468,-0.16477077934347714
267.4732899983724,-0.17003975302528399
267.643956665198,-0.16445357332338018
267.81462333202364,-0.16915513706504656
267.9852666656176,-0.1629838972224073
268.1559333324432,-0.16714309516102496
268.3265999976794,-0.16041775763815444
268.497266664505,-0.16406355728447075
268.66793333133063,-0.15681870309384577
268.83859999815627,-0.15998371959280347
269.00926666498185,-0.15225725707536147
269.1799333310127,-0.1549773759996849
269.35059999783834,-0.14681021117224013
269.5212666646639,-0.14912418285442158
269.6919333314895,-0.14055970442010496
269.8625999983152,-0.142508705150849
270.03325666507084,-0.13359242055017417
270.20392333189653,-0.13521961199192703
270.3745899979274,-0.1259986901045054
270.54525666475297,-0.1273487389627067
270.7159233315786,-0.11787147436030677
270.8865899984042,-0.11899004358638515
271.05725666522983,-0.10930549597718298
271.2279233320554,-0.11023900284059338
271.398589998881,-0.10039662415552449
271.5692566657067,-0.10119169189515714
271.73992333173754,-0.09124083286824686
271.9105899985631,-0.09194380911941441
272.08125666538876,-0.08193320507445866
272.25191333214445,-0.082589758321853
272.4225666650137,-0.07256708097001831
272.5932333310445,-0.07322183873489188
272.7638999978701,-0.06323362703019268
272.93456666469575,-0.06392989964103653
273.1052333315214,-0.05402097968336094
273.275899998347,-0.054800155199540526
273.44656666517255,-0.045013106085265035
273.6172333319982,-0.04591423820565466
273.78789999802905,-0.0362891040670669
273.9585666648547,-0.037348580513228515
274.1292333316803,-0.027922538263235607
274.2998999985059,-0.029173959678359035
274.4705566652616,-0.019981322188918824
274.6412233320872,-0.021455061774947277
274.8118899989128,-0.01252658186106917
274.9825566649437,-0.014249724616093492
275.1532233317693,-0.005612822488127885
275.3238899985949,-0.00760895790827442
275.49455666542053,0.0007126556918528764
275.66522333224617,-0.0015764222524010374
275.83588999907175,0.006410020866544835
276.0065566643079,0.0038120553106294947
276.1772233311335,0.011447344953904329
276.3478899979591,0.008528097914317974
276.5185566647848,0.0158000884561583
276.68919999837874,0.012551524660895135
276.8598666652044,0.01945255014888535
277.03053333202996,0.01587068066577129
277.2011999980608,0.02239692537375531
277.3718666648864,0.01848165081760864
277.5425333317121,0.0246332742592204
277.71319999853773,0.020388352350706664
277.88386666536337,0.026169364654218732
278.05453333218895,0.021602384000021346
278.22519999901454,0.02702071745343503
278.39586666504545,0.022142784535978902
278.566533331871,0.027209698190656967
278.7371999986966,0.022035536048671322
278.90785666545236,0.026765856010384045
279.07852333227794,0.02131285691586541
279.2491899983089,0.02572391251886613
279.4198566643397,0.020012777201313343
279.59052333116534,0.024125408764612707
279.7611899979909,0.018179737719263754
279.93185666481656,0.0220175442323731
280.10252333164215,0.01586392391032198
280.2731899984677,0.01945359124713088
280.4438566652933,0.013120872732630717
280.6145233313242,0.016490840084023333
280.78518999814986,0.01000977221438653
280.9558433318138,0.013190327872830932
281.1264999985695,0.006593344503985402
281.2971666653951,0.009616503349669401
281.4678333322207,0.0029375705235489013
281.6384999990463,0.005837030692920192
281.8091666650772,-0.0008890044444336868
281.9798333319028,0.001920364080725867
282.15049999872844,-0.004817489941286526
282.321166665554,-0.002063605691292035
282.4918333323796,-0.008778135121996917
282.6624999976158,-0.006045902140516266
282.8331666644414,-0.01270234088477678
283.003833331267,-0.009957759114294477
283.1744999980926,-0.016521573963117386
283.34515666484833,-0.013731351750768925
283.5158233316739,-0.020168766108112298
283.68648999849955,-0.01730070374096605
283.8571566653252,-0.023579280662148643
284.02782333135605,-0.020602529842461505
284.1984899981816,-0.02669189454414321
284.36915666500727,-0.02357813912017062
284.53982333183285,-0.02944923074256599
284.71048999865855,-0.02617076402678451
284.8811333322525,-0.031796254819653647
285.05179999907807,-0.028327945068194103
285.222466665109,-0.03368359265266536
285.39313333193456,-0.030003151318825156
285.56379999876026,-0.03506761370789589
285.73446666558584,-0.03115576733710449
285.9051333324115,-0.03591072098642616
286.0757999976476,-0.03175112361980868
286.2464666644732,-0.036181640741008755
286.4171333312988,-0.03176120369988214
286.5877999981244,-0.035855499530672
286.75846666495005,-0.031164942259576757
286.92912333170574,-0.03491494533724894
287.0997899985313,-0.02994817531453076
287.2704566645622,-0.03334921707868476
287.4411233313878,-0.028103845140826138
287.6117899982134,-0.031155090575979805
287.7824566650391,-0.025632592330718226
287.9531233318647,-0.028336872872248987
288.1237899986903,-0.02254214876270633
288.29445666472117,-0.02490579176166325
288.4651233315468,-0.01884728687448183
288.6357899983724,-0.020879709736736262
288.80645666519797,-0.014568892368684392
288.9771233320236,-0.016282612067673105
289.1477899988492,-0.009734047473445338
289.31843333244325,-0.01114550758927087
289.48909999767943,-0.004377844588198113
289.659766664505,-0.005507247622377186
289.8304333313306,0.0014569920034149468
290.00109999815623,0.0005860795550349717
290.1717666649818,0.0077217415237074176
290.34243333101267,0.007083741516115031
290.51309999783837,0.014363046988615694
290.68376666466395,0.013926006803835638
290.8544333314896,0.021313300763984005
291.02509999831517,0.02104184740163351
291.19576666514075,0.028499670791981308
291.3664233318965,0.028355742466519233
291.53708999792735,0.03584346055049162
291.707756664753,0.03578766470292503
291.8784233315786,0.04326427992847448
292.04908999840416,0.04325838890568448
292.21975666522985,0.05068416077913341
292.39042333205543,0.05069081416066197
292.561089998881,0.058025675204193765
292.73175666570665,0.05800673661257476
292.9024233317375,0.06521026943400755
293.07306666453684,0.0651288130644837
293.2437333313624,0.07216227243068608
293.414399998188,0.07198340920962162
293.58506666501364,0.07881015594320893
293.75573333104455,0.07850069816783367
293.92639999787013,0.08508550292754136
294.0970666646957,0.08461352926483277
294.26773333152136,0.09092266498258467
294.43839999834694,0.09025818508298374
294.6090666651726,0.09626022213774389
294.7797333319982,0.09537528705843146
294.95039999802907,0.10104068700001936
295.1210666648547,0.0999094918440304
295.29172333161034,0.1052114015150048
295.462389998436,0.10381058771485387
295.6330566652616,0.10872417602290063
295.8037233320872,0.10703280633649179
295.9743899989128,0.11153638475854694
296.1450566649437,0.10953706932401376
296.31572333176933,0.11361242996387046
296.4863899985949,0.11129089215634044
296.6570566654205,0.11492300898980608
296.8277233322462,0.11226827794448074
296.9983899990718,0.11544550129063086
297.16905666430796,0.11245038426198284
297.3397133310636,0.11516521082859024
297.51036666472754,0.11182661711712635
297.6810333315531,0.11407533695684499
297.85169999837876,0.11039339574834128
298.0223666652044,0.11217558835547413
298.19303333203,0.10815374847842293
298.3636999980609,0.10947259492506635
298.53436666488653,0.10511807057019781
298.7050333317121,0.10598040670663374
298.8756999985377,0.10130365083695082
299.04635666529333,0.10171971473896742
299.21702333211897,0.09673474475151965
299.38768999894467,0.09671834216421708
299.5583566649755,0.09144230122358957
299.7290233318011,0.09100998752087983
299.89968999862674,0.08546300279841043
300.0703566654523,0.08463465701389364
300.2410233322779,0.07884004513901766
300.4116899983088,0.077638687687211
300.5823566643397,0.07162248704439117
300.7530233311653,0.07007360146191662
300.9236899979909,0.06386439193438874
301.0943566648165,0.061995703098272285
301.2649999984106,0.055623851871391114
301.43566666523617,0.053465229755647325
301.6063333320618,0.04696335244697874
301.77699999809266,0.04454651317135721
301.94766666491824,0.03794899004909955
302.1183333317439,0.0353077404699772
302.28899999856947,0.028650640960201104
302.45966666539505,0.025819839489551466
302.6303333322207,0.019140106165937303
302.8009999990463,0.016155651336250628
302.9716666650772,0.009491234189858517
303.14233333190276,0.006389923242521016
303.31299999872846,-0.00022075265511605472
303.4836566654841,-0.003401893507963136
303.65432333230973,-0.009920456112912677
303.8249899975459,-0.013144293407082376
303.9956566643715,-0.019532053139823945
304.1663233311971,-0.022761371746594147
304.3369899980227,-0.028980556670087334
304.50765666484835,-0.0321794939239793
304.67832333167394,-0.038193725720509594
304.8489899984995,-0.04132744209820637
305.01965666532516,-0.047101831514636115
305.190323331356,-0.050137399653911674
305.3609899981817,-0.05563866005166231
305.5316433318456,-0.05854443333330614
305.70229999860123,-0.06374068390341543
305.8729666654269,-0.06648676306772196
306.04363333225245,-0.07134839595819972
306.21429999907815,-0.07390754757058114
306.384966665109,-0.0784069459284729
306.55563333193464,-0.08075325374966914
306.7262999987602,-0.08486508208835977
306.89696666558586,-0.08697553720198602
307.06763333241145,-0.09067729020647879
307.2382899975777,-0.09253142747571676
307.40895666440326,-0.0958032315597406
307.5796233312289,-0.09738331847745381
307.7502899980545,-0.1002087070147069
307.92095666488007,-0.10150054475282068
308.0916233317057,-0.1038662031139488
308.2622899985313,-0.10485798319136211
308.43295666456225,-0.10675378207834985
308.60362333138784,-0.10743745204743747
308.7742899982135,-0.10885711725067468
308.94495666503906,-0.10922803278561448
309.11562333186464,-0.11016866986294004
309.2862899986903,-0.11022565149468457
309.4569333322843,-0.11068780111222931
309.6275999991099,-0.11043327205301123
309.79826666514083,-0.1104223807125757
309.9689333319664,-0.10986321802463889
310.13959999879205,-0.10938750391690462
310.31026666561763,-0.10853302544824991
310.4809333324432,-0.10760380815369404
310.6515999976794,-0.10646643408799666
310.822266664505,-0.10509831216853958
310.99292333126067,-0.10369366755290346
311.16358999808625,-0.10190431092921967
311.3342566649119,-0.10025059425897734
311.5049233317376,-0.09806067964561337
311.67558999856317,-0.0961788904934154
311.846256664594,-0.09361135965161342
312.01692333141966,-0.09152460661624688
312.18758999824524,-0.08860503292495178
312.3582566650709,-0.08633923205189915
312.52892333189646,-0.08309525159383357
312.6995899979273,-0.08067774180018264
312.870256664753,-0.07713919482683912
313.0409233315786,-0.07459972108704226
313.21157999833423,-0.0707985108327086
313.38223333199824,-0.06816791394275346
313.5528999988238,-0.06413687343099715
313.7235666656494,-0.061447104414268754
313.89423333247504,-0.05722052099298426
314.06489999771117,-0.054504427825260875
314.2355666645368,-0.05011718798784743
314.4062333313624,-0.04740805630150514
314.576899998188,-0.04289552949028042
314.7475666650136,-0.04022648665917642
314.91822333176935,-0.035624434575873304
315.08888999859494,-0.03302893948818658
315.2595566646258,-0.02837274805766104
315.43022333145143,-0.025883152733888283
315.600889998277,-0.021207069916352784
315.7715566651026,-0.018854657567543422
315.9422233319282,-0.014192442187815802
316.11288999795914,-0.012008223135724617
316.2835566647848,-0.007393125249152446
316.45422333161036,-0.005406631955540519
316.62488999843595,-0.0008699476184694334
316.7955566652616,0.000891092679436714
316.9662233320872,0.005319292381176703
317.13686666568117,0.006828679143305578
317.3075333317121,0.01112079465596918
317.47819999774293,0.012355144972451855
317.6488666645686,0.016485621702712547
317.81953333139415,0.017424007429973017
317.9901999982198,0.021370479739853343
318.16086666504543,0.021994608423660272
318.3315333310763,0.02573713669954187
318.5021999979019,0.026031017203566518
318.67286666472756,0.02955174731061033
318.84353333155315,0.029502664540192892
319.0141999983788,0.032786794976202814
319.18486666520437,0.03238459986576201
319.35552333196006,0.03542116485852627
319.5261899979909,0.0346599883975409
319.6968566648165,0.037442285913034716
319.86752333164213,0.036320298442306644
320.03818999846783,0.03884531185710817
320.2088566652934,0.03736417927893183
320.379523332119,0.039631881080178386
320.55018999894463,0.03779670551638211
320.7208566649755,0.03981057670511355
320.89149999777476,0.03762999210538463
321.06216666460034,0.039397382832517105
321.232833331426,0.0368840724256409
321.40349999825156,0.03841498565356422
321.57416666507714,0.0355840766896029
321.74483333110805,0.03689235458884369
321.91549999793375,0.033762968004113325
322.08616666475933,0.03486563708271095
322.25683333158497,0.03145929016616077
322.42749999841055,0.032374843248188616
322.5981566651662,0.028715235666087753
322.7688233319918,0.029465816296019905
322.9394899980227,0.025581174771193208
323.1101566648484,0.026191615125075018
323.28082333167396,0.0221112301437999
323.45148999849954,0.02260786749214291
323.6221566653252,0.018362547871691125
323.79282333215076,0.018772659925242487
323.96348999897634,0.014395062426833591
324.13415666500725,0.014747823038419405
324.3048233318329,0.010271606049982333
324.47548999865853,0.010597075282785287
324.6461433315277,0.006056565633952623
324.8167999982834,0.006384737074343278
324.98746666431424,0.0018149477365230536
325.1581333311399,0.0021776471036557936
325.3287999979655,-0.0023853642552190742
325.4994666647911,-0.0019574443892500844
325.6701333316167,-0.006478923232089208
325.8407999984423,-0.0059548648923277835
326.0114666652679,-0.01039916174638374
326.18213333209354,-0.009748833809977764
326.3527899980545,-0.01408214375268919
326.52345666488014,-0.013277565510252493
326.6941233317057,-0.017466850909670744
326.86478999853136,-0.016479840640930207
327.03545666535695,-0.02049371102510912
327.20612333218253,-0.019297827184293338
327.37678999900817,-0.023106075408966996
327.547456665039,-0.021677218164410875
327.7181233318647,-0.02525261722215772
327.8887899986903,-0.023569052686102283
328.0594566655159,-0.026886233392785737
328.2301233323415,-0.02492823335687669
328.40078999757765,-0.02796488599300398
328.57143333117165,-0.02571644135651138
328.74209999799723,-0.02845396508902606
328.9127666648229,-0.0259032841929035
329.0834333316485,-0.028325760938795838
329.25409999847415,-0.02546256347851235
329.4247666652997,-0.02755687758975401
329.5954333313306,-0.02437269224511216
329.7660999981562,-0.026126516957126616
329.9367666649818,-0.022617260235674067
330.10742333173755,-0.024024615200969737
330.27808999856313,-0.020191524130619826
330.4487566653887,-0.021249969196568796
330.6194233322144,-0.017097668477561646
330.79008999904,-0.017808236801157114
330.96075666507085,-0.013344604669044007
331.1314233318965,-0.0137129324541563
331.30208999872207,-0.008951081483529353
331.4727566655477,-0.008986482888591411
331.6434233323733,-0.003942724385708067
331.8140899976094,-0.0036587258230955113
331.98475666443505,0.0016457990210930601
332.15542333126075,0.0022323675625738264
332.3260799980164,0.0077742330022886694
332.4967333316803,0.008642924428481406
332.6673999985059,0.014394272679711835
332.8380666653315,0.01552067823075571
333.0087333313624,0.021451284154590435
333.17939999818805,0.02280912340850687
333.3500666650136,0.028884184171554205
333.52073333183927,0.030442235931545405
333.69139999866485,0.036624446593221026
333.8620666654905,0.03834890301766215
334.0327233322462,0.044595765312200275
334.20338999827703,0.04644757755788293
334.3740566651026,0.05271401683202734
334.54472333192825,0.05465124836301371
334.7153899987539,0.060890602026955974
334.8860566655795,0.06287179802600053
335.05672333240506,0.06903734400999466
335.22738999764124,0.07101846854086666
335.3980566644668,0.07706324090337459
335.5687233312925,0.07900208289017462
335.7393899981181,0.08487934752499839
335.9100566649437,0.08673346757603079
336.0807233317693,0.09239674575024115
336.2513666653633,0.09412369996778752
336.4220333313941,0.09952497594870244
336.5926999982198,0.10108028314275719
336.76336666504545,0.10617096023396046
336.9340333318711,0.10750995211704138
337.1046999986967,0.11224253509974233
337.27536666552226,0.11332270078887573
337.44603333234784,0.11765196400932797
337.61669999837875,0.11843077127093407
337.78736666520433,0.12231065130872325
337.9580233319601,0.122746070450284
338.12868999878566,0.1261330257528498
338.2993566656113,0.12618668093987567
338.4700233316422,0.1290421764063081
338.64068999767306,0.12867932266315396
338.81135666449865,0.13096760968425972
338.9820233313243,0.1301563980783649
339.15268999814987,0.1318462043287075
339.32335666497545,0.13056042958009426
339.49399999856945,0.13162824890905822
339.66466666539515,0.12984883736275663
339.835333331426,0.13027645600342258
340.00599999825164,0.12798916744077155
340.1766666650772,0.12776320237767816
340.3473333319028,0.12495836747643856
340.51799999872844,0.12406967564448007
340.688666665554,0.12074159902064543
340.8593333323796,0.11918582538984264
341.0299999984105,0.11533482321622218
341.20066666523616,0.11311400730921166
341.37133333206174,0.10874648704104561
341.5419999988873,0.10586882540901309
341.71265666564307,0.10099723470348435
341.8833233308792,0.09747693182177235
342.0539899977048,0.09211880257280312
342.22465666453047,0.08797394218467786
342.39532333135605,0.08215112701513809
342.56598999818164,0.07740498890833364
342.7366566650073,0.07114488548600591
342.9073233318329,0.06582684436689434
343.0779899986585,0.05916274760013056
343.24864333152766,0.053307217816223905
343.41929999828335,0.04627714410086233
343.58996666510905,0.0399228352472849
343.7606333319346,0.03256887625496133
343.93129999876027,0.025759283043816274
344.10196666558585,0.01812821866281625
344.27263333241143,0.010910550519536447
344.4432999984423,0.0030526898574115674
344.61396666526787,-0.004521802038806164
344.78463333209356,-0.012552002515739022
344.95528999884925,-0.020427767839328828
345.12595666567483,-0.028571613101414896
345.296623330911,-0.036689653457273645
345.4672899977366,-0.044886180832130695
345.63795666456224,-0.053185285919977364
345.8086233313878,-0.0613707746503399
345.97928999821346,-0.06978711934526119
346.14995666503904,-0.0778959173439015
346.3206233318646,-0.08636389177743982
346.49128999789554,-0.09432885599676483
346.6619566647211,-0.10278269402701588
346.8326233315468,-0.11053724990546046
347.0032899983724,-0.11891163739368014
347.1739333319664,-0.12638985154747975
347.344599998792,-0.13462045804701983
347.5152666656176,-0.14175703273499068
347.6859333324432,-0.14977918474310853
347.85659999847405,-0.15650821875084264
348.0272666652997,-0.16425619505749273
348.1979333321254,-0.1705117679421605
348.36859999895097,-0.1779209016637503
348.5392666657766,-0.18363865747117022
348.70992333094284,-0.19064692190503885
348.8805899977684,-0.19576595415221584
349.051256664594,-0.20231533571053348
349.2219233314196,-0.20677864548032532
349.3925899982452,-0.2128140518459284
349.5632566650708,-0.21656656728968948
349.73392333189645,-0.22203430045768593
349.9045899979274,-0.22502378021585115
350.075256664753,-0.22987561893313405
350.2459233315786,-0.23205561975506667
350.4165666651726,-0.23624840672831213
350.58723333199816,-0.23757776474898054
350.75789999882375,-0.2410740697681669
350.92856666564944,-0.24151730600205512
351.0992333316803,-0.24428521464558597
351.26989999850593,-0.24381261706217855
351.4405666653315,-0.24582640379329876
351.6112333321572,-0.24441501705308769
351.7818999989828,-0.24565601897419476
351.9525666658084,-0.24328971789049048
352.12323333104456,-0.24374598812670986
352.29389999787014,-0.24041524751428797
352.4645666646957,-0.24008055819063132
352.6352233314514,-0.23578130132529176
352.80588999827705,-0.23465591316869092
352.97655666510263,-0.22939149105008166
353.1472233319282,-0.22748270665247258
353.3178899979592,-0.2212630976677216
353.48855666478477,-0.21858523535745988
353.65922333161035,-0.2114282593366922
353.829889998436,-0.20800297447283872
354.00055666526157,-0.19993289418356222
354.1712133320172,-0.1957889002051451
354.3418666656812,-0.18683751015828118
354.5125333317121,-0.18201034968518395
354.6831999985377,-0.17221567646501854
354.8538666653633,-0.1667477925261241
355.0245333321889,-0.15615506620992478
355.19519999901456,-0.15009546038763655
355.3658666650454,-0.13875596876581978
355.5365333310763,-0.13215890360016413
355.7071999979019,-0.12012900660957869
355.8778566646576,-0.11305425348862454
356.0485233314832,-0.10039636623909916
356.2191899983089,-0.09290935851295816
356.38985666513446,-0.0796912280928333
356.56052333196004,-0.07186217049543941
356.7311899979909,-0.05815639268742778
356.90185666481653,-0.05006121238734255
357.0725233316422,-0.03594679121597815
357.24318999846776,-0.027666328291467132
357.4138433321317,-0.013225200276875525
357.5844999988874,-0.004841541306608677
357.75516666571303,0.009844101564021197
357.9258333317439,0.018248586604783727
358.09649999856947,0.03309440055275879
358.26716666539517,0.0414334626522438
358.43783333222075,0.05635126703722612
358.60849999904633,0.06453432880842971
358.77916666428246,0.07942992070212271
358.94983333110815,0.08736248420003855
359.12049999793373,0.10214059800975517
359.2911666647593,0.10972978979193856
359.4618333315849,0.12429712283682176
359.63249999841054,0.13145213628448862
359.80315666516617,0.14571577291935722
359.97382333199187,0.15234865378733647
360.1444899980228,0.16622165663308305
360.31515666484836,0.17225025865572433
360.48582333167394,0.18564982195499702
360.6564899984995,0.19099706572593483
360.82715666532516,0.2038475599379829
360.997823331356,0.2084453256810912
361.16848999818166,0.22067991152411012
361.3391333317757,0.2244671507431355
361.5097999986013,0.23602516677229257
361.68046666542693,0.23894574445443506
361.8511333322525,0.24977101439278018
362.0217999990781,0.2517736390569805
362.1924666643143,0.26181583251617363
362.36313333113986,0.26285546170926044
362.5337999979655,0.2720705986249297
362.7044666647911,0.2721091206683548
362.8751233315468,0.2804602580273174
363.0457899983724,0.27946680280927777
363.216456665198,0.28692456013200796
363.38712333122885,0.284875083534075
363.55778999805455,0.29141688100768703
363.7284566648801,0.2882949983293619
363.8991233317057,0.2939061213939481
364.0697899985313,0.28970324697307875
364.24045666535693,0.29437688600413814
364.4111233313878,0.28909350617415863
364.5817766650518,0.2928324116618008
364.7524333318074,0.2864772308210767
364.9230999986331,0.28929136165679886
365.0937666654587,0.28188037758380186
365.2644333322843,0.2837875968495261
365.43509999910987,0.2753444550437026
365.60576666434605,0.2763703258389962
365.7764333311717,0.26692660016133923
365.94709999799727,0.26710497888909057
366.1177666648229,0.2566999252791583
366.28842333157866,0.25607152128770233
366.45908999840424,0.24475035332554396
366.6297566652298,0.24336227625042056
366.8004233312607,0.2311766378675058
366.9710899980863,0.22908225878621855
367.1417566649119,0.2160896164968022
367.3124233317375,0.21334811206719806
367.4830899985631,0.19961122291312672
367.653756664594,0.1962868761604207
367.82442333141967,0.18187330251013267
367.99508999824525,0.17803466977618884
368.1657566650709,0.16301517198912477
368.3364133318265,0.15873379279903857
368.50706666549047,0.14318225807916837
368.6777333323161,0.1385323778228645
368.8483999991417,0.12252478273911906
369.0190666643779,0.11758264897201284
369.18973333120346,0.10119722990057495
369.36039999802904,0.0960409984001285
369.5310666648546,0.07935699767847137
369.7017333316803,0.07406513167214684
369.87239999771117,0.05716176348899822
370.0430566652616,0.05181250169755063
370.21372333129244,0.0347683893171069
370.3843899981181,0.029439077223357278
370.55505666494366,0.012332502935367284
370.7257233317693,0.007100112795004863
370.8963899985949,-0.009991380240448393
371.06705666462585,-0.015050908359020608
371.23772333145143,-0.03205093263744011
371.408389998277,-0.036863452771194016
371.57905666510266,-0.053697815991949296
371.74969999869666,-0.058191434859052704
371.92036666552224,-0.07478820401429259
372.0910333323479,-0.07889380440686021
372.26169999837873,-0.0951840439402427
372.43236666440964,-0.0988357134050789
372.6030333312352,-0.11475426785027693
372.77369999806086,-0.11789002011528277
372.9443666648865,-0.1333750950632761
373.1150333317121,-0.13593628835069174
373.285699997743,-0.15093010855562025
373.45635666529336,-0.1528626928135906
373.62702333132427,-0.16731230271933592
373.79768999814985,-0.16856740597630043
373.96835666497543,-0.18242531907258153
374.1390233318011,-0.1829594328960181
374.3096899986267,-0.19618324171210771
374.48035666465756,-0.19595792731528988
374.6510233314832,-0.20851087852664416
374.82168999830884,-0.20749355485330576
374.99233333190284,-0.2193447983220614
375.1629999987284,-0.2175089481366842
375.33366666555406,-0.22863388519477157
375.5043333323797,-0.22595915641714967
375.6749999976158,-0.23633918164112425
375.8456666644414,-0.23281105604114213
376.01633333126705,-0.24243349124172658
376.18699999809263,-0.23804363440155743
376.35766666491827,-0.24690194696072829
376.52833333174385,-0.2416477920552231
376.69898999849954,-0.24974086948405883
376.8696566653251,-0.24362549487442886
377.04032333135603,-0.25095776540651205
377.2109899981817,-0.24398968903834042
377.38165666500726,-0.2505711467939117
377.55232333183284,-0.24276431007830193
377.72298999865853,-0.24861010303877532
377.89365666468944,-0.23998358655406501
378.064323331515,-0.2451139210074319
378.234966665109,-0.23569191583890645
378.4056333319346,-0.24013219793237042
378.5762999987602,-0.2299435375443698
378.7469666655858,-0.2337232818224792
378.9176333324114,-0.22280068899004013
379.0882999976476,-0.2259534388402255
379.2589666644732,-0.21433399542231574
379.4296333312988,-0.2168983488011333
379.6002999981244,-0.2046241914667741
379.77095666488015,-0.20664221073779734
379.9416233317057,-0.19375820699436533
380.1122899985313,-0.195275611554469
380.2829566645622,-0.18183019175655935
380.4536233313878,-0.18289548602446629
380.62428999821344,-0.16893933526797
380.794956665039,-0.16960288077346522
380.96562333186466,-0.15518842569549127
381.13628999869024,-0.1555024409618342
381.3069566647212,-0.14068456849865316
381.47760999838516,-0.14070342176989867
381.6482666651408,-0.1255381771839576
381.8189333319664,-0.1253175916672035
381.98959999879196,-0.10986326667135879
382.16026666561766,-0.10946135800436069
382.33093333244324,-0.09377772923404111
382.50159999767936,-0.09325268121094024
382.672266664505,-0.07739898400371438
382.84293333133064,-0.07680860400318892
383.0135999981562,-0.0608443098625557
383.1842566649119,-0.060246398702571105
383.3549233317375,-0.04422967723305409
383.5255899985631,-0.043680499123896314
383.696256664594,-0.027669030348160237
383.8669233314196,-0.02722365693499463
384.03758999824527,-0.011272952357390915
384.2082566650709,-0.010984220352024562
384.3789233318965,0.004851683057691829
384.54958999792734,0.00493283662613587
384.72024666547776,0.02060288188874426
384.890899998347,0.020429026793066764
385.06156666517256,0.03588494867344529
385.23223333199815,0.03541084392985093
385.40289999882384,0.05060686319698389
385.5735666656494,0.049790753450745365
385.744233332475,0.06468490684744352
385.9148999977112,0.06348867831072733
386.08556666453677,0.0780425456420004
386.2562333313624,0.07643195329648841
386.4268899981181,0.09061094800387257
386.5975566649437,0.08855560009630199
386.7682233317693,0.10232907516772226
386.9388899985949,0.09980248823635324
387.10955666462576,0.11314377218966475
387.28022333145134,0.1101233370801866
387.4508899982771,0.1230094091597666
387.6215566651027,0.11947595233334604
387.79222333192826,0.13188787890633127
387.9628899979591,0.1278269715263211
388.13353333234784,0.13975062318307613
388.30419999837875,0.13515195937504837
388.47486666520433,0.14657708494398167
388.6455333320299,0.1414340646461585
388.8161999988556,0.15235411609595534
388.9868666656812,0.14666368781468309
389.15753333171216,0.1570758375270693
389.328199997743,0.15083900395998004
389.4988666645686,0.16074472241869764
389.6695333313942,0.15396650412722093
389.84018999814987,0.16337107657056096
390.01085666497545,0.15605981489936524
390.18152333180103,0.16497179216875846
390.35218999862667,0.15713881753499012
390.5228566646576,0.16556979268146405
390.6935233314832,0.1572293221975526
390.8641899983088,0.1651937630476168
391.03485666513444,0.15636282204586438
391.20552333196,0.1638781810384597
391.376166665554,0.1545769675657576
391.5468333323796,0.16166391772246408
391.7174999984105,0.15191545116298363
391.88816666523616,0.15859710107806355
392.05883333206174,0.14842639354082754
392.2294999988873,0.15472794140343415
392.400166665713,0.14416193618797568
392.57083333094914,0.15011050142382637
392.7414999977747,0.13917786886752812
392.9121666646003,0.14480240379666134
393.08282333135605,0.13353335606884012
393.25348999818164,0.13886415733335006
393.4241566650073,0.1272899856420017
393.5948233318329,0.1323581165662203
393.7654899986585,0.12051082370682976
393.93615666468935,0.12534818882002371
394.106823331515,0.11326025575518003
394.27748999834057,0.11789922709059976
394.44815666516627,0.10560329305944749
394.61879999876027,0.11007646381745277
394.78946666558585,0.09760536182882566
394.96013333241143,0.10194546872472526
395.1307999984423,0.08933192788482223
395.30146666526787,0.0935713995271639
395.47213333209356,0.0808475775591633
395.6427999989192,0.08501837699773211
395.81346666574484,0.0722158560091572
395.9841333309809,0.07634938136525102
396.1547899977366,0.06349898336080016
396.32545666456224,0.06762579219871298
396.4961233313878,0.05475722270977614
396.66678999821346,0.05890678187134541
396.83745666503904,0.04604843411391405
397.0081233318646,0.05024875399266313
397.17878999789554,0.037427485290862185
397.3494566647211,0.041705022938653906
397.5201233315468,0.028946014960906385
397.6907899983724,0.03332551652973792
397.86144333203634,0.020652314827443754
398.032099998792,0.025156792342123743
398.2027666656176,0.012591077531760489
398.3734333324432,0.017241755424034482
398.54409999847405,0.004803202010876515
398.7147666652997,0.009619424979062981
398.8854333321254,-0.0026744262078410904
399.05609999895097,0.002324553172462782
399.2267666657766,-0.00980931781896967
399.39743333101273,-0.00461258002039909
399.5680899977684,-0.016573409853580343
399.738756664594,-0.011166013593185833
399.9094233314196,-0.022942936610511496
400.0800899982452,-0.01731405837048234
400.2507566650708,-0.028898327873120102
400.42142333189645,-0.02303926232102209
400.5920899979274,-0.03442428915521062
400.762756664753,-0.028328492168151545
400.9334233315786,-0.03950992097865641
401.10407999833427,-0.03317304491733536
401.27473333199816,-0.04414856251843229
401.44539999882375,-0.037568210105204745
401.61606666564944,-0.04833744013658444
401.7867333316803,-0.04151317944459837
401.95739999850593,-0.05207767356239879
402.1280666653315,-0.045010990290553644
402.2987333321572,-0.05537416882787755
402.4693999989828,-0.048068348942177354
402.6400666658084,-0.05823530468435737
402.8107233309746,-0.05069525469156032
402.9813899978002,-0.06067258623498321
403.1520566646258,-0.05290465056334962
403.3227233314514,-0.06270042067551777
403.49338999827705,-0.05471237153743605
403.66405666510263,-0.0643360950559085
403.8347233319282,-0.05613702592843987
404.0053899979592,-0.06559932170043933
404.17605666478477,-0.05719939339355463
404.34672333161035,-0.06651174142357653
404.51736666520435,-0.05792192930363151
404.68803333202993,-0.06709656174310966
404.8586999988555,-0.05832852116995117
405.0293666656812,-0.06737822663745965
405.2000333317121,-0.05844419439600847
405.3706999985377,-0.0673822600605387
405.5413666653633,-0.058294805525635776
405.7120333321889,-0.06713488379230442
405.88269999901456,-0.05790684944435918
406.0533666650454,-0.06666279100458594
406.2240233310064,-0.05730699026127215
406.39468999783196,-0.06599265101781016
406.5653566646576,-0.056521765811402294
406.7360233314832,-0.06515078127060107
406.9066899983089,-0.055577227530912765
407.07735666513446,-0.06416292353330051
407.24802333196004,-0.0544986567824085
407.4186899979909,-0.06305393301646811
407.58935666481653,-0.05331042573981839
407.75999999841054,-0.0618475338697798
407.9306666652361,-0.052035524255758484
408.1013333320617,-0.06056589945032079
408.2719999988874,-0.05069542971727288
408.44266666571303,-0.05922978988445991
408.6133333317439,-0.04931016264842154
408.78399999856947,-0.05785844983568123
408.95465666532516,-0.04789796184601642
409.12532333215074,-0.056469204160047845
409.29598999897644,-0.04647510379107398
409.4666566642125,-0.055077165653754756
409.63732333103815,-0.0450554037970924
409.80798999786373,-0.053694964297855315
409.9786566646894,-0.043650353169944284
410.149323331515,-0.052332923103817215
410.3199899983406,-0.04226909811498035
410.49063333193465,-0.05099928218351657
410.6612999987602,-0.04091879854693552
410.8319666647911,-0.049700059810181225
411.0026333316167,-0.03960429642378057
411.1732999984423,-0.048438900346163084
411.3439666652679,-0.03832811539426441
411.5146333320936,-0.04721716352106249
411.68529999891916,-0.037090462957873764
411.85596666574475,-0.04603394827626776
412.02662333170576,-0.03588934319377709
412.19728999853135,-0.04488617666527443
412.367956665357,-0.03472071250003995
412.53862333218257,-0.04376882762846474
412.70928999900815,-0.033578658678209194
412.87995666424433,-0.0426751251178203
413.05062333106997,-0.032455510730201066
413.22128999789555,-0.04159650743081972
413.39195666472114,-0.03134198461807313
413.56262333154683,-0.04052292462544344
413.7332766652107,-0.030227430907601195
413.9039333319664,-0.03944287959591872
414.0745999979973,-0.02909998359989517
414.2452666648229,-0.03834381202922722
414.4159333316485,-0.027946830653732886
414.58659999847407,-0.03721230043390234
414.7572666652997,-0.026754329678288752
414.9279333321253,-0.03603421542686846
415.098599998951,-0.02550833459705541
415.26926666577657,-0.034795196638927495
415.4399233317375,-0.024194622796068477
415.6105899985631,-0.03348101658851596
415.7812566653887,-0.022799417268172348
415.9519233322144,-0.03207800104733902
416.12258999904,-0.021309610047324797
416.2932566642761,-0.030573527937536767
416.4639233311017,-0.01971318253100289
416.63458999792726,-0.028956191400428804
416.80525666475296,-0.017999535008200365
416.97591333150865,-0.02721601978011432
417.1465666651726,-0.016159462653493068
417.3172333319982,-0.025344548513560456
417.4878999980291,-0.014185304889639662
417.6585666648547,-0.023334978573859907
417.82923333168026,-0.012071146475049319
417.99989999850584,-0.021182380883005735
418.1705566652616,-0.009813086723066336
418.3412233320872,-0.018883941850911516
418.5118899989128,-0.007409380151830561
418.6825566649437,-0.01643909058074122
418.85322333176936,-0.0048605802657778405
419.02388999859494,-0.013849458832741603
419.1945566654205,-0.002169352313321777
419.3652233322461,-0.011118799375939053
419.5358899990717,0.0006595264666879513
419.706546664238,-0.00825297912760164
419.87719999790187,0.003619203386901863
420.04786666472745,-0.0052598163882323044
420.21853333155315,0.006700897420884635
420.38919999837873,-0.002149119040916349
420.55986666520437,0.009893821649040508
420.73053333202995,0.001067195883914104
420.90119999806086,0.013184952620690353
421.0718666648865,0.004375072081790805
421.2425333317121,0.016559324789767852
421.4131899984677,0.007758659973960853
421.5838566652934,0.020000237012316513
421.754523332119,0.011200385322446252
421.92518999894463,0.023489322937105633
422.0958566649755,0.014681120197173046
422.26652333180107,0.027006608601525504
422.43718999862676,0.018180056352796146
422.60785666545235,0.030530499921741054
422.7785233322779,0.02167456113391807
422.9491766651471,0.03403740366837235
423.119833331108,0.02514036405322174
423.2904999979337,0.037502554575680726
423.4611666647594,0.028552446847042865
423.63183333158497,0.0409008280409465
423.80249999841055,0.03188576083547515
423.97316666523614,0.044207051564331606
424.1438233319918,0.035114771036667845
424.3144899980227,0.047395457983600064
424.4851566648484,0.0382138528136536
424.65582333167396,0.05044091640559671
424.82648999849954,0.04115849243197265
424.9971566653252,0.053319678196948175
425.16782333215076,0.043925769233427336
425.33848999897634,0.056009765823764726
425.50915666500725,0.04649441606193382
425.6798099978764,0.05849042034644823
425.8504666646321,0.04884399120527047
426.0211333314577,0.06074169976693735
426.1917999982834,0.05095506428916209
426.36246666431424,0.06274480036154555
426.5331333311398,0.05280954622385193
426.7037999979655,0.06448251007002084
426.8744666647911,0.05439098683913243
427.0451333316167,0.06593916193354347
427.2157999984423,0.05568437418847368
427.38645666519795,0.06710055022431739
427.55712333202365,0.05667642160479501
427.7277899980545,0.0679544203693798
427.8984566648801,0.057355887083533424
428.06912333170567,0.06849063949134085
428.23978999853136,0.05771366935976608
428.410456665357,0.0687012139472287
428.5811233321826,0.057742869112503176
428.75178999900817,0.06858039270895866
428.922456665039,0.057438938484103925
429.09309999783835,0.0681249496479705
429.26376666466393,0.05679982729527927
429.4344333314895,0.06733410471421866
429.6050999983152,0.0558260276278544
429.77576666434607,0.06620973299510466
429.94643333117165,0.05452060263231875
430.11708999792734,0.06475615814407695
430.2877566647529,0.052889151139905215
430.4584233315785,0.06298029983756939
430.6290899984042,0.050939689041833804
430.7997566652299,0.06089136043883629
430.97042333126063,0.04868249134187204
431.14108999808633,0.05850073216642918
431.3117566649119,0.04613003219552209
431.4824233317375,0.0558220562651416
431.6530799984932,0.04329706204318536
431.8237333321571,0.052871318173233435
431.9943999989828,0.04020076345698659
432.16506666580835,0.04966693345195085
432.3357333310445,0.036860586539089524
432.50639999787006,0.04622945464177712
432.67706666469576,0.03329797031457178
432.84773333152134,0.04258108300844957
433.01839999834704,0.029535789485590883
433.1890666643778,0.038745456680359565
433.3597233319283,0.025598220691643976
433.53038999795916,0.03474732504378808
433.70105666478474,0.021510715052606908
433.8717233316103,0.03061289431122872
434.042389998436,0.017300079746919713
434.2130566652616,0.026369451041119433
434.38372333129246,0.012993804287149626
434.55438999811815,0.02204469011164057
434.72505666494374,0.008619779149255864
434.8957233317693,0.01766684176031303
435.0663666653633,0.004206310756132867
435.2370333321889,0.013263897592984719
435.4076999990145,-0.00021899568932353644
435.57836666504534,0.008863345624949124
435.7490333310763,-0.004628371955339411
435.919699997902,0.004493308894352365
436.09036666472747,-0.008993732248951265
436.2610233314832,0.00018169093848692948
436.4316899983088,-0.01328731044658733
436.60235666513444,-0.0040437756478133875
436.77302333196,-0.017481596169334507
436.9436899979909,-0.008155999175540045
437.11435666481657,-0.021550162692273635
437.28502333164215,-0.0121289964491939
437.45568999846773,-0.025467271215178323
437.62635666529343,-0.015937307725955918
437.7969999988874,-0.029208210050211857
437.96766666571295,-0.01955727175381135
438.1383333317438,-0.032750519986088654
438.30899999856956,-0.02296740141654478
438.47966666539514,-0.036073525109924044
438.6503333322207,-0.026147888910930433
438.8209999990463,-0.03915843241198679
438.99166666428255,-0.029080824656351645
439.16233333110813,-0.04198820791433153
439.3329999979337,-0.031750131238157814
439.50365666468934,-0.04454793600441401
439.674323331515,-0.03414216223630772
439.84498999834057,-0.04682528241785933
440.01565666516626,-0.03624570397225766
440.18632333199184,-0.0488100297060283
440.3569899980227,-0.03805154647869424
440.52763333161676,-0.05049415521647963
440.69829999844234,-0.03955288728446831
440.8689666652679,-0.05187221632536199
441.03963333209356,-0.04074579458637646
441.21029999891914,-0.05294194805170339
441.3809666657447,-0.04162958210594487
441.5516333317757,-0.05370388809525695
441.7222999986013,-0.042205836557614715
441.89296666542685,-0.05416075850420791
442.0636233321826,-0.042478455072635736
442.2342899990082,-0.05431739977587551
442.4049566642443,-0.04245335508531286
442.5756233310699,-0.05418100379585392
442.7462899978956,-0.04213882647562177
442.91695666472117,-0.05376073870140426
443.0876233315468,-0.04154493232002234
443.2582899983724,-0.05306768890811125
443.428956665198,-0.04068377506047393
443.59962333122894,-0.05211505338445584
443.77027666489283,-0.03956969164933343
443.9409333316486,-0.0509181835370257
444.11159999847416,-0.038218951672766684
444.28226666529974,-0.04949431016338027
444.4529333321253,-0.03664975955715801
444.6235999989509,-0.047862475108936424
444.7942566657066,-0.03488193504493167
444.96492333173757,-0.04604311455306123
445.13558999856315,-0.03293650758927885
445.30625666538873,-0.04405767533649184
445.4769233322143,-0.030835212598418392
445.64758999903995,-0.04192823386064823
445.81825666427613,-0.0286006336623774
445.9889233311018,-0.039677776380895896
446.1595899979273,-0.026255862135440424
446.33025666475294,-0.037329218067197766
446.5008999983469,-0.0238236759930562
446.6715666651726,-0.034905295783925774
446.8422333319983,-0.02132689408845833
447.0128999980291,-0.03242876344654987
447.1835666648547,-0.018788111828785568
447.3542333316803,-0.029922262045596046
447.52489999850593,-0.016230070830823357
447.6955666653315,-0.027408398420042356
447.8662333321571,-0.013675097311025501
448.0368999989827,-0.02490926236220892
448.2075566649437,-0.01114508133411713
448.3782233317694,-0.022446319709309555
448.548889998595,-0.00866099280344625
448.71955666542055,-0.020040039461109972
448.8902233322462,-0.0062427346215066385
449.0608899990718,-0.017709558831474237
449.23154666423795,-0.0039085373045265916
449.4021999979019,-0.015472253877328944
449.57286666472754,-0.0016751065201628386
449.7435333315531,-0.013344237503005726
449.9141999983787,0.0004419981003747112
450.0848666652043,-0.011340370736640517
450.25553333203,0.0024287760035078187
450.42619999806084,-0.00947363432247826
450.59686666488653,0.004273257952491157
450.7675333317121,-0.007754880589999206
450.9381899984677,0.005965827330495598
451.1088566652934,-0.006192498733175641
451.27952333211897,0.007499127775813729
451.45018999894455,-0.00479294577275267
451.6208566649754,0.008867429352927265
451.7915233318011,-0.003561148468088544
451.96218999862674,0.010066676345005328
452.1328566654523,-0.0025000129387112834
452.3035233322779,0.011095094387266673
452.47416666507723,-0.0016103236239618612
452.6448333311081,0.011952871764783593
452.81549999793367,-0.0008908080178469529
452.98616666475925,0.012642337441972459
453.15683333158483,-0.00033819128328229676
453.32749999841053,0.013167823272779515
453.4981666652362,5.292215606568924e-05
453.6688233319918,0.013535712467161218
453.8394899980227,0.00028967760469588273
454.01015666484835,0.013753865507933973
454.18082333167393,0.00038075996467155145
454.3514899984995,0.013831735250420843
454.5221566653252,0.0003363723430941749
454.6928233321508,0.01378009730433736
454.8634899989764,0.0001679256892524583
455.03415666500734,0.013611259906569091
455.2048099978765,-0.00011132220894713869
455.37546666463214,0.013339131369303129
455.5461333314578,-0.0004870259798895913
455.71679999828336,0.012978393544286346
455.8874666643143,-0.0009440509091917194
456.05813333113986,0.012544673775634927
456.2287999979655,-0.0014663917415966988
456.3994666647911,0.01205404844664302
456.57013333161666,-0.0020378652355424343
456.74079999844236,0.011522848644883883
456.911456665198,-0.002641834373431904
457.08212333202357,0.010968078107332965
457.2527899980545,-0.0032610211494154633
457.42345666488006,0.010407036430386608
457.59412333170576,-0.0038781238949788157
457.76478999853134,0.009856863779408413
457.93544333219523,-0.004476382698383429
458.106099998951,0.009333839042763697
458.27676666577656,-0.005039668554470766
458.4474333310127,0.00885421049317176
458.6180999978384,-0.005551539825484446
458.78876666466397,0.008434094196246675
458.95943333148955,-0.005996295920503177
459.1300999983152,0.008088513506807095
459.30076666434604,-0.006359337098284535
459.4714333311716,0.007831262427120638
459.64208999792737,-0.0066276220856296185
459.81275666475295,0.007674411521251472
459.9834233315786,-0.0067896940921912795
460.1540899984042,0.007628713041768115
460.32475666522976,-0.006835520545706632
460.49542333126067,0.007703149420418566
460.66607999881114,-0.006756928657703704
460.83673333168036,0.007905083121114
461.00739999850595,-0.006547274461927807
461.1780666653315,0.008240255783263851
461.3487333321571,-0.0062016317484924945
461.5193999989827,0.008712754256147417
461.69006666580833,-0.005716961452591713
461.8607333310445,0.009324328821677249
462.03139999787015,-0.005092612088825837
462.20206666469574,0.010075011153176128
462.37272333145137,-0.004329064168684462
462.54338999827706,0.01096335843579524
462.71405666510265,-0.00342921994742943
462.8847233319282,0.011985049597968898
463.0553899979592,-0.0023985088860793897
463.22605666478466,0.0131338386215278
463.3967233316104,-0.001243885290466673
463.567389998436,0.014401933874575942
463.7380566652616,2.5932855001362358e-05
463.9087133320173,0.01577959125626394
464.0793666656812,0.0014000312412893524
464.2500333317121,0.017254852927208415
464.42069999853777,0.002865817317411054
464.59136666536335,0.018814581233932703
464.76203333218893,0.00440954447252724
464.9326999990145,0.020444310504140095
465.1033566649755,0.006016077899906518
465.27402333100633,0.022128373745936063
465.4446899978319,0.007669266360916267
465.6153566646575,0.023850085874590816
465.7860233314832,0.009351760988568
465.9566899983089,0.02559150533341947
466.12735666513447,0.011045146191822609
466.29802333196005,0.027333824885858515
466.4686899979909,0.012730335286232887
466.6393433316549,0.029057804652997964
466.8099999984105,0.014388004183811243
466.9806666652362,0.0307440831272821
467.15133333206177,0.01599867759772127
467.32199999888746,0.032373055854391104
467.49266666571305,0.017542657051327643
467.6633333317439,0.033925072122027285
467.83398999849953,0.019000500035275272
468.0046566653251,0.03538092398006992
468.17532333215075,0.020353119780655765
468.34598999897645,0.036721589279585506
468.5166566642125,0.021581682313684274
468.68732333103816,0.03792870164434241
468.85798999786385,0.02266849558009449
469.02865666468944,0.03898531650744041
469.199323331515,0.02359724936232911
469.3699766651789,0.039875741795723584
469.5406333319346,0.024352902138500023
469.7112999987602,0.04058555994015776
469.88196666479115,0.024921740702391143
470.05263333161673,0.04110184233440014
470.2232999984423,0.02529166985591037
470.3939666652679,0.04141339541642626
470.56462333202364,0.025452415463112936
470.7352899988493,0.041510877791526846
470.90595666567486,0.025395642013013493
471.0766233317057,0.04138711027963219
471.2472899985313,0.025115220159968938
471.417956665357,0.04103692127807946
471.5886233321826,0.02460693103453759
471.75928999900816,0.04045713929132213
471.9299566642443,0.02386855576313488
472.10062333107,0.039646544936546825
472.2712666646639,0.02289990145909802
472.4419333314895,0.03860612699090082
472.6125999983152,0.021703244718396655
472.7832666651408,0.03733956141242294
472.9539333319664,0.020283472669105865
473.1245999979973,0.03585274966364408
473.29526666482286,0.01864744006335449
473.46593333164856,0.03415357839539911
473.636599998474,0.01680403136330375
473.8072566652298,0.03225194107455828
473.9779233320554,0.014764206475045685
474.148589998881,0.03015985976184958
474.3192566657067,0.012541009698163895
474.48992333173754,0.027891330016742828
474.6605899985631,0.010149271047347641
474.8312466653189,0.025462092774397756
475.00189999818804,0.0076055044722231685
475.1725666650136,0.022889455468043177
475.3432333310445,0.004927702177236088
475.51389999787006,0.020192028326378002
475.68456666469575,0.0021349444963954835
475.8552333315214,0.01738946399702829
476.025899998347,-0.0007526204717825673
476.19656666517255,0.014502529753061133
476.36723333199814,-0.0037136668723792917
476.53788999795916,0.011553124695190183
476.70855666478474,-0.006725777752508839
476.87922333161043,0.008564126294533144
477.049889998436,-0.009765794866007817
477.2205566652616,0.005558885322263989
477.3912233320872,-0.012810394580173145
477.56187999884287,0.002560709841458233
477.73253333171203,-0.015836378875294065
477.90319999774295,-0.0004072735649365984
478.0738666645686,-0.018820667103465374
478.2445333313943,-0.0033220894198567486
478.41519999821975,-0.02174047892046228
478.58586666504544,-0.006161076967609211
478.7565333310763,-0.024573444586621217
478.9271999979019,-0.008902122033186763
479.0978666647276,-0.027297833186299688
479.26852333148315,-0.011523905755938696
479.43918999830885,-0.02989294200226996
479.60985666513443,-0.014006353500241264
479.78052333196,-0.032339432295660615
479.951189997991,-0.016330912316026007
480.12185666481656,-0.03461957560698415
480.29250999848045,-0.01848054938528724
480.4631666652361,-0.03671704123456603
480.63383333206184,-0.020439613043944177
480.8044999988874,-0.03861701203776823
480.975166665713,-0.02219403413984318
481.14583333094913,-0.040306398456859044
481.3164999977748,-0.023731858388269952
481.4871666646004,-0.041774477295977955
481.657833331426,-0.02504348635485491
481.8284999982516,-0.04301282943569923
481.99916666507727,-0.026121545314538145
482.16982333183284,-0.044015120685634915
482.34048999865854,-0.026960693272061624
482.5111566646894,-0.044777119326418854
482.681823331515,-0.027557759888351192
482.85248999834056,-0.04529684312656076
483.02314333200457,-0.02791187223842261
483.1937999987602,-0.04557456072904478
483.36446666558584,-0.028024323615987556
483.5351333324114,-0.04561255728521089
483.70579999844233,-0.02789838365121078
483.87646666526797,-0.045415203023635185
484.04713333209355,-0.027539539624485302
484.21779999891913,-0.04498918638371068
484.38846666574483,-0.026955501871816875
484.5591333309809,-0.044343088875160815
484.7297899977366,-0.026155613324293024
484.90045666456217,-0.043486981976326736
485.07112333138787,-0.02515059549342251
485.24178999821345,-0.0424323049073714
485.4124566650391,-0.0239525691873735
485.58312333186467,-0.041191891667466556
485.7537899978955,-0.022575147342987358
485.9244566647212,-0.03978008569508205
486.0951233315468,-0.021033340042481065
486.2657899983724,-0.038212419654857104
486.43643333196644,-0.019343100019334956
486.607099998792,-0.036505291242247453
486.7777666656176,-0.01752122305451199
486.9484333324432,-0.034675785511690774
487.1190999984741,-0.0155851106656424
487.2897666652997,-0.03274156119284994
487.4604233320554,-0.013552750859141073
487.631089998881,-0.030720990398138786
487.8017566657066,-0.011442886201728371
487.9724233309427,-0.028633159995016703
488.1430899977684,-0.009274616696319382
488.31375666459405,-0.026496952700266026
488.4844233314196,-0.0070665304057891815
488.6550899982452,-0.02433076753559984
488.8257566650708,-0.004836836633919322
488.99641333182643,-0.022152731397662516
489.1670666646958,-0.0026034005152885307
489.3377333315214,-0.01998044430626598
489.508399998347,-0.0003836465951798093
489.67906666517257,-0.01783109207347743
489.8497333319982,0.0018055334114098764
490.0203999988238,-0.015721230223688126
490.19105666557954,0.003948088586602594
490.3617233316103,-0.013666320495799317
490.532389998436,0.006029141197630122
490.70305666526167,-0.01168060359241529
490.87372333208725,0.008035155412385748
491.04438999891283,-0.009776980305957101
491.2150566657385,0.009953813341934023
491.38572333097454,-0.007967098276523163
491.55638999780024,0.011774182913315303
491.7270566646258,-0.006261290980557443
491.8976999982198,0.013486657718641307
492.0683666650454,-0.004668467971088137
492.239033331871,0.015083009434567998
492.40969999869657,-0.0031961770860483535
492.58036666472753,0.016556389219136085
492.7510333315531,-0.0018504901231597385
492.9216899983088,0.017901507258853915
493.0923566651345,-0.000635927623710603
493.26302333195997,0.01911466369620705
493.43368999878567,0.0004446004085771902
493.60435666561125,0.020193711685696933
493.7750233316421,0.0013896360656393016
493.9456899984677,0.021137952696587168
494.1163566652934,0.0021991259607659778
494.287023332119,0.021948051068857586
494.45767666498824,0.0028743920915095685
494.6283333317439,0.02262588109243607
494.7989999977748,0.0034179812333641492
494.96966666460037,0.023174571704559357
495.14033333142595,0.0038337506633072936
495.31099999825153,0.023598698767811236
495.4816666650771,0.004126909121343421
495.6523333319028,0.02390403648714083
495.8229899986585,0.004303616070723641
495.9936566646894,0.02409699163382639
496.164323331515,0.00437048084343533
496.33498999834063,0.024184459219132478
496.5056566651662,0.0043348379589246006
496.6763233319918,0.024174301276487207
496.8469899988175,0.00420492970980226
497.0176566656431,0.024074983204279643
497.1883233316739,0.003989493479525302
497.35896666447326,0.02389542212049575
497.52963333129884,0.003697688234485244
497.7002999981244,0.023645039487519552
497.87096666495006,0.0033389549465657736
498.04163333098097,0.023333342108756577
498.21229999780655,0.002922805060347808
498.38295666456224,0.02296991579960641
498.5536233313878,0.0024589171404344116
498.7242899982134,0.02256445257296703
498.8949566650391,0.001957013938746845
499.0656233318647,0.022126744512082314
499.23628999869027,0.0014267974719885748
499.4069566647211,0.02166638110155584
499.57762333154676,0.0008775552022119243
499.74828999837234,0.021192230449268514
499.91895666519804,0.00031772289126162027
500.089599998792,0.020712247972136527
500.2602666656177,-0.0002451816458563699
500.43093333244326,0.020233584705347963
500.6015999976794,-0.0008041955838798397
500.77226666450497,0.019763064418198854
500.94293333133066,-0.0013525749650785132
501.11358999808624,0.019307304499171087
501.2842566649118,-0.0018840257084337618
501.4549233317375,0.01887212891471735
501.6255899985632,-0.0023931340317255097
501.79625666459407,0.018462527835096974
501.96692333141965,-0.0028753475981388847
502.13758999824523,0.018082537660895195
502.30825666507087,-0.0033269482365113324
502.47892333189645,0.017735387035444666
502.6495799986522,-0.0037450498528189312
502.8202333323161,0.017423431106255403
502.99089999834706,-0.004127456000629474
503.16156666517264,0.017148367837566958
503.3322333319982,-0.004472710616076763
503.5028999988238,0.016911310363266725
503.6735666656494,-0.004780074221688763
503.8442233324051,0.01671255970165861
504.01488999764126,-0.0050497560751471965
504.18555666446684,0.01655140995141151
504.3562233312925,-0.00528292905291841
504.52688999811807,0.016426294966156798
504.69755666494365,-0.0054814587124103675
504.86822333176934,0.016334963611668387
505.0388899985949,-0.005647890079606584
505.2095566646258,0.01627448006328877
505.3802233314515,-0.005785349331834804
505.5508666650454,0.016241374889777345
505.72153333187106,-0.0058974028312346865
505.89219999869664,0.0162319131713741
506.0628666655222,-0.005987845817891314
506.2335333323479,0.016242002764498692
506.4041999983788,-0.006060937332384492
506.57485666513446,0.016267081825466313
506.74552333196004,-0.006121296410208809
506.9161899987856,0.016302336908907828
507.0868566656113,-0.00617359787282205
507.2575233316422,0.016342855890492496
507.42818999767303,-0.006222740134399116
507.5988566644986,0.01638364688229308
507.7695233313242,-0.006273813232577936
507.9401899981498,0.016419488010020716
508.1108433318139,-0.0063321366635523645
508.28149999856953,0.016445034834487934
508.4521666653951,-0.00640301949932623
508.62283333142597,0.016455101839269123
508.7934999982516,-0.006491471534016492
508.9641666650772,0.016444805921910242
509.13483333190277,-0.006602313712608486
509.30549999872846,0.016409310781948495
509.4761566654841,-0.006740223549888097
509.64682333230974,0.016344019967008665
509.81748999834065,-0.006909483310409544
509.98815666516623,0.016244998853054943
510.1588233319918,-0.007113728303719583
510.3294899988174,0.016108854696033462
510.50015666564303,-0.007356029646940747
510.6708233308792,0.015932807750986138
510.8414899977048,-0.00763889389495049
511.0121333312988,0.015714596907090567
511.1827999981244,-0.00796434815359603
511.3534666649501,0.015452373665241777
511.52413333177566,-0.008333941898808175
511.69479999860124,0.015144853686594949
511.8654666654269,-0.008748599508536173
512.0361233313878,0.014791409465119152
512.2067899982135,-0.009208542597610494
512.3774566650391,0.014392357435044377
512.5481233318646,-0.00971309728531614
512.7187899986902,0.01394867752334901
512.8894566655159,-0.010260977802895364
513.0601233323416,0.013461815379757455
513.2307899983723,-0.010850538375479127
513.401456665198,0.012933647515386767
513.5721233320237,-0.011479658268326235
513.7427666648229,0.012366616365047487
513.9134333316485,-0.012145471103922887
514.0840999976795,0.011763998293896216
514.254766664505,-0.012844308967607361
514.4254333313306,0.011129755946316452
514.5960999981562,-0.013571952220834812
514.7667566649119,0.010468359972656844
514.9374233317375,-0.014323744559071986
515.1080899985631,0.00978465268757872
515.278756664594,-0.015094658782687374
515.4494233314197,0.009083771392868879
515.6200899982452,-0.015879399564221738
515.7907466650009,0.008371029359791757
515.9613999986649,-0.016672502960151075
516.1320666654905,0.007652037240019595
516.302733332316,-0.017468218744728484
516.4733999991417,0.006932646887905146
516.6440666643778,-0.01826056269065354
516.8147333312035,0.0062189370705768784
516.985399998029,-0.019043389652809495
517.1560666648547,0.005516956803712269
517.3267333316803,-0.019810704051301288
517.4973899984359,0.004832590814417095
517.6680566652616,-0.02055670050376066
517.8387233312924,0.004171706849630599
518.0093899981181,-0.021275512906932637
518.1800566649438,0.003540247420446915
518.3507233317694,-0.021961301935377812
518.521379998525,0.002944042453875749
518.6920333321889,-0.022608342109276584
518.8626999990145,0.0023886158144069735
519.0333666650454,-0.023211281157097804
519.2040333318711,0.001879088704524173
519.3746999986967,-0.023765192243422988
519.5453666655222,0.0014202368447192209
519.7160333323479,-0.024265580502487873
519.8866999983787,0.0010163442576612398
520.0573666644096,-0.024708290342954714
520.2280233311652,0.0006713460426822004
520.3986899979909,-0.025089611232136128
520.5693566648166,0.00038869332814421017
520.7400233316421,-0.025406287425148492
520.9106899984678,0.0001712642824999833
521.0813566652934,-0.02565567282361524
521.2520099981626,2.134690207698392e-05
521.4226666649183,-0.02583590528440512
521.5933333317439,-5.9411186079953764e-05
521.7639999985695,-0.02594561460492773
521.9346666653951,-6.973249242989352e-05
522.1053333322208,-0.0259836722753947
522.2759999990463,-8.923656070563647e-06
522.4466666650771,-0.025949607821518672
522.6173333319027,0.00012310109679984012
522.7879999987284,-0.025843612033867654
522.9586666655539,0.00032593207980552045
523.1293233323097,-0.025666289521993253
523.2999899975459,0.0005986665776818057
523.4706566643714,-0.02541877013781084
523.6413233311971,0.0009399296644585602
523.8119899980227,-0.025102678925839415
523.9826433316867,0.0013479083895673535
524.1532999984423,-0.024719984785298858
524.323966665268,0.0018204749505451668
524.4946333320936,-0.024272962955772744
524.6652999981245,0.002355013604272186
524.8359666649501,-0.023764280856954614
525.0066333317757,0.002948588112046903
525.1772999986013,-0.02319697477620225
525.3479666654268,0.003597899957962332
525.5186333322524,-0.022574639841248398
525.6892899990082,0.004298929735684752
525.8599566650391,-0.021901540451999022
526.0306233318647,0.005047209977742633
526.2012899986903,-0.021182237941445855
526.3719566655159,0.0058381074900819615
526.5426233323415,-0.020421229977259075
526.7132899975776,0.00666711864314878
526.8839333311716,-0.01962280431727693
527.0545999979973,0.007529877754937498
527.2252666648229,-0.01879128229605656
527.3959333316485,0.00842187187580384
527.5665999984742,-0.017931140595169277
527.7372666652998,0.009338348650830353
527.9079333313306,-0.017047325974128627
528.0785999981563,0.010274073069976401
528.2492666649817,-0.016145169483045632
528.4199233317374,0.011223586608513362
528.590589998563,-0.015230194185204894
528.7612566653888,0.01218123498953948
528.9319233322144,-0.014308117032302604
529.10258999904,0.013141221738258227
529.2732566650709,-0.013384861125166812
529.4439133318265,0.014097601820017368
529.6145666646958,-0.012466418602853729
529.7852333315213,0.015044411935269507
529.955899998347,-0.011558662140669288
530.1265666643778,0.015975888888096493
530.2972333312034,-0.01066725814773987
530.467899998029,0.016886374889941023
530.6385666648547,-0.009797841271251932
530.8092333316804,0.01777029032581824
530.979899998506,-0.008955938182451986
531.1505566652615,0.018622287426478482
531.3212233312925,-0.008146677316538186
531.491889998118,0.019437380636071776
531.6625566649437,-0.007374811670459055
531.8332233317693,0.020210949880131782
532.003889998595,-0.00664486766592505
532.1745466653506,0.020938647110341557
532.3451999990145,-0.005961132970659296
532.5158666650453,0.02161639941558157
532.6865333310764,-0.0053275041124446025
532.857199997902,0.022240449762340086
533.0278666647275,-0.004747588969769088
533.1985333315531,0.02280735840080466
533.3691899983088,-0.004224636034262023
533.5398566651345,0.023314144094847732
533.7105233319601,-0.0037613947004510894
533.8811899979909,0.02375825011548596
534.0518566648165,-0.0033602920213725825
534.2225233316422,0.024137575766056758
534.3931899984678,-0.003023267247196044
534.5638566652934,0.024450563189329227
534.7345233313242,-0.0027517154008661923
534.9051766649882,0.024696051515406377
535.0758333317439,-0.002546538765914426
535.2464999985693,0.024873445632577252
535.417166665395,-0.002408228367038953
535.5878333322207,0.024982578544230614
535.7584999990463,-0.0023366737616715393
535.9291666642824,0.025023945494333937
536.0998233310381,-0.002331143409651484
536.2704899978638,0.02499854436133472
536.4411566646894,-0.002390318633501699
536.611823331515,0.024907889328245843
536.7824899983407,-0.002512379198997039
536.9531566651663,0.024754020932398
537.1238233319918,-0.002695067077199136
537.2944899980228,0.024539432769961487
537.4651566648483,-0.0029356056721306666
537.6358099985122,0.02426720296339189
537.8064666652679,-0.0032307010734872093
537.9771333320936,0.023940825872153883
538.1477999989193,-0.003576658574337739
538.3184666657447,0.023564135685914183
538.4891333317757,-0.003969489217317163
538.6597999986013,0.0231412277870085
538.8304566653569,-0.004404899953669193
539.0011233321826,0.022676661639910105
539.1717899990083,-0.004878239194589234
539.3424566642443,0.022175213682379378
539.51312333107,-0.005384632481678547
539.6837899978956,0.02164178211437537
539.8544566647212,-0.005919119156764972
540.0251233315469,0.021081338556254103
540.1957899983723,-0.006476713077214682
540.366456665198,0.020498935812452393
540.5370999979972,-0.00705232424237606
540.7077666648229,0.019899741661341747
540.8784333316485,-0.007640755924757107
541.0490999984743,0.01928892786038295
541.2197666652999,-0.008236980167105667
541.3904333321254,0.018671434389258487
541.561089998881,-0.008835986738817322
541.7317566657066,0.018052102474210848
541.9024233317375,-0.009433052712045588
542.0730899985631,0.01743576219139455
542.2437566653887,-0.010023560236183672
542.4144233322143,0.016826995028456897
542.58507999897,-0.010603056219756777
542.7557333310444,0.01623005986162742
542.9263999978701,-0.01116740654944498
543.0970666646958,0.015648943298901357
543.2677333315214,-0.01171279474537478
543.438399998347,0.015087237213310364
543.6090666651726,-0.012235697357531997
543.7797333319982,0.014548290947882547
543.9503999980291,-0.012732934130177112
544.1210666648547,0.01403510830067066
544.2917233316105,-0.013201720712082815
544.462389998436,0.013550337396791746
544.6330566652616,-0.013639566098801955
544.8037233320872,0.01309623924515447
544.9743899989128,-0.01404450456743403
545.1450566649437,0.012674624181580062
545.3157133316994,-0.014414979563106202
545.4863666645685,0.012286771724862939
545.6570333313941,-0.014749816539133442
545.8276999982198,0.011933594334007785
545.9983666650454,-0.015048235152045843
546.1690333310763,0.011615722711429199
546.3396999979019,-0.015309669780203075
546.5103666647276,0.011333606575899779
546.6810333315532,-0.015533954198980213
546.8516999983788,0.011087257130395453
547.0223566651345,-0.0157213517262691
547.19302333196,0.010876134607529338
547.3636899979908,-0.01587250891332473
547.5343566648165,0.010699411572355032
547.7050233316422,-0.015988403282250534
547.8756899984677,0.0105560445856041
548.0463333320617,-0.016070220122171207
548.2169999988874,0.010444612218617793
548.387666665713,-0.016119385799885224
548.5583333309492,0.01036361101389072
548.7289999977747,-0.016137495348804362
548.8996666646004,0.010311402276042622
549.070333331426,-0.016126280441315265
549.2409999982517,0.01028621103631934
549.4116666650773,-0.016087561295505117
549.5823333311081,0.010286080492820095
549.7529899986584,-0.016023380541935573
549.9236566646894,0.01030862003498907
550.0943233315149,-0.01593610926690827
550.2649899983405,0.010351334241935276
550.4356566651662,-0.015828284113493754
550.6063233319917,0.010411760815854446
550.7769766648611,-0.01570232403677488
550.9476333324114,0.010487603368416101
551.1182999984424,-0.015560522755749139
551.2889666652679,0.01057650813358031
551.4596333320936,-0.015405387403997082
551.6302999989192,0.010675964983083262
551.8009566656749,-0.01523944908166682
551.971623330911,0.01078354485892748
552.1422899977366,-0.015065055799234077
552.3129566645623,0.010897011557570517
552.4836233313878,-0.014884424924656001
552.6542899982135,0.011014101191920873
552.824956665039,-0.014699733976918948
552.9956233318646,0.01113254922985217
553.1662899978955,-0.014513172483534316
553.3369566647212,0.011250260964186305
553.5076099983851,-0.01432667050650987
553.6782666651409,0.011365440766245976
553.8489333319665,-0.014142018159306215
554.019599998792,0.011476510071405788
554.1902666656176,-0.0139607891620284
554.3609333324432,0.011581871108037418
554.5315999984741,-0.013784470514924855
554.7022566652297,0.011679937761390948
554.8729233320553,-0.01361464258187241
555.043589998881,0.011769229257609938
555.2142566657067,-0.013452707318953656
555.3849233309427,0.011848555337842067
555.5555899977684,-0.013299788113279046
555.726256664594,0.011916890798575356
555.8969233314197,-0.013156730289059004
556.0675899982452,0.011973577229085654
556.2382466650009,-0.013023933417448095
556.4088999986649,0.012018295277193178
556.5795666646957,-0.01290159029026166
556.7502333315213,0.012050836735592943
556.920899998347,-0.012790006887242468
557.0915666651726,0.01207120021735532
557.2622333319981,-0.012689226232707206
557.4328899987538,0.01207944069934823
557.6035566655795,-0.012599036737555453
557.7742233316103,0.0120758687913778
557.944889998436,-0.012519022252364991
558.1155566652617,0.012061229641124774
558.2862233320873,-0.012448366714302524
558.4568799988429,0.012036382565157103
558.627533331712,-0.012386155190494186
558.798199997743,0.01200226103629739
558.9688666645686,-0.01233152646967054
559.1395333313942,0.011959832189455136
559.3101999982198,-0.01228358665888742
559.4808666650454,0.011910100120461403
559.651533331871,-0.01224121603356182
559.8221999986966,0.011854136860925867
559.9928666647277,-0.012203237159208511
560.1635233314831,0.011793176920169882
560.3341899983088,-0.01216847733304692
560.5048566651344,0.011728466967413007
560.6755233319601,-0.012135704319302165
560.8461899987857,0.01166118951041022
561.0168566656113,-0.012103730759548317
561.1874999976159,0.011592575846958433
561.3581666644415,-0.012071323505166102
561.5288333312672,0.011523959165136996
561.6994999980927,-0.012037249690400103
561.8701666649183,0.011456589702788357
562.0408333317439,-0.01200035143907926
562.2114999977747,0.011391770293339881
562.3821666646003,-0.011958963175815124
562.552833331426,0.011332006773309885
562.7234999982517,-0.01191048134294467
562.8941566650071,0.011279009491297351
563.0648233318328,-0.011854058176655096
563.2354899986585,0.011233394210777613
563.4061566646894,-0.011789140214478197
563.576823331515,0.01119572262802512
563.7474899983406,-0.011715127016971891
563.9181333319347,0.011166653088412012
564.0887999987602,-0.011631567010578575
564.2594666655858,0.011146604887997477
564.4301333324114,-0.011538107425312796
564.6007999976475,0.01113593999582969
564.7714666644731,-0.011434502145797849
564.9421233312289,0.011134639783624342
565.1127899980545,-0.011320700273183906
565.2834566648801,0.011142629172669867
565.4541233317057,-0.011196851793748599
565.6247899985314,0.011159755270349282
565.7954566645623,-0.011063322393366711
565.9661233313878,0.011185587039616642
566.1367899982134,-0.010920469256406058
566.3074566650391,0.011219581165691323
566.4781233318647,-0.010769011362655262
566.6487766655287,0.011260928826135774
566.8194333322842,-0.010609933442334863
566.9900999991098,0.011308631652066574
567.1607666651407,-0.010444202744698013
567.3314333319664,0.011361693621342277
567.5020999987921,-0.010272990140156075
567.6727566655476,0.01141864854477129
567.8434233323733,-0.010098009448934183
568.0140899976094,0.011477815446798037
568.1847566644351,-0.009920918745160634
568.3554233312607,0.011537783877571763
568.5260899980864,-0.009743226059787015
568.696756664912,0.011596986770964062
568.8674233317375,-0.009566473389908585
569.0380899985631,0.01165388846316402
569.2087566645939,-0.009392269325755041
569.3793999981881,0.011707100286711864
569.5500666650136,-0.009222228966336742
569.7207333318393,0.01175498092605362
569.8913999986648,-0.00905782700975932
570.0620666654905,0.011796029679884744
570.2327333323161,-0.008900449991282373
570.403399998347,0.011828872269218171
570.5740566651027,-0.008751343178257213
570.7447233319283,0.011852432708638578
570.9153899987539,-0.008611825679183118
571.0860566655795,0.011865370962162228
571.256723332405,-0.008483228192008446
571.4273899976413,0.011866204046011455
571.5980333312352,-0.008366910989927744
571.7686999980608,0.011853643077969095
571.9393666648864,-0.008264098885142701
572.1100333317121,0.011826601292952557
572.2806999985378,-0.008175682012732902
572.4513666653633,0.011784310422620844
572.6220333313943,-0.008102446977512622
572.7926999982199,0.011726090094903292
572.9633666650454,-0.008044925641848655
573.134033331871,0.011651469735315181
573.3046899986267,-0.008003388043817544
573.4753566654523,0.011560113189819426
573.646023332278,-0.007978271269279526
573.8166899983088,0.01145188499891152
573.9873566651344,-0.007969673934945893
574.1580233319601,0.011326929685487836
574.3286666647593,-0.00797756268555841
574.4993333315849,0.0111853787958517
574.6699999984105,-0.008001552106483522
574.8406666644414,0.011027757190066989
575.0113333312671,-0.008041066991509766
575.1819999980926,0.010854752927704374
575.3526666649183,-0.008095493865918279
575.523323331674,0.010667023284753826
575.6939899984995,-0.00816389709004781
575.8646566653251,0.010465582376461877
576.035323331356,-0.008245023731410181
576.2059899981816,0.010251697081263274
576.3766566650072,-0.00833743874806644
576.5473233318329,0.010027014115504438
576.7179899986585,-0.008439654196308297
576.8886566654841,0.00979300310414734
577.059299999078,-0.008550093622840716
577.2299666643142,0.009551427508888372
577.4006333311399,-0.008666897831167194
577.5712999979654,0.009304071007182588
577.7419666647911,-0.008788183460775523
577.9126333316168,0.009052646179548377
578.0832899983724,-0.008912016955209455
578.253956665198,0.008799029541692947
578.4246233312289,-0.009036562410274318
578.5952899980546,0.00854533171201292
578.7659566648802,-0.009159837689545395
578.9366233317057,0.008293476142091352
579.1072899985313,-0.00927991003381384
579.2779566653569,0.008045451379408491
579.4486233313878,-0.009394948523176325
579.6192899982134,0.007803230380990439
579.7899333318076,-0.009503103851502033
579.960599998633,0.007568513803214922
580.1312666654587,-0.009602627652162384
580.3019333322843,0.0073431444798609516
580.4725999991099,-0.009691737452271084
580.643266664346,0.00712900031144614
580.8139233311018,-0.0097687630312859
580.9845899979274,0.0069277594776890675
581.155256664753,-0.009832075149463455
581.3259233315786,0.006741084924763248
581.4965899984041,-0.009880062431011359
581.6672566652298,0.006570370903211314
581.8379133311907,-0.009911437486177194
582.0085666648547,0.006416958726218941
582.1792333316803,-0.009924829802609681
582.349899998506,0.006282144112633598
582.5205666653316,-0.009918990634680548
582.6912333321573,0.0061669371070524875
582.8618999989828,-0.009893057570411496
583.0325666650136,0.006072081052395023
583.2032333318392,-0.009846216421333251
583.3738999986649,0.005998354198640987
583.5445566654205,-0.009777879753013976
583.7152233322462,0.005946387468233285
583.8858899990718,-0.009687275216843457
584.0565566643079,0.005916910844745054
584.2272233311335,-0.009573999283461988
584.397889997959,0.005910122559382351
584.5685566647848,-0.009437953195553496
584.7391999983787,0.0059259421988265455
584.9098666652044,-0.009279265356057588
585.08053333203,0.005964232765604117
585.2511999980609,-0.009098198716937388
585.4218666648865,0.006024772398921967
585.592533331712,-0.00889507576820428
585.7631899984677,0.0061069614711077415
585.9338566652934,-0.008670585295155566
586.104523332119,0.006210018505173539
586.2751899989446,-0.008425495030216001
586.4458566649755,0.006332928892339719
586.6165233318011,-0.008161052633623435
586.7871899986267,0.006474400171969115
586.9578566654524,-0.007878608547943497
587.1285233322778,0.006633077863921301
587.2991766651472,-0.00757956576430595
587.469833331108,0.0068074383500027775
587.6404999979337,-0.007265492632925986
587.8111666647594,0.006995725838928215
587.981833331585,-0.006938151787746377
588.1524999984106,0.007196031938784488
588.3231666652362,-0.006599586266092746
588.4938333320617,0.0074061650819752765
588.6644899980226,-0.0062522213838512725
588.8351566648483,0.0076236455937619555
589.0058233316739,-0.005898490254091024
589.1764899984995,0.007846084353828069
589.3471566653251,-0.0055409344936709634
589.517809998989,0.008070960446522224
589.6884666657448,-0.005182205178826372
589.8591333309809,0.00829561600107097
590.0297999978065,-0.004824989878091307
590.2004666646322,0.008517371650798083
590.3711333314578,-0.004471953159817048
590.5417999982834,0.008733671671104407
590.7124666643142,-0.004125694119875262
590.8831333311399,0.00894188465402919
591.0537999979655,-0.0037887225212521742
591.2244566647212,0.00913955986002288
591.3951233315468,-0.003463777591441583
591.5657899983723,0.009323887963853741
591.7364566651979,-0.0031536365258613905
591.9071233320235,0.009492050332375669
592.0777899980545,-0.002860864147719394
592.2484566648802,0.009641798644429031
592.4190999984742,-0.002587581845950842
592.5897666652997,0.009770898763130125
592.7604333321253,-0.002335959276762551
592.9310999989509,0.009877217729046093
593.1017666657766,-0.0021083183635756033
593.2724333310127,0.009958544584680864
593.4430899977684,-0.001906836161984437
593.613756664594,0.010012963513252648
593.7844233314196,-0.001733136209455592
593.9550899982453,0.010039014573119745
594.1257566650709,-0.0015885785217649051
594.2964233318964,0.010035575799421985
594.4670899979274,-0.0014741619795760295
594.637756664753,0.010001562179184754
594.8084233315785,-0.0013907159471990146
594.9790799983342,0.009936081871032565
595.1497333319983,-0.001339261113493648
595.3203999988239,0.009838424714298756
595.4910666656494,-0.0013204314922191389
595.6617333316804,0.009707999317892279
595.8323999985059,-0.0013346925352627824
596.0030666653315,0.009544321250676273
596.1737233320872,-0.0013823247760273323
596.3443899989128,0.009347408781440773
596.5150566657384,-0.001463052933226079
596.6857233309745,0.009117710134515832
596.8563899978002,-0.0015764761706677617
597.0270566646257,0.008855907067482034
597.1977233314514,-0.001721863255762004
597.368389998277,0.008562913121828001
597.5390566651027,-0.0018979529569036707
597.7097133318583,0.008239967955671267
597.8803666647275,-0.002103555479510732
598.0510333315531,0.007888531447844186
598.2216999983788,-0.0023371609775200805
598.3923666652043,0.007510127954996511
598.5630333320299,-0.0025968920338475124
598.7336999988555,0.007106709858511756
598.9043566656112,-0.0028807746746900417
599.0750233316421,0.0066805785162814164
599.2456899984678,-0.0031864604572941933
599.4163566652933,0.0062339774433242505
599.587023332119,-0.0035117883839269975
599.7576899989447,0.005769325641816756
599.9283333317438,-0.003854318817198438
600.0989999977749,0.005289218950027034
600.2696666646004,-0.004211239727324903
600.440333331426,0.004796280892230358
600.6109999982516,-0.004580065218278149
600.7816666650772,0.004292989086865086
600.9523333319028,-0.0049582401394628415
601.1229999987283,0.0037821840434314495
601.2936666647594,-0.005342891058327249
601.464333331585,0.0032668639690005847
601.6349899983405,-0.005731126382558571
601.8056566651661,0.002749912695016114
601.9763233319918,-0.006119975539933356
602.1469899988175,0.002234303701753639
602.317656665643,-0.006506493244358408
602.4883233316739,0.0017228393937278191
602.6589766645432,-0.006887840729009413
602.8296333312989,0.0012184333882337822
603.0002999981244,-0.007261149203462513
603.1709666649501,0.0007238727182127841
603.3416333309809,-0.0076236794312357714
603.5122999978066,0.00024194429525560416
603.6829566645622,-0.00797255506074867
603.8536233313878,-0.0002243867862839317
604.0242899982134,-0.008304933310785705
604.194956665039,-0.0006723367778787482
604.3656233318646,-0.00861807766367373
604.5362899986903,-0.0010993577034257925
604.7069566647211,-0.008909483184376529
604.8776233315468,-0.0015031420144341742
605.0482899983724,-0.00917691096929899
605.218956665198,-0.0018816645817113897
605.3896099988619,-0.009418627682925609
605.5602666656176,-0.0022334419014562795
605.7309333324432,-0.00963333687914155
605.9015999976793,-0.0025569338120156443
606.0722666645049,-0.009819232032280939
606.2429333313306,-0.002850086712361053
606.4135999981562,-0.009974498639913138
606.5842566649119,-0.0031114635449739406
606.7549233317375,-0.010097967316706286
606.9255899985632,-0.003339921994989154
607.096256664594,-0.010188510100272179
607.2669233314197,-0.003534528225031077
607.4375899982452,-0.010245158570173522
607.6082333318393,-0.0036940378079430114
607.7788999986649,-0.010266687761843907
607.9495666654905,-0.0038174784975831427
608.120233332316,-0.010252445879939209
608.290899998347,-0.0039042708670721108
608.4615666651725,-0.010201995093676102
608.6322333319982,-0.003954218711470955
608.8028999988238,-0.010115274060002547
608.9735666656494,-0.003967393382987951
609.1442333324751,-0.009992201408370533
609.3148899976411,-0.003944054865735311
609.4855566644668,-0.00983319233856168
609.6562233312925,-0.0038848615786851596
609.8268899981182,-0.009638768445810438
609.9975566649438,-0.003790195520931946
610.1682233317694,-0.009409857485427916
610.3388799985249,-0.003661094590265024
610.5095333313942,-0.009147660477460995
610.6801999982198,-0.0034988807863117447
610.8508666650454,-0.008853477338693847
611.021533331871,-0.0033049891256897047
611.1921999986967,-0.008528740487501678
611.3628666655222,-0.0030808637590901407
611.5335233322779,-0.008175085387728756
611.7041899983087,-0.0028281386096794554
611.8748566651344,-0.007793921764352112
612.0455233319601,-0.00254822699796293
612.2161899987857,-0.0073866706279190454
612.3868566656113,-0.002242898400568745
612.5575233316421,-0.006955306830208596
612.7281899976731,-0.0019139959943687288
612.8988566644987,-0.006501924720783113
613.0694999980926,-0.0015636453412512376
613.2401666649182,-0.006028650796589295
613.4108333317438,-0.0011938521048844271
613.5814999985695,-0.005537628810735954
613.7521666653951,-0.0008069536967387184
613.922833331426,-0.005031310162430915
614.0934999982516,-0.0004054153757856922
614.2641566650072,-0.004511945998306275
614.434823331833,8.135312560926532e-06
614.6054899986584,-0.003982255023612837
614.7761566654841,0.0004307987050744993
614.9468233323098,-0.0034451044192016144
615.1174899983406,0.0008598179158425277
615.2881333311399,-0.0029027019639791115
615.4587999979656,0.0012935069044298715
615.6294666647912,-0.0023566507959010873
615.8001333316167,0.0017304257393652015
615.9707999976476,-0.0018086098487187024
616.1414666644732,0.0021685716346964076
616.3121333312988,-0.0012609128524879592
616.4827999981244,0.002605543108031164
616.6534666649501,-0.000715866101177978
616.8241233317058,0.003038944666982645
616.9947899985312,-0.00017578283714284154
617.1654566653569,0.0034662594746297883
617.3361233313879,0.00035676975207695323
617.5067899982134,0.0038851262673192093
617.677456665039,0.0008796367625524002
617.8481233318646,0.004292940353032408
618.0187666654587,0.0013898082801481523
618.1894333322844,0.004686416885096011
618.3600999991099,0.001884022168760151
618.5307666643461,0.005062528980564254
618.7014333311716,0.0023597315791911936
618.8720999979972,0.00541905118215291
619.0427566647529,0.0028143011532787325
619.2134233315786,0.0057526586300547045
619.3840899984041,0.003244310985402627
619.5547566652298,0.006060718407897337
619.7254233312607,0.0036489526471063806
619.8960899980863,0.006343287827900597
620.0667566649118,0.004028352393466452
620.2374233317375,0.006600513510007697
620.4080899985631,0.004382154272564195
620.578756664594,0.006832091734762971
620.7493999989827,0.00471054772504464
620.9200666650137,0.007038719450025698
621.0907333318393,0.005014565912552126
621.2613999986648,0.00722118679179625
621.4320666654905,0.005294431881971655
621.602733332316,0.007379309712870132
621.7733899990717,0.005549622714426167
621.9440566643079,0.007512672242006834
622.1147233311336,0.0057802283000367985
622.2853899979592,0.0076212545997248774
622.4560566647848,0.005985937848126457
622.6267233316104,0.007704463283995436
622.797389998436,0.006166019736999698
622.96803333203,0.007762004782008535
623.1386999980608,0.0063203344679307796
623.3093666648864,0.007793956539790957
623.4800333317121,0.006448692995313314
623.6506999985377,0.007799884692318984
623.8213666653634,0.0065508955483195444
623.9920233321191,0.007779756868182922
624.1626899989445,0.006626823678494106
624.3333566649756,0.007733306493785845
624.5040233318011,0.006676184698105321
624.6746899986267,0.007660080403070592
624.8453566654523,0.00669821224184434
625.0160233322779,0.007558970279789333
625.1866899983088,0.006692070526593684
625.3573566643397,0.007429336287016026
625.5280099980037,0.0066575060620232464
625.6986666647592,0.0072712559712858555
625.8693333315849,0.006594588803833947
626.0399999984105,0.007084847542781832
626.2106666652361,0.006502990500685219
626.3813333320617,0.006869660133291772
626.5519999980927,0.00638248241036684
626.7226666649182,0.006625328229636897
626.8933233316739,0.006232484908880771
627.0639899984996,0.006351450527820022
627.2346566653252,0.006052621571143135
627.4053233321508,0.006047692868388631
627.5759899989764,0.00584269193723347
627.7466566650073,0.0057141465478487575
627.9173233318329,0.005603069641819186
628.0879899986585,0.005351404931882018
628.2586566654842,0.005334548311890311
628.4292999982833,0.004960206376138422
628.5999666643143,0.0050376206826001435
628.7706333311398,0.004541014277434188
628.9412999979655,0.004712843977887343
629.1119666647911,0.004094338452201234
629.2826333316167,0.004360753287937058
629.4532899983724,0.0036209350437498883
629.6239566651981,0.0039822810186993275
629.7946233320237,0.003121748623127199
629.9652899980545,0.003578739035854476
630.13595666488,0.002598590452218657
630.3066233317057,0.0031520404386134724
630.4772899985313,0.002053403904621908
630.6479333321254,0.0027041299547333774
630.818599998951,0.0014880315036829947
630.9892666657765,0.002236611048962706
631.1599333310127,0.0009042699505057988
631.3305999978384,0.001751486956094232
631.5012666646641,0.0003041511282227239
631.6719233314195,0.0012510475076399693
631.8425899982452,-0.00030991561319119993
632.0132566650708,0.0007375735096338709
632.1839233318965,-0.0009355473209213128
632.3545899979273,0.00021341612938204836
632.525256664753,-0.0015703759152784127
632.6959233315786,-0.0003191661483437067
632.8665899984042,-0.002212485499414781
633.0372566652297,-0.0008579110108415538
633.2079133319854,-0.0028586569972849315
633.3785666656495,-0.001398994760764832
633.5492333316803,-0.003505642245720649
633.719899998506,-0.0019399818972694251
633.8905666653314,-0.004151290947444344
634.0612333321571,-0.002478475295405999
634.2318999989827,-0.004792334023383448
634.4025566657385,-0.003010857627565793
634.5732233309747,-0.005425193732064571
634.7438899978002,-0.003533227801549332
634.9145566646258,-0.006046067224352441
635.0852233314514,-0.0040419511115962255
635.2558899982771,-0.00665183509988929
635.4265466650327,-0.004533947049448926
635.5971999986966,-0.0072387191919295575
635.7678666647275,-0.005005116756758829
635.9385333315531,-0.007802612895650604
636.1091999983788,-0.005451698548004245
636.2798666652045,-0.008340104895236589
636.45053333203,-0.005870304697189813
636.6211999988557,-0.008847561867599118
636.7918666656813,-0.006257342001505118
636.962533331712,-0.009321248867649984
637.1331899984677,-0.0066092205000688724
637.3038566652933,-0.009758147490460283
637.4745233321189,-0.006922934540186601
637.6451899989446,-0.010155295537054727
637.8158566649755,-0.007195892462872645
637.9865233310063,-0.010510150990573723
638.1571666646004,-0.007425047396812852
638.327833331426,-0.010819293094187641
638.4984999982515,-0.0076072500724517775
638.6691666650771,-0.01108009044306238
638.8398333319028,-0.007740169847248164
639.0104999987285,-0.011290249360078298
639.1811666647593,-0.007821813644347524
639.351823331515,-0.011448426822147277
639.5224899983407,-0.007850870716611048
639.6931566651663,-0.011552955851757477
639.8638233319919,-0.007825760286033242
640.0344899988174,-0.011602295482376993
640.205156665643,-0.00774512148529071
640.3758233316739,-0.011595541020821424
640.5464899984996,-0.007608065178060612
640.7171566653252,-0.011531521782970575
640.8878099981944,-0.007413723632045841
641.05846666495,-0.011410264088513353
641.229133330981,-0.007161992188514065
641.3997999978066,-0.01123161534796566
641.5704666646321,-0.006853006711971532
641.7411333314578,-0.010995396557475263
641.9117899982135,-0.006487680364950268
642.0824566650391,-0.010704132336173598
642.2531233318647,-0.006068486241345684
642.4237899986903,-0.010358893686707208
642.5944566647212,-0.005595798662245312
642.7651233315468,-0.009960324791377453
642.9357899983725,-0.00507019222964571
643.1064433320364,-0.009509299062927266
643.277099998792,-0.0044934177457418515
643.4477666656176,-0.009008407518914874
643.6184333324433,-0.0038678881239451943
643.7890999976795,-0.008459504702473671
643.959766664505,-0.0031959902717289446
644.1304333313307,-0.007865605995843275
644.3010999981562,-0.002481274832167703
644.4717666649818,-0.0072309059032380565
644.6424333310126,-0.0017280793583776593
644.8130899985632,-0.006559619370113249
644.983756664594,-0.0009409204826931792
645.1544233314196,-0.005856290454258009
645.3250899982452,-0.00012365108488492064
645.4957566650708,-0.005124231214161736
645.6664233318965,0.000719626002776203
645.8370666654904,-0.0043685096906588864
646.0077333323161,0.0015838452073224357
646.1783999983469,-0.00359420560952173
646.3490666651726,0.002463577327061561
646.5197333319982,-0.0028068850707469446
646.6903999988239,0.0033531026930018596
646.8610666656494,-0.002012195083651332
647.0317233324051,0.004247186058780647
647.2023899976413,-0.0012154686972637846
647.3730566644668,0.005140311349459038
647.5437233312925,-0.0004223828554510562
647.7143899981181,0.006026795788944459
647.8850566649437,0.00036117956416542623
648.0557233317693,0.006901016470244948
648.2263899985949,0.0011296210936891213
648.3970566646258,0.007756872947684368
648.5677133313815,0.0018763210857799576
648.7383666650454,0.008587309385128309
648.9090333318711,0.0025942025605369522
649.0796999986967,0.009385373406747595
649.2503666655223,0.0032771079716365802
649.4210333323479,0.010147196492373377
649.5916999983788,0.0039225342195185284
649.7623566651343,0.010868875946481947
649.93302333196,0.004525658251748053
650.1036899987856,0.011545671292716927
650.2743566656112,0.00508156025803989
650.4450233316422,0.012172148314201308
650.615689997673,0.005584949043014018
650.786333331267,0.012743967615111857
650.9569999980926,0.006032005404895035
651.1276666649183,0.013256817113125857
651.298333331744,0.0064182576036973474
651.4689999985694,0.01370760073683298
651.6396666653951,0.006741219835508919
651.810333331426,0.014093910057469638
651.9809899981817,0.006998941220273079
652.1516566650073,0.014413907953344424
652.3223233318329,0.007189570073386654
652.4929899986585,0.014665538257570578
652.663656665484,0.007310874448293214
652.8343233323097,0.014847300781885292
653.0049899983406,0.007361925297682509
653.1756566651662,0.01495770788709584
653.3463233319918,0.007340650408976596
653.5169666647911,0.01499474215522115
653.6876333316168,0.007245267555481564
653.8582999976476,0.01495733076106696
654.0289666644733,0.007075852193782827
654.1996333312989,0.014845779652549037
654.3702999981244,0.006832412823643012
654.5409566648801,0.01466013860400991
654.7116233317057,0.006514811802320907
654.8822899985314,0.014400253921856503
655.052956665357,0.006123296538696169
655.2236233313879,0.014067718015299435
655.3942899982135,0.005661093970141327
655.5649566650391,0.01366662853429111
655.735599998633,0.005132411209238606
655.9062666654587,0.013200388535301501
656.0769333322844,0.0045403249460137666
656.2475999991099,0.012672376819667085
656.4182666643461,0.003888680727558122
656.5889333311717,0.012086964990870766
656.7595999979973,0.00318185964223773
656.9302666648229,0.011448171903777392
657.1009333316485,0.0024239361701564855
657.2715899984042,0.010760254812676045
657.4422566652298,0.00161934081334159
657.6129233312606,0.010028372666380849
657.7835899980862,0.0007737023796683487
657.9542566649119,0.00925750534481293
658.1249233317375,-0.00010790860803837143
658.2955799984932,0.008452949106806251
658.4662333321571,-0.0010211571086237864
658.6368999989828,0.007618756870868402
658.8075666650136,-0.001961018581796039
658.9782333318393,0.006760962282661618
659.1488999986649,-0.0029210157581845433
659.3195666654905,0.005887121381355127
659.4902233322462,-0.0038925866417888998
659.6608899990717,0.005004686392308538
659.831556664308,-0.004869541351130903
660.0022233311336,0.004119881659605573
660.1728899979591,-0.005845057787742188
660.3435566647847,0.003239975211070046
660.5142133315404,-0.006811942993243702
660.6848666652044,0.002371997025168748
660.8555333320301,-0.007763459034946871
661.0261999980609,0.0015223478791089283
661.1968666648866,-0.008693156115612057
661.3675333317121,0.0006978960002995546
661.5381999985377,-0.009594015373512347
661.7088666653633,-9.475253132701284e-05
661.8795333321889,-0.010459740487517997
662.0501999990145,-0.0008493107635099977
662.2208566649755,-0.011283790819594037
662.3915233318011,-0.001559317979916655
662.5621899986266,-0.012060052962181097
662.7328566654523,-0.002218314822119157
662.9035233322779,-0.01278170417668899
663.0741899983088,-0.0028205524508284983
663.244843331178,-0.01344409397430736
663.4154999979337,-0.003361429772684457
663.5861666647594,-0.014042278800217295
663.7568333315849,-0.0038363480963688906
663.9274999984106,-0.014572335146014597
664.0981666652362,-0.0042419086987770145
664.2688333320618,-0.015030823619860084
664.4394899980227,-0.004574284919404733
664.6101566648483,-0.015414953479573544
664.7808233316739,-0.004832257121774505
664.9514899984995,-0.01572373958547849
665.1221566653252,-0.0050138469887443474
665.2928233321508,-0.0159546633964436
665.4634899989763,-0.005116750890389272
665.6341566650073,-0.016106038170877704
665.8048233318328,-0.005139838919263567
665.9754766647022,-0.016177251343394528
666.1461333314577,-0.00508331448957228
666.3167999982834,-0.016168364226036777
666.4874666643143,-0.0049471137514070914
666.6581333311399,-0.01608011808807283
666.8287999979655,-0.00473125736692654
666.999466664791,-0.01591088444302256
667.1701233315468,-0.004435659189285228
667.3407899983724,-0.015662811503848375
667.511456665198,-0.0040627820391718255
667.6821233320236,-0.015338459026806125
667.8527899980545,-0.0036156822749260865
668.0234566648801,-0.01494140538588776
668.194109998544,-0.003098511729265384
668.3647666652998,-0.01447585152338645
668.5354333321253,-0.002515257693317122
668.706099998951,-0.01394581928403021
668.8767666657766,-0.0018705970333325072
669.0474333310127,-0.01335629188986397
669.2180999978383,-0.0011691125617202976
669.3887566645941,-0.012712570875638323
669.5594233314197,-0.00041693023810976767
669.7300899982453,-0.012020816658305624
669.9007566650708,0.0003793540147026727
670.0714233318964,-0.011287719871042422
670.2420899979273,0.00121297733750893
670.4127566647529,-0.010520216387539298
670.5834233315785,0.002075713957691367
670.7540899984042,-0.00972782078829741
670.9247466651599,0.002958884319995185
671.0953999988238,-0.008918497334565277
671.2660666656495,0.003855205623095951
671.4367333316803,-0.008099651908515372
671.6073999985059,0.0047556068783723955
671.7780666653315,-0.0072821500120544185
671.9487333321572,0.005649805635140331
672.1193899989128,-0.0064741550434396404
672.2900566657385,0.006531929851011545
672.4607233309746,-0.005679938314961741
672.6313899978002,0.0073975722726784855
672.8020566646258,-0.00490473497862021
672.9727233314513,0.008239889354997034
673.1433799982071,-0.004155604152574527
673.314033331871,0.00905235985365869
673.4846999986967,-0.0034396912208036795
673.6553666647276,0.009827247452058164
673.8260333315532,-0.002764438123508912
673.9966999983787,0.010557654142915972
674.1673666652043,-0.0021358515431935694
674.3380333320299,0.011238433787386698
674.5086999988556,-0.0015594464406407456
674.6793666656812,0.011862089854982789
674.8500233316421,-0.0010434692597198292
675.0206899984678,0.012421771683239184
675.1913566652934,-0.0005945850137337595
675.362023332119,0.012910716655114618
675.5326899989446,-0.00021932402929518557
675.7033566649754,0.013322005042891404
675.8739999977748,7.665341598233545e-05
676.0446666646003,0.013652592434576848
676.215333331426,0.000291951492925005
676.3859999982517,0.013900797210516675
676.5566666650773,0.0004244692571422664
676.7273333319029,0.014064633462150132
676.8979999987284,0.0004723821409765034
677.0686566646893,0.014142316015400955
677.2393233315149,0.0004345303212430695
677.4099899983406,0.014133615618702767
677.5806566651662,0.00031062733758280525
677.7513233319918,0.014038463175346032
677.9219899988174,0.00010159060117287592
678.0926333324114,0.013859126986182841
678.2632999976477,-0.00018998083759717084
678.4339666644731,0.013597790175041109
678.6046333312988,-0.0005619783603091499
678.7752999981245,0.013256300940125813
678.9459666649501,-0.001012141224684112
679.1166333309809,0.012838218858670042
679.2872999978065,-0.001535808685432333
679.4579666646322,0.012348458652361389
679.6286233313879,-0.002128091005648421
679.7992899982135,0.011793136364928791
679.969956665039,-0.002780990947644239
680.1406233318646,0.011181359172906812
680.3112899986902,-0.0034865182745801933
680.4819566647211,0.010518531480829253
680.6526233315468,-0.0042386363500028544
680.8232666651407,0.00981291975610066
680.9939333319664,-0.005028908135042747
681.164599998792,0.009072823114458513
681.3352666656176,-0.005848490437508177
681.5059333324432,0.00830729778934414
681.6765999976794,-0.006688373090483221
681.8472566644351,0.007525583971846504
682.0179233312607,-0.007539378507070133
682.1885899980863,0.006736510589245045
682.3592566649119,-0.008392778971146389
682.5299233317376,0.005948836777280937
682.7005899985631,-0.009239322845176489
682.871256664594,0.0051725067917110235
683.0419233314196,-0.01006879450084455
683.2125899982453,0.0044168759401768684
683.3832566650708,-0.010872564613028273
683.553899998665,0.003691137237703596
683.7245666654906,-0.011641098562539668
683.8952333323161,0.003004762665031281
684.0658999983469,-0.012364271930589258
684.2365666651726,0.0023675543900091
684.4072333319982,-0.01303293281218506
684.5778899987539,0.0017883568230951561
684.7485566655795,-0.013640756402952692
684.9192233324051,0.0012709301034519369
685.0898899976412,-0.01418205524869756
685.2605566644668,0.0008253623313954908
685.4312233312925,-0.014646645045132394
685.6018899981179,0.0004588071610616031
685.7725333317121,-0.015028334909485776
685.9431999985377,0.00017802337013953821
686.1138666653634,-0.01532016585884711
686.2845333313942,-1.1647796491758575e-05
686.4551999982198,-0.015518055581260647
686.6258666650455,-0.00010657029383137956
686.7965233318012,-0.015618609469895937
686.9671899986267,-0.00010381339456904836
687.1378566654523,-0.015619974377982805
687.3085233322779,-1.5851082115624251e-06
687.4791899983088,-0.015519534493803059
687.6498566651344,0.00020249662066258148
687.8205233319601,-0.01531541308548234
687.9911899987856,0.000509609070472043
688.1618566656113,-0.015008201375590375
688.3325099984804,0.000917965270360627
688.5031666644414,-0.014599497590337206
688.673833331267,0.0014250423194171603
688.8444999980927,-0.014095700630541462
689.0151666649183,0.0020233483309363737
689.1858333317439,-0.013501839770035027
689.3564999985695,0.0027114288720730528
689.527166665395,-0.012818236762506523
689.6978233313561,0.0034860032468507526
689.8684899981816,-0.012050114749713783
690.0391566650072,0.004339113265532224
690.2098233318328,-0.011207835528556951
690.3804899986584,0.005262750375281452
690.5511433323225,-0.0102969491157776
690.7217999990783,0.006249790057671276
690.8924666643143,-0.009326824698933561
691.06313333114,0.007290379559140153
691.2337999979655,-0.008307051412595716
691.4044666647911,0.008375048271545284
691.5751333316167,-0.007247027175741232
691.7457899983724,0.00949405976248978
691.9164566651981,-0.006157365696707489
692.0871233312289,0.010635296002299973
692.2577899980545,-0.005051792100309003
692.4284566648801,0.011784011911851692
692.5991233317056,-0.0039450631027102894
692.7697899985312,0.012927180433667343
692.9404566653569,-0.002848889896703639
693.111123331388,0.01405424163115409
693.2817899982134,-0.001773717440507837
693.4524333318075,0.015153234926605422
693.623099998633,-0.0007328484681653086
693.7937666654587,0.01621180798900824
693.9644333322843,0.0002624261275369063
694.1350999991099,0.017218176478806597
694.305766664346,0.0012004179373370821
694.4764233311017,0.018161499136738334
694.6470899979274,0.0020707751118792753
694.817756664753,0.019033486778249908
694.9884233315786,0.0028670911298835
695.1590899984042,0.019827708699884358
695.3297566652298,0.003582426005538624
695.5004133311908,0.020536633440047913
695.6710666648547,0.004208310867629345
695.8417333316804,0.0211512331241149
696.012399998506,0.004735825354751476
696.1830666653316,0.021662652120357617
696.3537333321572,0.005156469034646907
696.5243999989827,0.02206341835936303
696.6950566649436,0.005464716644486344
696.8657233317693,0.022348513411001344
697.0363899985949,0.005653213359233255
697.2070566654205,0.022509579454658975
697.3777233322461,0.005716049163408142
697.5483899990717,0.022543889189984043
697.7190566643079,0.0056516748280574115
697.8897233311334,0.022450241926948687
698.0603899979591,0.005459127270397519
698.2310466647149,0.022227270686166763
698.4016999983788,0.005137342921855771
698.5723666652045,0.021875792892988334
698.74303333203,0.004687689720192313
698.9136999980609,0.021395209623805946
699.0843666648864,0.004109631650576605
699.2550333317121,0.020786621133626698
699.4256899984678,0.003405565277117891
699.5963566652933,0.02005435205005809
699.7670233321189,0.002580668359637137
699.9376899989445,0.019203276297461606
700.1083566649755,0.0016393948928340048
700.279023331801,0.01823663428997995
700.4496666646004,0.0005844007241167776
700.6203333314259,0.0171576878660896
700.7909999982518,-0.0005781555581061667
700.9616666650771,0.015976085972816384
701.1323333311082,-0.0018380799862317545
701.3029999979337,0.014700618816997529
701.4736666647593,-0.0031871949594877574
701.6443233315151,0.013340821825141696
701.8149899983407,-0.004613725551385467
701.9856566651663,0.011911609975118764
702.1563233319919,-0.006102440445233413
702.3269899980227,0.010425091372706018
702.4976566648483,-0.007642814486863463
702.6683233316738,0.008891466983855883
702.8389899984995,-0.00922406222897467
703.0096566653252,0.007324956174485671
703.1802999989192,-0.010829519572173036
703.3509666657449,0.005741321629532145
703.521633330981,-0.012444671870737528
703.6922999978066,0.004153150577829085
703.8629666646322,-0.014059115293619107
704.0336333314578,0.002569624044720873
704.2042899982135,-0.015662463808964123
704.3749566650391,0.001002090334970996
704.5456233318647,-0.017245040082506644
704.7162899978955,-0.0005396998148882342
704.8869566647211,-0.018795320840941113
705.0576233315467,-0.002042969539514381
705.2282899983724,-0.02030037470744131
705.3989333319663,-0.0034954767781546045
705.569599998792,-0.02174815825479858
705.7402666656176,-0.004884993373319281
705.9109333324434,-0.023127442060921172
706.0815999984742,-0.006201220225282842
706.2522666652998,-0.024427983191127673
706.4229233320555,-0.007433569507400595
706.593589998881,-0.025638195643509304
706.7642566657066,-0.008569221684874994
706.9349233309429,-0.02674659028178263
707.1055899977684,-0.009600213219267373
707.276256664594,-0.027747234274818386
707.4469233314196,-0.010520251589448464
707.6175899982452,-0.028631681159314998
707.7882566650709,-0.011319166210384111
707.9589233318964,-0.02939092643502051
708.1295666646959,-0.011989722154046095
708.3002333315214,-0.03001763842092026
708.470899998347,-0.012524163381273944
708.6415666651726,-0.03050446087406753
708.8122333319982,-0.01291711547921679
708.9828999988238,-0.030847485762883983
709.1535566655796,-0.013165703810858841
709.3242233316104,-0.031043422520503686
709.494889998436,-0.013266109572308327
709.6655566652615,-0.031091251788777977
709.8362233320871,-0.013217344746863318
710.0068899989128,-0.030987088790379078
710.1775566657385,-0.013017063768565018
710.348199997743,-0.030729937995029794
710.5188666645686,-0.012663491764508953
710.6895333313943,-0.030319404406001626
710.86019999822,-0.01215757413096031
711.0308666650454,-0.02975670495833533
711.2015333318711,-0.011501457145107915
711.3721899986267,-0.029044808912561535
711.5428566646576,-0.01069832759151707
711.7135233314832,-0.028187283874809815
711.8841899983088,-0.009751688577981298
712.0548566651344,-0.027188108532253643
712.22552333196,-0.008667191737736897
712.3961899987856,-0.02605333666170104
712.5668566656113,-0.007451109108644198
712.7375233316421,-0.02479046219351947
712.9081766645113,-0.006111668429979529
713.0788333312672,-0.023405678821005898
713.2494999980926,-0.00465585981372368
713.4201666649184,-0.021908586732619778
713.5908333317439,-0.0030932584918113683
713.7614999977748,-0.020308470951102355
713.9321666646003,-0.0014325891364808253
714.1028333314259,-0.018614602290690178
714.2734899981817,0.0003159872570621166
714.4441566650073,-0.016838907241267013
714.6148233318329,0.002139393917643786
714.7854899986585,-0.014993188167917443
714.9561566646893,0.004026019286972559
715.1268099983533,-0.013090857859454953
715.2974666651091,0.005962393375083605
715.4681333319346,-0.011146396190222941
715.6387999987603,0.007933073295382127
715.8094666655859,-0.009174249183982417
715.9801333324115,0.009922592133062035
716.1507999976476,-0.007190289333734662
716.3214566644033,0.011918777916846292
716.492123331229,-0.005205035192493492
716.6627899980546,0.013908127050827121
716.8334566648801,-0.0032329224829884258
717.0041233317057,0.015877037404907254
717.1747899985314,-0.0012888343685327726
717.3454566645621,0.01780679864436295
717.5161233313878,0.0006076890104990874
717.6867899982135,0.01968274590001205
717.857456665039,0.002444675916853747
718.028099998633,0.021493231865255046
718.1987666654588,0.0042094221462257025
718.3694333322844,0.023225303779580327
718.54009999911,0.005890075095013786
718.7107666651408,0.024866988356802927
718.8814333319665,0.00747359757329317
719.0520899987221,0.02640479067334794
719.2227566655476,0.008949338828882561
719.3934233323732,0.027834114938874353
719.5640899976095,0.01031622609370352
719.734756664435,0.02914966976844633
719.9054233312606,0.011565106190248085
720.0760366654397,0.030342212929803894
720.2466566650073,0.012687914644027415
720.4173233318329,0.031403464421741974
720.5879899986585,0.013676034782966804
720.7586566654842,0.03232651687980207
720.9293233323098,0.014523629682107643
721.0999899975459,0.033107389002060325
721.2706333311398,0.015228006519493706
721.4412999979654,0.03374366796874838
721.6119666647911,0.01578609121130431
721.7826333316167,0.0342322816308862
721.9532999984424,0.01619707432282786
722.123966665268,0.03457186597350582
722.2946233320237,0.016458078053137884
722.4652899980545,0.034760700113582024
722.63595666488,0.016568252042504745
722.8066233317057,0.034798834926005114
722.9772899985313,0.016529342133194437
723.147956665357,0.0346887611889291
723.3186233321826,0.016344442543240478
723.4892666657765,0.03443423007550219
723.6599333310127,0.01601817916812519
723.8305999978384,0.034040793920727785
724.0012666646641,0.015555090643958608
724.1719333314895,0.03350975447592614
724.3425999983152,0.014953061555857964
724.5132566650708,0.03284060173587829
724.6839233318965,0.014215391668254284
724.8545899979273,0.03204010830222179
725.025256664753,0.013351049700629461
725.1959233315786,0.03111474222271078
725.3665899984042,0.012367914681352656
725.5372566652297,0.030078584748229276
725.7079233312608,0.011281257162355802
725.8785899980863,0.028943678140141357
726.049246664842,0.010100706585749688
726.219899998506,0.02771746480895925
726.3905666653314,0.008833189984573173
726.5612333321571,0.026408735247364683
726.7318999989827,0.007487177988491017
726.9025666658084,0.025026035682424033
727.0732333310445,0.006073813297493026
727.2438899978002,0.02358095373697362
727.4145566646258,0.004602867399889464
727.5852233314515,0.02208188584114844
727.7558899982771,0.0030814009599988883
727.9265566651027,0.020537717214605403
728.0972233319283,0.0015202708193061236
728.2678799978892,0.018959564978826456
728.4385333315531,-6.892825738504615e-05
728.6091999983788,0.0173586922064534
728.7798666652045,-0.0016768690003234703
728.95053333203,0.015743297447402077
729.1211999988557,-0.0032947161731865468
729.2918666656813,0.014123273244038644
729.4625233316422,-0.00491319148763834
729.6331899984677,0.01250668194404114
729.8038566652933,-0.006523485240154643
729.974523332119,0.010903476417882032
730.1451899989446,-0.008114345916255806
730.3158566649755,0.009323535542763993
730.4865233310063,-0.009678965365978094
730.657189997832,0.007772740608077535
730.8278566646576,-0.011210752603891079
730.9984999982515,0.006259456184173111
731.1691666650771,-0.012697870149831866
731.3398333319028,0.004795717489787741
731.5104999987285,-0.014133612261447864
731.6811666647593,0.00338545525286805
731.8518333315849,-0.015513167018664911
732.0224999984105,0.0020321070624097722
732.1931566651663,-0.016834715559768985
732.3638233319919,0.0007379333613273642
732.5344899988174,-0.018095117166397136
732.705156665643,-0.0004941671090596147
732.8758233316739,-0.019291401436676105
733.0464899984996,-0.0016607868225924486
733.2171333312988,-0.020422369285742408
733.3877999981244,-0.0027605525490588707
733.55846666495,-0.021485774414525656
733.7291333309809,-0.0037958620887342735
733.8997999978066,-0.02248856646519881
734.0704666646321,-0.004774379722606341
734.2411233313878,-0.02343672167818791
734.4117899982135,-0.005696270578225623
734.5824566650391,-0.024324479707642892
734.7531233318647,-0.006555014649783436
734.9237899986903,-0.02514726394784842
735.0944566647212,-0.007348452608256905
735.2651233315468,-0.02590619751510385
735.4357899983725,-0.008079231023053506
735.606456665198,-0.026600240068437014
735.7771233320236,-0.008739052923397191
735.9477766656876,-0.027219587996401194
736.1184333324433,-0.009324531574547478
736.2890999976795,-0.02776475265496363
736.459766664505,-0.009836280560204344
736.6304333313307,-0.028234487222557652
736.8010999981562,-0.010271349530783376
736.9717566649119,-0.02862771056699771
737.1424233317375,-0.010631312540731961
737.3130899985632,-0.028946746572382262
737.483756664594,-0.01092039104759121
737.6544233314196,-0.029195407943193755
737.8250899982452,-0.011141568686236367
737.9957566650709,-0.029379430980755246
738.1663999986649,-0.011300948756752142
738.3370666654904,-0.029502986743139357
738.5077333323161,-0.011401412468906596
738.6783999983469,-0.029569734801197806
738.8490666651726,-0.011447666980251712
739.0197333319982,-0.029581347332715346
739.190389998754,-0.011439458405893787
739.3610566655796,-0.029538560867707016
739.5317233324051,-0.011377891923558257
739.7023899976413,-0.029444846243344643
739.873056664467,-0.011267391999866544
740.0437233312925,-0.029302155338972007
740.2143899981181,-0.011109822267951371
740.3850333317121,-0.029114089999615168
740.5556999985376,-0.010906545174895192
740.7263666653632,-0.02887964651872362
740.8970333313943,-0.010663145956689123
741.06769999822,-0.02860912293233778
741.2383666650454,-0.01038124134723717
741.4090333318711,-0.028296416584737947
741.5796999986967,-0.010056305463209222
741.7503666655223,-0.027941809022874072
741.9210333323479,-0.009691446232885296
742.0916899983088,-0.02754600924999153
742.2623566651345,-0.009285040994996859
742.43302333196,-0.027106334457813595
742.6036899987856,-0.008835277924968599
742.7743566656113,-0.026624167924263892
742.9450099984805,-0.00834401858311263
743.1156666644414,-0.02609950110965841
743.286333331267,-0.0078111168103882495
743.4569999980926,-0.025531674513373213
743.6276666649183,-0.007235257361080269
743.798333331744,-0.024921375631558624
743.9689999985694,-0.006619700261149835
744.1396666653951,-0.024274035127576428
744.310323331356,-0.00596872959445793
744.4809899981817,-0.023590952731905646
744.6516566650073,-0.0052823074310942445
744.8223233318329,-0.02287049582936027
744.9929899986585,-0.004558774398620317
745.1636433323224,-0.02211238033869825
745.3342999990781,-0.00379767524764959
745.5049666643142,-0.021315332779597213
745.6756333311398,-0.0029989360925944124
745.8462999979654,-0.020483434886138276
746.016966664791,-0.0021680473995799488
746.1876333316168,-0.019622603208966433
746.3582999976476,-0.0013068584559179607
746.5289666644733,-0.01872690007844763
746.6996333312989,-0.0004086132672352446
746.8702899980545,-0.017792643840198536
747.0409566648801,0.0005293264087272717
747.2116233317057,-0.016818253099145083
747.3822899985314,0.0015079972170524017
747.552956665357,-0.015799890177292965
747.7236233313879,0.0025312588085279375
747.8942899982135,-0.014733910539365435
748.0649333318074,0.003606442250284604
748.235599998633,-0.013614930541446092
748.4062666654587,0.004731666613539201
748.5769333322844,-0.01244620374781743
748.7475999991099,0.00590756413787486
748.9182666643461,-0.011224615329702817
749.0889233311017,0.00713420213624841
749.2595899979274,-0.009952896304254609
749.430256664753,0.00841027747108742
749.6009233315787,-0.00863007002123975
749.7715899984042,0.009737655198034425
749.9422566652298,-0.00725609230227246
750.1129133311907,0.011113790707098802
750.2835666648547,-0.005834372455104002
750.4542333316804,0.012534937140094031
750.6248999985058,-0.004369115208509103
750.7955666653315,0.013998226871311904
750.9662333321571,-0.0028642283277577163
751.1368999989827,0.01549757635035576
751.3075666650136,-0.0013256565713298514
751.4782333318393,0.017028554492143903
751.6488999986649,0.0002429408016686348
751.8195566654206,0.01858605945948953
751.9902233322462,0.0018342602682158186
752.1608899990717,0.02016398741222617
752.331556664308,0.0034451879967917283
752.5022233311336,0.021758334311667148
752.6728899979591,0.005066451843065307
752.8435466647148,0.02335890697211425
753.0141999983787,0.006691037243753497
753.1848666652044,0.02495991271880106
753.3555333320301,0.008312669287697593
753.5261999980609,0.02655249868778927
753.6968666648866,0.009918254714918544
753.8675333317121,0.028121549060416823
754.0381899984678,0.011493367033028255
754.2088566652934,0.02965590307372192
754.379523332119,0.013028933930667326
754.5501899989447,0.0311473257094623
754.7208566649755,0.01451817724033793
754.8915233318011,0.0325887661442295
755.0621666646005,0.015950805753921167
755.232833331426,0.03396498092133349
755.4034999982516,0.017308664141176086
755.5741666650772,0.03525785153644523
755.744833331108,0.018574666174163413
755.9154999979337,0.036454555758279335
756.0861666647594,0.019739934843364164
756.2568233315149,0.03754747666172078
756.4274899983408,0.020797376556169474
756.5981566651661,0.03853060900541378
756.7688233319919,0.021741697346149818
756.9394899980227,0.03939885377125775
757.1101566648483,0.022568168801263194
757.2808233316739,0.04014759394804465
757.4514899984995,0.023272159079048376
757.6221566653252,0.04077200799482716
757.7927999989191,0.023849129162693477
757.9634666657447,0.04126561446358808
758.1341333309808,0.024291194207051163
758.3047999978064,0.041623835109164994
758.4754666646322,0.02459766145464911
758.6461333314577,0.04184539539400657
758.8167899982134,0.02476364816389354
758.9874566650391,0.04192382651443773
759.1581233318647,0.024781405420972773
759.3287899978956,0.04184829974274814
759.4994566647212,0.02464294711091132
759.6701233315468,0.041617041100722015
759.8407899983724,0.024347326365638175
760.0114333319664,0.041227296933354064
760.182099998792,0.02389152760109799
760.3527666656175,0.04067657482171649
760.5234333324432,0.023272239772672076
760.6940999984741,0.0399622428114661
760.8647666652998,0.022490436416689744
761.0354233320553,0.039089035654608424
761.206089998881,0.021551160034193856
761.3767566657066,0.03805764216968571
761.5474233309428,0.020451777458264656
761.7180899977684,0.03686500844976359
761.8887566645941,0.019189938640969843
762.0594233314197,0.0355105705967465
762.2300899982453,0.01776772174973888
762.4007566650708,0.03399415466602994
762.5714233318965,0.01618024424899392
762.7420666646958,0.03231525116517471
762.9127333315213,0.014432228563212047
763.083399998347,0.030480842257397694
763.2540666651726,0.012534693096348774
763.4247333319981,0.028501289363503234
763.5953999988238,0.01049455751268985
763.7660566655795,0.026384008970487007
763.9367233316104,0.008319984239757699
764.107389998436,0.02413643821948512
764.2780566652616,0.0060178264283149135
764.4487233320872,0.02176573525052823
764.6193899989128,0.003594854546497533
764.7900566657385,0.019279924946862634
764.960699997743,0.0010645869406729637
765.1313666645685,0.01669357547832918
765.3020333313941,-0.0015617845152502202
765.4726999982198,0.014017034257311156
765.6433666650455,-0.004273976910382581
765.814033331871,0.011261677941167827
765.9846899986267,-0.007058366389005205
766.1553566646576,0.008440133541921165
766.3260233314833,-0.009902953586154017
766.4966899983089,0.005567128539751692
766.6673566651344,-0.012792820176165311
766.8380233319601,0.0026560602052632613
767.0086899987857,-0.015714024731999142
767.1793566656113,-0.000278806134178197
767.3500233316422,-0.01865240223533529
767.5206766645114,-0.0032202075687061092
767.6913333312671,-0.02158707682399462
767.8619999980926,-0.006152278405338875
768.0326666649182,-0.024507007884440022
768.2033333317438,-0.009061209406704936
768.3739999977748,-0.027396120641780333
768.5446666646003,-0.01193002594504973
768.715333331426,-0.030235165153848293
768.8859899981816,-0.014737589283933704
769.0566566650074,-0.033004973655231966
769.2273233318328,-0.017470371636417733
769.3979899986585,-0.035694138309511285
769.5686566646893,-0.020115261498149992
769.7393099983533,-0.03828652131725812
769.909966665109,-0.022653531731272783
770.0806333319346,-0.04076256367612407
770.2512999987601,-0.02506651475827943
770.4219666655857,-0.04310554657470605
770.5926333324114,-0.027338041002157146
770.7632999976477,-0.045298023849138995
770.9339566644032,-0.02945044216240599
771.1046233312288,-0.04732573541209635
771.2752899980545,-0.03139258155975579
771.4459566648801,-0.049176097677192325
771.6166233317057,-0.03314976606133846
771.7872899985313,-0.05083457585816621
771.9579566645623,-0.03470822444389644
772.1286233313879,-0.05228708346718195
772.2992899982135,-0.03605540522891793
772.469956665039,-0.05352384852212702
772.640599998633,-0.037181368146505085
772.8112666654587,-0.054534619789943985
772.9819333322843,-0.03807684721914152
773.15259999911,-0.055310772958551344
773.3232666651407,-0.03873181544996141
773.4939333319664,-0.05584286127038087
773.664589998722,-0.03914019907608295
773.8352566655477,-0.056124716896201646
774.0059233323734,-0.03929472326004599
774.1765899976095,-0.05614980845204798
774.3472566644351,-0.03919011431413799
774.5179233312607,-0.055913018977932556
774.6885799980163,-0.03882207746511324
774.8592333316803,-0.05541232545573818
775.0298999985059,-0.03819120848083657
775.2005666653315,-0.05464981434366809
775.3712333313624,-0.03729797221384168
775.541899998188,-0.05362428388416808
775.7125666650136,-0.036142484094427614
775.8832233317693,-0.05233850386821808
776.053889998595,-0.03472953522675062
776.2245566654206,-0.05079755771127342
776.3952233322461,-0.033064571129065363
776.565889998277,-0.04900823821545671
776.7365566651026,-0.03115659643364747
776.9072233319282,-0.04698017668984028
777.0778899987539,-0.029014947869945313
777.2485566655795,-0.04472712340859835
777.4192133323352,-0.02665447273029472
777.5898666644096,-0.04226002513131407
777.7605333312353,-0.02408185661889371
777.931199998061,-0.03958583206848764
778.1018666648864,-0.021309360247795103
778.2725333317121,-0.036719535301894785
778.4431999985377,-0.018352916842548507
778.6138566652934,-0.033676602547403206
778.7845233313243,-0.015228868669887234
778.9551899981499,-0.03047706963000003
779.1258566649756,-0.011957690349579683
779.2965233318012,-0.02713926485054922
779.4671899986267,-0.008555678745530995
779.6378333322207,-0.023679290796160133
779.8084999990463,-0.005044806261378695
779.9791666642825,-0.020124953253027093
780.1498333311081,-0.001450233167442774
780.3204999979337,-0.016497571764837033
780.4911666647592,0.0022106543631424747
780.661833331585,-0.012810130713621266
780.8324899983405,0.005922410506324348
781.0031566651663,-0.009081828095211048
781.1738233319918,0.009665492961080463
781.3444899980228,-0.005332062044821756
781.5151566648483,0.013418676802580572
781.685823331674,-0.0015843453090748326
781.856466665268,0.01715533098368314
782.0271333320936,0.002133884850748361
782.1977999989192,0.0208518695953977
782.3684666657448,0.005799939608108134
782.5391333317756,0.024483954098097022
782.7097999986012,0.009389535942509377
782.8804666654269,0.028029961736146657
783.0511333322526,0.012881954418772618
783.2217999990783,0.031467688745998985
783.3924566642443,0.016253836272267085
783.56312333107,0.034776400864864984
783.7337899978955,0.0194865026343803
783.9044566647211,0.03793513330893607
784.0751233315467,0.02255922954700769
784.2457899983724,0.040923166813050395
784.4164566651981,0.02544964884811659
784.5870999979973,0.04371997677842374
784.7577666648228,0.02814059651897152
784.9284333316484,0.046310664953021
785.0990999984741,0.030617098613416695
785.2697666652997,0.04867846061576099
785.4404333321254,0.03285978214537963
785.611089998881,0.05080325567458034
785.7817566657066,0.03485137150571354
785.9524233317375,0.052672339040660765
786.1230899985632,0.03658150738349396
786.2937566653889,0.054275938726873155
786.4644233322144,0.03803973633427559
786.63507999897,0.05560353680695557
786.8057333310445,0.03921822916415106
786.9763999978702,0.05664786135846018
787.1470666646958,0.0401068521963816
787.3177333315214,0.05739648827086142
787.488399998347,0.04069318517398615
787.6590666651725,0.05783934167395663
787.8297333319981,0.04097150453274882
788.000399998029,0.0579800002714252
788.1710666648547,0.04095169123353142
788.3417233316104,0.05782475410949694
788.512389998436,0.04063779019399548
788.6830566652616,0.057378757482591414
788.8537233320872,0.040034911921845114
789.0243899989129,0.056644116594466574
789.1950566649436,0.039142752394429665
789.3657233317693,0.055628916781955244
789.5363666645686,0.037979361858676584
789.7070333313942,0.05434794889612549
789.8776999982198,0.036552227286287
790.0483666650455,0.05280748773733604
790.2190333310764,0.03487079564439968
790.3896999979019,0.051020918948362595
790.5603566646575,0.032949469831534406
790.7310233314831,0.04900720822308973
790.9016899983088,0.0308136930287381
791.0723566651345,0.04678898778611354
791.24302333196,0.0284828909489043
791.413689997991,0.044385738780696925
791.5843433316548,0.025975014343631943
791.7549999984105,0.041814063979672265
791.9256666652361,0.02330747912013127
792.0963333320617,0.039094331219024586
792.2669999988873,0.020502040199976587
792.437666665713,0.036247005271983906
792.6083333309491,0.017578671055591636
792.7789999977747,0.03329198436838808
792.9496666646004,0.014557907726373328
793.1203333314259,0.030251965211786993
793.2909999982518,0.011461648174623364
793.4616566650072,0.027148289904008287
793.6323233318329,0.008311329385518875
793.8029899986585,0.024001103625227622
793.9736566646894,0.005125116139200471
794.1443233315151,0.020824725559526285
794.314976665179,0.0019205579491893899
794.4856333319347,0.017645862350119834
794.6562999987602,-0.0012710686483802785
794.8269666655858,0.014500122924863948
794.9976333324114,-0.004412611589570784
795.1682999984423,0.011410375630159564
795.338966665268,-0.007496201171519121
795.5096233320237,0.008386035424913656
795.6802899988493,-0.010503878291163492
795.8509566656749,0.0054463692791073826
796.021623330911,-0.013419733765320482
796.1922899977366,0.002606433304983732
796.3629566645621,-0.016227141941533282
796.5336099982262,-0.0001158059445746845
796.7042666649819,-0.018909404859420574
796.8749333318075,-0.002706603669309422
797.0455999986331,-0.021452130570388268
797.2162666646639,-0.005149352078352794
797.3869333314896,-0.02384071939380283
797.5575999983151,-0.007434337147816337
797.7282666651408,-0.02606618987428361
797.8989333319663,-0.009546726832226916
798.069599998792,-0.028111090130095464
798.2402566655476,-0.011474339941936331
798.4109233323734,-0.029969725647430275
798.5815899984043,-0.013214038289322305
798.7522566652299,-0.03163641836553149
798.9229233320555,-0.014757718699582322
799.093589998881,-0.03310415108124987
799.2642466656367,-0.016103023516990216
799.4348999977112,-0.034377870011116814
799.6055666645368,-0.01726046035538943
799.7762333313624,-0.03546496746214313
799.946899998188,-0.018224960761617785
800.1175666650136,-0.03635188235926429
800.2882333318391,-0.01899000444122654
800.4588899985949,-0.03704149499972468
800.6295566646259,-0.01955854399128307
800.8002233314514,-0.03753760493062368
800.970889998277,-0.019943089366873844
801.1415566651026,-0.03785646605737329
801.3122233319283,-0.020150937581178873
801.4828799986839,-0.037996143584836085
801.6535333323479,-0.02017704650123682
801.8241999983787,-0.037956142746170034
801.9948666644096,-0.02003018635684359
802.1655333312352,-0.037746880105664966
802.3361999980609,-0.019718989800123713
802.5068666648865,-0.03738080829787088
802.6775333317121,-0.01926307707558285
802.848199997743,-0.036877652594849146
803.0188666645686,-0.018669814036732728
803.1895233313243,-0.03623792964026388
803.36018999815,-0.017942064146729417
803.5308566649754,-0.03546701166017084
803.7015233318011,-0.01709090083970503
803.8721899986267,-0.03458104485777336
804.0428566646576,-0.016131331256074726
804.2134999990463,-0.03359135822292603
804.3841666650771,-0.015073354305437327
804.5548333319027,-0.03250847574323689
804.7254999987284,-0.013930481154074545
804.8961666655539,-0.03135001883109882
805.0668333323796,-0.012721569318470106
805.2374999976158,-0.030131555957711366
805.4081566643714,-0.011457770889324563
805.5788233311972,-0.02886729136816759
805.7494899980227,-0.010157207998487511
805.9201566648484,-0.02757038127308211
806.090823331674,-0.008831516189103708
806.2614899984995,-0.026258001081695022
806.4321566653252,-0.007498748937699016
806.6028233313561,-0.024945745938754198
806.7734899981817,-0.00617223080853831
806.9441333317757,-0.023643991828383264
807.1147999986013,-0.004862076492496506
807.2854666654268,-0.022364707561841404
807.4561333322524,-0.003579190141722114
807.6267999990781,-0.021116395816397977
807.7974666651091,-0.002330445226435385
807.9681233318647,-0.01990466543194204
808.1387899986903,-0.0011233925672092754
808.3094566655159,-0.01874124277647446
808.4801233323416,3.004802053026854e-05
808.6507899975776,-0.01763498103776017
808.8214566644033,0.0011206008359106545
808.992123331229,-0.01659680314875757
809.1627666648229,0.0021422723613273072
809.3334333316485,-0.015630037280758777
809.5040999984742,0.0030909298050729567
809.6747666652998,-0.014737535033760641
809.8454333313306,0.003962311840890495
810.0160999981563,-0.013924212869911625
810.1867566649119,0.004754453360172584
810.3574233317374,-0.013188378012087732
810.528089998563,0.005467856498434971
810.6987566653888,-0.012534890018274222
810.8694233322144,0.006096100355056751
811.04008999904,-0.011970822199172886
811.2107466650009,0.006633593627470335
811.3813999978701,-0.011496238345970125
811.5520666646958,0.0070839329387297175
811.7227333315213,-0.011108060586409044
811.893399998347,0.007450753803808716
812.0640666643778,-0.010801281160104521
812.2347333312034,0.007737419922841014
812.405399998029,-0.010572305274531001
812.5760666648546,0.007951082173524898
812.7467333316804,-0.010413460107258563
812.917389998436,0.008096053454272226
813.0880566652615,-0.010322171071503676
813.2587233312925,0.008176950065290107
813.429389998118,-0.010292087409362247
813.6000566649437,0.008197891809954375
813.7707233317693,-0.010319545190751898
813.941389998595,0.008166395500219532
814.112033332189,-0.010395311192753665
814.2826999990145,0.008092377413713762
814.4533666650453,-0.010506597594137771
814.6240333310764,0.007987761425751697
814.794699997902,-0.010645672689046575
814.9653666647275,0.007860307291890484
815.1360233314832,-0.010803752767824996
815.3066899983088,0.007718907893690182
815.4773566651345,-0.010971823764560969
815.6480233319601,0.007570080792644783
815.8186899979909,-0.011148544589175911
815.9893566648166,0.007416684336698184
816.1600233316422,-0.011325612161302978
816.3306899984678,0.007267383659934587
816.5013566652934,-0.011495802649637201
816.6720099981626,0.007131159765157787
816.842666665713,-0.011648592367863692
817.0133333317439,0.007016652017797803
817.1839999985693,-0.01177753611701147
817.354666665395,0.0069309523033638095
817.5253333322207,-0.01187441512814819
817.6959999990463,0.0068817855082108645
817.8666666642827,-0.011931070107053389
818.0373233310381,0.0068777900549691325
818.2079899978638,-0.011936800233516441
818.3786566646894,0.006931235683098886
818.549323331515,-0.011880913158423798
818.7199899983407,0.007050414222778714
818.8906433320046,-0.011757776897359433
819.0612999987602,0.007235264462245656
819.2319666647911,-0.011572567621213644
819.4026333316167,0.007485074783411514
819.5732999984424,-0.011320571919106188
819.7439666652679,0.007803383759292601
819.9146333320936,-0.010999356723004802
820.0852899988492,0.008192659913126368
820.2559566656748,-0.010609206366327109
820.4266233317057,0.008649438256782644
820.5972899985314,-0.010152086751023347
820.7679566653569,0.009176010822078645
820.9386233321826,-0.009625085038826342
821.1092899990083,0.009774337418443775
821.2799566642445,-0.00902612722893706
821.45062333107,0.010444632555981433
821.6212899978957,-0.008357589145022506
821.7919333314896,0.01118510802909286
821.9625999983152,-0.007617129573122999
822.1332666651408,0.011999032529691643
822.3039333319664,-0.00680558414759457
822.4745999979972,0.012882448431736132
822.6452666648229,-0.005929269172531878
822.8159233315785,0.013825649002005915
822.9865899984043,-0.004999113281531465
823.1572566652297,0.014820330939230445
823.3279233320554,-0.004021623536178128
823.4985899988809,0.015858860751148455
823.6692566657068,-0.003003684664558148
823.8399133316676,0.01693862847382985
824.0105666645368,-0.0019462413164141837
824.1812333313625,0.018054279856835886
824.351899998188,-0.0008589142721548313
824.5225666650136,0.01919595891643652
824.6932333310444,0.00025237893756462174
824.86389999787,0.02036206200654769
825.0345566646258,0.001385501590394208
825.2052233314514,0.021549244573507684
825.3758899982771,0.0025373388580824984
825.5465566651026,0.022751623577831656
825.7172233319282,0.003698779936056714
825.8878899979593,0.023958866592181504
826.0585566647848,0.004860229003718787
826.2292233316105,0.025161861481824664
826.399889998436,0.006010520027668989
826.5705466651916,0.02634611208794795
826.7411999988556,0.007136727759416178
826.9118666656811,0.02750553730328617
827.0825333317122,0.008236370934407353
827.253199997743,0.028634709460245395
827.4238666645685,0.009299826771823004
827.5945333313941,0.029722019207090493
827.7651899981498,0.010315500437796487
827.9358566649755,0.03075681802161335
828.1065233318011,0.011274103953105283
828.2771899986267,0.03173065750351291
828.4478566646576,0.012166616431968136
828.6185233314833,0.03263326276049605
828.7891666650772,0.012982522261675927
828.9598333319029,0.033455959233592535
829.1304999987284,0.01371510800740138
829.3011666655541,0.03419146482015808
829.4718333323796,0.014355950243292587
829.6424999984105,0.03483204314992656
829.8131666652362,0.014898891974682558
829.9838333320616,0.0353724109155
830.1544999988876,0.01533787650452543
830.325166665713,0.03580543360799085
830.4958233308793,0.015666093226726907
830.6664899977047,0.03612544849322108
830.8371566645304,0.01587902151158072
831.0078233313561,0.03632717617238568
831.1784899981816,0.015970811545514108
831.3491566650073,0.03640584566446722
831.5197999986012,0.015937611626784705
831.6904666654269,0.036356151125749914
831.8611333314578,0.015770508466159083
832.0317999982833,0.036165770737530446
832.202466665109,0.015457790968395418
832.3731333319347,0.0358304731983392
832.5437899986903,0.015001946840999158
832.7144566655159,0.03535269245601032
832.8851233323414,0.014402633167217812
833.0557899983723,0.034731581996108894
833.226456665198,0.013661276435482744
833.3971233320237,0.033970775358283835
833.5677899988493,0.012781403994784129
833.7384333316486,0.03307297009747232
833.9090999976794,0.011766268210527233
834.0797666645051,0.03204308139799571
834.2504333313307,0.010622788567777038
834.4210999981563,0.03088715952504039
834.5917666649818,0.009355337537547399
834.7624333318074,0.029611355283274812
834.933099998633,0.007972436267557313
835.1037666646638,0.028221225334315498
835.2744233314197,0.006474374543122402
835.4450899982452,0.02671847210463337
835.6157566650709,0.004868841310551146
835.7864233318963,0.025112676339589364
835.9570899987223,0.003164966052249282
836.1277566655477,0.023412733764139458
836.2984233323734,0.0013716366204366722
836.4690666643779,0.021628248134109535
836.6397333312034,-0.0005010018383667396
836.8103999980291,0.019768956688741172
836.9810666648548,-0.002445472117609046
837.1517333316802,0.017840105204905046
837.3223999977112,-0.004454095324578362
837.4930566652616,0.015854904889927565
837.6637233312925,-0.006513370537009332
837.834389998118,0.01382439357268871
838.0050566649436,-0.008611845610531039
838.1757233317694,0.011758033948585102
838.3463899985949,-0.010741469090786073
838.5170566646259,0.00966647424854789
838.6877233314515,-0.01288921632133772
838.8583899982771,0.007562610556232569
839.0290566651026,-0.015044136595448225
839.1996999986966,0.005458909277942845
839.3703666655223,-0.017192345239856712
839.5410333323478,0.0033643964015253893
839.7116999983788,-0.019327680059171275
839.8823666644096,0.0012889335962450125
840.0530333312352,-0.021438223882845713
840.2236999980609,-0.0007551271282182748
840.3943566648165,-0.023509683404431644
840.5650233316421,-0.0027506272298042085
840.7356899984677,-0.025524249742757556
840.9063566652934,-0.004684101973715504
841.0770233313244,-0.02747050189361265
841.2476766649883,-0.006543944153054498
841.4183333317438,-0.02933719451673142
841.5889999985695,-0.008318272283867206
841.759666665395,-0.031111187843873848
841.9303333322207,-0.0099943427456084
842.1009999990463,-0.032783368318434716
842.2716666650771,-0.011566583975537415
842.442333331903,-0.03434757152057148
842.6129899986585,-0.013026374691613126
842.7836566654842,-0.03579447863566567
842.9543233323096,-0.014363479089194107
843.1249899975459,-0.037112348604275466
843.2956566643716,-0.015567680900294043
843.466323331197,-0.03829364338952073
843.6369899980227,-0.01663245532454771
843.8076566648484,-0.03933201451778696
843.9783233316739,-0.017553668752810343
844.1489666652681,-0.04022287479922281
844.3196333320935,-0.018325601857523553
844.4902999981244,-0.0409639141488266
844.6609666649501,-0.018948359587657466
844.8316333317756,-0.041553891844449305
845.0022999986013,-0.019419638519986654
845.1729566653569,-0.041991619468439066
845.3436233321827,-0.019740147436263733
845.5142899990082,-0.04227816168498309
845.6849566650392,-0.019911936697603144
845.8556233318648,-0.04241632730526701
846.0262899986903,-0.019934721959517863
846.1969566655159,-0.04240494176580949
846.3675999983152,-0.019810101941055338
846.5382666643461,-0.04224687751164943
846.7089333311717,-0.019542516310256556
846.8795999979973,-0.04194804077682896
847.0502666648229,-0.019137233638928174
847.2209333316484,-0.041512603779201955
847.391599998474,-0.01859831890501411
847.5622666652998,-0.040946085749388544
847.7329333313306,-0.01793460882939796
847.9035899980863,-0.04025842761472536
848.0742566649118,-0.017152508632359093
848.2449233317377,-0.039453510254967586
848.4155899985632,-0.01625743689588852
848.5862566653889,-0.03853901678935837
848.7569233322143,-0.015260838050045392
848.92757999897,-0.037528920378506
849.0982333310445,-0.01417459427971678
849.2688999978702,-0.03643164447425035
849.4395666646957,-0.013006694938554672
849.6102333315214,-0.035258609630273226
849.780899998347,-0.01177121559178305
849.951566664378,-0.03402377986589496
850.1222233319284,-0.010480133109318291
850.292889997959,-0.0327370238008132
850.4635566647848,-0.009142075447269795
850.6342233316103,-0.031403577721533585
850.804889998436,-0.007761543649456885
850.9755566652617,-0.030032374051501363
851.1462133320172,-0.00635189425745117
851.3168666656813,-0.028639688526718884
851.487533331712,-0.00492808255589916
851.6581999985377,-0.027237494847808852
851.8288666653632,-0.003499793883757266
851.9995333321889,-0.02583095502915337
852.1701999990144,-0.002075190912238516
852.3408666650454,-0.024435292217664727
852.5115333310763,-0.0006657908540182493
852.6821999979018,-0.023052268330250533
852.8528566646576,0.000731214291691558
853.0235233314831,-0.021684017939582776
853.1941899983088,0.0021075597749234654
853.3648566651345,-0.020337916529293374
853.53552333196,0.003458959862480764
853.706189997991,-0.019016494312837286
853.876833331585,0.004781058077071727
854.0474999984104,-0.017728486228658188
854.2181666652361,0.006063122761220655
854.3888333320617,-0.016481225995582913
854.5594999988873,0.007304178844828678
854.7301666657131,-0.015274493566210579
854.9008333317439,0.00849946335539883
855.0714899984996,-0.014114870775277356
855.2421566653251,0.009643465735843754
855.4128233321508,-0.013006929231819245
855.5834899989765,0.010732943164323695
855.7541566642125,-0.011953462275141147
855.9248233310382,0.011767424523360754
856.0954899978639,-0.010952707707658303
856.2661566646893,0.012747535407614648
856.436823331515,-0.010006306219847012
856.6074766651789,0.013671792374825732
856.7781333319347,-0.009115617251082118
856.9487999987603,0.014535103474946562
857.119466664791,-0.008285703103539209
857.2901333316167,0.015341983260529548
857.4607999984422,-0.007506945724563322
857.6314566651981,0.016101861139706193
857.8021233320236,-0.006767620241947227
857.9727899988493,0.016827095321527447
858.143456665675,-0.006054103599453116
858.3141233317058,0.017529228086850115
858.4847899985314,-0.005359544275801543
858.655456665357,0.0182133487577573
858.8261099982261,-0.004678368449849495
858.9967666649818,0.018886190534141624
859.1674333310127,-0.003999009960441363
859.3380999978383,0.019563109686650475
859.5087666646639,-0.0033109523914181403
859.6794333314895,0.020244262405332766
859.8500999983153,-0.002619220834774945
860.0207666651407,0.02092943652680597
860.1914333319664,-0.0019186930356698388
860.3620999979972,0.021624228592401106
860.5327566647532,-0.0012043541784411268
860.7034233315786,0.022334552505492173
860.8740899984043,-0.00046815366201010197
861.0447566652298,0.02306824474222297
861.2154233320555,0.00029478708378285833
861.3860899988811,0.02383125372791094
861.556733332475,0.0010933262408702254
861.7273999977111,0.02463332831019599
861.8980666645368,0.0019360210962608888
862.0687333313624,0.025479205693028317
862.239399998188,0.002823579102862693
862.4100666650136,0.026367460394938147
862.5807333310444,0.0037563473025146554
862.751389998595,0.02730268097408236
862.9220566646258,0.0047371117892193795
863.0927233314515,0.028285935958673965
863.2633899982771,0.005770335920982668
863.4340566651026,0.0293202062814711
863.6047233319283,0.006853285673732704
863.7753899979591,0.030403096357266176
863.9460566647847,0.007988684897471362
864.1986333314577,0.03153932685164853
864.4238999986649,0.0091779558397152
864.5945666654904,0.03272295676342084
864.7652333323161,0.010413025055632137
864.9358999991416,0.03394866676705277
865.1065666643779,0.011689762086540566
865.2772333312034,0.03521170171924689
865.4478899979592,0.01300207240085786
865.6185566647848,0.0365065966555175
865.7892233316104,0.014343553006484629
865.959889998436,0.037823982123116565
866.1305566652616,0.015706181109231738
866.3012233312926,0.03915901816092913
866.471879998048,0.017083364098710602
866.6425333317122,0.040500634457757555
866.8131999985377,0.018461631805166134
866.9838666653634,0.041835277993515864
867.1545333321889,0.019829654241839075
867.3251999990146,0.043152366099142504
867.4958666650452,0.02117632003197088
867.6665333318709,0.04443934433189645
867.8371999986969,0.022486881143225928
868.0078666655223,0.04568079638728514
868.1785233322778,0.02374559369145677
868.3491899983088,0.046862207279166644
868.5198566643397,0.02494042885724305
868.6905233311654,0.0479746484592669
868.8611899979909,0.02606432608246846
869.0318566648166,0.04900274523827846
869.2024999984105,0.027094832742172732
869.3731666652362,0.04992661475063316
869.5438333320617,0.028012558814644907
869.7144999980926,0.050722242547270896
869.8851666649182,0.028790287511620903
870.055833331744,0.05136731543263267
870.2264999985695,0.029410614989891254
870.3971566653252,0.05184362933710054
870.5678233321509,0.029855041401076626
870.7384899989763,0.052134935012805035
870.9091566650073,0.030107909590799616
871.079823331833,0.05222551359230251
871.2504899986585,0.030153403241607694
871.4211566654842,0.052099316057689526
871.5918233323097,0.029976062106447033
871.7624899975459,0.051740781138128834
871.9331333311399,0.029561047606700884
872.1037999979656,0.05113897470346504
872.2744666647911,0.028904076589722178
872.4451333316167,0.05029152499255203
872.6157999984423,0.027998769101301578
872.7864666652679,0.04919082413625698
872.9571233320236,0.026836397664580763
873.1277899980545,0.0478246631231946
873.2984566648802,0.02540505947017441
873.4691233317059,0.046184241395250396
873.6397899985313,0.023699092642864426
873.810456665357,0.04426475984936271
873.9811233321825,0.021712755247659914
874.1517666657767,0.04206550997730137
874.3224333310127,0.019449593341265087
874.4930999978384,0.03958605595994871
874.6637666646639,0.01690670607513489
874.8344333314895,0.03682243603710406
875.005099998315,0.01407805865604082
875.1757566650709,0.03377386813533759
875.3464233318966,0.010969558745745817
875.5170899979273,0.030448750951053424
875.687756664753,0.007592550697198423
875.8584233315787,0.026859122563558147
876.0290899984042,0.003960018356332229
876.1997566652299,0.023022731560088282
876.3704233312607,9.012739832996248e-05
876.5410899980864,0.01895484681726343
876.711756664912,-0.0040003733655105235
876.8823999985059,0.014674181544899322
877.0530666653316,-0.008290467287586048
877.223733332157,0.010197531618680618
877.3943999989827,-0.012768674734257074
877.5650666658082,0.005542758444850299
877.7357333310445,-0.01740965307978577
877.9063899978003,0.0007363637421770108
878.0770566646258,-0.02218653125664482
878.2477233314514,-0.0041975617949860594
878.418389998277,-0.02707648048986787
878.5890566651027,-0.009231600005132495
878.7597233319282,-0.032050401981850586
878.9303899979592,-0.014333737377745235
879.1010333315531,-0.037072232188903674
879.2716999983788,-0.01946718602461151
879.4423666652043,-0.04210652203295163
879.61303333203,-0.024600665737091337
879.7836999988556,-0.047121136050583566
879.9543666656812,-0.029699348928572726
880.1250333317123,-0.05208394553002111
880.2956999985378,-0.0347314348808534
880.4663666653632,-0.05695902289326542
880.6370333321889,-0.03965884736134965
880.8076899989446,-0.061708160638739594
880.9783566649755,-0.04444565559465768
881.1490233310063,-0.06629810915695758
881.319689997832,-0.04906628624893273
881.4903566646575,-0.07070713068713096
881.6610099983214,-0.053493931983153505
881.8316666650771,-0.07490572915466023
882.0023333319028,-0.05769681221956525
882.1729999987283,-0.07886144391918606
882.3436666647594,-0.06164461035967474
882.5143333315849,-0.08254607743957308
882.6849999984106,-0.06531148059939308
882.8556666652363,-0.08593611223184278
883.0263333320618,-0.06867257579292213
883.1969999988872,-0.08900521996103158
883.3676666657132,-0.07169942564922889
883.538323331674,-0.09172285974311245
883.7089899984996,-0.07435689857151813
883.8796566653251,-0.09405029115924009
884.0503233321508,-0.0766081309336877
884.2209899989764,-0.09595244687359843
884.3916566642125,-0.07842197788022634
884.5622999978066,-0.09740353692625701
884.7329666646322,-0.07977478526408158
884.9036333314577,-0.09837484328930761
885.0742999982833,-0.08064010640734315
885.2449666651089,-0.09885397781014453
885.4156333319346,-0.08101151817723695
885.5862899986903,-0.09882965935020151
885.7569566647213,-0.08087548361137346
885.9276233315468,-0.09829263632707783
886.0982899983725,-0.08022414026747068
886.268956665198,-0.0972345058931267
886.4396233320236,-0.0790492058989914
886.6102899988493,-0.09564810805360414
886.7809333324433,-0.0773505775168636
886.9515999976793,-0.09354068341119944
887.122266664505,-0.0751295430585997
887.2929333313305,-0.09090108021844545
887.4635999981563,-0.07237358851748549
887.634266664982,-0.0877263845766442
887.8049333310128,-0.06908884396835034
887.9755999978385,-0.08401995311073014
888.1462666646642,-0.06528121032324322
888.3169233314196,-0.07980117527804392
888.4875899982453,-0.060973290008293435
888.6582566650708,-0.07508850774597574
888.8289233318965,-0.056190052829814735
888.9995899979274,-0.06991941253467972
889.170256664753,-0.05096552361938251
889.3409133315087,-0.064317990436112
889.5115666651725,-0.045322343990661075
889.6822333319982,-0.05831057477077102
889.8528999988237,-0.03929088498783615
890.0235666656496,-0.051927257829060124
890.194233332475,-0.03289843176134214
890.3648999977113,-0.04519865421440448
890.5355666645368,-0.026179699034835042
890.7062333313625,-0.03815845841031395
890.8768999981882,-0.01917005496545369
891.0475566649436,-0.030843469712814438
891.2182233317693,-0.011906974536138112
891.3888899985948,-0.02329350474717187
891.5595566646258,-0.00443278602786699
891.7302233314515,-0.015552622965876065
891.9008899982771,0.003213756451156296
892.0715466650327,-0.007656379248555498
892.2421999986966,0.010991201876287895
892.4128666655222,0.00034938255509486083
892.5835333323478,0.018855181031842
892.7541999983787,0.008418919467012056
892.9248666652044,0.026757571683580283
893.0955333320301,0.016504864598983173
893.2661899987858,0.0346515088186973
893.4368566656112,0.024559470485547883
893.6075233316421,0.04248862823243821
893.7781899976729,0.032533532485509865
893.9488566644986,0.050214100841118145
894.1195233313243,0.04036478148923737
894.2901899981498,0.057768345976341694
894.4608566649755,0.04800251891899945
894.631523331801,0.06510377956945099
894.802176665465,0.055394556476339125
894.972833331426,0.07216653828679877
895.1434999982517,0.06248885730587954
895.3141666650772,0.07890408860379595
895.4848333319027,0.06923075924955426
895.6554999987286,0.0852658376207907
895.8261666655541,0.07557474630346676
895.9968233323098,0.0912089091511201
896.1674899983406,0.08147905658944384
896.3381566651663,0.09669268086892185
896.5088233319918,0.08690465180204746
896.6794899988174,0.10168013388333413
896.850156665643,0.09181593132725713
897.0208099977175,0.10613614230234696
897.1914666644732,0.09617858709974815
897.3621333312988,0.11003077500464194
897.5327999981243,0.09996761790890159
897.70346666495,0.11334299055619709
897.8741333317757,0.10316455247335382
898.0447999986012,0.11605354818698344
898.2154666654269,0.10574984621031493
898.3861333314577,0.1181436499313032
898.5567999982834,0.1077059526944958
898.7274566650391,0.11959654294450572
898.8981233318648,0.10901560334431053
899.0687899986902,0.12039373768542032
899.239456665516,0.10966167781062158
899.4101233323415,0.12052394437316984
899.5807899983723,0.10963812666713083
899.7514433312415,0.11998463278357503
899.9220999979974,0.10894443966212329
900.0927666648229,0.11877613119107719
900.2634333316485,0.10758271606023122
900.4340999976796,0.11690474764321836
900.6047666645051,0.10556373847511147
900.7754333313308,0.11438303148981345
900.9460899980862,0.10290087611974293
901.1167566649119,0.11122750789750928
901.2874233317376,0.09961397388731047
901.4580899985631,0.10745934449817243
901.628756664594,0.09572508943414985
901.7994233314196,0.1031029186702444
901.9700899982452,0.09126097535373054
902.1407566650707,0.09818676285688643
902.3114233318965,0.0862529350582747
902.4820799986522,0.09274486426879508
902.6527333323162,0.08073607017190852
902.8233999991419,0.08681313654514644
902.9940666643779,0.07474605740717238
903.1647333312036,0.08042734935844226
903.3353999980291,0.06832039308460217
903.5060666648548,0.0736263126535544
903.6767233316102,0.06149745633058545
903.8473899984359,0.0664514895244258
904.0180566652616,0.054321732185598416
904.1887233312925,0.05894473249551346
904.3593899981181,0.046832547030687524
904.5300566649437,0.05114511180817534
904.7007233317694,0.0390713406499782
904.8713899985949,0.043096635833388186
905.0420566646259,0.031082810500147377
905.2127133321762,0.03484454564225014
905.3833666650455,0.022914527611002333
905.5540333318711,0.026438276772960543
905.7246999986967,0.01461523050165463
905.8953666655223,0.01792701882854448
906.0660333323478,0.006234528328326987
906.2366999983788,0.009358658525029364
906.4073566643398,-0.0021800960442876485
906.5780233311652,0.0007821948108793547
906.7486899979909,-0.010578807435449462
906.9193566648164,-0.007753183492425913
907.0900233316421,-0.018913390328833952
907.2606899984678,-0.01620037675790042
907.4313333320617,-0.02713560661148192
907.6019999980927,-0.024509035490895337
907.7726666649181,-0.03519626954637852
907.943333331744,-0.03263291262653065
908.1139999985695,-0.04305035691407941
908.2846666653952,-0.04052609566791463
908.4553333322207,-0.05065197459008251
908.6259999990464,-0.04814500631894031
908.796666665077,-0.05795728458378601
908.9673333319028,-0.055447738906072706
909.1379899986584,-0.06492763087822884
909.308656665484,-0.06239617254750141
909.4793233323098,-0.07152760982900265
909.6499899975457,-0.06895756183418615
909.8206566643715,-0.07772343967119826
909.991323331197,-0.07509897705207245
910.1619666647912,-0.08348619587987617
910.3326333316166,-0.0807946826676787
910.5032999984423,-0.0887899403455892
910.673966665268,-0.08601692457942424
910.8446333320935,-0.09360669901547325
911.0152999981244,-0.09073746245291532
911.1859566648802,-0.09790775917460297
911.3566233317057,-0.0949298779725342
911.5272899985314,-0.10166878485857607
911.697956665357,-0.09856853577641046
911.8686233321826,-0.10486537482041293
912.0392899990081,-0.10163649864419236
912.2099566650392,-0.10748420011407912
912.3806233318646,-0.10412023043460104
912.5512899986903,-0.10951499357589362
912.721956665516,-0.10601361085295079
912.8926099983852,-0.11095227408648965
913.0632666643462,-0.1073106302089606
913.2339333311717,-0.11179220098357426
913.4045999979974,-0.10801194544976102
913.575266664823,-0.11203681499782066
913.7459333316485,-0.10811741484327174
913.9165899984042,-0.11168639071026186
914.0872566652297,-0.10763078410542014
914.2579233312606,-0.11074952195690804
914.4285899980862,-0.1065620453147356
914.599256664912,-0.10923489188315787
914.7699233317375,-0.10492277253970209
914.9405899985632,-0.10715747724542994
915.1112333321573,-0.10272835665721318
915.2818999989828,-0.10453350174588645
915.4525666658085,-0.0999970515395287
915.6232333310445,-0.10138146069837188
915.7938999978702,-0.09674776741532568
915.9645666646957,-0.09772179251141629
916.1352333315214,-0.09300170158063704
916.3058999983471,-0.09357805171769402
916.4765666643777,-0.08878718766582769
916.6472333312034,-0.08897835565826351
916.8178899979591,-0.08412778005480193
916.9885566647848,-0.08394745192422787
917.1592233316103,-0.07905369728369116
917.3298899984359,-0.07851691060729116
917.5005566652617,-0.07359560551630602
917.6712233312925,-0.07271743508385059
917.8418666656813,-0.06778746927049284
918.0125333317121,-0.06658736957834946
918.1831999985377,-0.06166825767979893
918.3538666653633,-0.060167579353035176
918.5245333321889,-0.05528032687679264
918.6951999990146,-0.05349608516715113
918.8658666650454,-0.04865911832678632
919.0365333310763,-0.04661049901495565
919.2071999979019,-0.0418429961844342
919.3778666647274,-0.03954952913669065
919.5485233314832,-0.034871196907851745
919.7191899983088,-0.03235264164484293
919.8898566651344,-0.027785748455327577
920.06052333196,-0.025067029737987495
920.231189997991,-0.020635948731423954
920.4018566648167,-0.017740324184605354
920.5724999984106,-0.013465853674158272
920.7431666652361,-0.01041334426223628
920.9138333320618,-0.006311807993589993
921.0844999988873,-0.00311939877074263
921.255166665713,0.000792024320607469
921.4258333317439,0.004105905612362703
921.5964999985694,0.007810159720623018
921.7671566653253,0.011228230343558444
921.9378233321507,0.01471165079430554
922.1084899989764,0.018220464767073657
922.2791566642125,0.021469690789629618
922.4498233310381,0.02505339972175513
922.6204899978638,0.028055383022470844
922.7911566646893,0.0317010747246595
922.961823331515,0.03444189828950564
923.1324899983407,0.03813388369260255
923.3031333319346,0.040599707893737715
923.4737999987603,0.04432356483067968
923.644466664791,0.04650137768073051
923.8151333316167,0.05024379389858115
923.9857999984424,0.05212280913195125
924.1564666652679,0.0558719467026551
924.3271233320236,0.05744128822102585
924.4977899988492,0.06118467595389155
924.668456665675,0.062434455344101136
924.8391233317058,0.0661623161635085
925.0097899985315,0.06708525927404244
925.180456665357,0.0707884877671419
925.3511233321826,0.07137727243959903
925.5217899990082,0.07504829844027804
925.6924566642443,0.07529652285370222
925.86312333107,0.07892714658448946
926.033766664664,0.0788263380016434
926.2044333314896,0.08240854695701466
926.3750999983151,0.08195367666635846
926.5457666651407,0.08548111811074326
926.7164333319663,0.08466967008847064
926.8870999979974,0.0881395127103867
927.0577566647529,0.08696989865746292
927.2284233315786,0.09037981626260355
927.3990899984041,0.08885163062569922
927.56975666523,0.09220066945197677
927.7404233320555,0.09031418285115585
927.9110899988812,0.09360124748041755
928.0817466656366,0.09135555373587208
928.2523999977111,0.09457787721182659
928.4230666645368,0.09197315114719663
928.5937333313625,0.09513066616047668
928.764399998188,0.09217041258807912
928.9350666650137,0.09526524387491449
929.1057333310446,0.09195167124170786
929.2763999978703,0.09498506032917536
929.4470666646957,0.09132320731920814
929.6177333315212,0.0942989888599541
929.7883899982771,0.0902928151392935
929.9590566651026,0.09321466673885329
930.1297233319283,0.08886882540825024
930.3003899979592,0.09173993780535883
930.4710566647848,0.08705796152929175
930.6417233316104,0.08988104342583592
930.812389998436,0.08487072915984444
930.98303333203,0.08765136926012482
931.1536999988555,0.08231889476423519
931.3243666656812,0.08506185478725921
931.495033331712,0.07941299420090882
931.6656999977429,0.08212269893175375
931.8363666645686,0.0761641586108837
932.007033331394,0.0788455819102221
932.1776999982197,0.07258512432425251
932.3483666650452,0.07524452917607992
932.5190333310762,0.06868920600903142
932.6896899986268,0.07133193929368538
932.8603566646576,0.06449095823313121
933.0310233314833,0.06712523457768575
933.2016899983088,0.06000877271145604
933.3723566651345,0.0626429444046304
933.5430099987983,0.05526180768615651
933.713666665554,0.05790563260461462
933.8843333323796,0.05027149899489985
934.0549999984107,0.05293488223451122
934.2256666652362,0.045060080615529984
934.3963333320619,0.04775414582972766
934.5669999988874,0.03965204532526794
934.737666665713,0.04238861448050616
934.9083233308793,0.03407274306385374
935.0789899977048,0.03686320017899907
935.2496566645304,0.028346421130867022
935.4203233313561,0.031202316865540963
935.5909899981816,0.02249776233929783
935.7616566650073,0.02543158483742378
935.932323331833,0.01655279053609088
936.1029899986585,0.019576952015309627
936.2736566646894,0.010537361520484014
936.4442999982833,0.013664330881381298
936.614966665109,0.004477675106168658
936.7856333319345,0.007720444104311846
936.9562999987602,-0.001600690358108493
937.1269666655859,0.0017689648518819363
937.2976333324116,-0.007673696983934795
937.4682899983725,-0.004164908722467646
937.6389566651981,-0.01371616026418637
937.8096233320236,-0.010055595911673125
937.9802899988492,-0.01970200132098401
938.1509566656748,-0.015877009591541615
938.3216233309109,-0.025604475588004612
938.4922899977366,-0.021602527982085357
938.6629566645622,-0.031400788274471354
938.8336233313878,-0.027212266129994833
939.0042899982134,-0.037069491750824954
939.1749333318076,-0.03268293777481284
939.345599998633,-0.042587143227529
939.516266664664,-0.03799185947071603
939.6869333314895,-0.04793159974229295
939.8575999983153,-0.0431163666139796
940.0282666651408,-0.053080587191190236
940.1989233318966,-0.048034777616744406
940.3695899987221,-0.05801236318101845
940.5402566655478,-0.052725128430323474
940.7109233323733,-0.062705564384085
940.8815899984041,-0.05716747135910462
941.0522566652298,-0.06714104925336958
941.2229233320553,-0.061343503497008095
941.393589998881,-0.07130066171835583
941.5642566657065,-0.06523458777976081
941.7349133308729,-0.07516627814766302
941.9055666645367,-0.06882262589870114
942.0762333313626,-0.07871992355545039
942.246899998188,-0.07209060009671157
942.4175666650137,-0.08194612469367885
942.5882333318393,-0.0750245041141567
942.7588999986649,-0.08483213132409835
942.9295566646258,-0.07761311538951006
943.1002233314514,-0.08736615670926547
943.270889998277,-0.07984121391267247
943.4415566651027,-0.08953220973261183
943.6122233319281,-0.08169626635144252
943.7828899987538,-0.09132011504358324
943.9535466655095,-0.0831698379874667
944.1241999983788,-0.09272255980920262
944.2948666644095,-0.08425219442518447
944.4655333312352,-0.09372934571375569
944.6361999980606,-0.0849361673913517
944.8068666648866,-0.09433524507991455
944.9775333317123,-0.08521778283352233
945.148199997743,-0.09453668776560231
945.3188666645686,-0.08509393121267252
945.4895333313941,-0.09433057882141198
945.6601899981499,-0.08456198068345316
945.8308566649755,-0.09371546886568773
946.0015233318011,-0.08362090763631566
946.1721899986267,-0.09269002358452308
946.3428566646575,-0.08226992518041676
946.5135233314832,-0.09125480175489904
946.6841766651471,-0.08051071735463168
946.8548333319028,-0.08941424223037289
947.0254999987285,-0.07834953020271512
947.1961666655541,-0.08717325389175345
947.3668333323798,-0.07579028935371436
947.5374999976159,-0.08453651965761229
947.7081666644415,-0.07283917233948793
947.8788333312671,-0.08151178377966907
948.0494999980926,-0.06950514168980758
948.2201666649182,-0.07810816921521277
948.3908333317438,-0.0657987636929342
948.5614899984996,-0.07433796581781277
948.7321566653251,-0.061733165354492275
948.9028233313562,-0.0702154784689527
949.0734899981815,-0.057323518157834714
949.2441566650074,-0.06575849620890593
949.4148099986711,-0.052590120726991575
949.585466665427,-0.06098707399865657
949.7561333322526,-0.0475523321968459
949.9267999990782,-0.055919789406440754
950.0974666651091,-0.04222945034866724
950.2681333319346,-0.05057812455452516
950.4387999987603,-0.03664403220114095
950.6094666655857,-0.04498439081269748
950.7801333324114,-0.030819650749362017
950.9507999976477,-0.039163929655615874
951.1214566644032,-0.02478249102078375
951.2921233312288,-0.03314399386032288
951.4627899980545,-0.01856153981026437
951.6334566648802,-0.02695348336933233
951.8041233317057,-0.01218571002568612
951.9747899985312,-0.020623478334930532
952.1454566645622,-0.00568689687841777
952.3160999981562,-0.01418495464661246
952.4867666649819,0.0009037947678722712
952.6574333318074,-0.007669789351237651
952.8280999986331,0.007553934485454286
952.9987666654588,-0.0011097902514604773
953.1694333322843,0.01423221948221475
953.34008999904,0.005462320721250827
953.5107566650707,0.020904625457140686
953.6814233318964,0.012012848142572913
953.8520899987219,0.0275376092923194
954.0227566655476,0.018508027766484633
954.1934233323733,0.03409691143784855
954.3640899976095,0.024912935644871938
954.5347566644352,0.040547291618697724
954.7054233312607,0.031191935836900206
954.8760799980164,0.046853116961752296
955.0467333316803,0.03731026651937924
955.2173999985059,0.052980382235957864
955.3880666653315,0.04323404919943058
955.5587333313624,0.058895227172155604
955.7293999981879,0.048929564497263864
955.9000666650136,0.06456341541382193
956.0707233317693,0.05436218870163716
956.241389998595,0.0699509018276463
956.4120566654204,0.05949810216671341
956.5827233322461,0.07502465221446583
956.7533899982769,0.06430505783213643
956.9240566651027,0.07975201435195159
957.0947233319282,0.06875063041286039
957.2653899987539,0.08410170010013145
957.4360566655796,0.07280508579402684
957.6067133323352,0.08804485819539863
957.7773666644096,0.07643949915338602
957.9480333312353,0.09155278977988386
958.118699998061,0.07962582511572802
958.2893666648864,0.09459809630144993
958.4600333317121,0.08233741490277438
958.6306999985376,0.09715524741047639
958.8013566652933,0.08455151834532798
958.9720233313243,0.09920390563920545
959.1426899981498,0.08624810271850199
959.3133566649755,0.10072429499996405
959.4840233318012,0.08740805406230803
959.6546899986267,0.10169862064587341
959.8253566654524,0.08801576211533466
959.9960233322779,0.1021135277712815
960.1666899983089,0.0880609122777684
960.3373433311781,0.10196118141351679
960.5079999979337,0.08753733357013672
960.6786666647592,0.10123719763689022
960.849333331585,0.086442141757193
961.0199999984104,0.09993987753472888
961.1906666644414,0.084775667632877
961.3613333312669,0.09807145378627993
961.5319899980228,0.08254245258327857
961.7026566648483,0.09563873709002685
961.873323331674,0.0797508579766113
962.0439899984997,0.09265251759704812
962.2146566653253,0.07641489433006372
962.3853233313561,0.08912983101626853
962.5559899981818,0.07255399923577706
962.7266566650072,0.08509180601217074
962.8973233318329,0.06819061736256868
963.0679766654969,0.08056283914375499
963.2386333322526,0.06335057091011166
963.4092999990783,0.07557036460661629
963.5799666643143,0.05806277571510451
963.75063333114,0.07014427857530955
963.9212999979654,0.052358376221795434
964.0919666647911,0.06431800815366046
964.2626233315466,0.04627275972830029
964.4332899983725,0.05812793835129872
964.6039566651982,0.03984371079189482
964.7746233312289,0.05161393089305412
964.9452899980546,0.03311296606897996
965.1159566648801,0.04481944436244985
965.2866233317058,0.026125114775203403
965.4572899985312,0.037790052337220874
965.6279566653569,0.018926447998443383
965.798623331388,0.030572325396604233
965.9692666657766,0.011563998189948337
966.1399333318074,0.023214206521174417
966.310599998633,0.004086768230941999
966.4812666654586,0.01576549627177859
966.6519333322843,-0.0034549094249809596
966.82259999911,0.008277400009486286
966.9932566642761,-0.011009164210980379
967.1639233311016,0.0008022383370997743
967.3345899979274,-0.01852354580808244
967.505256664753,-0.00660750025445255
967.6759233315786,-0.025945276215036624
967.8465899984042,-0.013898788311728291
968.0172566652298,-0.03322249753012338
968.1879233312608,-0.021020337358378237
968.3585899980862,-0.040303491982959294
968.5292466648419,-0.027920771946776776
968.6998999985059,-0.0471383243688639
968.8705666653316,-0.03455148370316388
969.0412333321572,-0.053679203332229766
969.2118999989829,-0.04086530458758552
969.3825666650137,-0.059879696681669516
969.5532333318394,-0.04681663423662768
969.723889998595,-0.06569533592602615
969.8945566654205,-0.05236283400825597
970.0652233322462,-0.07108542705230751
970.2358899990717,-0.057464304053679444
970.4065566643079,-0.07601153604276156
970.5772233311334,-0.06208379971192036
970.7478899979591,-0.08043735932107235
970.9185566647848,-0.06618664821783442
971.0892233316105,-0.08433104902307574
971.2598799983659,-0.06974387583459271
971.4305333320299,-0.08766487407888815
971.6011999980608,-0.07272939779698176
971.7718666648864,-0.09041533066339885
971.9425333317122,-0.07512159743129475
972.1131999985377,-0.09256260799617773
972.2838666653633,-0.07690304411004512
972.454523332119,-0.0940923087807145
972.6251899989445,-0.07806136941149854
972.7958566649755,-0.09499383952363673
972.966523331801,-0.07858843010760448
973.1371899986267,-0.09526122030995356
973.4716999991736,-0.07848061050727155
973.6833233308793,-0.09489394883357037
973.8539899977047,-0.07774072999928133
974.0246433313687,-0.09389693315994176
974.1952999981244,-0.07637508959299887
974.3659666649501,-0.09227892150127852
974.5366333317758,-0.07439536234911498
974.7072999986012,-0.09005369045319178
974.8779666654269,-0.07181751198006346
975.048623331388,-0.08724021660359231
975.2192899982134,-0.06866307823874768
975.3899566650391,-0.08386181075973478
975.5606233318647,-0.06495748233149606
975.7312899986903,-0.07994595296618534
975.9019566655159,-0.06073085510819574
976.0726233323414,-0.07552589669516487
976.2432899983723,-0.05601884092289279
976.413956665198,-0.07063878495130593
976.5846233320237,-0.050859617762195795
976.7552766648929,-0.06532466328938318
976.9259333316486,-0.04529612922216347
977.0965999976794,-0.05962810768105505
977.2672666645051,-0.03937423265603214
977.4379333313307,-0.05359726570456925
977.6085999981563,-0.033145153343798944
977.7792666649818,-0.04728616781051831
977.9499233317374,-0.026665192635138453
978.1205899985631,-0.04075162975057714
978.2912566645939,-0.019990864712296844
978.4619233314197,-0.03405077557554671
978.6325899982452,-0.013179748287971405
978.8032566650709,-0.027240552047527098
978.9739233318963,-0.006288772640320508
979.1445899987223,-0.02037789670116911
979.3152566655477,0.0006250063245037607
979.4859133323034,-0.01351931859250373
979.6565666643779,0.007506081203182176
979.8272333312034,-0.0067199048915053275
979.9978999980291,0.014298908553245575
980.1685666648548,-3.5630601438257e-05
980.3392333316802,0.020947487635531017
980.5098999977112,0.006477942115385115
980.6805566652616,0.027397247501215673
980.8512233312925,0.012767606930967143
981.021889998118,0.033596338195656335
981.1925566649436,0.018782779364890683
981.3632233317694,0.03949506900998451
981.5338899985949,0.0244752963449745
981.7045566646259,0.045047416157537615
981.8752233314515,0.029800600937316055
982.0458899982771,0.05021039056123277
982.2165466650328,0.03471772789916555
982.3871999986966,0.0549446553479402
982.5578666655223,0.03918926962368741
982.7285333323478,0.059214970133412016
982.8991999983788,0.04318204805408761
983.0698666644096,0.06298999637043547
983.2405333312352,0.04666677954910886
983.411189997991,0.06624246546304909
983.5818566648165,0.049618674287929064
983.7525233316421,0.06894987773840228
983.9231899984677,0.05201742635716224
984.0938566652934,0.07109380824562649
984.2645233313244,0.05384688085394085
984.4351899981499,0.07266015198094519
984.6058566649756,0.055095066078864725
984.7765233318011,0.07363945975246668
984.947166665395,0.05575517872461851
985.1178333322207,0.07402730801445136
985.2884999990463,0.055825573235505896
985.4591666650771,0.0738247505322454
985.629833331903,0.05531017477693948
985.8004999987285,0.07303860817307689
985.9711666655542,0.05421836113845407
986.1418233323096,0.07168063555144977
986.3124899975459,0.05256395515755233
986.4831566643716,0.06976702971962856
986.653823331197,0.0503654684249423
986.8244899980227,0.06731847427086547
986.9951566648484,0.04764619678492222
987.1658233316739,0.0643611701262282
987.3364899984996,0.04443523285259572
987.5071566653253,0.06092620395624416
987.6778099981944,0.040765145633194465
987.8484666649501,0.057047697850756945
988.0191333317756,0.036671811362499133
988.1897999986013,0.05276359640074608
988.3604666654268,0.03219492946143499
988.5311333322525,0.04811517081858836
988.7017999990782,0.02737676719159312
988.8724666651091,0.043145365812744155
989.0431333319345,0.02226161161987476
989.2137999987602,0.03789983900725042
989.3844566655159,0.016895965556214927
989.5551233323415,0.03242642869323829
989.7257899975777,0.011328556395972453
989.8964566644032,0.026774445046397546
990.0671233312289,0.005609414447864218
990.2377899980545,0.020994412523178116
990.4084433317184,-0.00021080732172981656
990.579099998474,0.015137048751345706
990.7497666652998,-0.006081131652088955
990.9204333313306,0.009253377046311151
991.0910999981563,-0.011951073695566949
991.2617666649818,0.00339313221335967
991.4324333318076,-0.017770689644672235
991.6030999986331,-0.0023933710922727333
991.7737666654588,-0.02349001454668598
991.9444333322842,-0.008056358315865425
992.11508999904,-0.02905987193332325
992.2857566650707,-0.013547807867025695
992.4564233318964,-0.03443278819022199
992.6270899987221,-0.018820275422186068
992.7977566655476,-0.03956141416360557
992.9684233323733,-0.02382662037701736
993.1390799975394,-0.04440004623639417
993.3097333312035,-0.028523428717223995
993.4803999980289,-0.04890708875688136
993.6510666648549,-0.0328702984345712
993.8217333316803,-0.053043624659992475
993.992399998506,-0.03683005066251926
994.1630666653316,-0.05677455250429693
994.3337333313624,-0.04036924709100946
994.5043999981881,-0.060068084152284554
994.6750666650136,-0.04345801840549963
994.8457233317692,-0.06289650389495781
995.016389998595,-0.046070684365561915
995.1870566654204,-0.06523662490830916
995.3577233322461,-0.04818617822510331
995.5283899982771,-0.06706834525463659
995.6990566651026,-0.04978573923899178
995.8697133318583,-0.06837562287290948
996.0403666647275,-0.050855930022401095
996.2110333315529,-0.06914764060692646
996.3816999983788,-0.05138883996519822
996.5523666644096,-0.0693788032432672
996.7230333312352,-0.05138044017945827
996.8936999980609,-0.06906709106096069
997.0643666648864,-0.05083148473065329
997.2350333317121,-0.06821599753505407
997.4056999985378,-0.04974770638783444
997.5763566652934,-0.06683350887552857
997.7470233313243,-0.04813923315471558
997.9176899981497,-0.06493209708319991
998.0883566649754,-0.046020890033445665
998.2590233318011,-0.06252851994404107
998.4296899986266,-0.04341206200854283
998.6003333322208,-0.05964532638724601
998.7709999990464,-0.04033734170789043
998.9416666642825,-0.05630850528627325
999.1123333311082,-0.03682473838714394
999.2829999979338,-0.05254863301332119
999.4536666647593,-0.03290636915601294
999.6243333315849,-0.048398803346208996
999.7949999984105,-0.028616823135625823
999.9656666644414,-0.043895213234380434
1000.1363333312671,-0.023992969932779704
1000.4844799987475,-0.039074574009673124
1000.9213899985949,-0.01907289317526599
1001.0920566646258,-0.03397754506816141
1001.2627233314513,-0.01389875474158021
1001.433389998277,-0.028646678716135365
1001.6040566651027,-0.0085135589606813
1001.7747233319282,-0.023125679683823876
1001.9453666655223,-0.002961329575859735
1002.1160333323478,-0.01745892714314367
1002.2866999983787,0.002713013917266059
1002.4573666644097,-0.011691704372016049
1002.6280333312354,0.00846415607357248
1002.7986999980609,-0.005869579298187461
1002.9693666648866,0.01424652888261759
1003.140023331642,-3.790939199746992e-05
1003.3106899984678,0.0200149650942688
1003.4813566652934,0.005758257036842314
1003.6520233313242,0.025724895253596183
1003.8226899981498,0.011474364127860456
1003.9933566649754,0.03133125666121016
1004.164023331801,0.017066030760494916
1004.3346899986267,0.036791188524573165
1004.5053566646575,0.02249130195433335
1004.6759999990463,0.04206314821345987
1004.8466666650772,0.027708902206570192
1005.0173333319029,0.04710682384740425
1005.1879999987284,0.032680049783978996
1005.3586666655541,0.05188462291218936
1005.5293333323796,0.037368652761467586
1005.6999999976158,0.05636250427089054
1005.8706566643716,0.041742273400167854
1006.0413233311971,0.06050881401883576
1006.2119899980228,0.045770234049094756
1006.3826566648482,0.06429450132198725
1006.553323331674,0.049425645377229266
1006.7239899984994,0.0676953271123802
1006.8946566653252,0.05268632817321516
1007.065323331356,0.07069055482156983
1007.2359899981817,0.055533017569444586
1007.4066333317758,0.0732628173233838
1007.5772999986013,0.05795052749199388
1007.7479666654268,0.07539877216677861
1007.9186333322525,0.05992716393435288
1008.0892999990781,0.07708894850626302
1008.2599666651089,0.06145556895966115
1008.4306333319346,0.07832768943795522
1008.6012999987603,0.06253172634028671
1008.771966665586,0.079112187884711
1008.9426233323414,0.06315434719155115
1009.1132899975777,0.07944319043174539
1009.2839566644034,0.0633261226290955
1009.4546233312288,0.07932559402134778
1009.6252899980543,0.06305359794997618
1009.7959566648802,0.07876746568816641
1009.9666233317059,0.06234628527803312
1010.1372666652999,0.0777799602547204
1010.3079333313306,0.06121692112497379
1010.4785999981563,0.07637712264359263
1010.649266664982,0.05968110751956948
1010.8199333318074,0.07457601941008858
1010.9905999986331,0.05775731930178733
1011.1612666654586,0.07239647418871144
1011.3319333322843,0.05546570702689718
1011.5025999991097,0.06985916672943095
1011.6732566650708,0.05282843825634354
1011.8439233318965,0.06698800837808294
1012.0145899987222,0.04987039725787039
1012.1852566655477,0.0638083933089205
1012.3559233323733,0.046618232909219286
1012.5265899976093,0.06034904005379707
1012.6972566644351,0.04310093145363285
1012.8679233312607,0.05663891676924074
1013.0385899980863,0.03934828140520994
1013.2092566649119,0.052708450467977494
1013.3798999985058,0.0353908013273493
1013.5505666653314,0.04858834988764265
1013.7212333313624,0.03125938953547002
1013.8918999981881,0.044309808919426104
1014.0625666650136,0.026985481870246998
1014.2332333318393,0.03990459932649073
1014.4038999986649,0.022600563584004273
1014.5745566654207,0.03540347515422567
1014.7452233322462,0.01813526878039374
1014.9158899982771,0.030837129922699807
1015.0865566651028,0.013619810572296559
1015.2572233319282,0.02623500313906132
1015.4278899987539,0.009082621525620664
1015.5985566655794,0.02162507353697986
1015.7692233324051,0.0045515635947421
1015.9398899976411,0.01703477990435426
1016.1105466643969,5.382403868319328e-05
1016.2811999980607,0.01249167199042946
1016.4518666648864,-0.004383551945842768
1016.6225333317121,0.008021250167689927
1016.7931999985376,-0.00873648281111663
1016.9638666653634,0.0036462498658049528
1017.1345333313941,-0.012983451843489424
1017.3051899981499,-0.0006122486475826532
1017.4758566649756,-0.017104490638539225
1017.6465233318011,-0.004735571289104573
1017.8171899986268,-0.021081578638486018
1017.9878566654522,-0.008706707883099653
1018.1585233322779,-0.024899446619979757
1018.3291899983087,-0.012511611556011522
1018.4998566651344,-0.02854447850103609
1018.6705233319601,-0.016137599164109895
1018.8411666647595,-0.032005283827901986
1019.0118333315847,-0.019574143965158827
1019.1824999984107,-0.035273104582113086
1019.3531666644415,-0.022814087724562965
1019.523833331267,-0.03834139720990458
1019.6944999980926,-0.025851553615447085
1019.8651666649182,-0.04120557891051732
1020.0358333317439,-0.028683880688658243
1020.2064999985696,-0.04386408696544303
1020.3771666653951,-0.031309831485172496
1020.5478233313561,-0.04631776503502149
1020.7184899981816,-0.033732301076003106
1020.8891566650072,-0.04857006271036853
1021.059823331833,-0.03595485355658938
1021.2304899986584,-0.05062481068775998
1021.4011566654842,-0.03798211767456613
1021.571799999078,-0.052487542739344306
1021.7424666643143,-0.03982020560880661
1021.9131333311398,-0.05416466983645736
1022.0837999979655,-0.04147599106964748
1022.2544666647912,-0.055664101225226977
1022.4251333316167,-0.04295779588159784
1022.5957999976475,-0.056995023404539026
1022.7664666644732,-0.044276920365209506
1022.9371333312989,-0.05816964718196092
1023.1077899980544,-0.04544483524681595
1023.2784566648801,-0.05919886980954537
1023.4491233317058,-0.04647221535603873
1023.6197899985312,-0.060093561840306266
1023.7904566653569,-0.047370042861247096
1023.9611233313879,-0.06086441427003445
1024.1317899982137,-0.048148621868516754
1024.302456665039,-0.061521561279045685
1024.4731233318648,-0.04881820993279167
1024.6437899986902,-0.062075683543861754
1024.8144433323541,-0.04939003441812244
1024.98509999911,-0.06253730944875363
1025.1557666643462,-0.04987305250894997
1025.3264333311715,-0.06291531923664712
1025.4970999979973,-0.050276448701893635
1025.6677666648227,-0.06321814191031443
1025.8384333316485,-0.05060775718853761
1026.0090999976794,-0.0634524086354255
1026.179766664505,-0.05087315537440647
1026.3504333313306,-0.0636244852809102
1026.5210899980862,-0.051078706684248194
1026.6917566649122,-0.06373986287971715
1026.8624233317373,-0.0512284212116363
1027.0330899985631,-0.06380183623971529
1027.2037566645943,-0.05132475986730408
1027.3744233314196,-0.06381174008215233
1027.5450799981754,-0.05136826050896058
1027.7157333318394,-0.06376979762895578
1027.8863999986647,-0.051358289190494524
1028.0570666654905,-0.06367392007701293
1028.227733332316,-0.05129173097963204
1028.398399999142,-0.06352055420688987
1028.569066664378,-0.0511650125959081
1028.7397333312035,-0.06330542231015485
1028.9103999980293,-0.050972905100746854
1029.0810666648547,-0.06302280677065761
1029.2517233316103,-0.050708623024556365
1029.4223899984358,-0.06266495365423598
1029.5930566652617,-0.050363811052012625
1029.7637233312923,-0.062222527514414254
1029.9343899981181,-0.04992823031386125
1030.1050566649435,-0.061684347907746254
1030.2757233317693,-0.049389727285711844
1030.446389998595,-0.061037574396786476
1030.6170566646258,-0.048735411185766
1030.787713332176,-0.060269943314179134
1030.9583666650456,-0.04795199815351754
1031.129033331871,-0.059365439398502376
1031.2996999986967,-0.04702224555491155
1031.4703666655223,-0.058307046396827635
1031.641033332348,-0.04592917266487867
1031.8116999983788,-0.057077185150322035
1031.98235666434,-0.04465509678253031
1032.1530233311653,-0.0556583473407456
1032.323689997991,-0.043181968791339495
1032.4943566648167,-0.054032840901394624
1032.6650233316423,-0.04149281777338154
1032.8356899984678,-0.05218400855838736
1033.0063566652934,-0.03957086280060053
1033.1770233313243,-0.05009520619177811
1033.34768999815,-0.037399698758363076
1033.5183433318139,-0.04775089568256396
1033.6889999985694,-0.03496417616972209
1033.859666665395,-0.04513613181951117
1034.0303333322206,-0.03225014819016886
1034.2009999990464,-0.04223771090206782
1034.3716666650773,-0.02924526778051243
1034.5423333319031,-0.03904448106408012
1034.7129999987285,-0.025939532441411336
1034.883666665554,-0.03554782036671279
1035.0543333323799,-0.022325484533635528
1035.2249999976157,-0.03174061314472676
1035.3956566643715,-0.018396749247589068
1035.566323331197,-0.027617824229147495
1035.7369899980226,-0.014149353309873224
1035.9076566648482,-0.023177565145872246
1036.0783233316738,-0.009583061434417183
1036.2489899984998,-0.0184205295985819
1036.419656665325,-0.004700413808410065
1036.590323331356,-0.013350246181451636
1036.7609899981815,0.0004947572399785918
1036.9316333317756,-0.007972528592701622
1037.1022999986012,0.00599377993950243
1037.272966665427,-0.0022983674512874813
1037.4436333322526,0.01178411519446154
1037.6142999990782,0.00365812293458904
1037.784966665109,0.017850850179518443
1037.9556233318647,0.009881322466148203
1038.1262899986903,0.02417631925555121
1038.2969566655158,0.016350974841137882
1038.4676233323414,0.030738187704691954
1038.6382899975774,0.023043016957514848
1038.8089566644032,0.037510442721630725
1038.9796233312288,0.029930352415137685
1039.1502899980546,0.04446410775835936
1039.3209566648802,0.03698143066062582
1039.4916233317058,0.051565696579867135
1039.6622666652997,0.04416120156691871
1039.8329333313307,0.058778514841293004
1040.0035999981562,0.05143169958520077
1040.174266664982,0.06606409072887336
1040.3449333318076,0.05875277214797044
1040.5155999986332,0.07337975351379941
1040.6862666654588,0.0660799650745581
1040.8569333322844,0.08067900601549657
1041.02759999911,0.07336396603840473
1041.1982566650709,0.08791199801840435
1041.3689233318964,0.08055812177097305
1041.539589998722,0.09503286284101851
1041.7102566655476,0.0876126171375867
1041.8809233323732,0.10198889097321606
1042.0515899976094,0.09447478192332606
1042.2222566644352,0.10872747024582244
1042.3929233312606,0.10109133384116181
1042.5635899980862,0.1151945868252035
1042.7342566649118,0.10740820874467195
1042.904899998506,0.12133691396183731
1043.0755666653313,0.11337230155567798
1043.2462333313624,0.127101252182546
1043.416899998188,0.11893055250444944
1043.5875666650138,0.13243588705877735
1043.7582333318394,0.12403284253119724
1043.928889998595,0.13729007577892494
1044.0995566654206,0.12862700425965434
1044.2702233322461,0.14161246872161204
1044.4408899982768,0.1326637478665884
1044.6115566651026,0.14535597610803214
1044.7822233319282,0.13609647615271994
1044.952889998754,0.14847340320481417
1045.1235566655796,0.1388784715770857
1045.2942233324052,0.1509189491248866
1045.4648899976414,0.1409643691758796
1045.6355333312354,0.1526497821302004
1045.806199998061,0.14231325294225963
1045.9768666648865,0.15362551884574155
1046.147533331712,0.14288683937534302
1046.3181999985377,0.15381125864484163
1046.4888666653633,0.1426526812303045
1046.6595333313944,0.1531762458465968
1046.8301999982198,0.14158134204323933
1047.0008666650454,0.1516935068771406
1047.171533331871,0.13964929169968973
1047.3421899986267,0.14934129451484712
1047.5128566654525,0.136837001524689
1047.6835233322777,0.14610307791559965
1047.8541899983088,0.1331313137100577
1048.0248566651344,0.14196857363203755
1048.19552333196,0.12852415057034366
1048.3661899987858,0.13693411449236056
1048.5368566656111,0.12301577808722555
1048.7075233316423,0.13100164486845164
1048.8781666644413,0.11661004090232543
1049.048833331267,0.12417880058872753
1049.2194999980925,0.10931871228914752
1049.3901666649185,0.11648143544157075
1049.5608333317439,0.10115984794587732
1049.7314999985697,0.10792990384094352
1049.9021666653953,0.09215750584293401
1050.072823331356,0.09855297350225513
1050.2434899981815,0.08234473898848074
1050.4141566650073,0.08838634350971555
1050.5848233318327,0.07176033214942
1050.7554899986585,0.0774719054951365
1050.926156665484,0.06044999125095426
1051.0968233323097,0.06585816592259011
1051.2674899983406,0.048462973634983794
1051.4381566651664,0.05359641744141943
1051.6087999979657,0.03585570649947384
1051.779466664791,0.04074729118769843
1051.950133331617,0.02269098193342078
1052.1207999976475,0.02737529031525795
1052.2914666644733,0.009036646906500405
1052.4621333312987,0.013551618748868701
1052.6327999981245,-0.005034885098761278
1052.80346666495,-0.000649996832309913
1052.9741333317756,-0.01944698121342374
1053.1447899985312,-0.015148933995551209
1053.315456665357,-0.0341159117440619
1053.4861233313877,-0.02985884665421898
1053.6567899982133,-0.04895474606166567
1053.8274566650389,-0.04469229701440431
1053.9981233318645,-0.06387443826551698
1054.1687899986905,-0.05955876932999073
1054.3394566655159,-0.07878314141499759
1054.5101233323417,-0.0743663513380095
1054.6807899983723,-0.09358846165189098
1054.8514433312416,-0.08902151033109598
1055.0220999979972,-0.1081955199304684
1055.192766664823,-0.10342858500980916
1055.3634333316484,-0.1225094505088008
1055.5340999976795,-0.11749251705836945
1055.704766664505,-0.13643435865788064
1055.8754333313307,-0.1311183654622634
1056.0460999981563,-0.14987658863818737
1056.2167666649818,-0.14421221075007007
1056.3874333318074,-0.16274378833745043
1056.558089998563,-0.15668342844171612
1056.7287566645941,-0.17494568425338933
1056.8994233314195,-0.16844209723255096
1057.0700899982453,-0.18639240220486675
1057.240756665071,-0.17939963263446584
1057.4114233318965,-0.19699865137791622
1057.5820899987223,-0.18947438209052714
1057.7527566655476,-0.20668422713675824
1057.9234233323734,-0.19858820042590852
1058.094079998334,-0.21537374418618327
1058.2647333312034,-0.2066686259291092
1058.435399998029,-0.22299748649441611
1058.6060666648548,-0.21364844111547104
1058.7767333316804,-0.22949040003730792
1058.9473999977113,-0.21946521524822432
1059.1180666645369,-0.2347945856689747
1059.2887233312927,-0.22406526017544207
1059.459389998118,-0.23886143689493616
1059.6300566649436,-0.22740460829368614
1059.8007233317692,-0.24164938876606532
1059.971389998595,-0.22944517708110929
1060.142056664626,-0.2431253556916986
1060.3127233314515,-0.23016008235012633
1060.483389998277,-0.243267973123901
1060.6540566651026,-0.22953269516310848
1060.8247133318582,-0.24206523989389325
1060.9953666655224,-0.22755596203038522
1061.1660333323478,-0.2395143387738497
1061.3366999983787,-0.22423319371663472
1061.5073666644096,-0.2356230789616993
1061.6780333312352,-0.21957556323578561
1061.848699998061,-0.23040794646988003
1062.0193666648863,-0.21360735826340196
1062.1900333317121,-0.22389920342168093
1062.360699997743,-0.206360868478936
1062.5313566652935,-0.2161286190665684
1062.7020233313242,-0.19787085790606254
1062.8726899981498,-0.20713608662238464
1063.0433566649754,-0.18818057025072538
1063.2140233318012,-0.19696632950029788
1063.3846899986268,-0.17733788226687738
1063.5553566646577,-0.1856713073891198
1063.7260233314832,-0.16539854555098188
1063.8966899983088,-0.1733090121081611
1064.0673433319728,-0.15242263780930493
1064.2379999987284,-0.15994206219312052
1064.4086666655542,-0.1384768211749533
1064.57933333238,-0.14564153672401256
1064.7499999976158,-0.12363676720892006
1064.9206666644416,-0.1304879670104195
1065.091333331267,-0.10798820040863412
1065.2619999980925,-0.11457027449107496
1065.432666664918,-0.09162356088318287
1065.603333331744,-0.09798394623605533
1065.7739999977748,-0.07463948172960794
1065.944656665325,-0.08082482732832935
1066.115323331356,-0.05713264187326183
1066.2859899981818,-0.06319100462519475
1066.4566566650071,-0.039201811243552875
1066.627323331833,-0.04518168841189524
1066.7979899986583,-0.020946164937066556
1066.9686566646894,-0.026896766138868138
1067.139323331515,-0.002467007121186947
1067.3099899983406,-0.008438949413125068
1067.4806333319345,0.016132456909031787
1067.6512999987604,0.010088133657556187
1067.821966665586,0.03474791891669617
1067.9926333324115,0.028579850525620638
1068.1632999976475,0.05327428461287978
1068.333966664473,0.04693095978420985
1068.504633331299,0.07160628585090421
1068.6752999981243,0.06503597204445255
1068.84596666495,0.0896371378151366
1069.0166233317057,0.08278522468648336
1069.1872899985315,0.10725429698880555
1069.3579566645626,0.10006549917136445
1069.5286233313877,0.12434502125447021
1069.6992899982135,0.11676609942734933
1069.869956665039,0.14080087725008725
1070.040623331865,0.13277979445893706
1070.21128999869,0.1565173271984206
1070.3819566647212,0.14800684347858292
1070.5526233315468,0.17139567405955994
1070.7232766652107,0.16234661789966304
1070.8939333319663,0.18533463925804636
1071.064599998792,0.17569984298109345
1071.2352666656175,0.19823745593717962
1071.4059333324433,0.18797394801940306
1071.5765999976793,0.2100176024363463
1071.7472666645049,0.1990897214273115
1071.9179333313307,0.22060260516173574
1072.088599998156,0.2089805790465347
1072.259266664982,0.2299308898259886
1072.4299233317374,0.21759012624382154
1072.600589998563,0.2379509868477969
1072.7712566645941,0.2248719456571577
1072.9419233314195,0.24462225129404322
1073.1125899982453,0.23079063485485785
1073.283256665071,0.24991433631697285
1073.4539233318965,0.23532104400070317
1073.6245899979274,0.2538069783339529
1073.795256664753,0.2384475374907966
1073.9659133315085,0.25628907144045254
1074.1365666651727,0.24016380594950634
1074.3072333319983,0.25735919874911234
1074.4778999988237,0.24047355099756829
1074.6485666656495,0.2570260286869643
1074.819233332475,0.23938997652207286
1074.9898999977113,0.25530706355386396
1075.1605666645366,0.23693491343835393
1075.3312333313625,0.2522285910342414
1075.501899998188,0.23313894108498281
1075.6725566649436,0.24782564652066263
1075.8432233317694,0.22804116818676137
1076.0138899985948,0.24214157293169547
1076.1845566646257,0.22168889109638296
1076.3552233314515,0.2352276143028226
1076.525889998277,0.21413703615291915
1076.6965566651027,0.2271423559844708
1076.8672233319282,0.20544735093255867
1077.0378899979592,0.21795251893441647
1077.2085466655094,0.19569361197145982
1077.3791999983787,0.2077355418065438
1077.5498666652043,0.18495161200317026
1077.72053333203,0.19656756865068362
1077.8911999988554,0.1733001420711819
1078.0618666656812,0.18452967687688995
1078.232533331712,0.16082237044965744
1078.403199997743,0.17170706607896447
1078.5738666645686,0.1476052110926528
1078.7445333313942,0.1581883926679141
1078.9151899981498,0.13373888401320308
1079.0858566649754,0.14406506653252169
1079.256523331801,0.11931578321369089
1079.4271899986268,0.1294302702501655
1079.5978566646577,0.10442963039712623
1079.7685233314833,0.11437845437739613
1079.9391899983088,0.08917533803175337
1080.1098566651344,0.09900511070726101
1080.28052333196,0.07364865349794596
1080.4511766648295,0.08340624845411052
1080.6218333323795,0.05794541385913976
1080.7924999984107,0.06767755122792042
1080.9631666652363,0.042160858029967926
1081.1338333320618,0.05191363708395566
1081.3044999988874,0.02638870255504782
1081.475166665713,0.03620752677643876
1081.645833330949,0.010721048882239936
1081.8164999977748,0.020650211257802222
1081.9871666646002,-0.004752586527459915
1082.157833331426,0.005329646435206851
1082.3284899981816,-0.019946048847957993
1082.4991566650074,-0.00966988075623347
1082.669823331833,-0.034776831184591364
1082.8404899986585,-0.024267713711411
1083.0111566646895,-0.049166358917914994
1083.181823331515,-0.03838742743924168
1083.3524899983408,-0.06304055177174689
1083.5231566651662,-0.05195742039038001
1083.693823331992,-0.07633032295671718
1083.8644666655857,-0.06491109073351473
1084.0351333324113,-0.08897182834107968
1084.2057999984422,-0.07718717873411823
1084.376466665268,-0.10090670398034945
1084.5471333320936,-0.0887302795392691
1084.7177999989192,-0.11208261057363521
1084.888466665745,-0.09949097065411157
1085.0591333309808,-0.12245343206523072
1085.2297999978066,-0.10942636689770824
1085.4004566645622,-0.13197921549586472
1085.571123331388,-0.11849970405861832
1085.7417899982133,-0.14062644963092205
1085.9124566650391,-0.12668068428972906
1086.0831233318645,-0.1483680299085083
1086.2537899978956,-0.1339452904007454
1086.424456664721,-0.15518333651608102
1086.5951233315468,-0.14027605058670276
1086.7657899983724,-0.16105836416376482
1086.936456665198,-0.1456620508623733
1087.1071099988621,-0.16598530799773376
1087.2777666656177,-0.1500985527324801
1087.448433332443,-0.16996234772138957
1087.6190999984742,-0.15358681175001732
1087.7897666652996,-0.17299367699077337
1087.9604333321254,-0.15613398800979356
1088.131099998951,-0.1750889952167564
1088.3017666657765,-0.1577525354178296
1088.4724333310128,-0.1762638466417638
1088.6430999978381,-0.15846089728855148
1088.8137566645942,-0.1765392049771109
1088.9844233314195,-0.15828233784390877
1089.1550899982453,-0.17594061528142366
1089.3257566650707,-0.1572451947827854
1089.4964233318965,-0.17449850997208605
1089.6670899979276,-0.15538214420837146
1089.8377566647528,-0.17224778792599252
1090.0084233315786,-0.15273013736918833
1090.1790899984044,-0.16922764818319028
1090.34974666516,-0.14933002701937564
1090.520399998824,-0.16548067776925215
1090.6910666656495,-0.14522603323421115
1090.8617333316802,-0.16105281925051326
1091.032399998506,-0.14046545657183146
1091.2030666653313,-0.15599249008329066
1091.3737333321574,-0.13509784528909324
1091.5443999989827,-0.15035040172562902
1091.7150666658085,-0.12917492417784832
1091.8857333310448,-0.144178920128045
1092.0563899978001,-0.12274955803304927
1092.2270566646257,-0.13753162670215202
1092.3977233314513,-0.11587602920777158
1092.568389998277,-0.13046311565808308
1092.7390566651027,-0.10860896692739108
1092.9097233319285,-0.12302775286145608
1093.080389997959,-0.10100309098183155
1093.2510566647848,-0.11528006684646222
1093.4217233316103,-0.09311267239841393
1093.5923799983661,-0.10727440508612301
1093.7630333320299,-0.08499221040814657
1093.9336999988557,-0.09906468366174835
1094.104366665681,-0.07669530995027965
1094.2750333317122,-0.09070391732090731
1094.4456999985377,-0.06827405919930046
1094.6163666653633,-0.08224347421466015
1094.7870333321891,-0.059779474409844824
1094.9576999990145,-0.07373317354897209
1095.1283666650456,-0.051259988028137624
1095.2990233310065,-0.06522044400831882
1095.4696899978321,-0.042762244001616566
1095.6403566646577,-0.05675070887420487
1095.8110233314833,-0.03433062015427331
1095.9816899983089,-0.0483672320405944
1096.1523566651344,-0.026006841382602387
1096.32302333196,-0.04011062020757833
1096.493689997991,-0.01783052162070596
1096.6643566648165,-0.0320188799869595
1096.8350099984805,-0.009837945726865213
1097.005666665236,-0.024126796619262793
1097.1763333320619,-0.002062296829847361
1097.3469999988874,-0.016466558651694167
1097.517666665713,0.005465786282415795
1097.688333331744,-0.00906563137481323
1097.8589999985695,0.012721495762510159
1098.0296666653953,-0.0019477066407967809
1098.200333332221,0.019682267660313904
1098.3709999990465,0.004865955390583368
1098.5416666642825,0.026328532238441796
1098.712323331038,0.011357317354856953
1098.8829899978637,0.03264390596180506
1099.0536566646892,0.017511545302851518
1099.2243233315153,0.038614654168365126
1099.3949899983404,0.023316596360948846
1099.5656566651664,0.04423076229211372
1099.7363233319916,0.028763858958290353
1099.9069899980227,0.049485374755827816
1100.0776566648485,0.033847867363560755
1100.2482999984425,0.054373791862485484
1100.418966665268,0.038565543430498256
1100.5896333320936,0.058894499631514885
1100.760299998919,0.04291620470324201
1100.9309666657448,0.06304811116595971
1101.1016333317755,0.04690146789308591
1101.2722999986013,0.06683737901701618
1101.4429666654269,0.05052600833047157
1101.6136333322524,0.0702683135450066
1101.784289999008,0.053796128153700926
1101.9549566642443,0.0733472798754716
1102.12562333107,0.05671834009138238
1102.2962899978957,0.0760815083440453
1102.4669566647212,0.059300852798169
1102.637623331547,0.07847981355437846
1102.8082899983724,0.061552918845042805
1102.978956665198,0.08055141510492705
1103.1496233312287,0.063483658653162
1103.3202899980545,0.08230628044352788
1103.49095666488,0.06510432343452856
1103.6616233317059,0.08375696937753156
1103.8322899985312,0.06642819425212376
1104.0029433321954,0.08491651420004734
1104.173599998951,0.06746719386747696
1104.3442666657766,0.08579642603485599
1104.5149333318075,0.06823366758374073
1104.685599998633,0.08640942062853449
1104.8562666654586,0.06873999903312436
1105.0269333322844,0.08676792345561107
1105.19759999911,0.06899925428311701
1105.368266664346,0.0868854800785975
1105.5389333311716,0.06902452094402264
1105.7095899979272,0.08677419534812555
1105.880256664753,0.0688274668566239
1106.0509233315784,0.08644585892282788
1106.2215899984044,0.06841969687552617
1106.3922566652298,0.08591136293297702
1106.5629233312607,0.06781133281953354
1106.7335899980862,0.0851803839807876
1106.9042566649118,0.0670120456792879
1107.0749233317374,0.08426260212572231
1107.2455799984932,0.06603083807674438
1107.4162333321572,0.08316651436790974
1107.5868999989827,0.06487592772141791
1107.7575666650137,0.08189971638364424
1107.9282333318392,0.06355455136322918
1108.098899998665,0.08046907731652586
1108.2695666654904,0.06207313778246235
1108.4402333323162,0.07888090747932497
1108.6108999991416,0.06043806035046218
1108.7815666643778,0.07714161606042562
1108.9522233311334,0.0586547871301972
1109.1228899979592,0.0752556232543422
1109.2935566647848,0.056727148476703744
1109.4642233316104,0.07322648693376038
1109.6348899984362,0.05465901153237425
1109.8055566652615,0.07105786330508997
1109.9762233312927,0.05245320948141651
1110.146889998118,0.06875258819670507
1110.3175566649436,0.05011269403276112
1110.4882233317692,0.06631341819842736
1110.6588666653631,0.04763998185471787
1110.829533332189,0.06374264608146267
1111.0001999990147,0.04503724231574761
1111.1708666650452,0.06104220927545199
1111.3415333318712,0.042306552249272385
1111.5121999986966,0.05821419678976721
1111.6828666655224,0.03944966489971029
1111.8535333323478,0.05526071183805101
1112.0241999983787,0.0364685712198627
1112.1948666644096,0.052183337286928796
1112.3655333312352,0.033365276286999264
1112.536199998061,0.04898495633500283
1112.7068666648863,0.03014307316347275
1112.8775233316421,0.04566896720813904
1113.048189998468,0.026805477610276265
1113.2188566652935,0.04223901981524347
1113.3895233313242,0.02335619263561725
1113.5601899981498,0.038699065595934216
1113.7308566649754,0.019799635068000393
1113.9015233318012,0.03505367267183776
1114.0721899986268,0.01614015229398808
1114.2428566646577,0.03130675949452225
1114.4134999990463,0.012382121811323291
1114.5841666650772,0.027464313806857585
1114.7548333319028,0.008532861169513756
1114.9254999987284,0.023534761792060287
1115.0961666655542,0.0046016778958756464
1115.26683333238,0.01952768215109779
1115.4374999976158,0.0005978026860556694
1115.6081666644416,0.015451998900117994
1115.778833331267,-0.003470146285264474
1115.9494999980925,0.011316852592452655
1116.1201566648483,-0.007591819134439533
1116.290823331674,0.007133401061604047
1116.4614899984995,-0.01175543432085042
1116.632156665325,0.0029137915283491754
1116.802823331356,-0.01594829514224168
1116.9734899981818,-0.001328100263569464
1117.1441566650071,-0.02015524822627352
1117.314823331833,-0.005576602905868056
1117.4854899986583,-0.024360070494128798
1117.6561433315278,-0.009815042865763358
1117.826799999078,-0.028545807066882995
1117.997466665109,-0.014025318552000237
1118.1681333319345,-0.03269331064006559
1118.3387999987604,-0.018187760664566597
1118.509466665586,-0.036781896445442136
1118.6801333324115,-0.022280645305982526
1118.8507999976475,-0.04079024299408097
1119.021466664473,-0.02628365590575696
1119.192133331299,-0.0446978157273107
1119.3627999981243,-0.030174638950689607
1119.53346666495,-0.048481734376671685
1119.704133330981,-0.03393107850732889
1119.8747899985315,-0.0521195609478272
1120.0454566645626,-0.03753049310367603
1120.2161233313877,-0.05558897754796203
1120.3867899982135,-0.04095058088105251
1120.557456665039,-0.0588672902326769
1120.728123331865,-0.044168569260982296
1120.89878999869,-0.06193214879123613
1121.0694566647212,-0.047162394254474146
1121.2401233315468,-0.06476164679216541
1121.4107899983724,-0.04991104058101317
1121.5814333319663,-0.06733560006168582
1121.752099998792,-0.05239441201385781
1121.9227666656175,-0.06963420932374718
1122.0934333324433,-0.0545931664364824
1122.2640999976793,-0.07163850513228427
1122.4347666645049,-0.05648916292080645
1122.6054333313307,-0.07333064082145392
1122.776099998156,-0.0580649978708046
1122.946766664982,-0.074694394365978
1123.1174233317374,-0.059304878404160974
1123.288089998563,-0.07571490063838207
1123.4587566645941,-0.06019553678640873
1123.6294233314195,-0.07638102606136216
1123.8000899982453,-0.060728385280604494
1123.970756665071,-0.07668441502049034
1124.1414233318965,-0.06089424451650088
1124.3120899979274,-0.07661577627482045
1124.482756664753,-0.06068478192135183
1124.6534233315786,-0.0761691259024442
1124.8240666651727,-0.06009598963921669
1124.9947333319983,-0.07534154559246718
1125.1653999988237,-0.05912593063946639
1125.3360666656495,-0.07413247137293394
1125.506733332475,-0.05777537285418582
1125.6773999977113,-0.07254382357175594
1125.8480666645366,-0.05604724881278759
1126.0187333313625,-0.0705789172445752
1126.189399998188,-0.053946171832909194
1126.3600666650136,-0.06824480395002354
1126.5307333310445,-0.05148122767787829
1126.7013999978699,-0.06555272044228067
1126.8720666646957,-0.04866511119268781
1127.0427233314515,-0.06251610704371512
1127.213389998277,-0.045512093912920625
1127.3840566651027,-0.059150430564365454
1127.5547233319282,-0.04203913489350946
1127.7253899979592,-0.055474535443624275
1127.8960566647847,-0.038266818416574984
1128.0667233316103,-0.05151040522652858
1128.237389998436,-0.03421852992361971
1128.4080566652615,-0.04728251618714647
1128.5787133320173,-0.029919809241698774
1128.7493666656812,-0.04281686113488728
1128.920033331712,-0.025397971160018816
1129.090699997743,-0.03814213774116892
1129.2613666645686,-0.02068226807633108
1129.4320333313942,-0.033288930671381396
1129.6026999982198,-0.01580510689292748
1129.7733666650454,-0.028290385064153524
1129.9440333310763,-0.010800186512164878
1130.1146999979019,-0.023181367918604572
1130.2853666647275,-0.0057033529924122115
1130.4560333315533,-0.01799778963943349
1130.6266999983789,-0.0005501821125367778
1130.7973566651344,-0.012775959937814463
1130.96802333196,0.004622176245375
1131.1386899979912,-0.0075525665531494856
1131.3093566648163,0.009777783211033021
1131.4800233316423,-0.0023640358401120012
1131.650689998468,0.014878898975414077
1131.8213566652935,0.0027523110594009923
1131.992023332119,0.019889343430467388
1132.1626899989446,0.007760706840708877
1132.333343331019,0.024773729383402148
1132.5039999977748,0.012625288199014815
1132.6746666646002,0.029496364901738847
1132.845333331426,0.017312416712031993
1133.0159999982516,0.034025021287108784
1133.1866666650772,0.021789350214523537
1133.3573333311083,0.03832611665537964
1133.5279999979339,0.0260230357296001
1133.6986666647595,0.042368458350115684
1133.869333331585,0.02998384435964973
1134.0399999984106,0.04612340817664745
1134.2106566651662,0.033643693687126726
1134.381323331992,0.04956368454090345
1134.5519899980227,0.03697630268394674
1134.7226566648483,0.052664399260457864
1134.8933233316739,0.03995815097454485
1135.0639899984997,0.055402740872147284
1135.234656665325,0.042566739825658444
1135.4053233321508,0.05775737549226761
1135.5759899989764,0.04478338343466811
1135.7466566650073,0.05971192582062363
1135.9173233318331,0.04659267479586936
1136.0879899986585,0.06125215741223488
1136.258633331458,0.04798316907351307
1136.4292999982833,0.06236983309473065
1136.5999666643143,0.0489477345853767
1136.7706333311398,0.06305805081216292
1136.9412999979654,0.04948061608929062
1137.111966664791,0.06331260764253747
1137.2826333316166,0.04957927570449276
1137.4532999984424,0.06313272566647904
1137.623966665268,0.04924458461646795
1137.794623332024,0.06252140135868031
1137.9652899980545,0.04848130421140053
1138.1359566648803,0.06148432050260379
1138.3066233317056,0.047296405919759844
1138.4772899985314,0.06003085506006557
1138.647956665357,0.04570086662082354
1138.8186233321826,0.05817306131904226
1138.9892899990082,0.04370834482730062
1139.159956665039,0.05592641017074349
1139.3306233318647,0.0413354871471891
1139.5012899986903,0.05330826306616304
1139.6719566655158,0.03860060392855117
1139.8426233323414,0.050339226467263236
1140.0132899975774,0.0355270768328207
1140.1839333311716,0.0470439382447027
1140.3545999979974,0.03214026733068512
1140.5252666648228,0.04344854179277913
1140.6959333316486,0.028467252791678846
1140.8665999984742,0.03958200568767994
1141.0372666652997,0.024538296684594913
1141.2079333313307,0.03547522329140171
1141.3785999981562,0.02038602695397212
1141.549266664982,0.03116263422832581
1141.7199233317376,0.016045596064079758
1141.8905899985632,0.026679416620283516
1142.0612566653888,0.011552445797072854
1142.2319233322144,0.02206118499289261
1142.40258999904,0.006942834135714392
1142.5732566650709,0.01734470001032925
1142.7439233318964,0.0022533978580297222
1142.914589998722,0.012567176092687496
1143.0852566655476,-0.0024779964196588095
1143.2559233323732,0.007766246414917553
1143.4265899976094,-0.007214258596541105
1143.5972566644352,0.0029791072498905557
1143.7679233312606,-0.011918205780139664
1143.9385666648548,-0.001757044941815638
1144.1092333316801,-0.016552428828544734
1144.279899998506,-0.0064049327422393805
1144.4505666653313,-0.021079475745888338
1144.6212333313624,-0.010926912401622782
1144.791899998188,-0.025462673608891147
1144.9625666650138,-0.015287885932685936
1145.1332333318394,-0.029668792040100655
1145.303899998665,-0.01945663551998418
1145.4745666654903,-0.03366634855758278
1145.6452233322461,-0.023399525397205176
1145.8158899982768,-0.03742107976420092
1145.9865566651026,-0.02708427909874805
1146.1572233319282,-0.040902496746336
1146.327889998754,-0.030481457546602427
1146.4985566655796,-0.04408222918744448
1146.6692233324052,-0.033563552273301135
1146.8398899976414,-0.046934149286539134
1147.0105566644668,-0.03630648201023396
1147.1812233312926,-0.04943537171084035
1147.351889998118,-0.03868839962716132
1147.5225566649437,-0.05156567792759326
1147.6932133316993,-0.0406904600953613
1147.8638666653633,-0.05330810969190411
1148.0345333313944,-0.04229797170119067
1148.2051999982198,-0.054649264375941635
1148.3758666650454,-0.04349874837994216
1148.546533331871,-0.05557825204708174
1148.7171999986967,-0.04428360457902596
1148.8878666655223,-0.05608784001767846
1149.0585333323477,-0.044646330112678476
1149.2291999983786,-0.05617378776486389
1149.3998666652044,-0.04458559146991282
1149.5705333320298,-0.055836619688194596
1149.7411999988558,-0.04410323708091809
1149.9118566656111,-0.0550798780960045
1150.0825233316423,-0.04320377320350452
1150.253189997673,-0.05390927478958117
1150.4238566644985,-0.041894980687423526
1150.5945233313241,-0.05233406624751827
1150.76518999815,-0.04018770276333258
1150.9358566649757,-0.050367097829294966
1151.1065233318013,-0.038097306114204595
1151.2771899986267,-0.04802582144562272
1151.4478433314957,-0.03564289968114002
1151.6184999982515,-0.04533078686932095
1151.7891666650771,-0.03284667293219657
1151.9598333319027,-0.04230618352519099
1152.1304999987283,-0.029734172359994884
1152.301166665554,-0.03897749295004993
1152.4718333323797,-0.026332174039363797
1152.6424999984106,-0.03537513590736414
1152.8131666652362,-0.022673809751099443
1152.9838333320617,-0.0315326258139985
1153.1544999988873,-0.01879328233156092
1153.325166665713,-0.02748509483477812
1153.4958333309492,-0.014726695618533936
1153.6664999977747,-0.02326937788692714
1153.8371566645305,-0.01051188247457802
1154.0078233313561,-0.01892335914436389
1154.1784899981817,-0.006186732250800159
1154.349156665007,-0.014483837544688474
1154.5198233318329,-0.0017877885298540404
1154.6904899986584,-0.009987543842599407
1154.8611566646894,0.0026489849270415373
1155.0318233315152,-0.005469208493618396
1155.2024899983405,0.007089539002378524
1155.3731333319345,-0.0009623113809903664
1155.5437999987603,0.011501061998234837
1155.7144666655859,0.003501296048187048
1155.8851333324114,0.015851892868560147
1156.0557999984424,0.007890303237054117
1156.2264666652682,0.020111403285204815
1156.3971333320935,0.012174366515902186
1156.567799998919,0.024249716043066475
1156.738466665745,0.01632405588624781
1156.9091333309811,0.028238444271355707
1157.0797999978065,0.020311679263771622
1157.250466664632,0.03204950150419013
1157.4211333314577,0.02411042397128991
1157.5917899982135,0.03565780424126784
1157.7624566650388,0.027695496396482076
1157.9331233318646,0.039038935150290305
1158.1037899978955,0.031043146423501075
1158.2744566647211,0.04217004995775129
1158.4451233315472,0.03413159034214587
1158.6157899983723,0.04503063080629847
1158.786456665198,0.03694163079329689
1158.9571233320235,0.04760242839843329
1159.1277899980546,0.039456106748237005
1159.2984566648802,0.04986935387644071
1159.4691233317058,0.041659958630641224
1159.6397899985313,0.05181736520007401
1159.8104333321253,0.04354053227845013
1159.9810999989509,0.053434884433599394
1160.1517666657764,0.04508653591697096
1160.3224333310127,0.05471147746161262
1160.4930999978383,0.04628918253259661
1160.6637666646639,0.05564003373439189
1160.8344333314894,0.04714266536631305
1161.0050999983152,0.05621515476129455
1161.175766664346,0.04764260520001983
1161.3464233318966,0.056434732209066786
1161.5170899979275,0.04778941932236922
1161.6877566647531,0.05630109783832636
1161.8584233315787,0.04758710971929536
1162.029089998404,0.055819868893940514
1162.1997566652299,0.04704224627545986
1162.3704233312608,0.0549983962441945
1162.5410899980864,0.04616330562991542
1162.711756664912,0.05384626478490551
1162.8824233317375,0.044960345583982014
1163.053089998563,0.05237400589862946
1163.2237566653887,0.04344552747811828
1163.3944233322143,0.05059542097267338
1163.5650666658082,0.04163393123808393
1163.7357333310445,0.04852682103444011
1163.9063999978703,0.03954265240962311
1164.0770666646958,0.046186107538677204
1164.2477333315212,0.037190710119878435
1164.418399998347,0.04359312351495937
1164.589066664378,0.03459908030622659
1164.7597333312033,0.04076983924909861
1164.930399998029,0.0317900166324405
1165.1010666648544,0.0377388543623804
1165.2717333316803,0.028786143112980722
1165.442399998506,0.03452343327396746
1165.6130666653316,0.025611864375329703
1165.7837233312925,0.031148344451824014
1165.9543899981181,0.022292134504988334
1166.1250566649437,0.027639041316218697
1166.2957233317693,0.01885276298750836
1166.4663899985949,0.024021491670031227
1166.6370566654205,0.015320009777537232
1166.807723332246,0.020322458069888416
1166.9783899982772,0.01172132743462671
1167.1490566651028,0.016569936119228242
1167.3197233319283,0.008084753336323438
1167.490389998754,0.01279190620852284
1167.6610566655795,0.0044385423857363545
1167.831723332405,0.009016811939146873
1168.0023666644097,0.0008104637815360786
1168.1730333312353,0.005271488005776199
1168.3436999980609,-0.0027732265243965966
1168.5143666648864,0.0015816366986953253
1168.685033331712,-0.006287459426515133
1168.8556999985378,-0.002027938947291526
1169.0263666653634,-0.009708188416148414
1169.197033331394,-0.005534389466811633
1169.36769999822,-0.013013189458215096
1169.5383666650455,-0.008915521644292844
1169.7090233318008,-0.01618073737337514
1169.8796899986269,-0.01215076537721415
1170.0503566654525,-0.019191068928054993
1170.221023332278,-0.015220620095925395
1170.391689998309,-0.022025299990706324
1170.5623566651343,-0.018106945065610634
1170.73302333196,-0.02466669853825233
1170.9036899987855,-0.020794417266694735
1171.0743566656113,-0.027100724859902774
1171.2450233316422,-0.023269706605721995
1171.415689997673,-0.029315982841741032
1171.586356664499,-0.02552259723078852
1171.7569999980929,-0.03130327138804084
1171.9276666649184,-0.027545560665251902
1172.098333331744,-0.03305625349181762
1172.2689999985696,-0.02933299569601981
1172.4396666653952,-0.03457001558734477
1172.6103333314259,-0.03088075232990587
1172.7809999982514,-0.03584117270902036
1172.9516666650773,-0.032186220955787666
1173.1223333319028,-0.03686830240889705
1173.2929999987284,-0.03324884503681822
1173.463666665554,-0.037651513767088814
1173.6343333323796,-0.034069789806606535
1173.8049999984105,-0.03819300053860256
1173.975656665166,-0.03465214353254233
1174.1463233319919,-0.038497136836167865
1174.3169899988177,-0.03500138467069386
1174.487656665643,-0.038570662435354806
1174.6583233308793,-0.03512553454490176
1174.8289899977049,-0.03842192339782832
1174.9996566645302,-0.03503300459296729
1175.170323331356,-0.03806041483156936
1175.3409899981816,-0.034734725988544775
1175.5116566650072,-0.03749769587098861
1175.6823233318328,-0.034242883615526465
1175.8529899986584,-0.03674652442308695
1176.0236566646895,-0.03356981602491345
1176.1942999982834,-0.035819493043183735
1176.364966665109,-0.03272926703998306
1176.5356333319346,-0.03473119850885567
1176.7062999987602,-0.031736019391300614
1176.8769666655858,-0.033496407826958674
1177.0476333324116,-0.030605281060911215
1177.2182999984423,-0.03213128696929028
1177.388966665268,-0.02935324353673839
1177.5596333320937,-0.030652438287355508
1177.7302999989192,-0.027998012050216393
1177.9009666657446,-0.029078224992987477
1178.0716333309808,-0.026556131356692263
1178.2422899977366,-0.02742373285023076
1178.412956664562,-0.025043184116959584
1178.5836233313878,-0.025704997871244917
1178.7542899982134,-0.023474894308459143
1178.9249566650392,-0.023938036168467007
1179.0956233318648,-0.021867117587807322
1179.2662899978955,-0.02213833045366126
1179.4369566647213,-0.020235222626102146
1179.6076233315466,-0.020321322514591858
1179.7782899983727,-0.018594744689310185
1179.9489566651978,-0.018502275753915862
1180.1196233320236,-0.01696013696478822
1180.2902899980545,-0.01669468751029085
1180.4609433317185,-0.015343560214800106
1180.631599998474,-0.014909260447073332
1180.8022666652996,-0.01375550733336249
1180.9729333321252,-0.013157571365061278
1181.2937799986205,-0.012207343988689572
1181.6897333312036,-0.011449813819225343
1181.860399998029,-0.010708621125176971
1182.0310666648547,-0.009795582465301326
1182.2017333316803,-0.009268091274427816
1182.372399997711,-0.008202398159836347
1182.5430666645368,-0.00789248250610524
1182.7137233312924,-0.006676789905748585
1182.884389998118,-0.0065879634394901
1183.0550566649438,-0.0052238481218983114
1183.2257233317694,-0.0053586784813721864
1183.396389998595,-0.00384780464819593
1183.5670566646259,-0.004208828209955464
1183.7377233314514,-0.0025519664753775504
1183.908389998277,-0.003140492558404189
1184.0790566651026,-0.0013375078548385068
1184.2497233319282,-0.0021543928172160975
1184.4203899987538,-0.00020513149457349213
1184.5910566655796,-0.0012510513210192602
1184.7617233316105,0.0008456946378715688
1184.9323666644098,-0.00042872514039245707
1185.1030333312353,0.0018170931814493582
1185.273699998061,0.00031563309889552356
1185.4443666648865,0.0027127413866860715
1185.615033331712,0.0009856647581557884
1185.785699997743,0.003536352166986861
1185.9563666645686,0.0015854981087050806
1186.1270333313942,0.0042928261754563955
1186.2976999982197,0.002120393382047373
1186.4683666650456,0.0049876731448058025
1186.6390333318711,0.0025964722742313063
1186.8096999986967,0.00562659414976577
1186.9803666647276,0.003018928144333708
1187.1510233314834,0.006215242471142398
1187.3216899983086,0.003394063842221318
1187.4923566651346,0.006760081599297403
1187.6630233319602,0.0037291960108638837
1187.8336899987858,0.0072692359216315824
1188.0043566656113,0.004032122848162686
1188.175023331642,0.0077499465155272
1188.3456899984678,0.004310027970989409
1188.5163566652932,0.008209131939282077
1188.687023332119,0.004570062334963046
1188.8576899989446,0.008654391612420795
1189.0283566649755,0.004819706608699725
1189.1989999977748,0.00909306590590185
1189.3696666646006,0.005066073499168262
1189.5403333314262,0.009531711940028513
1189.7109999982517,0.005315775885045951
1189.8816666650773,0.00997675185799784
1190.052333331903,0.00557458505458258
1190.2229999987285,0.010433692282268177
1190.3936666647592,0.005847772147187724
1190.564333331585,0.01090589601739987
1190.7349999984106,0.006136407348899635
1190.9056666652361,0.011396705978723345
1191.0763333320617,0.006446553161542012
1191.2469999988873,0.011910687982010882
1191.4176666657129,0.006781418065056312
1191.5883233316738,0.012451358822098317
1191.7589899984996,0.0071441511237693425
1191.9296566653254,0.013020299877819675
1192.1003233321508,0.0075359292821113024
1192.2709899989763,0.013618874116154528
1192.4416566642126,0.007957434039808153
1192.612323331038,0.01424734947253252
1192.7829899978638,0.00840897473326758
1192.9536566646893,0.014905663494357638
1193.124323331515,0.008890794235395977
1193.2949899983405,0.015594334187342873
1193.465656665166,0.00940278196772789
1193.6362999987603,0.016311979387653004
1193.8069666647912,0.009942658695543463
1193.9776333316167,0.017055671062559216
1194.1482999984423,0.010506932255663886
1194.318966665268,0.017821354288232047
1194.4896333320935,0.011091182675773527
1194.6602999989193,0.018603201491621875
1194.8309666657449,0.011688782847381816
1195.0016333317758,0.019395983737761996
1195.1722999986014,0.012295928238308624
1195.342966665427,0.020194583536040454
1195.5136333322523,0.012905536154198491
1195.6842899990081,0.020991756685805503
1195.8549566642444,0.013510221625219539
1196.0256233310697,0.02177880947998327
1196.1962899978955,0.014099798634715456
1196.366956664721,0.022543014733587
1196.537623331547,0.014658238914634145
1196.7082899983725,0.023270903679932932
1196.878956665198,0.01517882006439236
1197.049623331229,0.02395849384209777
1197.2202899980543,0.01565595243221044
1197.3909566648804,0.024598460586463863
1197.5616233317055,0.016082518959406565
1197.7322899985313,0.025183907368057198
1197.902956665357,0.016451576900741487
1198.073599998951,0.025708016507082213
1198.2442666657766,0.016756954566032607
1198.4149333318073,0.0261648734873194
1198.585599998633,0.01699242943942996
1198.7562666654587,0.02654835501700655
1198.9269333322843,0.01715269307724272
1199.09759999911,0.026852501303252528
1199.2682666643461,0.017229791689343594
1199.4389333311715,0.027067915886169504
1199.6095999979975,0.017214828622287567
1199.7802666648229,0.027186901490843192
1199.9509333316485,0.01709995066176415
1200.121589998404,0.027202334837236077
1200.2922566652298,0.01687976962323182
1200.4629233312608,0.027111222398080975
1200.6335899980863,0.016554251114176376
1200.804256664912,0.026914802606112315
1200.9749233317375,0.01612403499477215
1201.145589998563,0.02661221370135616
1201.316256664594,0.015587937420364257
1201.4869233314196,0.026203297121522078
1201.6575899982452,0.01494644033362
1201.828256665071,0.02568817424096547
1201.9989233318963,0.014200041259195832
1202.1695899987221,0.025067836492178752
1202.340233332316,0.013349989618875353
1202.5108999991419,0.02434392580419783
1202.681566664378,0.012398768184288216
1202.8522333312035,0.02351974535398363
1203.022899998029,0.01134936915910602
1203.1935666648546,0.02259592336400398
1203.3642333316802,0.010203273986510795
1203.5348999977111,0.021578752613481727
1203.705566664537,0.008968736289282426
1203.8762333313625,0.020474747088258527
1204.046899998188,0.007650512316237024
1204.2175666650137,0.01928860762762647
1204.3882333318393,0.006255400675681138
1204.5588999986649,0.01802771372307653
1204.7295666646958,0.004788885478957656
1204.9002333315213,0.01669754088747805
1205.070889998277,0.00325762454648274
1205.2415566651027,0.015305752875824244
1205.4122233319283,0.0016696937535582504
1205.582889998754,0.013860044154106214
1205.7535566655795,3.277382100105193e-05
1205.9242233316104,0.012369313831669799
1206.094889998436,-0.0016446379613569168
1206.2655566652616,0.010839356258918348
1206.4362233320874,-0.003356885218834239
1206.6068899989127,0.009278364945697525
1206.7775566657385,-0.005094452295155892
1206.9482233309748,0.0076957938222979244
1207.1188899978001,-0.0068482595180770186
1207.2895333313943,0.00610078124619711
1207.4601999982199,-0.008609043250563478
1207.6308666650452,0.004502630835545675
1207.801533331871,-0.01036708046452162
1207.9721999986966,0.0029125739103584864
1208.1428666647275,-0.01210900047397972
1208.3135333315533,0.0013411051378033308
1208.4841999983787,-0.01382740453571067
1208.6548666652045,-0.00020276292878584437
1208.8255333320299,-0.015512428287805557
1208.9961999988557,-0.001708003564180358
1209.166866665681,-0.017151473059780827
1209.3375333317122,-0.0031661544393029703
1209.5081899984677,-0.01874048430376003
1209.6788566652936,-0.004572036173135645
1209.8495233321191,-0.02027261076026481
1210.0201899989447,-0.00591935611671789
1210.1908566649756,-0.0217423471725554
1210.3615233310065,-0.007201917815623901
1210.5321899978321,-0.023142734221481918
1210.7028566646577,-0.008413100346503983
1210.8735233314833,-0.02446784512132448
1211.0441899983089,-0.009548172522070703
1211.2148566651344,-0.025713343208195145
1211.38552333196,-0.010602270366342845
1211.556189997991,-0.02687311489500038
1211.7268566648165,-0.011568630698939408
1211.897523331642,-0.027941727507347715
1212.068176665306,-0.012444306257681718
1212.2388333320619,-0.028917058028581875
1212.4094999988874,-0.013227345176809336
1212.580166665713,-0.0297984497779534
1212.750833331744,-0.013918541367434476
1212.9214999985695,-0.030586485168707787
1213.0921666653953,-0.01451712298173926
1213.262833332221,-0.03128022932319715
1213.4334999990465,-0.015023250161926566
1213.6041666642825,-0.03188053607240901
1213.7748333311079,-0.015437294730520489
1213.9454999979337,-0.03238667183229319
1214.1161666647592,-0.015759636713679855
1214.286833331585,-0.032800356312615124
1214.4574899983404,-0.01599247407198236
1214.6281566651664,-0.03312307304445068
1214.7988233319916,-0.01613633387665755
1214.9694899980227,-0.03335656532857408
1215.1401566648485,-0.016194671002664262
1215.3108233316739,-0.0335045998915524
1215.4814899985,-0.016171746691329696
1215.6521566653253,-0.03357033899513074
1215.822823331356,-0.016070154921258732
1215.9934899981815,-0.033558175031782024
1216.1641566650073,-0.01589403624885128
1216.3348233318327,-0.033471874385843
1216.5054766654969,-0.01564855024412508
1216.6761333322524,-0.03331651116333901
1216.846799999078,-0.015336972681828738
1217.0174666643143,-0.033095109084242604
1217.1881333311399,-0.014965676572985295
1217.3587999979657,-0.03281629842586091
1217.529466664791,-0.0145408628874253
1217.700133331617,-0.03248113351116163
1217.8707999976475,-0.014062761855338862
1218.0414666644733,-0.03209230922750423
1218.2121333312987,-0.0135363943519084
1218.3827999981245,-0.03165633409373153
1218.55346666495,-0.012969426268499229
1218.7241333317756,-0.031181855475358015
1218.8947999986012,-0.01236799654594994
1219.0654666654268,-0.030672855683789958
1219.2361233313877,-0.011736305904661718
1219.4067899982133,-0.030133524616491967
1219.5774566650389,-0.01107680696209839
1219.7481233318645,-0.029564031145361245
1219.9187899986905,-0.010390835794245977
1220.0894566655159,-0.02896817551993219
1220.2601233323417,-0.009683590731839215
1220.4307899983723,-0.028352180941592996
1220.6014566651982,-0.008960373991462161
1220.7721233320235,-0.027718868668845098
1220.942789998849,-0.008222993789997853
1221.113456665675,-0.027070223028898485
1221.2841233309111,-0.0074735408816869265
1221.454776664575,-0.026407709328534975
1221.6254333313307,-0.00671200315206466
1221.7960999981563,-0.025730363155625043
1221.9667666649818,-0.005936113985168662
1222.1374333318074,-0.02503467564476146
1222.308099998633,-0.00514507136012766
1222.478766664664,-0.0243236465888339
1222.6494333314895,-0.004341531883826054
1222.8200999983153,-0.02359763576311809
1222.9907666651409,-0.0035241158033061377
1223.1614333319662,-0.022855196536656252
1223.332099998792,-0.0026922613762654234
1223.5027666656176,-0.022094768758676202
1223.6734333324434,-0.0018440796242057808
1223.8440999984741,-0.021314097476464487
1224.0147666652997,-0.0009765785580014574
1224.1854233320555,-0.02051067693866765
1224.356089998881,-9.033405982314427e-05
1224.5267566657067,-0.01968858208006123
1224.6974233309427,0.0008126413561135342
1224.8680899977685,-0.018843882355204535
1225.0387566645938,0.0017376456867384206
1225.2094233314197,-0.017972851067077876
1225.3800899982452,0.002687137232313155
1225.5507566650708,-0.01707583716858695
1225.7214233318966,0.003657992419979344
1225.8920899979275,-0.01615493210433418
1226.0627566647531,0.004652253521346216
1226.2334233315787,-0.015206654806114037
1226.4040666651726,0.005672079907621791
1226.5747333319982,-0.014230229522868896
1226.7453999988238,0.00671767925346941
1226.9160666656494,-0.01322487167556371
1227.0867333316805,0.007790899176824374
1227.257399998506,-0.012187599398212786
1227.4280666653317,0.008894810971456238
1227.5987333321573,-0.01111539329997485
1227.7693999989829,0.010031886907103122
1227.9400666658082,-0.010007683532034243
1228.1107333310445,0.011202032806629944
1228.2813999978703,-0.008862073712693175
1228.4520666646958,0.012408665275101868
1228.6227333315212,-0.007677187403523155
1228.793399998347,0.013652980793339044
1228.964066664378,-0.006452769432450875
1229.1347233319282,0.014931652497213416
1229.305389997959,-0.005194057186359958
1229.4760566647847,0.016240552835177488
1229.6467233316102,-0.003905448555681381
1229.817389998436,0.017578163422823336
1229.9880566652616,-0.0025814871828690428
1230.1587233312925,0.018952054629248268
1230.3293899981181,-0.0012198400569658025
1230.5000566649437,0.020361370300984425
1230.6707233317693,0.0001789632299975012
1230.8413899985949,0.021804793893984598
1231.0120566654205,0.0016125138581619327
1231.182723332246,0.023279482855674792
1231.3533899982772,0.0030781412890082
1231.5240566651028,0.02478331237112646
1231.6947233319283,0.004572475863572818
1231.8653666647276,0.026312038129113598
1232.0360333315532,0.006091362283497169
1232.2066999983788,0.02786029513493656
1232.3773666644097,0.007628480007718535
1232.5480333312353,0.029421008666359758
1232.7186999980609,0.009176117838101136
1232.8893666648864,0.03098695292884121
1233.060033331712,0.010726621559011213
1233.2306999985378,0.03254802627887927
1233.4013666653634,0.012265457652068863
1233.572033331394,0.034089462154386636
1233.74269999822,0.013779434065198796
1233.9133666650455,0.03560161477832796
1234.0840233318008,0.01526323942094832
1234.2546899986269,0.03707804780722775
1234.4253566654525,0.016706798958091018
1234.596023332278,0.03851029005220151
1234.766689998309,0.018102783299283092
1234.9373566651343,0.039888188490935034
1235.10802333196,0.01944035433187596
1235.2786899987855,0.041202284435739554
1235.4493566656113,0.02070990851197616
1235.6200233316422,0.042441456426369484
1235.790689997673,0.021898787743947167
1235.961356664499,0.043591579612049916
1236.1320233313245,0.02299470521899674
1236.3026899981498,0.04464440563898233
1236.4733566649757,0.02398988189141651
1236.6440099986394,0.04558809479819878
1236.8146666653952,0.024869272591059373
1236.9853333314259,0.04640905775658393
1237.1559999982514,0.02562187221607977
1237.3266666650773,0.047099068246359226
1237.4973333319028,0.02623998352463844
1237.6679999987284,0.04764736780239278
1237.838666665554,0.026711360829089176
1238.0093333323796,0.04804340619794789
1238.1799999984105,0.027027235288273777
1238.350666665236,0.04827914709850155
1238.5213333320619,0.02717825334479279
1238.6919999988877,0.048340806024644856
1238.862666665713,0.027148830852616084
1239.0333333309493,0.048218114112223535
1239.2039999977746,0.026932142966652896
1239.3746666646002,0.04790520984410789
1239.545323331356,0.026523837337228524
1239.7159899981816,0.047399258598373496
1239.8866566650072,0.025921304371437134
1240.0573233318328,0.04669832885898499
1240.2279899986584,0.025126026192133052
1240.3986566646895,0.04580253486685614
1240.5693233315149,0.024132839005925135
1240.7399899983407,0.044706400021485834
1240.910656665166,0.02293881969583386
1241.0813233319918,0.04340935247742401
1241.2519899980227,0.02154611070802247
1241.4226566648483,0.0419134189768786
1241.5933233316741,0.019955070982293665
1241.7639899984995,0.04021931612032969
1241.934656665325,0.018167389665788573
1242.1053233321506,0.03832951814853526
1242.2759666657446,0.016186257497928448
1242.4466333309808,0.03624766458425039
1242.6172999978066,0.014015656807214392
1242.787966664632,0.03397865488141338
1242.9586333314578,0.011661563913508465
1243.1292999982834,0.031527859991875885
1243.2999666643143,0.009126734150463696
1243.47063333114,0.02889979522602758
1243.6412999979655,0.006422383755414772
1243.8119666647913,0.026110406416798928
1243.9826333316166,0.0035644614739405024
1244.1532999984424,0.02317415719800631
1244.3239566651978,0.000566547414589685
1244.4946233320236,0.020101252000564337
1244.6652899980545,-0.0025635523406310114
1244.83595666488,0.01690250888251777
1245.0066233317057,-0.005809686512616004
1245.1772899985313,0.01359602582350538
1245.3479566653568,-0.009154229518601991
1245.5186233321824,0.010198937194539612
1245.689289999008,-0.012579086350092812
1245.859956665039,0.006731153648416693
1246.0306233318647,-0.01606363212007637
1246.2012899986903,0.00321259743904136
1246.3719566655159,-0.01958920768716835
1246.5426233323415,-0.0003379786167251294
1246.713289997578,-0.023136195509557735
1246.8839566644033,-0.003900625964033799
1247.0546233312289,-0.026683498061071793
1247.225266664823,-0.007452900235984802
1247.3959333316486,-0.030208049205715824
1247.5665999984742,-0.010971487178946943
1247.7372666652998,-0.03368630269759446
1247.9079333313307,-0.014431497639732027
1248.0785999981563,-0.03709115837835631
1248.2492666649819,-0.017807201000526667
1248.4199333318074,-0.040400394122597334
1248.590599998633,-0.021079237244232097
1248.7612666654586,-0.04359433250628837
1248.9319333322844,-0.02422561944486479
1249.10259999911,-0.046650896298529476
1249.273266665141,-0.027224103028867536
1249.4439333319665,-0.04954704780256728
1249.6145999987918,-0.030053112239830117
1249.7852566655476,-0.05226348515090361
1249.9559233323732,-0.03269762232721703
1250.1265899976092,-0.05478749510291848
1250.2972566644353,-0.03513967613331216
1250.4679233312606,-0.05709523643388288
1250.6385899980864,-0.037357080682698524
1250.8092566649118,-0.0591686359697303
1250.9799233317376,-0.03933122633232374
1251.150589998563,-0.06098824497567744
1251.3212566645939,-0.04104719053538133
1251.49192333142,-0.0625433213630783
1251.662589998245,-0.04249246701652562
1251.8332566650708,-0.06381961724933574
1252.0039233318967,-0.04365359283707142
1252.1745899979273,-0.06480660853626476
1252.3452566647532,-0.04452390580752656
1252.5159133315087,-0.06549814806553685
1252.6865666651724,-0.04509593511077663
1252.8572333319983,-0.06588554306192378
1253.0278999988236,-0.0453611959020893
1253.1985666656497,-0.06596128691672255
1253.369233332475,-0.04531330689960604
1253.5398999977112,-0.06572012591788909
1253.710566664537,-0.04494880851227325
1253.8812333313624,-0.06516139855694271
1254.051899998188,-0.044269939363294535
1254.2225666650136,-0.06428977266710208
1254.3932333310445,-0.043280260749577346
1254.56389999787,-0.06310718904688394
1254.7345666646956,-0.04197910574884722
1254.9052333315212,-0.06160960779574293
1255.075899998347,-0.04036720085435945
1255.2465666651724,-0.059802814736267584
1255.4172233319282,-0.03845219312405162
1255.587889997959,-0.05769671189729436
1255.7585566647847,-0.03624687359638342
1255.9292233316103,-0.05530938090770353
1256.099889998436,-0.033770953517861184
1256.2705566652617,-0.05265739549357912
1256.4412233320872,-0.031039809628974777
1256.6118899989128,-0.04975554185042632
1256.7825566649437,-0.02806312292436065
1256.953223331769,-0.046611227843884134
1257.123889998595,-0.024855342262306845
1257.2945566654205,-0.04324523616922831
1257.4652233322463,-0.021439177763029865
1257.6358899990719,-0.03968122388224681
1257.806556664308,-0.017839758838792793
1257.9772133310637,-0.035950684450665474
1258.625733331839,-0.014088449114917346
1258.7963999986648,-0.032076951322461605
1258.9670666646957,-0.010207389106478943
1259.1377333315215,-0.028084469236923367
1259.308399998347,-0.0062190052572300295
1259.4790666651727,-0.023991092761890778
1259.649733331998,-0.0021419331404815343
1259.8203999988239,-0.01982035954236265
1259.9910666656494,0.0019982444468856224
1260.1617333316804,-0.015597441365834784
1260.332399998506,0.006173808058624311
1260.5030666653315,-0.011353321468804528
1260.6737333321573,0.010356306553292923
1260.844389998913,-0.007115296076357775
1261.0150566657385,0.014514185520463591
1261.1857233309745,-0.0029162045633846106
1261.3563899978003,0.018616082355462395
1261.5270566646257,0.0012138019714959644
1261.6977233314515,0.02263451497272543
1261.868389998277,0.005245603624636485
1262.0390566651026,0.0265359118330308
1262.2097233319284,0.009143369045082764
1262.3803899979591,0.030285656083388023
1262.551056664785,0.012874968153955096
1262.7217233316103,0.033855620687767034
1262.8923899984359,0.01641357253173095
1263.0630566652615,0.03721908502495213
1263.2337233312924,0.019733979611266772
1263.4043899981182,0.04035225443503957
1263.5750333317121,0.022812294787905897
1263.7456999985375,0.043232050840823245
1263.9163666653635,0.02562801155156184
1264.0870333321889,0.045841467019709044
1264.2576999990147,0.02816618594424987
1264.4283666650454,0.048166449888060535
1264.5990333310763,0.03041327585048219
1264.7696999979019,0.050196088471824975
1264.9403666647274,0.03236171923838212
1265.1110333315532,0.051924815480187084
1265.2816999983786,0.03400758265471794
1265.4523666644097,0.053350303906350906
1265.6230333312353,0.035350907870859344
1265.7936999980607,0.054474364549437444
1265.9643666648865,0.036394568195593405
1266.135033331712,0.05529995074086365
1266.3056899984676,0.037142409590362566
1266.4763566652935,0.05583235418743602
1266.6470233313244,0.037599913796705485
1266.81768999815,0.05607744605751698
1266.9883566649755,0.037774389901477246
1267.159023331801,0.05604426016950223
1267.3296899986267,0.03767704308465526
1267.5003566654523,0.055744859268244254
1267.671023332278,0.03732016350823087
1267.841689998309,0.05519239535942307
1268.0123566651346,0.036718500069129724
1268.1830233319602,0.054403729591482604
1268.3536899987855,0.03588977261479776
1268.5243566656113,0.05339538066675267
1268.695023331642,0.0348493996536834
1268.8656899976731,0.05218248246427984
1269.0363566644987,0.03361331010724139
1269.2070233313243,0.05078250803674899
1269.37768999815,0.03219923389093764
1269.5483333317438,0.04921282160062632
1269.7189999985694,0.03062548892136363
1269.889666665395,0.04749203762301499
1270.060333331426,0.028911322384985876
1270.2309999982515,0.045638462443331744
1270.4016666650773,0.02707313550533585
1270.5723333319029,0.04366982847689548
1270.7429999987285,0.02513079911586802
1270.913666665554,0.04160542636564872
1271.0843333323796,0.023103561364232868
1271.2549999984108,0.03946554878671546
1271.4256666652363,0.021011265848337086
1271.596333332062,0.03726901205040813
1271.7669999988875,0.018871348169906255
1271.937666665713,0.03504549241533064
1272.108333330949,0.01668766867919879
1272.2789899977047,0.03278074334383872
1272.4496566645307,0.014471369005398914
1272.6203233313558,0.03048975332058399
1272.7909899981819,0.012236141045734835
1272.961656665007,0.02818579624675919
1273.132323331833,0.009995873205877085
1273.3029899986584,0.025884377425420078
1273.4736566646893,0.00776735357980935
1273.6443233315154,0.023601202116429035
1273.8149899983407,0.005563432357427198
1273.9856566651663,0.021347526055116167
1274.1563233319919,0.003395625214409142
1274.3269899980228,0.01913634482561627
1274.4976566648481,0.0012775505209729294
1274.668323331674,0.016979327575236815
1274.8389899984995,-0.0007811649969159044
1275.009656665325,0.014885673515611148
1275.1803233321507,-0.0027716410634484115
1275.3509899989765,0.012863886464161029
1275.521633330981,-0.004685645313664258
1275.6922999978065,0.010921643543121317
1275.8629666646325,-0.006516120405661251
1276.0336333314576,0.009064725061961099
1276.2042999982834,-0.008258440974058392
1276.3749666643141,0.007297552804284026
1276.54563333114,-0.009908658228600271
1276.7162999979655,0.0056236778312795865
1276.886966664791,-0.011463846848205176
1277.0576333316167,0.004044920977086525
1277.2282999984423,-0.012923094947289512
1277.3989666652678,0.0025622490805107204
1277.5696333320934,-0.014284708595115464
1277.7402999981243,0.0011765492080057535
1277.91096666495,-0.01554977873131016
1278.0816333317757,-0.00011404123302587677
1278.2522899985313,-0.016719998463612492
1278.422956665357,-0.0013115744980045762
1278.5936233321825,-0.017798216790715415
1278.7642899990083,-0.0024190331038296633
1278.934956665039,-0.018787277276244033
1279.1056233318645,-0.0034399457411063523
1279.2762899986903,-0.01969133113795002
1279.446956665516,-0.00437824768698118
1279.6176233323415,-0.02051396865522326
1279.7882899975777,-0.005238049779506998
1279.958956664403,-0.021260891954786178
1280.129623331229,-0.006025879111648075
1280.3002899980543,-0.021937862164275002
1280.47095666488,-0.006746137300755718
1280.6416233317057,-0.022548577632969267
1280.8122899985315,-0.0074036512463139656
1280.9829433314007,-0.02309918317483005
1281.1535999981563,-0.00800478374973663
1281.3242666649817,-0.02359630133284671
1281.4949333318075,-0.00855767445896955
1281.665599998633,-0.024048396809067715
1281.8362666654589,-0.009069095284613908
1282.0069333322845,-0.02446112681883911
1282.17759999911,-0.009543451309106823
1282.3482666651407,-0.024837554306489196
1282.5189333319663,-0.009984577283925829
1282.689599998792,-0.025183011461481632
1282.8602666656175,-0.01039853491301852
1283.0309333324433,-0.025503399995737596
1283.2015999976793,-0.010790082266213986
1283.3722666645049,-0.02580281532664841
1283.5429333313307,-0.011164569124254911
1283.713599998156,-0.02608709958538731
1284.0890566651026,-0.011526465564184683
1284.3962566645941,-0.02636005994947922
1284.5669233314195,-0.011879829440340788
1284.7375899982453,-0.026625312431778184
1284.908256665071,-0.012228126103868683
1285.0789233318965,-0.026886496459298304
1285.2495899979274,-0.012574520125553773
1285.420256664753,-0.02714595398362058
1285.5909233315786,-0.012921022831435574
1285.7615899984041,-0.02740549014862373
1285.9322566652297,-0.013269068925520237
1286.1029233320555,-0.027666508817558902
1286.2735899988809,-0.013621173737901901
1286.4442566657067,-0.027932591891288685
1286.6149233317376,-0.01397958999195453
1286.7855899985632,-0.02820418485224733
1286.9562466653188,-0.014342516608358067
1287.126899998188,-0.028476426550952998
1287.2975666650136,-0.014705370812326007
1287.4682333310445,-0.028747273196401912
1287.6388999978699,-0.015066478869408498
1287.8095666646957,-0.029013743531607412
1287.9802333315215,-0.015422940554154376
1288.150899998347,-0.029272558200142306
1288.3215666651727,-0.01576988410413801
1288.4922333319982,-0.029518478812933405
1288.662899998029,-0.016103476631858998
1288.8335666648547,-0.029748840023436456
1289.0042333316803,-0.016420707094356234
1289.174899998506,-0.02995906628495042
1289.3455666653313,-0.016715911446127947
1289.5162333321573,-0.030143921287426385
1289.6868999989829,-0.016984797988428613
1289.8575666650136,-0.03029950069082546
1290.0282333318394,-0.01722216412947917
1290.1988999986647,-0.030419317639168258
1290.3695566654205,-0.017421849518891395
1290.5402233322461,-0.030497005985784455
1290.710889999072,-0.017576822064662743
1290.881556664308,-0.03052542328418149
1291.0522233311335,-0.01767905542098183
1291.2228899979593,-0.03049482934002528
1291.3935566647847,-0.01771937003807185
1291.5642233316103,-0.03039842546444288
1291.7348899984358,-0.01768953701253522
1291.9055566652617,-0.030226355818194918
1292.0762233312923,-0.01758261579229488
1292.2468899981181,-0.029974133933847083
1292.4175566649435,-0.017394690556863494
1292.5882233317693,-0.029637636093103117
1292.758889998595,-0.01712068779452455
1292.9295566646258,-0.029211482809620496
1293.1002233314514,-0.01675469944085878
1293.270889998277,-0.028689573709919272
1293.4415566651026,-0.016290487131840215
1293.6121999986967,-0.028065374081756602
1293.7828666655223,-0.01572222704658475
1293.953533332348,-0.02733368632476667
1294.1241999983788,-0.015044772915732177
1294.2948666644095,-0.026489146811611474
1294.4655333312353,-0.014253268343605414
1294.636199998061,-0.02552798178798376
1294.8068666648865,-0.013343923566083587
1294.9775333317123,-0.02444571463097648
1295.148199997743,-0.01231190679833381
1295.3188666645685,-0.02323753115814598
1295.4895333313943,-0.011153788434163467
1295.66019999822,-0.021901708867871954
1295.8308666650455,-0.009866831272299339
1296.001533331871,-0.020434299766658136
1296.1721999986967,-0.00844991115304748
1296.3428566646576,-0.018836796244862196
1296.5135233314832,-0.0069050412221227184
1296.684189998309,-0.01711112488861732
1296.8548566651348,-0.005234726095235685
1297.02552333196,-0.015260695794153975
1297.196189998786,-0.0034421137281839304
1297.3668566656113,-0.013288102429620597
1297.5375233316422,-0.001531688485022028
1297.7081899984678,-0.011200526543289355
1297.8788566652934,0.0004898170265339989
1298.049523332119,-0.009005086655004352
1298.2201899989445,0.00261350769321129
1298.3908566649757,-0.006710285904297835
1298.5615233310064,0.004831909436374232
1298.732189997832,-0.00432403902726709
1298.9028566646575,0.007135570804640549
1299.073523331483,-0.001858389165683232
1299.2441899983087,0.009511655517267128
1299.4148566651345,0.0006775539459239873
1299.5854999987284,0.011952562235028852
1299.7561666647593,0.003272926470621531
1299.926833331585,0.014445585229372023
1300.0974999984105,0.005916454064071808
1300.268166665236,0.016979438467734944
1300.4388333320617,0.008594371951634984
1300.6094999988873,0.019538790683776314
1300.7801666657128,0.01129058156270963
1300.950833331744,0.022108257763635734
1301.1214999985696,0.013991337087706173
1301.2921666653951,0.024673961714698163
1301.4628333322207,0.016680820572578137
1301.6334999990463,0.027219197297418347
1301.8041666642825,0.019343871199110553
1301.974833331108,0.029728046790152243
1302.1454999979337,0.021961146092087862
1302.3161666647593,0.032180836902565006
1302.4868333315849,0.024515348613961516
1302.6574999984107,0.03456207534717907
1302.8281666644416,0.026990975895283015
1302.9988233319916,0.03685505387607289
1303.1694899980228,0.029371015974690592
1303.3401566648486,0.03904388022952885
1303.510823331674,0.03164033538410524
1303.6814899984997,0.041111911589123425
1303.852156665325,0.033781213113993944
1304.022823331356,0.04304169325045711
1304.1934899981816,0.035776408130450583
1304.3641566650074,0.04481632045976049
1304.5348233318327,0.03760916671433909
1304.7054899986585,0.046419864210099956
1304.8761566654841,0.039263870900581484
1305.0468233323097,0.04783550588171699
1305.2174899983409,0.040724068653201856
1305.3881566651662,0.049048670649642336
1305.5588233319918,0.041976189649585216
1305.7294899988176,0.05004638634714229
1305.9001566656432,0.04300697352593803
1306.0708099977176,0.050814866372101614
1306.2414666644731,0.04380410197809123
1306.4121333312987,0.05134409010521321
1306.5827999981243,0.04435813547659619
1306.75346666495,0.05162450614681471
1306.9241333317757,0.04466006138055027
1307.0947999986015,0.05164815643270513
1307.2654666654269,0.0447017515704439
1307.4361333314578,0.05140526372899393
1307.6067999982833,0.044476152663433494
1307.777466665109,0.050893716295325624
1307.9481333319347,0.04398191018928343
1308.1187999987603,0.05011114583163801
1308.289466665586,0.04321715899712256
1308.4601333324113,0.04905573179896661
1308.6307999984424,0.04217956777287572
1308.8014666652678,0.047726123143932896
1308.9721333320936,0.04087026533232506
1309.1427999989191,0.0461256460182839
1309.3134566656747,0.03929296495669428
1309.484123330911,0.04425763541436104
1309.6547899977365,0.03745173455979805
1309.8254566645624,0.042127650648010155
1309.996123331388,0.03535330990671331
1310.1667899982135,0.03974247769191132
1310.3374566650393,0.03300401910478508
1310.5081233318647,0.03710985266231968
1310.6787899978958,0.030414537675324843
1310.849456664721,0.03424141559658689
1311.0201233315468,0.027594158769324084
1311.1907899983723,0.03114700998760189
1311.3614566651981,0.024556052483644005
1311.5321233320235,0.027840501719299256
1311.7027899980544,0.021312680411457816
1311.87345666488,0.024334790992465077
1312.0441233317056,0.017879721932777398
1312.2147899985312,0.02064933137119833
1312.3854566653567,0.014281281082271634
1312.5561233321828,0.01680964426193124
1312.7267666657767,0.010541057498392046
1312.897433331013,0.012838111417241681
1313.0680999978383,0.006682323441630678
1313.238766664664,0.008759942786374906
1313.4094333314895,0.002730405810860026
1313.5800999983153,0.004600133488931599
1313.7507666643462,-0.0012887138127457153
1313.9214333311718,0.00038420923962581414
1314.0920999979974,-0.005350880589265903
1314.262766664823,-0.003863090702567838
1314.4334333316485,-0.009430250674534733
1314.604099998474,-0.00811554734992966
1314.7747666652997,-0.01350021492376802
1314.9454333313306,-0.012345571078170225
1315.1160999981562,-0.01753260690928547
1315.2867666649818,-0.016525290901822802
1315.4574233317376,-0.021499771578279266
1315.6280899985634,-0.020627356322162834
1315.7987566653887,-0.025375352569159213
1315.9694233322145,-0.024626266684679324
1316.14008999904,-0.029133806402005448
1316.3107566650708,-0.02849566162952276
1316.4814233318964,-0.03274779657598168
1316.652089998722,-0.03221030998286804
1316.8227566655478,-0.03619452465465665
1316.9934233323734,-0.03574571792082239
1317.1640899976096,-0.03944841301313143
1317.334756664435,-0.03908035521036416
1317.5054233312608,-0.042493273929742975
1317.6760899980861,-0.042197105600081275
1317.846756664912,-0.04530660215115807
1318.0174233317375,-0.045070757382648687
1318.188089998563,-0.047864313531079575
1318.358756664594,-0.04768076266172787
1318.5294233314198,-0.05014927126835365
1318.7000899982454,-0.05001200130345262
1318.870756665071,-0.05214727117786009
1319.0414233318963,-0.05205164910540835
1319.2120666654905,-0.05384463597007827
1319.382733332316,-0.0537861649059759
1319.5533999983468,-0.05523078904248916
1319.7240666651728,-0.055205294311056675
1319.8947333319982,-0.05629628289521647
1320.065399998824,-0.056301506861614115
1320.2360666656496,-0.05703524101201455
1320.4067333324751,-0.05707014333815413
1320.5773999977112,-0.057442918991754764
1320.7480666645367,-0.05750644963246617
1320.9187333313625,-0.057515484877584434
1321.0893999981881,-0.057608298301656626
1321.2600666650135,-0.057252658346071426
1321.4307333310444,-0.057376070415549
1321.6013999978702,-0.056656708888666085
1321.7720666646956,-0.056814443517955115
1321.9427333315214,-0.05573319751204694
1322.1133999983467,-0.05592846278834424
1322.2840666651725,-0.05448614401088713
1322.4547233319283,-0.054724542839448
1322.6253899979592,-0.0529270229036492
1322.7960566647848,-0.0532162819269724
1322.9667233316104,-0.05107087975034306
1323.137389998436,-0.05142110322901001
1323.3080566652616,-0.04893607620270592
1323.4787233320872,-0.04935316387423437
1323.6493899989127,-0.0465353845594965
1323.8200566649436,-0.04702999639241918
1323.9907233317695,-0.04389052511851819
1324.161389998595,-0.04447440433247289
1324.3320566654206,-0.04102395018881471
1324.5027233322462,-0.04170856677567761
1324.6733899990718,-0.03795876236135151
1324.844056664308,-0.03875563726237843
1325.0147233311334,-0.0347180646928998
1325.1853899979592,-0.03563791561614377
1325.3560566647848,-0.031323766770345166
1325.5267233316104,-0.0323780152133101
1325.6973799983662,-0.027799277309364795
1325.86803333203,-0.029000889051056147
1326.0386999980608,-0.02417062086287618
1326.2093666648864,-0.02553188687392492
1326.3800333317122,-0.02046280723037325
1326.5506999985378,-0.02199591443901365
1326.7213666653631,-0.016701639476408302
1326.892033332189,-0.018419139209228594
1327.0626999990147,-0.012911639059221023
1327.2333666650452,-0.01482477023460363
1327.4040333318712,-0.009116251370080342
1327.5746999986966,-0.011236575523031703
1327.7453666655224,-0.005338651904975235
1327.9160333323478,-0.007677240049427835
1328.0866999983787,-0.0016017865781123059
1328.2573666644096,-0.004169666944815495
1328.4280333312352,0.0020720429895347632
1328.598699998061,-0.000734758232297752
1328.7693666648863,0.005663138933942787
1328.9400333317121,0.0026096532434005796
1329.110689998468,0.009155143422299497
1329.2813566652935,0.005846274222525157
1329.4520233313242,0.012529873021057023
1329.6226899981498,0.008957170421451483
1329.7933566649754,0.015769661216091517
1329.9640233318012,0.01192606793092701
1330.1346899986268,0.018859495390078918
1330.3053566646577,0.014737491934633988
1330.4760233314832,0.021783147707897087
1330.6466899983088,0.017377627763096114
1330.8173566651344,0.024529964394033644
1330.98802333196,0.019835965294754662
1331.1586899987858,0.02708820559051716
1331.3293566656116,0.02210049196979045
1331.5000233316423,0.029446514739558248
1331.6706899984679,0.02416141186119921
1331.8413566652932,0.03159680875143591
1332.012023332119,0.026011877570995174
1332.1826899989446,0.03353261605496301
1332.3533566649753,0.02764658778807933
1332.5240233310064,0.03525048733435159
1332.694689997832,0.029063126413798247
1332.865333331426,0.03674758808986548
1333.0359999982516,0.03025903837119783
1333.2066666650771,0.03802304997501135
1333.3773333319027,0.031234340620234412
1333.5479999987283,0.039077708884920716
1333.7186666647592,0.031993207171383396
1333.889333331585,0.03991723245110128
1334.0599999984106,0.03253922683602502
1334.2306666652362,0.0405441949371344
1334.4013333320618,0.03287566891818191
1334.5719999988873,0.0409628013424214
1334.742666665713,0.0330086005146995
1334.913333331744,0.041181434949095846
1335.0839999985697,0.03294676375232125
1335.2546666653952,0.04120804896168741
1335.4253333322208,0.03269842793413005
1335.5959999990464,0.041051278092333915
1335.7666666642824,0.03227277175666705
1335.9373333311082,0.04072121359599175
1336.1079999979336,0.03168107943526475
1336.2786566646896,0.04023004477752837
1336.4493233315147,0.030935661493531417
1336.6199899983408,0.03959001822302961
1336.7906566651661,0.030049233188266994
1336.961323331992,0.03881424861593851
1337.131989998023,0.029034948035254585
1337.3026566648484,0.037916041887329076
1337.473323331674,0.027906796087147228
1337.6439899984996,0.03690977991376435
1337.8146566653254,0.026679189074680185
1337.9853233313559,0.03581024587677935
1338.1559899981817,0.025366985252711607
1338.3266566650072,0.0346318011759123
1338.4973233318328,0.02398422855328971
1338.6679899986584,0.03338877919403358
1338.8386566654842,0.02254578990895647
1339.0093233323096,0.032095902176267496
1339.1799899983407,0.02106603910500613
1339.3506433312098,0.030767462691365464
1339.5212999979653,0.019558781495708635
1339.6919666647912,0.029416568287496815
1339.8626333316165,0.018036733544727603
1340.0332999976476,0.02805536982851114
1340.2039666644732,0.016511949098877356
1340.3746333312988,0.026696163178438318
1340.5452999981244,0.014996399512275459
1340.71596666495,0.025350347986365155
1340.8866333317756,0.013500860384637414
1341.0572999986011,0.024028141595533715
1341.227966665427,0.012035120350093076
1341.3986333314576,0.022738668703510958
1341.5692999982834,0.01060837125243626
1341.739966665109,0.02149092199377483
1341.978899998665,0.009228916195205503
1342.2519666655858,0.020293228360380645
1342.4226333324116,0.00790467164246419
1342.5932999984423,0.019152239451310223
1342.763966665268,0.00664148429896305
1342.9346333320937,0.01807335700612427
1343.1052999989192,0.005444202943339688
1343.2759566656748,0.01706074898316203
1343.4466233309108,0.004316602155941043
1343.6172899977366,0.016117614795222425
1343.787956664562,0.0032607900597424544
1343.9586233313878,0.015245623996165006
1344.1292899982134,0.0022782869241039045
1344.2999566650392,0.014445233041842356
1344.4706233318648,0.0013685295533770706
1344.6412899978955,0.013715001876307182
1344.8119566647213,0.0005295566574911333
1344.9826233315466,0.013052731071589493
1345.1532899983727,-0.00024148813582398784
1345.3239566651978,0.01245466866117939
1345.4946233320236,-0.0009488862341681022
1345.6652899980545,0.011916386874694984
1345.83595666488,-0.0015971522578661305
1346.0066233317057,0.011433322138013008
1346.1772899985313,-0.002189287068326637
1346.3479566653568,0.011003849912413065
1346.518609999021,-0.0027283126027513207
1346.6892666657766,0.010623318764135978
1346.8599333310126,-0.0032193857362530645
1347.0305999978384,0.010286211234768012
1347.2012666646638,-0.003669177852582363
1347.3719333314898,0.009984596648707184
1347.5425999983152,-0.00408522130032074
1347.713266664346,0.009711574879601184
1347.8839333311716,-0.0044738681070905836
1348.0545999979972,0.009461846765326213
1348.225266664823,-0.0048404314628552915
1348.3959333316486,0.009229094687180408
1348.5665999984742,-0.005191833668447137
1348.7372666652998,0.009006490059116651
1348.9079333313307,-0.005534878586816906
1349.0785999981563,0.008787208843296253
1349.2492666649819,-0.005876248617829945
1349.4199333318074,0.008564333234678449
1349.590599998633,-0.006223287263997839
1349.7612666654586,0.00832993926954185
1349.9319333322844,-0.0065841198405672315
1350.10259999911,0.008076420645177218
1350.273256665071,-0.006966154761637197
1350.4439233318965,0.0077960591145997985
1350.6145899987218,-0.007377148803573557
1350.7852566655476,0.0074816972568404775
1350.9559233323732,-0.00782375554928663
1351.1265899976092,0.007126674541447691
1351.2972566644353,-0.008312789697128745
1351.4679233312606,0.006724551531947274
1351.6385899980864,-0.008850197126794215
1351.8092566649118,0.00626992157032898
1351.9799233317376,-0.009441156639487644
1352.150589998563,0.005757488227940732
1352.3212566645939,-0.010090092345286662
1352.49192333142,0.005183879186683522
1352.662589998245,-0.01080056920262794
1352.8332566650708,0.0045452694893622645
1353.0039233318967,-0.011575975703680956
1353.1745899979273,0.0038385660547540948
1353.3452566647532,-0.012418406195659147
1353.5159233315785,0.003063013387630159
1353.6865899984043,-0.013328313708637088
1353.85725666523,0.00221810389083137
1354.0279233320555,-0.01430659081311552
1354.1985666656497,0.0013029219924858876
1354.369233332475,-0.01535320359372565
1354.5398999977112,0.0003188385161469879
1354.710566664537,-0.016465165056464927
1354.8812333313624,-0.0007300760455707364
1355.051899998188,-0.017638132478576846
1355.2225666650136,-0.0018401786768326032
1355.3932333310445,-0.018869808867227066
1355.56389999787,-0.0030093082914773852
1355.7345666646956,-0.02015650107973719
1355.9052333315212,-0.004232250821360988
1356.075899998347,-0.021492751036953632
1356.2465666651724,-0.005502988296797116
1356.4172333319982,-0.022869741856269676
1356.5878999980291,-0.006810382063125861
1356.7585666648547,-0.02427709167805427
1356.9292333316803,-0.00814510481911841
1357.099899998506,-0.025705598102227268
1357.2705666653317,-0.009497965426763347
1357.4412333321573,-0.02714646082770634
1357.6118999989826,-0.010860602816067058
1357.7825666650137,-0.02859026327566087
1357.953223331769,-0.012221300656312238
1358.123889998595,-0.03002360962245594
1358.2945566654205,-0.013567227401414746
1358.4652233322463,-0.03143656729394691
1358.6358899990719,-0.014889967865497193
1358.806556664308,-0.032819065951277475
1358.9772233311337,-0.01617898158003104
1359.147889997959,-0.0341614765031067
1359.3185566647849,-0.017423145314947264
1359.4892233316102,-0.03545041840963053
1359.659889998436,-0.0186095736520325
1359.8305566652616,-0.036673828279458975
1360.0012233312925,-0.019725734386385186
1360.171889998118,-0.037818444932388215
1360.3425566649437,-0.020758967749855344
1360.5132233317695,-0.03887283205970072
1360.6838899985949,-0.0216978756572082
1360.8545566646258,-0.039824924032794196
1361.0252233314513,-0.02252982373201559
1361.195879998207,-0.040662329071377734
1361.3665333318709,-0.02324277972968585
1361.5371999986967,-0.04137326536719186
1361.707866665522,-0.02382577700375142
1361.878533332348,-0.041947632183562115
1362.0491999983788,-0.02426920081170295
1362.2198666644097,-0.042375399527118884
1362.3905333312352,-0.024562242690292783
1362.5611999980608,-0.042646250121003315
1362.7318666648864,-0.02469570404649608
1362.902533331712,-0.04275038244198353
1363.073199997743,-0.024657533404052977
1363.2438666645687,-0.04267685194178802
1363.4145333313943,-0.024439978642120466
1363.5851999982199,-0.04241926537063239
1363.7558666650452,-0.024037061702420506
1363.926533331871,-0.04197216480100596
1364.0971999986966,-0.02344348333395947
1364.2678666647275,-0.04133077692581378
1364.4385333315533,-0.022655569801293234
1364.6091999983787,-0.04049300826725343
1364.7798666652045,-0.021672178907788896
1364.9505333320299,-0.03945768366916694
1365.1211899987857,-0.020494204482484082
1365.2918566656112,-0.038226988225484725
1365.4625233316422,-0.01912289177336747
1365.6331899984677,-0.03680164791233517
1365.8038566652936,-0.017560018153136986
1365.9745233321191,-0.035183896937653586
1366.1451899989447,-0.015807270955378473
1366.3158566649756,-0.033375219360310564
1366.4865233310065,-0.013866297122949086
1366.6571899978321,-0.03137872349503062
1366.8278566646577,-0.011742603448114402
1366.998523331483,-0.029201910258401114
1367.1691899983089,-0.009444174213505968
1367.3398566651344,-0.026853180716284036
1367.51052333196,-0.00697939574253571
1367.681189997991,-0.02433988347888206
1367.8518566648165,-0.004355826753579959
1368.0225233316419,-0.02167253029523176
1368.1931899984677,-0.0015867221616495336
1368.3638566652933,-0.01886485775963246
1368.5345233313244,0.0013149222341012202
1368.7051899981502,-0.015929550621082863
1368.875833331744,0.0043351388838261985
1369.0464999985695,-0.012883469198170603
1369.2171666653953,0.007453313933772013
1369.387833332221,-0.009746399065530738
1369.5584999990463,0.010652344900447027
1369.7291666642825,-0.006535545982609921
1369.899833331108,0.013914493604574866
1370.0704999979337,-0.00326847876813715
1370.241166664759,0.017221266896784514
1370.411833331585,3.494085819527617e-05
1370.5824999984104,0.020552762474325345
1370.7531666644413,0.0033547336442599283
1370.923833331267,0.023888685236223815
1371.0944999980925,0.0066703858015773314
1371.2651666649185,0.027208043849925055
1371.4358333317439,0.009960824834714102
1371.6064999985697,0.030492046956351656
1371.777166665395,0.013208608768912089
1371.947833331426,0.033722453800844314
1372.1184999982515,0.01639440167565429
1372.2891666650771,0.03687958156356229
1372.459833331903,0.019496942588707912
1372.6304999987283,0.03993882442407125
1372.8011566654839,0.022491427002987452
1372.9718233323097,0.0428785721511911
1373.1424899983406,0.025360271464426466
1373.3131566651664,0.045684226707180454
1373.4838233319917,0.028087441704084334
1373.6544899988176,0.04833677597212651
1373.825156665643,0.030653335468285362
1373.9958233308794,0.050815746076291836
1374.1664899977047,0.033039419990380514
1374.3371566645305,0.05310542963390625
1374.5078233313561,0.035229330987778855
1374.6784899981817,0.05518878849252224
1374.849156665007,0.037208389841355216
1375.0198233318329,0.05705218278519892
1375.1904899986584,0.038963110393193626
1375.3611566646891,0.05868380980734404
1375.5318233315152,0.04048133990599432
1375.7024899983405,0.06006879673601833
1375.8731566651663,0.04174856636685733
1376.0438233319917,0.061197431132583704
1376.2144899980228,0.042758883581435495
1376.3851566648482,0.06206209420913615
1376.5557999984424,0.04350403506016473
1376.7264666652682,0.06265788975244502
1376.8971333320935,0.04398006151146996
1377.067799998919,0.06297984145680988
1377.238466665745,0.044181447938650566
1377.4091333309811,0.0630244163269404
1377.5797999978067,0.04410772126342473
1377.750466664632,0.06279117813235073
1377.9211333314574,0.043758246130718916
1378.0917999982835,0.06228212960773991
1378.2624666643144,0.04313600359389377
1378.4331333311397,0.06149950713092903
1378.6037999979656,0.04224389428661631
1378.7744666647911,0.06044692242842652
1378.945133331617,0.04108596957599513
1379.1157999984423,0.05912975191147256
1379.286466665268,0.03966741311555638
1379.4571333320935,0.057550637187455934
1379.6277999981244,0.03799051341999113
1379.7984666649502,0.05571477900284429
1379.9691333317758,0.03606373303146059
1380.1397999986013,0.053632511273892285
1380.310456665357,0.0338990073036629
1380.4811233321825,0.05131611774056272
1380.651789999008,0.03150884309547749
1380.8224566650392,0.04878254726047925
1380.9931233318646,0.02891151870671454
1381.1637899986902,0.046047553977627935
1381.3344566655157,0.026123594061869065
1381.5051233323416,0.04312881384937345
1381.6757899975778,0.023157430127256833
1381.8464566644034,0.040033192996951336
1382.017123331229,0.020024618503835828
1382.1877899980548,0.036779242334317064
1382.3584566648801,0.016746382762783157
1382.5291233317057,0.03339007705296251
1382.6997899985313,0.01334487885972401
1382.8704566645622,0.029882172671660424
1383.041123331388,0.009831605942987248
1383.2117899982136,0.026270849690155546
1383.3824566650387,0.006227090276031221
1383.5531233318648,0.02257854521528752
1383.7237899986903,0.002554681441051309
1383.894456664721,0.01882760108750278
1384.0651233315468,-0.0011647948390153214
1384.2357666651408,0.015038179601377575
1384.4064333319664,-0.004913587988005755
1384.5770999987922,0.01122799318704565
1384.7477666656177,-0.008670793283459596
1384.9184333324433,0.00741882573354474
1385.0890999976793,-0.012416431057665848
1385.259766664505,0.0036286846103235526
1385.4304333313307,-0.016132108628633617
1385.601099998156,-0.00012400375577687728
1385.771766664982,-0.019803493356842814
1385.9424333310128,-0.003827563540895142
1386.1130999978384,-0.023416360524088416
1386.283766664664,-0.007462243798765579
1386.4544333314896,-0.02694911005210597
1386.6250999983151,-0.011007756589569461
1386.7957666651407,-0.030386395546536358
1386.9664333319665,-0.014452975269513895
1387.1370999979972,-0.03371768271291185
1387.307766664823,-0.01778755098792924
1387.4784333316486,-0.03693629897241175
1387.649099998474,-0.02100669188964521
1387.8197666652998,-0.04003259015473643
1387.9904333321253,-0.02410206875821518
1388.1610999989512,-0.04300118631417837
1388.3317666657763,-0.02706582444812225
1388.5024233317374,-0.045832740093001464
1388.673089998563,-0.02988888785435335
1388.8437566653888,-0.04851589657103227
1389.0144233322144,-0.03255643607671443
1389.18508999904,-0.05103858378612511
1389.3557566642762,-0.035062859649014996
1389.5264233311016,-0.053396882930755604
1389.6970899979274,-0.03739837782178291
1389.867756664753,-0.0555778670931153
1390.0384233315785,-0.039552270479904506
1390.2090899984044,-0.057573805748485044
1390.3797566652297,-0.04152325830355205
1390.5504233312608,-0.05938945427155585
1390.7210899980864,-0.04331703163497176
1390.8917566649118,-0.06102386033160482
1391.0624233317376,-0.0449252800924296
1391.2330899985632,-0.06247157901991966
1391.403756664594,-0.04634783230550889
1391.5744233314197,-0.06372800516491996
1391.7450899982455,-0.04757447115004402
1391.9157566650708,-0.06478129418302572
1392.0864233318964,-0.048591963456206554
1392.257089998722,-0.06562124110009458
1392.427733332316,-0.049392858385386526
1392.5983999991417,-0.06624169583093946
1392.769066664378,-0.04997751452885333
1392.9397333312036,-0.0666534295774884
1393.110399998029,-0.05035048084010013
1393.2810666648547,-0.06684265460945168
1393.4517333316803,-0.05048985973047577
1393.622399997711,-0.06679037556504197
1393.7930666645368,-0.050385428540495644
1393.9637333313622,-0.06649407749806643
1394.134399998188,-0.05003606893724516
1394.3050666650138,-0.0659527295942545
1394.4757333318391,-0.04944006473451788
1394.646399998665,-0.0651631745214947
1394.8170666646959,-0.048592165061564566
1394.9877333315212,-0.06411766809074647
1395.1583999983468,-0.0474867199290009
1395.3290666651726,-0.06281722202715996
1395.4997333319982,-0.04612766342877621
1395.6703999988235,-0.06126252684834769
1395.8410666656496,-0.04451504982738879
1396.0117333316805,-0.05945809813792228
1396.182389998436,-0.04265424463991935
1396.3530566652616,-0.05740980932783972
1396.5237233320872,-0.0405499866977851
1396.6943899989128,-0.05511637318597025
1396.8650566657384,-0.03819810490342785
1397.0357233309746,-0.052577002382890724
1397.2063899978002,-0.03560527948799061
1397.3770566646258,-0.049803339277365126
1397.5477233314516,-0.03278124100851489
1397.718389998277,-0.046802103203317985
1397.8890566651025,-0.029732451723166728
1398.0597233319281,-0.04358022583001963
1398.230389997959,-0.026465476416577864
1398.4010566647846,-0.04014341375739961
1398.5717233316104,-0.022989665290511573
1398.7423899984358,-0.03650453974618134
1398.9130566652616,-0.01931528263655177
1399.0837233312925,-0.03267398577510832
1399.254389998118,-0.015455970727944105
1399.4250566649437,-0.028666262150403875
1399.5957233317692,-0.011427403326807806
1399.7663899985948,-0.024497429537358822
1399.9370566654204,-0.007243064645959014
1400.1076999990146,-0.020188048616907567
1400.2783666650453,-0.002935038414999019
1400.4490333310764,-0.015766342300913328
1400.6196999979018,0.0014758663070722645
1400.7903666647276,-0.01125238894418178
1400.9610333315534,0.005969651803151707
1401.1316999983787,-0.00666709013825259
1401.3023666644096,0.010526750893762371
1401.4730333312352,-0.0020287876169324914
1401.6436999980608,0.015126568526284365
1401.8143666648864,0.002639203751071809
1401.9850333317122,0.01974560962955084
1402.1556999985378,0.007313247852361224
1402.3263666653634,0.02435241883181947
1402.4970333313943,0.011952319796178884
1402.6676999982196,0.028896868937291084
1402.8383666650454,0.01650988221209185
1403.0090333318713,0.033341394192243926
1403.1796999986966,0.02094891236692349
1403.3503666655222,0.0376470275186883
1403.5210333323478,0.025232722562837203
1403.6916999983787,0.041780533016282984
1403.8623666652043,0.029333409098963238
1404.03303333203,0.04571937536820133
1404.2036999988554,0.03323046857188373
1404.3743666656815,0.04944279962875955
1404.545023331642,0.03690321382845987
1404.715689997673,0.05293125123294266
1404.8863566644986,0.04032897985878931
1405.0570233313242,0.056158706515971456
1405.2276899981498,0.043483728601035804
1405.3983566649754,0.059105855982466225
1405.569023331801,0.04634897146862342
1405.7396899986268,0.06175249874586919
1405.9103566646577,0.0489074561030107
1406.0810233314833,0.06408443458311365
1406.2516899983088,0.05114502245481021
1406.4223566651344,0.06608580925845703
1406.59302333196,0.05304960140790958
1406.7636899979912,0.0677488170429628
1406.9343566648163,0.05461187320345624
1407.1050233316423,0.06906702547584222
1407.275689998468,0.055826068415288164
1407.4463566652935,0.07002984811019564
1407.6170233321188,0.056679121547532796
1407.7876899989446,0.07062599082475912
1407.9583566649756,0.057165549352054285
1408.1290099978446,0.07085184477797729
1408.2996666646002,0.05727996903397641
1408.470333331426,0.07069993006806972
1408.6409999982516,0.05702148086615976
1408.8116666650772,0.07018242886071974
1408.9823333311083,0.05640110937136769
1409.1529999979336,0.06930191304354182
1409.3236666647595,0.05542306001738399
1409.494333331585,0.06806936960300551
1409.6649999984106,0.05409927350985981
1409.835666665236,0.0664959019500151
1410.0063333320618,0.0524400527977203
1410.1769999980925,0.06459548715067459
1410.3476666649183,0.050466352983628525
1410.5183333317439,0.06239112799531147
1410.6889999985694,0.04819615854952814
1410.859666665395,0.05989731983399884
1411.0303333322206,0.045645591882036596
1411.2009999990464,0.05713149876449952
1411.3716666650773,0.04283452451037165
1411.5423333319031,0.05411536532847112
1411.7129999987285,0.03978546819225375
1411.883666665554,0.05087316392322777
1412.0543333323799,0.03652507144609464
1412.2249899975457,0.0474291127675896
1412.3956566643715,0.03307265466844218
1412.566323331197,0.0438058092540254
1412.7369899980226,0.02945823102361076
1412.9076566648482,0.040027142520921384
1413.0783233316738,0.025694243822526327
1413.2489899984998,0.036106472155851395
1413.419656665325,0.021800495394225915
1413.590323331356,0.032068317499670464
1413.7609899981815,0.017806112657230054
1413.9316566650073,0.02794532494703019
1414.102323331833,0.013739232246902065
1414.2729899986584,0.023761384798399798
1414.4436566646896,0.009625125658872418
1414.6143233315152,0.019544425610692345
1414.7849899983405,0.005494750907930084
1414.955656665166,0.015324635033703763
1415.126323331992,0.0013734664801457316
1415.2969899988175,0.011127555786510996
1415.467656665643,-0.002711002946649193
1415.638323331674,0.0069762949087602225
1415.8089899984996,-0.0067393992231433685
1415.9796566653251,0.0028921663403581833
1416.150323332151,-0.010685307487087844
1416.3209899989763,-0.0010955108611247493
1416.491633330981,-0.014523464611191323
1416.6622999978067,-0.004966615054369884
1416.832966664632,-0.018232474368123645
1417.0036333314579,-0.008695523219715331
1417.1742999982832,-0.021791207036530185
1417.344966665109,-0.012264743015380058
1417.5156333319349,-0.025180012539772555
1417.6862999987602,-0.01565040703516678
1417.8569666647911,-0.028375268537433374
1418.0276333316167,-0.018834526666217582
1418.1982999984423,-0.03136079541396628
1418.3689666652679,-0.0218007109922751
1418.5396333320937,-0.03412376270333564
1418.710299998919,-0.02453583772779114
1418.8809666657448,-0.036652213691238764
1419.0516333317757,-0.02702997075430469
1419.2222999986013,-0.038934885671643785
1419.392966665427,-0.02927346144324071
1419.5636333322527,-0.04096628877828388
1419.734299999078,-0.03126458779316526
1419.9049666643143,-0.042745276447264245
1420.0756333311397,-0.03300043801592542
1420.2462899978957,-0.044266346332656095
1420.4169566647213,-0.034473014073611745
1420.5876233315469,-0.04553023862528344
1420.7582899983722,-0.035700831566681406
1420.928956665198,-0.04654298717072209
1421.099623331229,-0.03666296606848088
1421.2702899980545,-0.04728953739909441
1421.44095666488,-0.03736057808254962
1421.6116233317057,-0.047773955399113485
1421.7822899985317,-0.03779830732556019
1421.9529566653569,-0.048008355834159376
1422.123623331388,-0.03798280383747848
1422.2942899982133,-0.047986510643857096
1422.4649566650392,-0.037913634407624235
1422.6356233318647,-0.04771501809017841
1422.8062899986903,-0.037592889772899804
1422.976956665516,-0.04720423708850498
1423.1476233323415,-0.03705019598226423
1423.3182899983722,-0.04648077744228069
1423.488956665198,-0.03629597506402512
1423.6596233320238,-0.04554764805947025
1423.8302899988491,-0.03533760927898252
1424.0009566656747,-0.044426495544401826
1424.1715999976793,-0.03419368566842842
1424.3422666645051,-0.0431303846016811
1424.5129333313305,-0.03288012692401683
1424.6835999981563,-0.041675336841819136
1424.8542666649819,-0.03141560928396668
1425.0249333318075,-0.040079367796904984
1425.195599998633,-0.029810852550752436
1425.366266664664,-0.03835622830599583
1425.5369333314898,-0.028085098416225564
1425.707599998315,-0.036518673023865654
1425.878266665141,-0.026248537467954317
1426.0489333319665,-0.034586513618571166
1426.219599998792,-0.024327569085422947
1426.3902666656177,-0.032590107635548336
1426.5609333324433,-0.022351030409767835
1426.7315999984742,-0.030547559530151584
1426.9022666652997,-0.020339083185388608
1427.0729333321253,-0.028473530097966184
1427.243599998951,-0.01829907421234647
1427.4142666657767,-0.02638925601925817
1427.584933331013,-0.016250555005642653
1427.7555999978383,-0.02432440178837641
1427.926266664664,-0.014248625132120427
1428.0969333314895,-0.022313609586353117
1428.2675999983153,-0.012280130420089625
1428.4382566650706,-0.02032692189810346
1428.6089233318964,-0.010317680313499557
1428.7795899979274,-0.01836135426201253
1428.950256664753,-0.008381983053884413
1429.1209233315788,-0.016437610930082214
1429.291589998404,-0.006484563337008673
1429.4622566652297,-0.014553229953704689
1429.6329233312606,-0.004605946280365638
1429.8035899980864,-0.012699513433263216
1429.9742566649118,-0.0027638104640114593
1430.1449233317376,-0.010892088707422018
1430.3155899985634,-0.0009633099542296765
1430.4862566653887,-0.009114414289305308
1430.6569233322145,0.0008200493302209635
1430.82758999904,-0.007369220246264842
1430.9982566650708,0.0025672856322731877
1431.1689233318964,-0.005656228653569148
1431.339589998722,0.004292617464464144
1431.5102566655476,-0.003961277858011238
1431.6809233323734,0.006000487006414215
1431.8515899976096,-0.0022694215493954365
1432.0222566644352,0.007724353923698123
1432.1929133311908,-0.0005599776734626384
1432.3635666648547,0.009436909980512694
1432.53423333168,0.0010944299501740205
1432.7048999985059,0.011062290586174516
1432.8755666653315,0.002666509501116357
1433.0462333313621,0.012610453623687073
1433.2168999981882,0.004202385012347041
1433.3875666650138,0.01415509780081527
1433.5582333318393,0.005736067724608691
1433.728899998665,0.015658738810896706
1433.8995666654905,0.007230298400726507
1434.070233332316,0.01715242241074017
1434.2408999983468,0.008755207213404908
1434.4115666651726,0.018691827735126135
1434.5822333319982,0.010311866040732205
1434.752899998824,0.020215708991075883
1434.9235666656496,0.011840574867822362
1435.094233332475,0.02171226937145155
1435.2648999977112,0.013343972181051338
1435.4355666645367,0.0231897660694709
1435.6062333313625,0.014858156616782883
1435.7768999981881,0.02470122333551573
1435.9475666650135,0.016410243471674125
1436.1182333310444,0.02624956575285399
1436.2888999978702,0.01800271108851173
1436.4595666646956,0.027841996324306808
1436.6302233314514,0.019646181768036935
1436.8008899982772,0.02945015179545222
1436.9715566651025,0.02126331459328374
1437.1422233319283,0.030977770432004025
1437.312889997959,0.022774327148139442
1437.4835566647848,0.03237446285053211
1437.6542233316104,0.024168150199066134
1437.824889998436,0.03361824465379547
1437.9955566652616,0.025417920210231773
1438.1662233320872,0.03470572496397102
1438.3368899989127,0.02644014079630686
1438.5075566649436,0.035497756209731994
1438.6782233317695,0.027195625186367187
1438.848889998595,0.036078684012771714
1439.0195566654206,0.0278098134192853
1439.1902233322462,0.03658092049538189
1439.3608899990718,0.028335674340421814
1439.531556664308,0.03695103848205573
1439.7022233311334,0.028770302014908326
1439.8728899979592,0.037195086999457436
