Time (minutes),Amplitude
0.04012333154678345,-0.01044843244563539
0.21078999837239581,-0.009777215736373664
0.3814566651980082,-0.010607674185253302
0.5521233320236206,-0.010019028944363876
0.722789998849233,-0.01077345941122907
0.8934566656748453,-0.01006308614135412
1.0641233317057293,-0.010743794451454196
1.2347899985313417,-0.009885298063124796
1.405456665356954,-0.010521985193311427
1.5761233321825663,-0.00950933490859004
1.746789999008179,-0.010118850444810106
1.9174566642443338,-0.008944810290634752
2.0881233310699465,-0.009526578617365071
2.258789997895559,-0.008190548149986158
2.429456664721171,-0.008761919864766423
2.6001233315467838,-0.007257553516718459
2.770789998372396,-0.007819416210921956
2.9414566651980083,-0.006141038689536663
3.112099997997284,-0.006704431072180689
3.282766664822897,-0.004842992413040582
3.453433331648509,-0.005406006100450421
3.6240999984741213,-0.0033548707292159687
3.7947666652997336,-0.003926731227284959
3.965433332125346,-0.001695380835981557
4.136099998950959,-0.002297962062668331
4.30676666577657,9.395142956888077e-05
4.477433331807454,-0.0005768926096199144
4.648099998633066,0.0019434306359546205
4.818766665458679,0.0011624796017480807
4.989433332284292,0.003779715419368878
5.160099999109904,0.002846702057417
5.33076666434606,0.0055266507575325325
5.501433331171671,0.004397616639978681
5.672099997997284,0.007111450164896479
5.842766664822896,0.005742365844031226
6.013433331648509,0.00846244285415982
6.184099997679392,0.006815867860635043
6.3547666645050045,0.009525764309439159
6.525433331330618,0.007578127423583991
6.69609999815623,0.010270113945263091
6.8667566649119065,0.008004198064203476
7.037423331737519,0.010675601268381926
7.208089998563132,0.008082447270918723
7.378756664594015,0.010739662460221537
7.549423331419627,0.007818832122549172
7.720089998245238,0.01047300505901334
7.890756665070851,0.007231093465142184
8.061423331896464,0.009900212764589538
8.232089998722076,0.0063494389441289085
8.402756665547688,0.00905481680425741
8.5734233323733,0.0052103583544924415
8.744089998404185,0.007977706030121406
8.914756665229797,0.0038614138876246766
9.08542333205541,0.006720176566963497
9.256089998881022,0.0023562456923621558
9.426756665706634,0.0053372015879233495
9.597423330942789,0.0007494333556449837
9.768089997768403,0.003883674269404632
9.938756664594015,-0.000903100579342983
10.109423331419627,0.0024157246377322335
10.28008999824524,-0.002543595702827038
10.450756665070852,0.000990200716191954
10.621413331826528,-0.004115842819343903
10.792066664695739,-0.00033752613832730105
10.962733331521353,-0.005565321579916896
11.133399998346965,-0.0015158996864446143
11.304066665172575,-0.006841620419467664
11.474733331998188,-0.0024989012371643003
11.645399998823802,-0.007905191783475186
11.816066665649414,-0.0032517300504020736
11.986733331680298,-0.008727163059633133
12.157399998505912,-0.0037525473073907172
12.328066665331523,-0.009291248619850308
12.498733332157135,-0.003992435671965941
12.669399998982747,-0.009596330232122816
12.84006666580836,-0.0039766764033881226
13.010733331044516,-0.009652752603167307
13.181399997870127,-0.003719433398982281
13.35206666469574,-0.009477614912352168
13.522733331521351,-0.003242170325572999
13.693399998346965,-0.009097436270680555
13.864066664377848,-0.0025747412443053986
14.03473333120346,-0.008546199334755328
14.20539999802907,-0.0017551658114638188
14.376066664854685,-0.00786247734506711
14.546723331610362,-0.0008225432120449372
14.717389998435973,-0.007087426969292059
14.888056665261587,0.00017832633260631453
15.05872333129247,-0.006269232747389962
15.229389998118084,0.001199029920423722
15.400056664943696,-0.005455555874120162
15.570723331769306,0.002193440833470776
15.74138999859492,-0.004690658717802227
15.912056665420533,0.0031197799306954587
16.082723332246143,-0.004012584240591609
16.25338999827703,0.003943696682124212
16.42405666510264,-0.0034521037555358676
16.594723331928254,0.004637694479118283
16.765389998753864,-0.0030325844026776716
16.93605666557948,0.005183414647248878
17.10672333240509,-0.0027681205844052236
17.277389997641247,0.005571118547531298
17.448056664466858,-0.002663099051754343
17.61872333129247,0.005802459868963828
17.78938999811808,-0.0027103223618094485
17.960056664943696,0.005888719371529933
18.130723331769307,-0.002893837226651956
18.301379998524983,0.0058473421991499805
18.472033331394197,-0.0031951268929203123
18.642699998219808,0.005699257750192224
18.81336666504542,-0.0035895479481163795
18.984033331871032,0.005471060550878347
19.154699998696646,-0.0040485671294581025
19.325366665522257,0.005192668888122624
19.496033332347867,-0.0045416263618480324
19.666699998378753,0.004894582605189822
19.837366665204367,-0.005038423412737961
20.008033332029978,0.00460667073051513
20.17869999885559,-0.005509553120037618
20.349366665681202,0.004358975743759641
20.52003333171209,-0.005925235917587025
20.69069999774297,0.004180051118573768
20.861366664568582,-0.006258967549201413
21.032033331394196,0.0040924643959674425
21.202699998219806,-0.006490093625911309
21.37336666504542,0.0041134308784449404
21.544033331076303,-0.0066049153414166634
21.714699997901917,0.004252863314443465
21.88536666472753,-0.0065978926353470555
22.05603333155314,0.004512636052099594
22.226689998308817,-0.0064698424968504765
22.39735666513443,0.004888503230183353
22.568023331960042,-0.006228665640647702
22.738689997990924,0.005368549213866259
22.90935666481654,-0.005889417172352325
23.080023331642153,0.0059357098576752814
23.250689998467763,-0.005471108882899484
23.421356665293374,0.006568285177503774
23.592023332118988,-0.004997977756804848
23.762689998944598,0.007239522668663001
23.93335666497548,-0.004499040515099577
24.104023331801095,0.007919934446189252
24.274689998626712,-0.004003465309866152
24.445356665452323,0.008580899580815118
24.616023332277933,-0.0035397271353046146
24.78668999830882,0.00919332887476906
24.957356664339702,-0.003137102867206014
25.128023331165316,0.009729678535406381
25.298689997990927,-0.00282094308632794
25.469356664816537,0.010166693949965442
25.640023331642148,-0.002611570203259007
25.810689998467762,0.010486913972499061
25.98133333206177,-0.0025225114058124113
26.151999998092652,0.010679851562975353
26.322666664918263,-0.002561216013366012
26.493333331743877,0.010740712990410203
26.663999998569487,-0.0027297293915186636
26.834666665395098,0.010669659682931492
27.005333332220715,-0.0030248836814692312
27.175999999046326,0.010473354883142005
27.34666666507721,-0.0034370617672219886
27.51733333190282,0.010163839384234045
27.687999998728436,-0.003951050967143969
27.858666665554047,0.009758560605968985
28.029333332379657,-0.004547841044037951
28.199999997615812,0.009278210159919434
28.370666664441426,-0.005205400638641368
28.541333331267037,0.008745251469210739
28.711999998092654,-0.0059005018290007255
28.882666664918265,0.008183810503653754
29.05333333174388,-0.006608724425274624
29.223999997774758,0.007617987417106208
29.394666664600372,-0.007306321836485229
29.565333331425983,0.007070431327955601
29.7359999982516,-0.007971698189756037
29.906656665007272,0.006561374606748849
30.077323331832883,-0.008585861298775792
30.2479899986585,0.0061085909094202775
30.418656664689383,-0.00913232475722889
30.589323331514993,0.0057258039892768104
30.759989998340604,-0.009599820995577825
30.930656665166218,0.005422356105015944
31.10132333199183,-0.009980804559933542
31.271989998817446,0.005204644505247845
31.442656665643057,-0.010269843815965568
31.61332333167394,0.005074869498536927
31.783989998499557,-0.010468091321797799
31.954656665325167,0.005030381718435877
32.12532333215078,-0.010579087630393499
32.295989998976395,0.005065613480087925
32.46665666421255,-0.010610183523993587
32.63732333103816,0.005171219898970858
32.80798999786377,-0.010572433897572306
32.97865666468938,0.005335092574621846
33.14932333151499,-0.010478792429277423
33.3199899983406,0.005543858717402854
33.49065666516621,-0.010342457983599264
33.66129999876022,0.005783757327872964
33.8319666647911,-0.010177722380358073
34.00263333161672,0.0060403319102747014
34.17329999844234,-0.00999977771013638
34.34396666526794,0.006298121472563941
34.51463333209356,-0.00982299306294068
34.68529999891917,0.0065439320014667535
34.85596666574479,-0.009659623378420084
35.02663333177567,0.006766478239263628
35.19729999860128,-0.009520222020452022
35.36796666542689,0.006955622290653426
35.5386333322525,-0.009413959305398806
35.70929999907811,0.007103410754291023
35.87996666431427,-0.009347937244431174
36.05063333113988,0.00720347008781073
36.22129999796549,-0.009327355901379005
36.391966664791106,0.00725297592685168
36.56263333161672,-0.00935190020420319
36.7332999976476,0.007254476959916901
36.90396666447322,-0.009417527042420134
37.074633331298834,0.007213042359224013
37.24529999812444,-0.009517957347864208
37.41595666488011,0.007136973319953697
37.586623331705724,-0.00964284901713489
37.75728999853134,0.007037829709641006
37.92795666535695,-0.009779066982356099
38.09862333138784,0.006930495929409429
38.26928999821345,-0.009910423599686772
38.43995666503906,0.006831731411447313
38.61062333186467,-0.01001946176959221
38.78128999869028,0.006758274886981685
38.9519566655159,-0.010089993500033667
39.12262333234152,0.006725428100083149
39.293289998372394,-0.010107532338985172
39.46395666519801,0.0067457252087684515
39.63462333202362,-0.010060607798162043
39.80528999884923,0.006829836356952076
39.97595666567484,-0.009940685753870845
40.146623330911,0.0069840692410486046
40.31728999773661,-0.009742555394933301
40.48795666456222,0.007211823140763577
40.65862333138784,-0.009465135606163036
40.82928999821345,0.007511865432130131
40.999956665039065,-0.009111385790622704
41.170623331864675,0.007879062713381848
41.34126666466395,-0.008688382943506923
41.511933331489566,0.008304660000342468
41.682599998315176,-0.008206395041169821
41.853266665140794,0.008776835314621749
42.0239333319664,-0.007678373579766342
42.194599998792015,0.009281085188848988
42.365266665617625,-0.0071203453995547245
42.53593333244324,0.009799260239510766
42.706599998474125,-0.006551147080804838
42.877266665299736,0.010312110947008393
43.047933332125346,-0.005990896261419781
43.218599998950964,0.010798789491730465
43.389266665776574,-0.005460420969798972
43.55993333101273,0.011238820195974025
43.73059999783834,-0.004979455158618982
43.90126666466395,0.011612891141162105
44.07193333148956,-0.0045661010225214425
44.24259999831518,0.011904378979748716
44.41326666434607,-0.0042356664512107674
44.58392333189646,0.012098275389230216
44.75458999792735,-0.004001896374737936
44.92525666475296,0.01218271678115713
45.09592333157857,-0.0038747798114923777
45.26658999840418,0.012149225109300747
45.4372566652298,-0.0038602040684727304
45.607923331260686,0.011993983523037004
45.7785899980863,-0.003960126403283538
45.94925666491191,0.01171709769896092
46.119923331737525,-0.004172319532854465
46.290589998563135,0.0113228305109316
46.461256665388746,-0.0044899757663494745
46.631923332214356,0.010820243328346212
46.80258999903997,-0.004901741952676859
46.97325666507085,0.010223078853566447
47.14392333189646,-0.005391723439605172
47.31458999872208,0.009548990198341524
47.48525666554768,-0.005940522312296858
47.6559233323733,0.008818854543432906
47.82658999760945,-0.00652594531357945
47.99725666443507,0.008056047256147445
48.16792333126068,-0.007123430260801404
48.33857999801636,0.007285913519727284
48.5092333316803,-0.007707011802780997
48.67989999850591,0.006534841145082893
48.85056666533153,-0.008250441965252826
49.02123333136241,0.005828566784864453
49.19189999818802,-0.008728250545208979
49.36256666501363,0.005191633532017227
49.53323333183924,-0.009117274526223025
49.70389999866485,0.004645346327017839
49.87456666549046,-0.009398192205471423
50.04523333231608,0.004207257058770918
50.21589999834697,-0.009555440002161877
50.38656666517258,0.003891225623511051
50.55723333199819,-0.009577375169074191
50.7278999988238,0.00370583714302496
50.89856666564942,-0.009458983979145024
51.06923333247503,0.0036524011892477433
51.23989999771119,-0.009202127881852156
51.410566664536795,0.0037268785037830733
51.58123333136241,-0.00881335158773464
51.75189999818802,0.003919179132147258
51.92256666501363,-0.008306154217478412
52.093233331044516,0.00421284294825836
52.26388999859491,-0.007699832017648964
52.4345566646258,0.004586229795972043
52.60522333145142,-0.00701769046476692
52.77588999827704,0.005014953653597039
52.94655666510264,-0.006285829102475963
53.11722333192826,0.005470896507813267
53.287889997959134,-0.005534037731540783
53.45855666478475,0.005923457583741153
53.62922333161036,-0.004793200304402719
53.79988999843598,0.006342180386996186
53.97055666526158,-0.004093382142969796
54.1412233320872,0.006697858687585557
54.31188999891282,-0.003462897403511694
54.482556664943694,0.0069634258551957064
54.65322333176931,-0.0029270842415413762
54.823889998594915,0.007116132352647747
54.99455666542053,-0.0025065255580543414
55.16522333224615,0.007137932619503301
55.33588999907175,-0.002216484580226475
55.506556664307915,0.007016827086850224
55.67722333113353,-0.002066285124306918
55.847889997959136,0.0067469750192593915
56.01854666471481,-0.0020582855868007816
56.18919999837876,0.006330322389163444
56.359866665204365,-0.002186875125894337
56.530533332029975,0.005775556024546533
56.70119999806086,-0.002440713973824965
56.871866664886475,0.00509715803063528
57.04253333171209,-0.0028025296721649246
57.213199998537696,0.004315537337808607
57.383866665363314,-0.0032491085156538067
57.55453333218893,0.003457486551402242
57.725199999014535,-0.003751459414911758
57.895866665045425,0.002553521524476491
58.06653333187103,-0.004278448249015926
58.237199998696646,0.0016357937031211513
58.40786666552225,-0.004797074495442254
58.57853333234787,0.0007370550504596922
58.74919999837876,-0.005276061468037367
58.91986666440963,-0.00011159389283504518
59.09053333123525,-0.00568493785740331
59.26119999806085,-0.0008806430076969793
59.43185666481654,-0.0059967388077357756
59.60252333164216,-0.001545336668184024
59.773189998467764,-0.00618923186531219
59.94385666529338,-0.002085965647032539
60.11452333132426,-0.006246000320078838
60.285189998149875,-0.0024887530951977843
60.455856664975485,-0.0061566674137485825
60.626523331801096,-0.002746730823551516
60.797189998626706,-0.005917923927215214
60.96785666465759,-0.00285933957817942
61.1385233314832,-0.0055328662731654885
61.30918999830882,-0.0028327410282602524
61.47985666513442,-0.005011242532420717
61.65052333196004,-0.0026797167583337616
61.821189998785655,-0.00436913278210992
61.99185666561127,-0.0024180086119293177
62.16252333164216,-0.003626282753087057
62.333189998467766,-0.002068448215267825
62.503856665293384,-0.0028055512505280114
62.67452333211899,-0.0016558045882228152
62.845189998944605,-0.0019334092902348996
63.01584333181381,-0.001207322306089847
63.18649999777476,-0.0010382242068439405
63.35716666460037,-0.0007510611000538618
63.52783333142598,-0.0001477841627157556
63.69849999825159,-0.0003141757862636967
63.869166665077216,0.0007105774455063861
64.03983333190281,7.703045545062476e-05
64.21049999872844,0.0015124016558535661
64.38116666475932,0.00040175917333872343
64.55183333158493,0.0022394950223574663
64.72249999841054,0.000644091744337126
64.89316666523615,0.0028776706299065515
65.06383333206176,0.0007929261921612771
65.23449999888737,0.003417998459850346
65.40516666571298,0.0008417995024527768
65.57583333174388,0.0038562290741543234
65.74649999856949,0.000790041309770815
65.9171666653951,0.004194265475799916
66.08783333222071,0.0006423778645540957
66.25849999904632,0.004438997874198299
66.42916666428248,0.00040902773568490363
66.59983333110809,0.004602884206055055
66.77049999793371,0.00010502098833486772
66.94116666475932,0.0047028616863649154
67.111823331515,-0.000250320651588356
67.28248999834061,0.0047592150619571545
67.45315666516622,-0.0006357918070147627
67.62382333199182,0.004793393483163952
67.79448999802273,-0.0010296638422558515
67.96515666484834,0.004826572850313751
68.13582333167395,-0.0014106728925215872
68.30648999849956,0.00487911286764125
68.47715666532517,-0.0017588096927777866
68.64782333135605,0.0049691821440201655
68.81848999818166,-0.0020573045670041583
68.98915666500729,0.00511163287919897
69.15982333183288,-0.0022931242741108145
69.3304899986585,0.005316694358828281
69.5011566654841,-0.002458305372999245
69.67182333230973,0.005589354333374522
69.84248999834062,-0.00255070201789103
70.01315666516622,0.005928482873767221
70.18380999803544,-0.0025734629956364907
70.3544666647911,0.006328504659793848
70.52513333161671,-0.0025350494024959412
70.6957999976476,0.006777502672080192
70.86646666447321,-0.0024496403562794273
71.03713333129882,0.007258964781323719
71.20779999812444,-0.002335411895352899
71.37846666495005,0.007752816325437064
71.54913333177566,-0.00221371969752804
71.71979999860129,0.008236337114241618
71.89046666542689,-0.0021075465746601906
72.06113333145778,0.00868626739207812
72.23179999828338,-0.0020402807626801233
72.402466665109,0.009078622954851736
72.57313333193461,-0.002035492166160439
72.74379999876024,0.009390256817591019
72.91446666558583,-0.0021151493285284356
73.08513333241144,0.009600793515254578
73.25579999844233,-0.0022974190768971746
73.42646666526794,0.009693991088419052
73.59713333209355,-0.0025963706734663727
73.76779999891917,0.009658297458514943
73.93845666567483,-0.0030205473956634124
74.10912333091099,0.00948785731152413
74.27978999773661,-0.003572911257396373
74.45045666456222,0.009182628228567068
74.62112333138785,-0.004250115574431241
74.79178999821345,0.00874930277200257
74.96245666503907,-0.0050423107313314385
75.13312333186467,0.008200561746084089
75.30378999789556,-0.005934050473032077
75.47445666472116,0.0075540503053607225
75.64512333154678,-0.00690554965242911
75.8157899983724,0.006831479016689077
75.986456665198,-0.007932761678906965
76.15712333202362,0.006058871872215437
76.3277899980545,-0.008987987516517418
76.49845666488011,0.005265181487823856
76.66912333170572,-0.010041601476039726
76.83978999853133,0.004480004648433511
77.01045666535694,-0.011064064653407847
77.18112333218258,0.0037325428909533434
77.35176666577658,-0.012026884313022658
77.52243333101273,0.003049974130662428
77.69309999783835,-0.012904173951242168
77.86376666466394,0.0024569796565357543
78.03443333148957,-0.013672527454603385
78.20509999831518,0.001974283787338458
78.37576666434606,-0.014313428353590103
78.54643333117168,0.0016179765228052
78.71709999799728,-0.014813480165179471
78.8877666648229,0.0013980370283999167
79.0584333316485,-0.015165483003415612
79.22909999847413,0.0013184060859450215
79.39976666529972,-0.015368540401216593
79.57043333133062,0.0013769731053018225
79.74109999815623,-0.015427483613769276
79.91176666498184,0.0015661409125932355
80.08243333180747,-0.015352044628322375
80.25309999863308,0.0018736583858902968
80.42376666545867,-0.01515663277174913
80.5944333322843,0.002283846869386658
80.7650999991099,-0.014857828500632516
80.93576666514079,0.002779296002481492
81.10642333189647,-0.014473472176583863
81.27708999872206,0.003341939491789934
81.4477566655477,-0.01402250221875245
81.6184233323733,0.003952811801190496
81.78908999760947,-0.0135234530152801
81.95975666443506,0.004594067571630489
82.13042333126069,-0.012993676378335808
82.30108999808628,0.005249396673978496
82.47175666491191,-0.01244895929338418
82.64242333173752,0.005904273484566398
82.81308999856313,-0.011902429969757508
82.98375666459401,0.0065474388990828854
83.15442333141964,-0.011364167618083792
83.32508999824525,0.00717060732685601
83.49575666507086,-0.010840887736995132
83.66642333189645,0.007769113185238855
83.83708999792735,-0.010335906847673264
84.00775666475297,0.008341355714359275
84.17842333157857,-0.009849657439838181
84.34907999833425,0.008888598981054537
84.5197333319982,-0.009379819229535555
84.6903999988238,0.009414549626836294
84.86106666564942,-0.008922080126807654
85.03173333247503,0.009924608023153285
85.20239999771118,-0.00847093413982285
85.3730666645368,0.010424949417409337
85.5437333313624,-0.008020033459475879
85.71439999818803,0.010922462471098094
85.88506666501362,-0.007563037511006806
86.05573333104451,0.011423584850306458
86.22639999787013,-0.007094206446146334
86.39706666469573,0.011933727496732376
86.56773333152135,-0.0066088493280763395
86.73839999834695,0.0124574932920597
86.90906666517257,-0.006103513038433773
87.0797333319982,0.012997654143844475
87.25039999802907,-0.005576921426236898
87.42106666485469,0.013554575537515112
87.5917333316803,-0.005030587129252981
87.76239999850591,0.014125576263985758
87.93306666533151,-0.004468945771573857
88.10373333215713,0.014705064314910966
88.27438999891281,-0.003899666267311666
88.44505666494369,0.01528407361516514
88.61572333176932,-0.003333796481097142
88.78638999859493,0.015850044804042177
88.95705666542054,-0.0027861479557209287
89.12772333224615,0.016386804781689204
89.29838999907176,-0.0022746195432623456
89.46905666430791,0.01687575432955374
89.63972333113352,-0.0018191130443416766
89.81038999795913,0.017296543593919765
89.98105666478475,-0.0014408935800271554
90.15172333161037,0.0176279696042506
90.32238999843598,-0.0011615952285639658
90.49305666526159,0.01784902376438774
90.66372333129247,-0.001002071846359201
90.83438999811808,0.017939940248976407
91.00505666494368,-0.000981319737170065
91.1757233317693,0.017883504763309653
91.34638999859492,-0.0011151422208483027
91.51704666535059,0.01766639405872581
91.68769999901454,-0.0014147511283161512
91.85836666504541,0.01728045562598307
92.02903333187103,-0.0018856185867196864
92.19969999869664,0.016723970141659883
92.37036666552225,-0.0025263579039241676
92.54103333234787,0.016001956613025514
92.71169999837875,-0.0033286116673201653
92.88236666440963,0.015126903696438794
93.05303333123524,-0.004276384593736413
93.22369999806088,0.01411898273726756
93.39436666488646,-0.0053462182599104124
93.56503333171209,0.013005238805172233
93.73569999774297,-0.006508188114403618
93.90636666456858,0.011818459349533213
94.07703333139419,-0.007727352562712378
94.24769999821982,0.0105963164957456
94.41836666504541,-0.008964496596017764
94.58903333187104,0.009379411296999993
94.75969999869665,-0.010178685332995954
94.93035666465758,0.008208694657153813
95.1010233314832,-0.011329517832338933
95.27168999830882,0.007124086584152308
95.44235666513443,-0.012378570187137682
95.61302333196004,0.006162077910434013
95.78368999878566,-0.013292261699648004
95.95435666561129,0.00535312901864313
96.12502333164215,-0.014043527281434126
96.29568999846776,0.004721022535479999
96.46635666529338,-0.014612820377337557
96.63702333211899,0.004280883105401332
96.8076899989446,-0.014990231284800832
96.97835666497548,0.004037382819364283
97.14902333100636,-0.015176495808942538
97.31968999783199,0.003984643521181419
97.4903566646576,-0.01518279308838045
97.66102333148321,0.004106298934319324
97.8316899983088,-0.01503065615501001
98.00234333197275,0.004376028217439531
98.17299999872843,-0.014750725543480269
98.34366666475931,0.004759423876927402
98.51433333158494,-0.014380609014180626
98.68499999841055,0.0052159662976064775
98.85566666523616,-0.013963343634857647
99.02633333206178,0.005701054199887482
99.19699999888738,-0.013544313851715105
99.36766666571299,0.006168677165837346
99.53833333174389,-0.013169122992401654
99.70899999856948,0.006574204752860817
99.8796666653951,-0.012880860732386479
100.05033333222072,0.006876663979507268
100.22099999904633,-0.012717121132763003
100.39166666428247,0.007042293719078646
100.56233333110809,-0.012707312465935027
100.7329999979337,0.007046320490544199
100.90366666475931,-0.01287065332925379
101.07433333158492,0.00687499837746711
101.24499999841055,-0.013214828174205807
101.41566666444143,0.0065268944602948215
101.58633333126704,-0.013734512536132816
101.75699999809267,0.006013554097344225
101.92765666484833,-0.014411537112886938
102.09832333167394,0.005359091534107096
102.26898999849956,-0.015215302978299278
102.43965666532517,0.004599880444143484
102.61032333135606,-0.016104032850090755
102.78098999818164,0.003782329526419208
102.95165666500728,-0.01702550699813312
103.12232333183287,0.002962769215267354
103.2929899986585,-0.01792055656586868
103.46365666548411,0.002202222969025083
103.63432333230972,-0.018726210012706544
103.8049899983406,0.0015637847333542982
103.97565666516621,-0.019379414187631554
104.14632333199184,0.0011094304322092922
104.31698999881746,-0.019819120430765703
104.48765666564304,0.0008976409482428189
104.65832333087921,-0.0199903957007148
104.82898999770482,0.0009776902534905914
104.99965666453042,-0.01984931916330115
105.17029999812443,0.0013869639827051052
105.34096666495005,-0.019364766224166982
105.51163333177567,0.0021490883129766255
105.68229999860128,-0.018520410845498936
105.8529666654269,0.0032716628132178176
106.02363333145777,-0.01731698662500595
106.1942999982834,0.004744552196734792
106.364966665109,-0.01577326072585422
106.53563333193463,0.006539335949894204
106.70629999876022,-0.013926475966287015
106.87696666558584,0.008609946268635786
107.04763333241144,-0.011829904838095406
107.21829999844233,0.010895124981508925
107.38896666526796,-0.009551293797069123
107.55963333209357,0.01332056700138731
107.73029999891915,-0.007169939596429536
107.90096666574478,0.01580201768634682
108.07163333098092,-0.004773307705685388
108.24229999780655,0.018248713834826943
108.41295666456224,-0.0024533778553974274
108.58362333138783,0.02056793296283954
108.75428999821345,-0.00030142287397415577
108.92495666503905,0.022669988451944206
109.09562333186469,0.0015962680297689044
109.26628999789554,0.024471847547377273
109.43695666472118,0.003162570188245397
109.60762333154678,0.02590308183085145
109.7782899983724,0.004334627082187298
109.94895666519801,0.026907859980199525
110.11962333202362,0.005065773748990033
110.2902899980545,0.02744887109916018
110.46095666488011,0.005329392259776739
110.63162333170574,0.027509702313100175
110.80228999853134,0.005120500686843647
110.97295666535695,0.027095957424217835
111.14362333218256,0.00445581212249627
111.31428999900818,0.02623481255411666
111.48495666503905,0.0033737518404544026
111.65562333186467,0.02497442924416004
111.82626666466395,0.0019322903240936399
111.99693333148957,0.023381497297766143
112.16759999831518,0.00020682734013001633
112.33826666434607,0.02153774395555526
112.50893333117168,-0.0017153795420913628
112.67959999799727,0.019534954061085394
112.8502666648229,-0.0037377992820109207
113.02093333164851,0.01747165895015828
113.19159999847413,-0.005761422752451719
113.36226666529974,0.015445860204274343
113.53293333133063,-0.007689392940999131
113.70359999815624,0.01355095695464451
113.87426666498183,-0.00943271375603486
114.04493333180744,0.011869824129877644
114.21559999863307,-0.010914813702128469
114.38626666545868,0.010471138311493237
114.5569333322843,-0.012076099888357474
114.72759999910991,0.009404478924630017
114.8982666651408,-0.012876978322817279
115.06892333189646,0.008697791834578179
115.23958999872207,-0.01330112163487303
115.41025666554769,0.008355376868732833
115.5809233323733,-0.013356186803216815
115.75158999760944,0.008357406469076647
115.92225666443505,-0.013073017549018568
116.09292333126068,0.008662267874236488
116.26358999808629,-0.012504017379271058
116.43425666491191,0.009207083746962413
116.60492333173752,-0.011720789583190118
116.77558999856312,0.00991241253489478
116.94625666459402,-0.01080966486500633
117.11692333141964,0.010686088409407825
117.28758999824522,-0.0098669838167761
117.45825666507085,0.011429369767643286
117.62892333189647,-0.008992352872371396
117.79958999792734,0.012042861625074909
117.97025666475297,-0.008283266356105871
118.14092333157858,0.012433018905351801
118.31156666517259,-0.007828209101761331
118.48223333199819,0.012517437997072795
118.6528999988238,-0.007702130564428677
118.8235666656494,0.012230300017288512
118.99423333247503,-0.00796035428570706
119.16489999771117,0.011527796539616175
119.3355666645368,-0.008634870780193902
119.50623333136241,0.01039070930173078
119.67689999818802,-0.00973199219225871
119.84756666501362,0.008826214023110226
120.01823333104451,-0.011231065082077383
120.18889999787011,0.006868705529950193
120.35956666469573,-0.013084418916027267
120.53023333152134,0.0045787947621876305
120.70089999834697,-0.015219920923320546
120.87156666517258,0.0020397012099354363
121.04223333199818,-0.017544664337152294
121.21289999802907,-0.0006464200537902643
121.38356666485467,-0.019949062179738807
121.55422333161036,-0.003363460155407013
121.72488999843597,-0.02231274224322423
121.8955566652616,-0.0059878593616379166
122.0662233320872,-0.024510864613022532
122.2368899989128,-0.008394340765882552
122.4075566649437,-0.026420319184476643
122.5782233317693,-0.010463596184001318
122.7488899985949,-0.027928202945097416
122.91955666542053,-0.012089562434600725
123.09022333224615,-0.028936953495115825
123.26088999907176,-0.013184281579563683
123.43155666430792,-0.02937037922180265
123.60222333113352,-0.013682919208788467
123.77288999795914,-0.02917705783848638
123.94355666478475,-0.013548383021347393
124.11422333161036,-0.028334585707878245
124.28487999836602,-0.012772031778834176
124.45553333202997,-0.026849129869062086
124.62619999806086,-0.011374188270619553
124.7968666648865,-0.02475624480558514
124.96753333171209,-0.00940430805005722
125.1381999985377,-0.02211935311427294
125.3088666653633,-0.00693796339548251
125.47953333218894,-0.01902623951338613
125.65019999901456,-0.004073166699337131
125.82086666504543,-0.015585103136683175
125.99153333187103,-0.0009255129447089868
126.16219999869665,-0.011918472667865743
126.33286666552226,0.002378175881946429
126.50353333234787,-0.00815703700471371
126.67419999837875,0.005705898565345608
126.84486666440962,-0.004433597457608007
127.01553333123525,0.008927230734241263
127.18619999806086,-0.0008761239568368835
127.35686666488648,0.011918758748021981
127.52753333171208,0.002397402826415639
127.69818999846777,0.014571111143530484
127.86885666529338,0.005286405676949725
128.03952333132426,0.016795060361468002
128.21018999814987,0.007712687540213233
128.38085666497548,0.018525071741811037
128.5515233318011,0.00962228909833539
128.72218999862673,0.019721010665450362
128.8928566646576,0.010987929378790968
129.0635233314832,0.02036979475029389
129.23418999830884,0.011810340219818282
129.40485666513445,0.020486948248624088
129.57552333196003,0.012117457443523235
129.74618999878567,0.020113132297338274
129.91685666561128,0.011961313930479372
130.08752333164216,0.0193127427344803
130.25818999846777,0.011415696441422865
130.42885666529338,0.01816902471736879
130.599523332119,0.010570680482823334
130.7701766649882,0.01677857151620735
130.94083333174385,0.009526857458031553
131.11149999777476,0.015246458348420255
131.2821666646004,0.008390330163119339
131.452833331426,0.013678194659722096
131.6234999982516,0.007264161488403821
131.7941666650772,0.01217557318345864
131.9648333319028,0.006245578410718493
132.13549999872845,0.010829397208735318
132.3061666647593,0.005416279946089613
132.47683333158494,0.009713024218201116
132.64749999841055,0.004839030395470773
132.81816666523616,0.008878612750024245
132.98883333206177,0.004554394498877652
133.15949999888738,0.0083557617826033
133.330166665713,0.004578688136674971
133.50083333174388,0.008148531010117097
133.67148999849957,0.004902441725015972
133.84215666532515,0.00823483977866287
134.0128233321508,0.005490703934613251
134.18348999897643,0.008569327081591352
134.35415666421255,0.006287589543005034
134.52482333103814,0.009086249614098712
134.69548999786375,0.007217139118619178
134.86615666468938,0.009702078474340972
135.036823331515,0.008188915459941744
135.20748999834058,0.01032178368984446
135.37815666516622,0.009103726479163436
135.54882333199185,0.010844816850570616
135.71948999802274,0.009860604238234866
135.89015666484832,0.011171724272126453
136.06082333167396,0.010362878678088532
136.23148999849954,0.011211057454912798
136.40215666532518,0.010525036813219877
136.57282333135603,0.010885093323514531
136.74348999818167,0.010277276439586537
136.91413333177567,0.010134879609944874
137.08479999860128,0.009572716717575466
137.2554666654269,0.008925711392562444
137.4261333322525,0.008388736167629526
137.59679999907812,0.007248498700733782
137.76746666431427,0.0067291219333806985
137.93813333113985,0.005120204630090689
138.1087999979655,0.004624979835026679
138.2794666647911,0.0025855157314209165
138.4501333316167,0.0021332293394248506
138.6207999976476,-0.0002864112848847456
138.7914666644732,-0.0006655901942800528
138.96213333129882,-0.003404356372480553
139.13279999812443,-0.0036709855073665935
139.30346666495007,-0.006660059381213392
139.47413333177565,-0.006767626867708584
139.6447999986013,-0.009931827246351558
139.81546666542687,-0.009829323740403248
139.98613333145778,-0.013091529309904482
140.15678999821344,-0.01272929920056439
140.32745666503905,-0.01601481783932382
140.49812333186466,-0.015346097543240355
140.66878999869027,-0.018585072980431827
140.8394566655159,-0.017569911098160834
141.01012333234152,-0.020700742257217578
141.1807899983724,-0.01930829545208169
141.35145666519801,-0.02228054857327648
141.5221233320236,-0.02049107276253247
141.69278999884926,-0.023266222782420794
141.86345666567485,-0.02107311993364756
142.03412333091097,-0.02362670402946034
142.20478999773664,-0.021037070159515905
142.37545666456222,-0.023359148156157958
142.54612333138783,-0.020393958840483877
142.71678999821341,-0.022488553106570296
142.88743333180747,-0.019181214009683874
143.05809999863305,-0.021065072453931914
143.22876666466397,-0.01746064462586274
143.39943333148955,-0.019162310117198728
143.57009999831516,-0.015315815843327906
143.7407666651408,-0.01687310604809063
143.9114333319664,-0.012847847894324827
144.082099998792,-0.01430556070233269
144.25276666561763,-0.010168391385988605
144.42343333244327,-0.011576024951969783
144.59409999847415,-0.007395881512871346
144.76476666529973,-0.008804884502834778
144.93543333212534,-0.004649093800900648
145.10609999895095,-0.006106295155515838
145.2767666657766,-0.0020338339844011228
145.44743333101275,-0.003579154036544121
145.61809999783833,0.0003575809062801361
145.78876666466397,-0.0013095576123575126
145.95943333148955,0.0024476270619193355
146.13008999824524,0.0006335006977404707
146.30075666507082,0.004177740343277413
146.47142333189646,0.002201180474738807
146.64208999792734,0.005509968999895573
146.81275666475295,0.003365705796103648
146.98342333157856,0.006428313107501179
147.1540899984042,0.004121224114098049
147.3247566652298,0.006938559102448954
147.49542333126067,0.004483464677997094
147.6660899980863,0.0070672670177472155
147.8367566649119,0.004487862233134665
148.00742333173753,0.006859470630662065
148.1780899985631,0.004186834316441957
148.34875666538875,0.0063752113111098
148.51942333221436,0.0036451448846338682
148.69008999903997,0.005684718924835802
148.86073333104451,0.0029362861371490857
149.03139999787012,0.0048649932738739025
149.2020666646957,0.0021379453824931158
149.37273333152137,0.003995314958378342
149.54339999834696,0.0013282521256249452
149.71406666437784,0.0031538354122767746
149.88473333120345,0.0005827740610782422
150.0553999980291,0.002413411650805157
150.2260666648547,-3.051226876948525e-05
150.3967333316803,0.0018376482720085974
150.56739999850592,-0.0004552448529609499
150.73806666533153,0.0014768414566162778
150.90873333136238,-0.0006484152799656585
151.07939999818805,0.0013677097502671014
151.25006666501363,-0.0005824959684571687
151.42073333183924,0.0015316037755302061
151.59138999859493,-0.00024355953747549647
151.76205666542054,0.001975479295652434
151.93272333224616,0.00036681048615798
152.10338999827704,0.002691812180665396
152.27405666510265,0.0012344849350677395
152.44472333192826,0.0036607845155143706
152.61538999875387,0.002330850790627593
152.78605666557945,0.004847165456841544
152.9567233324051,0.003614643068055256
153.12738999764125,0.006204994803133334
153.29805666446686,0.005032419632534439
153.46872333129247,0.007677449461389367
153.6393899981181,0.006525028871846631
153.8100566649437,0.009206036776707506
153.9807233317693,0.008034060589276222
154.1513899985949,0.010732439949921463
154.3220566646258,0.00949852522935606
154.4927233314514,0.012195864466016875
154.66338999827704,0.010857634219558066
154.83404666503273,0.013537859069095179
155.00469999869665,0.012054637313583156
155.17536666552223,0.014704594914057097
155.34603333234787,0.01303869615896283
155.51669999837878,0.015649948394233733
155.68736666520437,0.013766070239503223
155.85803333202998,0.016334303117798078
156.0286999988556,0.014200381153570066
156.19936666568123,0.01672537355805342
156.37003333171208,0.014313813978689173
156.54069999774296,0.0168036078197878
156.71136666456857,0.014092561400838335
156.88203333139418,0.016559599370488023
157.0526999982198,0.013530686918381421
157.2233666650454,0.01599262839986666
157.3940333310763,0.01263241102819371
157.56469999790193,0.015112398278780307
157.73535666465762,0.011411474362464768
157.9060233314832,0.013937325248191796
158.0766899983088,0.009889747320392234
158.24735666513442,0.01249346703078548
158.41802333196006,0.008096250255065064
158.5886899979909,0.010812961085061398
158.75935666481655,0.006066840537452679
158.93002333164216,0.00893578064031765
159.10068999846777,0.0038425567497126826
159.27135666529335,0.006904264006441024
159.44202333211896,0.0014681030291690596
159.6126899989446,0.00476515000556926
159.78335666497549,-0.001010390597192909
159.9540233318011,0.002564166582636443
160.1246899986267,-0.003545936467378606
160.29533333142598,0.00035064052805987864
160.4659999982516,-0.006089383040346841
160.63666666507723,-0.0018272945793235626
160.80733333110808,-0.008593132590522128
160.9779999979337,-0.00392249911759356
161.14866666475933,-0.011011050500229212
161.31933333158491,-0.005889478181115997
161.48999999841052,-0.013298093410398655
161.66066666523616,-0.007684797975144567
161.83133333206177,-0.015413751682436349
162.00199999809266,-0.009270387548740941
162.17266666491827,-0.01731931184082217
162.34333333174388,-0.010610114556003783
162.5139999985695,-0.018984067176446955
162.6846666653951,-0.01167737029876819
162.8553333322207,-0.020383410364744944
163.02599999904632,-0.01244981124272849
163.1966566650073,-0.021498094011320353
163.3673233318329,-0.012913536693856987
163.53798999865847,-0.02231774520355724
163.7086566654841,-0.013061921199960247
163.87932333230975,-0.022839958584024447
164.04998999754588,-0.012899200530523172
164.22065666437146,-0.02307349239854371
164.3913233311971,-0.012434839170958752
164.56198999802274,-0.023028666204652815
164.73265666484832,-0.011686039940466202
164.90332333167393,-0.022726574738507685
165.07398999849957,-0.010675535998173368
165.24465666532518,-0.022191671075824114
165.41532333135606,-0.009432900944470394
165.58598999818167,-0.021456580197596706
165.75665666500726,-0.007994124930132924
165.9273233318329,-0.020558649952940985
166.0979899986585,-0.006398969225355939
166.2686433315277,-0.019537983778535307
166.4392999990781,-0.004688887617900445
166.609966665109,-0.018437015819146252
166.7806333319346,-0.0029088112446872005
166.95129999876022,-0.017299680528046122
167.12196666558586,-0.0011013123645197131
167.29263333241144,-0.016166141719571477
167.4632999976476,0.0006927072527271104
167.6339666644732,-0.015074313054452473
167.80463333129882,0.0024368362891027044
167.97529999812443,-0.014034465488304032
168.14596666495004,0.00412948707454137
168.31663333098095,-0.013073374590100707
168.48729999780653,0.00572262726572917
168.65796666463217,-0.012227880473237545
168.82863333145775,0.0072082356498183895
168.99928999821344,-0.011502231542850619
169.16995666503902,0.008579855473355325
169.3406233318647,-0.01090077630369821
169.51128999869027,0.009841588250852854
169.68195666472116,-0.010408730564377421
169.8526233315468,0.011009055682851546
170.0232899983724,-0.010007430323520226
170.19395666519802,0.012104470505118751
170.36462333202363,-0.009669957077653767
170.53528999884924,0.013152407977609916
170.70595666567485,-0.009369258708743989
170.87662333170573,0.014186386054591401
171.04728999853134,-0.009066081093826313
171.21795666535695,0.01524841721280557
171.3886233321826,-0.008713134909401473
171.55928999900817,0.01638143366588605
171.7299566642443,-0.008271140217368906
171.90059999783836,0.017621238815351912
172.07126666466394,-0.007705170771617114
172.24193333148955,0.01899808150929442
172.4125999983152,-0.006990127869721571
172.5832666651408,0.020528983059924476
172.75393333196638,-0.0061127199636299
172.9245999979973,0.022219747373033578
173.0952666648229,-0.005071621457215001
173.2659333316485,0.024064287595729827
173.43659999847415,-0.0038796046888536625
173.60726666529973,0.026038826592433513
173.77793333212537,-0.002569720888434477
173.94859999895095,0.02810313079002784
174.11926666577656,-0.0011850712003932142
174.28993333180748,0.03020834269347594
174.46058999856314,0.0002245641471557621
174.63125666538878,0.03229690210306175
174.80192333221436,0.0015936515443961004
174.97258999903997,0.03429375650707383
175.14325666427612,0.0028437070844935246
175.3139233311017,0.03611514421406275
175.48458999792737,0.003889648693361049
175.65525666475295,0.03767371343977925
175.82592333157857,0.004645014929499322
175.99658999840418,0.03887808011075718
176.16725666522981,0.005018182234435716
176.3379233312607,0.03964281325526481
176.50858999808628,0.004936704171788796
176.67925666491192,0.03990481800450992
176.84992333173753,0.004348611601647743
177.02058999856314,0.03961974555331122
177.1912466653188,0.003216100508612876
177.36189999898275,0.03875106319949724
177.5325666650136,0.0015111404541321908
177.70323333183924,0.03728503691591635
177.87389999866485,-0.0007630983020514628
178.04456666549046,0.035236916704123857
178.21523333231607,-0.0035757801204028576
178.38589999914169,0.03265076981087041
178.55656666437784,-0.00686624401225639
178.72723333120345,0.02960141960016143
178.89789999802906,-0.010547161883549368
179.0685666648547,0.026181537768222057
179.23923333168028,-0.014515626789895597
179.4098999977112,0.022501452573813942
179.5805666645368,-0.01865347162281627
179.7512333313624,0.01868743311531753
179.92189999818802,-0.022828644780619967
180.0925566649437,0.014871194596357962
180.26322333176932,-0.026906718240689406
180.4338899985949,0.011188623383672937
180.60455666462582,-0.030750028761495116
180.77522333145143,0.0077740601864662055
180.94588999827704,-0.034227438107801995
181.11655666510265,0.004751973867121468
181.28722333192826,-0.037219508973450756
181.4578899987539,0.002231376700982015
181.62855666557948,-0.03963177212539102
181.79922333161034,0.00029281910774407277
181.96988999843597,-0.041394242304658976
182.14055666526158,-0.0010071908304642519
182.3112233320872,-0.04246356353873405
182.4818899989128,-0.001643211899452233
182.6525466656685,-0.042833898966040146
182.82319999774296,-0.0016295722389519842
182.99386666456857,-0.04253659416960863
183.1645333313942,-0.001010364107938955
183.33519999821982,-0.04162469318548873
183.5058666650454,0.00014946682894235154
183.67653333187104,-0.04017927766211494
183.84719999869665,0.0017543100418745698
184.01786666472753,-0.038305070657859146
184.18853333155312,0.0036856259537064945
184.35919999837876,-0.03613399773114464
184.52986666520437,0.005801714597264239
184.70053333202998,-0.03381461641232634
184.8711999988556,0.007948677863653416
185.04185666561128,-0.03150344619216435
185.21252333164216,0.009977962020571817
185.38318999846777,-0.0293374775003857
185.55385666529338,0.011762046909588765
185.72452333211896,-0.027436316030736613
185.8951899989446,0.01319386424946367
186.06585666497548,-0.025889621552550736
186.23652333100637,0.014198664128963853
186.40718999783198,-0.02476096136438933
186.57785666465756,0.014722654354920407
186.74852333148323,-0.024089124501797243
186.9191899983088,0.014745632530522454
187.08985666513442,-0.02387872269310084
187.26052333196003,0.014278958168448331
187.43118999799094,-0.02410319926486942
187.60183333158494,0.013370200854134841
187.77249999841055,-0.024692791278701182
187.94316666523616,0.012105690612692795
188.11383333206177,-0.025550481406960004
188.28449999888738,0.010597548340432077
188.455166665713,-0.026550794726961004
188.62583333174388,0.008991557627332534
188.7964999985695,-0.027535049623963973
188.9671666653951,0.007450231338442906
189.1378333322207,-0.028334980667830557
189.30849999904632,0.006147886221852592
189.47916666428247,-0.028778129550530766
189.6498333311081,0.005253542488377963
189.82049999793372,-0.028704923219781586
189.99116666475933,0.004915843746376757
190.16183333158492,-0.02798012377093401
190.33249999841055,0.005260040571108765
190.50315666516622,-0.0264936056740493
190.67382333199185,0.006377794420313806
190.84448999802274,-0.02418051780309502
191.01515666484835,0.008315272191463101
191.18582333167396,-0.021009809729460205
191.35648999849954,0.011084534190330404
191.52715666532518,-0.016999267746638593
191.69782333135603,0.014641262140568908
191.86848999818167,-0.012222571401335232
192.03915666500728,0.018887619598507044
192.2098233318329,-0.006802130923737094
192.3804899986585,0.023681465036342986
192.55115666548414,-0.0009070474483535621
192.72182333230973,0.028825180115574986
192.89248999834064,0.0052377801028386335
193.0631433312098,0.03408346516665315
193.2337999979655,0.011386687804602324
193.40446666479107,0.03920178511958648
193.5751333316167,0.017274979242425208
193.7457999976476,0.04391507348854003
193.91646666447323,0.022640107698982833
194.08713333129882,0.047967190299140185
194.25779999812443,0.027227469875026254
194.42846666495007,0.051109986476178156
194.59913333177565,0.03079709893915397
194.7697999986013,0.05312201062055348
194.94046666542687,0.03314479543761914
195.11113333145778,0.05382173567194489
195.2817999982834,0.034112104995109006
195.45246666510897,0.05308089635974854
195.6231333319346,0.033598573847505225
195.79378999869027,0.050830537800589506
195.9644566655159,0.03156430361834146
196.13512333234152,0.04706931353146666
196.3057899983724,0.028039798440873932
196.476456665198,0.04186008648422107
196.6471233320236,0.023119337447384175
196.81778999884926,0.03533798917460052
196.98845666567485,0.016971461199452517
197.15912333091097,0.027704185011139675
197.32978999773664,0.009824591536717366
197.50045666456222,0.019218369927171904
197.67112333138783,0.001965028496174568
197.84178999821341,0.010192056874533117
198.01244333187742,-0.006281449313288854
198.18309999863305,0.0009648837233012462
198.35376666466397,-0.014566379059825931
198.52443333148955,-0.008104586090082699
198.6950999983152,-0.022531791772693405
198.8657666651408,-0.016663537243048997
199.0364333319664,-0.02983603528793552
199.20709999879202,-0.024370442566948522
199.37776666561763,-0.03614344598389411
199.54843333244327,-0.030908226460362332
199.71909999847415,-0.041169963779236325
199.88976666529973,-0.03601845548995849
200.06043333212534,-0.04468599255437556
200.23109999895095,-0.039505002767516804
200.4017666657766,-0.04653602107936252
200.57243333101275,-0.041247062133926725
200.7430899977684,-0.04664066749425009
200.91375666459402,-0.04120348367443625
201.08442333141963,-0.04500190863127008
201.25508999824524,-0.039418330246703444
201.42575666507082,-0.04170847680981581
201.5964233318965,-0.03601576015955955
201.76708999792734,-0.03692150574246291
201.93775666475295,-0.031190515985502282
202.10842333157856,-0.030872341028993656
202.2790899984042,-0.02520481219713674
202.4497566652298,-0.023854034709010107
202.62042333126067,-0.018371763639521508
202.7910899980863,-0.016199248611173108
202.9617566649119,-0.011038388295457752
203.13242333173753,-0.008270019479278572
203.3030899985631,-0.003572403727463221
203.4737333321571,-0.00043536078356399524
203.64439999898272,0.003663577826441497
203.81506666580836,0.006947143400396886
203.98573333104451,0.010322801564924445
204.1563999978701,0.013543490463897169
204.3270666646957,0.016095283002194812
204.49773333152137,0.019072813159025943
204.66839999834696,0.02073122080067836
204.83906666437784,0.023311557604203288
205.00973333120345,0.024034960331889798
205.1803999980291,0.026092493992809346
205.35106666485473,0.025877673682212946
205.5217333316803,0.027325478470255186
205.69238999843597,0.026207117646304894
205.86305666526158,0.026997057300055163
206.03372333129246,0.02505514994042725
206.20438999811807,0.0251781262625838
206.3750566649437,0.022527952268503373
206.5457233317693,0.02200905685916189
206.71638999859493,0.018798476630168256
206.88705666542054,0.01769200294279394
207.05772333224613,0.014096497581619757
207.22838999827704,0.012478658331694807
207.39905666510262,0.008691130895761083
207.56972333192826,0.0066537942954778655
207.74038999875387,0.0028808643778967446
207.91105666557945,0.0005233610162360951
208.0817233324051,-0.0030259825357766084
208.25238999764127,-0.005605883665042909
208.42303333123527,-0.008727647158050088
208.59369999806086,-0.011441232432000868
208.7643666648865,-0.013945528859925008
208.93503333171208,-0.01671922794410676
209.1056999985377,-0.018434264438098456
209.27636666536333,-0.021215990934462095
209.44703333139424,-0.021995195387716784
209.61769999821982,-0.02475882735770056
209.7883666650454,-0.024483360283565465
209.959033331871,-0.027231262352122136
210.12969999869665,-0.02581358700512453
210.30036666552223,-0.028577560833850282
210.47103333234787,-0.025961323772989132
210.6416899983088,-0.028800616229047143
210.81235666513444,-0.024958532750282352
210.98302333196003,-0.027960115492143573
211.15368999878564,-0.022892885848884888
211.32435666561128,-0.026166716063638025
211.49502333164213,-0.01989732253265887
211.66568999767304,-0.023570698024009545
211.83635666449862,-0.016139527740906164
212.00702333132426,-0.020351223976020554
212.1776899981499,-0.011810541222123556
212.34835666497548,-0.01670416209226419
212.5190233318011,-0.007111783736870788
212.68968999862668,-0.012831388358944719
212.8603566646576,-0.00224356382717774
213.03102333148323,-0.008926021562289225
213.20167666514712,0.0026052950688675047
213.37233333190278,-0.005162585971633235
213.54299999872842,0.0072730871894520705
213.71366666555406,-0.0016879527813515594
213.88433333237967,0.011627295405830834
214.0549999984105,0.0013862996538819554
214.22566666523616,0.015573041610899391
214.39633333206174,0.003989110181643867
214.56699999888738,0.01905962415242374
214.737666665713,0.006091531297902167
214.90833333094915,0.02207296888173161
215.07899999777473,0.007700219788847057
215.24966666460037,0.024636448136430854
215.42033333142598,0.008857779236602132
215.59098999818167,0.026805523200244843
215.76165666500728,0.009636245695256323
215.93232333183286,0.028663562519717162
216.1029899986585,0.010131165576921045
216.27365666468936,0.030308698615456764
216.444323331515,0.010447652472336496
216.6149899983406,0.03184616778022252
216.7856566651662,0.010692966207557783
216.95632333199183,0.033375902460696806
217.12698999802274,0.01096372028435549
217.29765666484832,0.03498317649074146
217.46832333167396,0.01133624903524819
217.63898999849954,0.03672761364179791
217.80965666532515,0.011857422376683064
217.9803233321508,0.03863428818751891
218.15097666581468,0.012536735235320466
218.32163333098097,0.040696187749422005
218.49229999780655,0.013353010584340673
218.66296666463217,0.04286502806645674
218.83363333145775,0.014238263978926689
219.0042999982834,0.04505066645131871
219.17496666431424,0.015088532737945772
219.34563333113988,0.04713197862736874
219.51629999796546,0.01577303392716716
219.6869666647911,0.0489627997396079
219.8576333316167,0.016141983174389956
220.02829999844235,0.050384202432869576
220.19896666526793,0.01603308013537153
220.3696233320236,0.051228039089129464
220.5402899980545,0.015284939051607402
220.71095666488014,0.05133368085746935
220.88162333170573,0.013744845316246966
221.05228999853134,0.05055502392081983
221.22295666535697,0.011283714275944316
221.39362333218259,0.04877424098200121
221.56428999900817,0.00780533059042652
221.73495666503905,0.045915497689264555
221.90562333186466,0.0032609423789156334
222.0762899986903,0.04194850786944493
222.24695666551594,-0.0023509499414742234
222.41762333234152,0.036897364948953494
222.588276664416,-0.00897271764781954
222.7589333311717,0.030845172968463584
222.9295999979973,-0.016491049379481405
223.1002666648229,0.02393000992979729
223.27093333164854,-0.024737375790307183
223.44159999847415,0.01634225118679951
223.61226666529973,-0.033495504619987515
223.7829333313306,0.008315683371205054
223.95359999815622,-0.04251109433587895
224.12426666498186,0.00011628713250850469
224.29493333180744,-0.051504432041757725
224.46559999863308,-0.007974240021495362
224.6362666654587,-0.06018834465111608
224.80693333228433,-0.015672420055074875
224.9775999991099,-0.0682823151907478
225.14826666514077,-0.022713272751248504
225.31892333189649,-0.07552877242617347
225.48958999872207,-0.02884837943049903
225.6602566655477,-0.08169544004730912
225.8309233323733,-0.03387572368077882
226.00158999760947,-0.08660529075815597
226.17225666443505,-0.0376503530622868
226.3429233312607,-0.09014013502032917
226.5135899980863,-0.0400869442559809
226.68425666491194,-0.09224441027528316
226.85492333173752,-0.04116676404978641
227.0255899985631,-0.09293019257947267
227.19625666459402,-0.0409334495757575
227.36692333141963,-0.09226938933072674
227.53756666501363,-0.039491191875164554
227.70823333183927,-0.09039115658171568
227.87889999866485,-0.03699934546527458
228.04956666549046,-0.08747693690502209
228.2202333323161,-0.03365679270402992
228.39089999834695,-0.08373675238363813
228.5615666651726,-0.029688187598248317
228.7322333319982,-0.07939971971298417
228.90289999882384,-0.02532526943499942
229.07356666564942,-0.07469335318486942
229.244233332475,-0.020786485220538792
229.4148999977112,-0.06982116819547667
229.58556666453683,-0.016266312987215384
229.7562333313624,-0.06496329540728785
229.92689999818805,-0.011919576414481482
230.09756666501363,-0.060239093888095854
230.26822333176932,-0.007829478984388528
230.4388899985949,-0.05569522086425304
230.60955666462579,-0.004014059499230954
230.78022333145145,-0.05131740472751542
230.95088999827703,-0.0004248869188154917
231.12155666510267,-0.04701765370648374
231.29222333192826,0.00306519976867781
231.46288999795917,-0.042633112312958826
231.63355666478475,0.0066481149189215666
231.80422333161036,-0.037946229620287354
231.974889998436,0.010563287782673483
232.14555666526158,-0.03269513162502934
232.3162233320872,0.01508998296727765
232.4868666656812,-0.026593295403161764
232.6575333317121,0.02051633901466666
232.82819999774296,-0.019353344295839417
232.9988666645686,0.027124845858356443
233.16953333139423,-0.010706286069646907
233.34019999821982,0.03516339427310889
233.5108666650454,-0.00043576112200962967
233.6815333310763,0.044812443664301545
233.85219999790192,0.011597795869207936
234.0228666647275,0.05616654694634835
234.19353333155314,0.02543417546082802
234.36419999837875,0.0692094911578919
234.5348666652044,0.0409963598075603
234.70552333196002,0.08379991107787463
234.87618999799096,0.05807288618733245
235.04685666481654,0.09966210263119939
235.21752333164213,0.07631930027511608
235.38818999846777,0.11638252671776546
235.55885666529338,0.09525183344531538
235.72952333211896,0.13341215256956696
235.9001899989446,0.11425512341208173
236.07085666497545,0.1500742951028655
236.2415233318011,0.13258890923099478
236.41218999862673,0.1655828477374916
236.5828566654523,0.14943010598266995
236.7534999982516,0.17908813382729033
236.9241666650772,0.1639061554673857
237.09483333110808,0.18971090505606997
237.2654999979337,0.17513344069242429
237.43616666475933,0.1965783645246145
237.60683333158494,0.18225985313565962
237.77749999841052,0.19887451425585573
237.94816666523616,0.18450817562286972
238.11883333206174,0.1958798953784553
238.28949999809265,0.1812279262432314
238.4601666649183,0.18702515042893678
238.63083333174387,0.1719298599280078
238.80149999856948,0.17191925249133833
238.97216666539506,0.15632749557052295
239.1428333322207,0.1503941078699842
239.31349999904631,0.13437034063373332
239.4841666650772,0.1225262616017232
239.65482333183292,0.10625951998941344
239.8254899986585,0.08865446992416967
239.9961566654841,0.07246573413073923
240.16682333230975,0.049387402351310394
240.3374899975459,0.033727294830999836
240.50815666437148,0.005599178455669585
240.6788233311971,-0.008960064118405903
240.84948999802273,-0.041591950946931584
241.02015666484832,-0.05436855217620304
241.19082333167393,-0.09085255647919083
241.36148999849956,-0.10107669319703697
241.5321566653252,-0.14067681862569348
241.70279999812442,-0.14751671308934775
241.87346666495006,-0.1894439992793625
242.04413333177567,-0.19203957224355622
242.21479999860125,-0.23548088674704115
242.3854666654269,-0.23296989857169595
242.5561333322525,-0.27712263358714256
242.72679999907808,-0.26867937443608947
242.897466665109,-0.3127847384074191
243.06813333193458,-0.29765287286385755
243.23879999876021,-0.3410324551556212
243.40946666558585,-0.31856302926021174
243.58013333241146,-0.3606488443484639
243.75079999764756,-0.330324918549989
243.92145666440328,-0.37068724041138545
244.09212333122892,-0.33215214141954297
244.2627899980545,-0.37052375875307736
244.4334566648801,-0.32360133223532495
244.6041233317057,-0.3598902967793093
244.77478999853133,-0.3045944794921303
244.94545666456224,-0.3388942365695882
245.11612333138783,-0.2754340929531584
245.2867899982134,-0.3080285077137859
245.45745666503908,-0.23681475474539204
245.62812333186466,-0.26817266892326835
245.7987899986903,-0.1898018545406669
245.9694566647212,-0.22055998033700308
246.1400999991099,-0.13579773168559883
246.31076666514076,-0.16673150558418695
246.4814333319664,-0.07647946252993036
246.65209999879198,-0.10847808690913706
246.82276666561765,-0.013751566723130673
246.99343333244323,-0.04778602176737579
247.1640999976794,0.05033340709488844
247.33476666450503,0.013259897189229396
247.5054333313306,0.11366508033190341
247.67609999815622,0.072552751393209
247.8467666649818,0.17415961253041315
248.0174333310127,0.12807676997660578
248.1880899985631,0.2298722603614786
248.358756664594,0.17798028342519448
248.52942333141965,0.27906295557085303
248.70008999824523,0.22066747222401317
248.87075666507084,0.32028190375625193
249.04142333189648,0.25485086931400897
249.21208999792734,0.3524041417916681
249.38275666475292,0.27958572503952583
249.55342333157859,0.3746617568149753
249.72408999840417,0.2942907371600768
249.8947566652298,0.38665852574273774
250.0654233320554,0.29876703282999767
250.23608999888103,0.3883849236702574
250.4067466656367,0.29319701121973224
250.5773999977112,0.38020336586872894
250.7480666645368,0.278122080853722
250.9187333313624,0.36281942625632224
251.089399998188,0.2544091901168485
251.26006666501362,0.3372436597193455
251.43073333104448,0.2232042136734763
251.60139999787012,0.3047364727901859
251.77206666469573,0.18587240124246518
251.94273333152137,0.26674642939988197
252.113399998347,0.14393365275488612
252.2840666651726,0.22484157759390253
252.4547333319982,0.09899218034804844
252.62538999795916,0.18064186331453605
252.79605666478474,0.0526722647866619
252.96672333161035,0.13575374520196948
253.137389998436,0.006549885193320008
253.30805666526157,0.09170295907455885
253.4787233320872,-0.03790952236794199
253.64938999891282,0.04987716729196785
253.8200566649437,-0.0794054982827622
253.99072333176932,0.01147469458400125
254.1613899985949,-0.11684702305539338
254.33205666542054,-0.022530678418137412
254.50272333224615,-0.14937999348941045
254.67338999907173,-0.051412336659556385
254.84405666430789,-0.17640649707114114
255.01472333113355,-0.07470576587390307
255.18538999795913,-0.1975931109339967
255.35604666471482,-0.0922088998091642
255.52669999837877,-0.21286388642551873
255.69736666520436,-0.10396908364571106
255.86803333202997,-0.22238166824911984
256.0386999980609,-0.11025846135663586
256.2093666648865,-0.22651808243052654
256.38003333171207,-0.11154019996787991
256.55069999853765,-0.22581804683793752
256.72136666536323,-0.10843171786726155
256.89203333218893,-0.22096061623956675
257.0626899989446,-0.10166204694365494
257.2333566649755,-0.21271254557122082
257.4040233318011,-0.09202355781463582
257.5746899986267,-0.20188107976630204
257.7453566654523,-0.08032661494440453
257.9160233322779,-0.18927001296889
258.0866899983088,-0.0673575082655201
258.2573566643397,-0.17564002240974383
258.4280233311653,-0.0538408504614977
258.5986899979909,-0.16167358664370848
258.76935666481654,-0.040408420743685655
258.9400233316422,-0.14794818863635725
259.11068999846776,-0.027576046606614932
259.2813566652934,-0.13491614111494346
259.45202333132426,-0.01572668645943747
259.6226766649882,-0.12289248128043298
259.79333333174384,-0.005104482611169464
259.9639999985695,-0.11205485337696336
260.1346666653951,0.004181138290151791
260.30533333222075,-0.1024509834887007
260.47599999904634,0.012144595541935333
260.6466666650772,-0.09401241697147705
260.8173333319029,0.018907425591271614
260.98799999872847,-0.08657466456984872
261.15866666555405,0.02467558946560598
261.32933333237963,-0.07990207898886288
261.49998999754587,0.0297119715245967
261.67065666437145,-0.07371671876671812
261.8413233311971,0.03430840793433226
262.0119899980227,-0.06772481097950582
262.1826566648483,0.038759360016463726
262.353323331674,-0.06164383148430953
262.5239899984996,0.04333493146183731
262.69465666532517,-0.055228155156171035
262.8653233313561,0.04825737132321453
263.03598999818166,-0.04828960774513077
263.20665666500724,0.05368356342762479
263.3773233318329,-0.04071255027289785
263.54798999865847,0.05969201583738621
263.7186566646894,-0.032464284245356495
263.88932333151496,0.06627606778213532
264.05997666517897,-0.023597677132416717
264.23063333193465,0.07334485007272416
264.40129999876024,-0.014247449280796009
264.5719666655858,0.08072962062874083
264.7426333324114,-0.004621115763948587
264.9132999976476,0.08819532041733716
265.0839666644732,0.005014947646156278
265.2546333312988,0.09545674784789286
265.42529999812444,0.014353461727865795
265.59596666495,0.10219776793470492
265.7666233317057,0.02306685643913335
265.93728999853136,0.10809346513471853
266.10795666456227,0.030830210757376224
266.27862333138785,0.11283284228710734
266.44928999821343,0.037343055942347214
266.619956665039,0.11613933026782304
266.79062333186465,0.042348857415250116
266.96128999869023,0.11778935842425697
267.1319566647212,0.045651930164502495
267.3026233315468,0.11762717702999678
267.4732899983724,0.04713053617462994
267.643956665198,0.11557579753456762
267.81462333202364,0.046744520344358026
267.9852666656176,0.11164176476909016
268.1559333324432,0.04453864662663734
268.3265999976794,0.10591634191903528
268.497266664505,0.04064026702075123
268.66793333133063,0.09857015988913309
268.83859999815627,0.03525152708460317
269.00926666498185,0.08984291889024422
269.1799333310127,0.028637106264171767
269.35059999783834,0.08002924840157039
269.5212666646639,0.021108408922335984
269.6919333314895,0.06946186780192627
269.8625999983152,0.013005539375953352
270.03325666507084,0.058492213737575606
270.20392333189653,0.004677420294333318
270.3745899979274,0.04747062541769087
270.54525666475297,-0.0035377978635267545
270.7159233315786,0.03672739672910978
270.8865899984042,-0.01133084582543355
271.05725666522983,0.02655521731042041
271.2279233320554,-0.018438240021896316
271.398589998881,0.017193839273456923
271.5692566657067,-0.024655076754771247
271.73992333173754,0.008819608937927301
271.9105899985631,-0.029843484493394964
272.08125666538876,0.0015393783452118952
272.25191333214445,-0.03393646116604491
272.4225666650137,-0.004611100730494391
272.5932333310445,-0.0369372126662792
272.7638999978701,-0.009665134028964052
272.93456666469575,-0.038915005673840514
273.1052333315214,-0.013717404341824675
273.275899998347,-0.039994574687436245
273.44656666517255,-0.016911589521890973
273.6172333319982,-0.0403424739727267
273.78789999802905,-0.019425855325208366
273.9585666648547,-0.04015160244771068
274.1292333316803,-0.021456394255028016
274.2998999985059,-0.03962461273791381
274.4705566652616,-0.02320136861085034
274.6412233320872,-0.03895703969063156
274.8118899989128,-0.024842511303197687
274.9825566649437,-0.03832035503085367
275.1532233317693,-0.026531274757994123
275.3238899985949,-0.03784883168721146
275.49455666542053,-0.028375620799314695
275.66522333224617,-0.037628043748448754
275.83588999907175,-0.030430864885698256
276.0065566643079,-0.037687040048472877
276.1772233311335,-0.032693944290710125
276.3478899979591,-0.03799673952846546
276.5185566647848,-0.03510433437681045
276.68919999837874,-0.03846995163429922
276.8598666652044,-0.037544508962002295
277.03053333202996,-0.03896671540749289
277.2011999980608,-0.039850459375847365
277.3718666648864,-0.03930624761359306
277.5425333317121,-0.041823548184919644
277.71319999853773,-0.03928013294624737
277.88386666536337,-0.04324569200975811
278.05453333218895,-0.03866860530742269
278.22519999901454,-0.04389590079794872
278.39586666504545,-0.03725820451218529
278.566533331871,-0.04356987986663033
278.7371999986966,-0.03486040448633434
278.90785666545236,-0.04209623452981018
279.07852333227794,-0.031329653005344175
279.2491899983089,-0.039356733707550905
279.4198566643397,-0.026578508678508514
279.59052333116534,-0.035294824267020394
279.7611899979909,-0.02058702542903025
279.93185666481656,-0.029927332946415974
280.10252333164215,-0.013411050336834129
280.2731899984677,-0.02334788730277332
280.4438566652933,-0.005185188896954898
280.6145233313242,-0.015731406099488063
280.78518999814986,0.003876228022407736
280.9558433318138,-0.007328962631875431
281.1264999985695,0.01348709754253185
281.2971666653951,0.0015421854689182434
281.4678333322207,0.023302107421426452
281.6384999990463,0.01051358551549802
281.8091666650772,0.03293269315692213
281.9798333319028,0.019179143347145485
282.15049999872844,0.041962730611299154
282.321166665554,0.027119397657093175
282.4918333323796,0.04997360323405275
282.6624999976158,0.033920326183602044
282.8331666644414,0.056564361907352624
283.003833331267,0.039200310148940085
283.1744999980926,0.061379421014679685
283.34515666484833,0.04263278714588278
283.5158233316739,0.06412874241424457
283.68648999849955,0.04396652991141531
283.8571566653252,0.06460638988548961
284.02782333135605,0.04304271662591035
284.1984899981816,0.06270523933047335
284.36915666500727,0.039804947570584975
284.53982333183285,0.05842789668224385
284.71048999865855,0.034315134159933786
284.8811333322525,0.05189679076272177
285.05179999907807,0.026750984918498512
285.222466665109,0.04334638435683298
285.39313333193456,0.01739919628405568
285.56379999876026,0.03311695161057488
285.73446666558584,0.00664634411896865
285.9051333324115,0.021641705518513916
286.0757999976476,-0.005036129776158229
286.2464666644732,0.009428507855031297
286.4171333312988,-0.01711373702695565
286.5877999981244,-0.002962561667566645
286.75846666495005,-0.029013812254578917
286.92912333170574,-0.014947755573753422
287.0997899985313,-0.04015236701922598
287.2704566645622,-0.02594529809514378
287.4411233313878,-0.04996316625329715
287.6117899982134,-0.03540644691815202
287.7824566650391,-0.05792766820453497
287.9531233318647,-0.04284338762192325
288.1237899986903,-0.06360044402729428
288.29445666472117,-0.04785331522603092
288.4651233315468,-0.06663306955521384
288.6357899983724,-0.05013982067478258
288.80645666519797,-0.06679157415267781
288.9771233320236,-0.049528810520740256
289.1477899988492,-0.0639709114690117
289.31843333244325,-0.045981900426117196
289.48909999767943,-0.05820754787339554
289.659766664505,-0.03960321522004651
289.8304333313306,-0.04967991177882359
290.00109999815623,-0.03063594314631023
290.1717666649818,-0.038698898680570845
290.34243333101267,-0.01944716941215626
290.51309999783837,-0.025692358199509577
290.68376666466395,-0.006522827943361196
290.8544333314896,-0.011210254590399427
291.02509999831517,0.007547645044827641
291.19576666514075,0.004121070584269097
291.3664233318965,0.02211347623080192
291.53708999792735,0.019624736204279163
291.707756664753,0.03649148609647242
291.8784233315786,0.03461336281365512
292.04908999840416,0.05000920946285529
292.21975666522985,0.04842942025615764
292.39042333205543,0.062038137105824266
292.561089998881,0.06046979056638565
292.73175666570665,0.0720137420746016
292.9024233317375,0.07020795453189597
293.07306666453684,0.0794645647797426
293.2437333313624,0.07722582203870507
293.414399998188,0.08403854578107693
293.58506666501364,0.08123342614950302
293.75573333104455,0.08551686774792175
293.92639999787013,0.08207674600723026
294.0970666646957,0.08381824941515426
294.26773333152136,0.07974055518851476
294.43839999834694,0.07900100127883457
294.6090666651726,0.07434867673476642
294.7797333319982,0.07125850349584587
294.95039999802907,0.0661532790506647
295.1210666648547,0.060905397511429066
295.29172333161034,0.05552117594610634
295.462389998436,0.048361787036605784
295.6330566652616,0.04291200143646967
295.8037233320872,0.03412847255339495
295.9743899989128,0.02885597621271173
296.1450566649437,0.018765904024660697
296.31572333176933,0.013929823433869134
296.4863899985949,0.0028655796420497194
296.6570566654205,-0.001273712444035786
296.8277233322462,-0.012978898999163753
296.9983899990718,-0.016173257404704364
297.16905666430796,-0.02819789028412565
297.3397133310636,-0.03022243654345178
297.51036666472754,-0.04226838531157204
297.6810333315531,-0.04293367049527463
297.85169999837876,-0.0547387584048203
298.0223666652044,-0.05390106772937233
298.19303333203,-0.06524683950234784
298.3636999980609,-0.0628139633997049
298.53436666488653,-0.07352994254765682
298.7050333317121,-0.06946467247442867
298.8756999985377,-0.0794320409588863
299.04635666529333,-0.0737534662502761
299.21702333211897,-0.08290381682545687
299.38768999894467,-0.07568481646867052
299.5583566649755,-0.08399793119895226
299.7290233318011,-0.07536230972623954
299.89968999862674,-0.08286072185428175
300.0703566654523,-0.07297473594101088
300.2410233322779,-0.0797155655314676
300.4116899983088,-0.06877949226930738
300.5823566643397,-0.07484619207542778
300.7530233311653,-0.0630857613637598
300.9236899979909,-0.06857816236440123
301.0943566648165,-0.05623421572981975
301.2649999984106,-0.06125971046437768
301.43566666523617,-0.04857757554185942
301.6063333320618,-0.05323959423796516
301.77699999809266,-0.04045944219219979
301.94766666491824,-0.04484903655315639
302.1183333317439,-0.032195858309478895
302.28899999856947,-0.03638352927997061
302.45966666539505,-0.02406189494926036
302.6303333322207,-0.028093014494804315
302.8009999990463,-0.016281184713649657
302.9716666650772,-0.02017102592362752
303.14233333190276,-0.009017379991091416
303.31299999872846,-0.01274991791029958
303.4836566654841,-0.002372788584774979
303.65432333230973,-0.005901639403897447
303.8249899975459,0.0036100818354281817
303.9956566643715,0.0003609249440951756
304.1663233311971,0.008945528941760747
304.3369899980227,0.00607534786285943
304.50765666484835,0.01369098441577357
304.67832333167394,0.011316420009318973
304.8489899984995,0.017936964670504738
305.01965666532516,0.016186029275504412
305.190323331356,0.02179309146086335
305.3609899981817,0.02079857053627951
305.5316433318456,0.02537691163850722
305.70229999860123,0.02527042274084952
305.8729666654269,0.028800994559569533
306.04363333225245,0.029704913876205958
306.21429999907815,0.03215729445927405
306.384966665109,0.034180204707395946
306.55563333193464,0.035511518537070366
306.7262999987602,0.03874342807461228
306.89696666558586,0.038891398108018164
307.06763333241145,0.043399767392704666
307.2382899975777,0.042282052256449425
307.40895666440326,0.048111227950254444
307.5796233312289,0.04562508910062398
307.7502899980545,0.052795104124751184
307.92095666488007,0.048817101624994724
308.0916233317057,0.05732643152679347
308.2622899985313,0.05171856572500816
308.43295666456225,0.06154782411035184
308.60362333138784,0.05415897172449237
308.7742899982135,0.0652743516877586
308.94495666503906,0.05594691922014345
309.11562333186464,0.06830729303630756
309.2862899986903,0.05688363882153137
309.4569333322843,0.07044699252506001
309.6275999991099,0.056776078083980476
309.79826666514083,0.07150268762782801
309.9689333319664,0.055444774566900036
310.13959999879205,0.07130885725031293
310.31026666561763,0.05274681038907285
310.4809333324432,0.06974133990168406
310.6515999976794,0.04858453682399264
310.822266664505,0.06672546482558772
310.99292333126067,0.04291368383988262
311.16358999808625,0.062243567505947256
311.3342566649119,0.03575101798204314
311.5049233317376,0.05634068949050666
311.67558999856317,0.02717611052546333
311.846256664594,0.04912615609226124
312.01692333141966,0.017333551108670513
312.18758999824524,0.0407711644478768
312.3582566650709,0.006425316296332203
312.52892333189646,0.03150168672111694
312.6995899979273,-0.005293071302145101
312.870256664753,0.02159155703596148
313.0409233315786,-0.01752653848170176
313.21157999833423,0.011347919323067886
313.38223333199824,-0.029950815366976007
313.5528999988238,0.0011019293977941583
313.7235666656494,-0.04222586758171959
313.89423333247504,-0.00880919484291828
314.06489999771117,-0.05401340765472743
314.2355666645368,-0.018056401657625242
314.4062333313624,-0.06499056277887814
314.576899998188,-0.026334136289180902
314.7475666650136,-0.07486436524330568
314.91822333176935,-0.033374141944145196
315.08888999859494,-0.08338743335617184
315.2595566646258,-0.03895839195827049
315.43022333145143,-0.09036499288535475
315.600889998277,-0.042924793154050414
315.7715566651026,-0.09566268081861824
315.9422233319282,-0.04517679471532799
316.11288999795914,-0.09921631955656987
316.2835566647848,-0.045689869707906935
316.45422333161036,-0.10103177686091427
316.62488999843595,-0.04450603212227837
316.7955566652616,-0.10117977995111735
316.9662233320872,-0.0417321512871017
317.13686666568117,-0.09979402772022775
317.3075333317121,-0.037531697178576566
317.47819999774293,-0.09705758634503629
317.6488666645686,-0.03211377946725272
317.81953333139415,-0.09319493721485711
317.9901999982198,-0.02572021018389781
318.16086666504543,-0.08845678852855579
318.3315333310763,-0.018614491813345842
318.5021999979019,-0.08310957863090751
318.67286666472756,-0.011069993611349012
318.84353333155315,-0.07742041528453779
319.0141999983788,-0.0033515506649382486
319.18486666520437,-0.07164324084321613
319.35552333196006,0.004297507529678629
319.5261899979909,-0.06600050706674097
319.6968566648165,0.01167178497604405
319.86752333164213,-0.06067254987859023
320.03818999846783,0.018610828655230886
320.2088566652934,-0.055792443833053484
320.379523332119,0.025002549960546017
320.55018999894463,-0.05144316481389514
320.7208566649755,0.030787570540471567
320.89149999777476,-0.047654366899079856
321.06216666460034,0.03596040141115585
321.232833331426,-0.04440162203325371
321.40349999825156,0.040564990531463584
321.57416666507714,-0.04161762450461307
321.74483333110805,0.04468828648239208
321.91549999793375,-0.039192209911238125
322.08616666475933,0.04845395806585677
322.25683333158497,-0.03698732037344398
322.42749999841055,0.05200413684192501
322.5981566651662,-0.034852591625224506
322.7688233319918,0.05549306329943182
322.9394899980227,-0.03262587381472146
323.1101566648484,0.059078739673937467
323.28082333167396,-0.030155669956321574
323.45148999849954,0.06290008563101185
323.6221566653252,-0.027313845105609243
323.79282333215076,0.06706617171767129
323.96348999897634,-0.024006117422642987
324.13415666500725,0.07165072562130582
324.3048233318329,-0.020179145758456696
324.47548999865853,0.07668149696079668
324.6461433315277,-0.015828515837876377
324.8167999982834,0.08213365635691224
324.98746666431424,-0.011003326687320323
325.1581333311399,0.08793387876413705
325.3287999979655,-0.005799253911227822
325.4994666647911,0.09395698446169916
325.6701333316167,-0.0003670469240593042
325.8407999984423,0.10002947564253298
326.0114666652679,0.005103583111102076
326.18213333209354,0.1059413597678831
326.3527899980545,0.010385005150030895
326.52345666488014,0.11144772691536865
326.6941233317057,0.01522356297485487
326.86478999853136,0.11629056370447428
327.03545666535695,0.01935735805128377
327.20612333218253,0.1202063959274735
327.37678999900817,0.022527903930489708
327.547456665039,0.12294155438813184
327.7181233318647,0.02448961353716189
327.8887899986903,0.12426291660218033
328.0594566655159,0.025027528851664208
328.2301233323415,0.12397616893678752
328.40078999757765,0.023969233947591838
328.57143333117165,0.1219316741482332
328.74209999799723,0.021191076757410353
328.9127666648229,0.11803264271259216
329.0834333316485,0.016628982496348994
329.25409999847415,0.11225257453056128
329.4247666652997,0.010291596167224021
329.5954333313306,0.10463901938468727
329.7660999981562,0.0022678320149672874
329.9367666649818,0.0953141844229723
330.10742333173755,-0.007292846920262169
330.27808999856313,0.08445748934486341
330.4487566653887,-0.01817915330621872
330.6194233322144,0.07231202075621207
330.79008999904,-0.03011967049247801
330.96075666507085,0.059177530537241875
331.1314233318965,-0.0427941638058204
331.30208999872207,0.04539220760978951
331.4727566655477,-0.05584788414925644
331.6434233323733,0.03132731432182182
331.8140899976094,-0.06890139526669202
331.98475666443505,0.017367477434465855
332.15542333126075,-0.08156721599258934
332.3260799980164,0.0039043805455071592
332.4967333316803,-0.0934595881107842
332.6673999985059,-0.008684902782959853
332.8380666653315,-0.10421606303708987
333.0087333313624,-0.02004912322905226
333.17939999818805,-0.11350209702357394
333.3500666650136,-0.0298772703735008
333.52073333183927,-0.12103795783342833
333.69139999866485,-0.03791399520686397
333.8620666654905,-0.12659942793006806
334.0327233322462,-0.04397093876922518
334.20338999827703,-0.13004034724145994
334.3740566651026,-0.04793485252228334
334.54472333192825,-0.13128724729843
334.7153899987539,-0.049765315723278185
334.8860566655795,-0.13033291748395945
335.05672333240506,-0.04948507778566197
335.22738999764124,-0.12724139530844675
335.3980566644668,-0.04718836233149712
335.5687233312925,-0.12213640418952863
335.7393899981181,-0.04302671359925068
335.9100566649437,-0.11520201273937145
336.0807233317693,-0.03720927797235845
336.2513666653633,-0.10667613140129183
336.4220333313941,-0.029999380841277255
336.5926999982198,-0.09685175542727041
336.76336666504545,-0.02170841127226914
336.9340333318711,-0.08606102178784043
337.1046999986967,-0.01267787787943565
337.27536666552226,-0.07465506090925583
337.44603333234784,-0.003259421399243967
337.61669999837875,-0.06299461943018526
337.78736666520433,0.006184004220833085
337.9580233319601,-0.05144486229564048
338.12868999878566,0.015298928643542495
338.2993566656113,-0.04034842883684228
338.4700233316422,0.02376575228036329
338.64068999767306,-0.030008939875348025
338.81135666449865,0.03130318327953637
338.9820233313243,-0.02068903358806334
339.15268999814987,0.03767901166040068
339.32335666497545,-0.012592759666160776
339.49399999856945,0.04273006612083208
339.66466666539515,-0.005849417965903746
339.835333331426,0.04636301438284705
340.00599999825164,-0.000523032602896322
340.1766666650772,0.04854887366950068
340.3473333319028,0.003385461503937514
340.51799999872844,0.049319307430471186
340.688666665554,0.005932654624453983
340.8593333323796,0.0487627120485583
341.0299999984105,0.0072342210969305295
341.20066666523616,0.04702717277190053
341.37133333206174,0.007462041316763928
341.5419999988873,0.04431213490318552
341.71265666564307,0.006834788240604187
341.8833233308792,0.040858735095411707
342.0539899977048,0.005605504516393252
342.22465666453047,0.036932134269263325
342.39532333135605,0.004043744964377461
342.56598999818164,0.03281142123939127
342.7366566650073,0.002430014173102438
342.9073233318329,0.028782810009785432
343.0779899986585,0.0010471710344699618
343.24864333152766,0.02512658131130585
343.41929999828335,0.00016384928896574612
343.58996666510905,0.022101611177941714
343.7606333319346,2.046874737860661e-05
343.93129999876027,0.01993465187169569
344.10196666558585,0.0008224589912370784
344.27263333241143,0.01881074030928945
344.4432999984423,0.0027272241093642667
344.61396666526787,0.018864470305049615
344.78463333209356,0.0058402419023049065
344.95528999884925,0.020176412717940996
345.12595666567483,0.010211122191954523
345.296623330911,0.02276765291182839
345.4672899977366,0.015824622262299543
345.63795666456224,0.02659142962023419
345.8086233313878,0.022599621390851754
345.97928999821346,0.03153724239657006
346.14995666503904,0.030390861619914264
346.3206233318646,0.037430709506333155
346.49128999789554,0.038991339360998085
346.6619566647211,0.04403529168934768
346.8326233315468,0.048130996704796564
347.0032899983724,0.05105470514273068
347.1739333319664,0.057485404018148785
347.344599998792,0.05814291480469175
347.5152666656176,0.06668733840975057
347.6859333324432,0.0649213637482666
347.85659999847405,0.07534756673965233
348.0272666652997,0.07099908709739003
348.1979333321254,0.08307136118013735
348.36859999895097,0.07598299048939773
348.5392666657766,0.0894670226123933
348.70992333094284,0.07948797631780487
348.8805899977684,0.09415532346395322
349.051256664594,0.08114714025126592
349.2219233314196,0.09678333800120867
349.3925899982452,0.08063127289425592
349.5632566650708,0.09704952686801821
349.73392333189645,0.0776747329537566
349.9045899979274,0.0947222798127321
350.075256664753,0.0720798803036092
350.2459233315786,0.08963827596340207
350.4165666651726,0.06372515122815442
350.58723333199816,0.08171785739488448
350.75789999882375,0.052576486532672335
350.92856666564944,0.07097315070618512
351.0992333316803,0.03869655155488369
351.26989999850593,0.057516511244540734
351.4405666653315,0.02224904984049427
351.6112333321572,0.0415604550092518
351.7818999989828,0.0034962936155652994
351.9525666658084,0.023415564934748306
352.12323333104456,-0.01720188976177807
352.29389999787014,0.0034881638092714765
352.4645666646957,-0.03939122716269143
352.6352233314514,-0.01772230891220798
352.80588999827705,-0.06253183794939081
352.97655666510263,-0.03964179492233057
353.1472233319282,-0.08601782590375202
353.3178899979592,-0.06163636562100138
353.48855666478477,-0.10919252509803158
353.65922333161035,-0.08303441411754527
353.829889998436,-0.1313730738101449
354.00055666526157,-0.10314585306170947
354.1712133320172,-0.15186925593895192
354.3418666656812,-0.12128828518103707
354.5125333317121,-0.17001072615199725
354.6831999985377,-0.13680839270915818
354.8538666653633,-0.18516913908452315
355.0245333321889,-0.1491095873735678
355.19519999901456,-0.19678459893791933
355.3658666650454,-0.15767296448463244
355.5365333310763,-0.20438326820810088
355.7071999979019,-0.16207421620934398
355.8778566646576,-0.20759715213289248
356.0485233314832,-0.1620069204165914
356.2191899983089,-0.20618562328448067
356.38985666513446,-0.15729774596615487
356.56052333196004,-0.20004550132455085
356.7311899979909,-0.14791548808968155
356.90185666481653,-0.18922232397769195
357.0725233316422,-0.13398477125366384
357.24318999846776,-0.17391746309853703
357.4138433321317,-0.11577783762679307
357.5844999988874,-0.15447059531228247
357.75516666571303,-0.0936967169104735
357.9258333317439,-0.13134556370140088
358.09649999856947,-0.06826735707845842
358.26716666539517,-0.10513301207937188
358.43783333222075,-0.04013941130184336
358.60849999904633,-0.07654020356863775
358.77916666428246,-0.01007547299228033
358.94983333110815,-0.046375919878583326
359.12049999793373,0.02108370325412861
359.2911666647593,-0.015501898597444058
359.4618333315849,0.05246391132226731
359.63249999841054,0.015200124759617285
359.80315666516617,0.08318010782063297
359.97382333199187,0.044852313786098684
360.1444899980228,0.11237796252684355
360.31515666484836,0.07262721176905389
360.48582333167394,0.13926094502944342
360.6564899984995,0.09776454990434706
360.82715666532516,0.1631180949222316
360.997823331356,0.11960913605792421
361.16848999818166,0.1833568308382404
361.3391333317757,0.13762753720532947
361.5097999986013,0.1995067704107883
361.68046666542693,0.15140915044218342
361.8511333322525,0.21122095100936233
362.0217999990781,0.1606700583515097
362.1924666643143,0.2182845068947921
362.36313333113986,0.16526276875036655
362.5337999979655,0.2206201934787285
362.7044666647911,0.16517804450915738
362.8751233315468,0.21828859337867138
363.0457899983724,0.1605418744074427
363.216456665198,0.21148255032254826
363.38712333122885,0.15160621464587948
363.55778999805455,0.2005128014193754
363.7284566648801,0.13873579486515739
363.8991233317057,0.1857977353781322
364.0697899985313,0.1223948196518866
364.24045666535693,0.16784618778335078
364.4111233313878,0.10313136906761008
364.5817766650518,0.14724502234481127
364.7524333318074,0.08155928618502668
364.9230999986331,0.12463072736330534
365.0937666654587,0.058329201209152144
365.2644333322843,0.10066751752626167
365.43509999910987,0.03410990346867797
365.60576666434605,0.07602701853531077
365.7764333311717,0.009568225989776991
365.94709999799727,0.05137055803541748
366.1177666648229,-0.014649202823749378
366.28842333157866,0.027327166579929618
366.45908999840424,-0.03794021325261596
366.6297566652298,0.004472910788555988
366.8004233312607,-0.0597612358100947
366.9710899980863,-0.016680859939074692
367.1417566649119,-0.07963951439414886
367.3124233317375,-0.03569873525648227
367.4830899985631,-0.09718297445301154
367.653756664594,-0.05223050306862315
367.82442333141967,-0.11208753255206427
367.99508999824525,-0.06601649340084818
368.1657566650709,-0.12414315862630687
368.3364133318265,-0.07689314620890188
368.50706666549047,-0.1332342038065996
368.6777333323161,-0.08478908448533154
368.8483999991417,-0.139336076359236
369.0190666643779,-0.08972165201056231
369.18973333120346,-0.14250759413299105
369.36039999802904,-0.09178634333319936
369.5310666648546,-0.14288263907376064
369.7017333316803,-0.0911510509465785
369.87239999771117,-0.14066306827139097
370.0430566652616,-0.0880459374266469
370.21372333129244,-0.1361070298061812
370.3843899981181,-0.08275151459937496
370.55505666494366,-0.12951456386575558
370.7257233317693,-0.07558118102294797
370.8963899985949,-0.12121187653846249
371.06705666462585,-0.06686875523584215
371.23772333145143,-0.11153915886217561
371.408389998277,-0.05695674043231034
371.57905666510266,-0.10084091704781398
371.74969999869666,-0.04618667917920214
371.92036666552224,-0.0894547947809207
372.0910333323479,-0.03488890135921488
372.26169999837873,-0.07770342380566726
372.43236666440964,-0.023374755367462557
372.6030333312352,-0.06588784457972423
372.77369999806086,-0.01193203797356764
372.9443666648865,-0.05428128513847975
373.1150333317121,-0.0008162357513761387
373.285699997743,-0.04312337196208496
373.45635666529336,0.009750062439796661
373.62702333132427,-0.032620701691928176
373.79768999814985,0.019577461738010556
373.96835666497543,-0.02294695221617477
374.1390233318011,0.028509864820708074
374.3096899986267,-0.01424085400216354
374.48035666465756,0.03642692970640525
374.6510233314832,-0.006606572528026919
374.82168999830884,0.04324092387822838
374.99233333190284,-0.0001164500946396176
375.1629999987284,0.04889494763565899
375.33366666555406,0.005186692200861
375.5043333323797,0.05336074914184924
375.6749999976158,0.009288709253954735
375.8456666644414,0.056638762640995356
376.01633333126705,0.012203483238453617
376.18699999809263,0.058755544476867476
376.35766666491827,0.013969613019041765
376.52833333174385,0.059762202957337494
376.69898999849954,0.01465098967042374
376.8696566653251,0.059734175068298305
377.04032333135603,0.01433427229126954
377.2109899981817,0.058768819049688024
377.38165666500726,0.01312646951195096
377.55232333183284,0.056982206988623406
377.72298999865853,0.011152684403452462
377.89365666468944,0.05450723209344042
378.064323331515,0.008553156244981657
378.234966665109,0.05148976188966434
378.4056333319346,0.005478532856720518
378.5762999987602,0.04808476258652054
378.7469666655858,0.002088604508719836
378.9176333324114,0.04445534246596931
379.0882999976476,-0.0014514317070947922
379.2589666644732,0.04076581595262295
379.4296333312988,-0.0049806361006332865
379.6002999981244,0.03717122018273753
379.77095666488015,-0.008346715506008011
379.9416233317057,0.03382023043393169
380.1122899985313,-0.011407607096123328
380.2829566645622,0.03084582886551447
380.4536233313878,-0.014038143811569977
380.62428999821344,0.028363917302513208
380.794956665039,-0.01613118840932625
380.96562333186466,0.02647030645283851
381.13628999869024,-0.01760255129685913
381.3069566647212,0.02523326163784297
381.47760999838516,-0.018399072641511544
381.6482666651408,0.024690830428152205
381.8189333319664,-0.018498062733683464
381.98959999879196,0.02484593371161549
382.16026666561766,-0.017915838280251416
382.33093333244324,0.025663136235132333
382.50159999767936,-0.016702269478264493
382.672266664505,0.02707778900058391
382.84293333133064,-0.014935571799251455
383.0135999981562,0.02899523352528387
383.1842566649119,-0.012724304255180655
383.3549233317375,0.03129516531106967
383.5255899985631,-0.010197650544015748
383.696256664594,0.03383614472489612
383.8669233314196,-0.007504891993468998
384.03758999824527,0.03646276886411438
384.2082566650709,-0.004804416554103701
384.3789233318965,0.03901123103632406
384.54958999792734,-0.0022611547120331126
384.72024666547776,0.04131760938338867
384.890899998347,-3.3450188881002886e-05
385.06156666517256,0.043226945971763076
385.23223333199815,0.0017289439199090336
385.40289999882384,0.044594968185042716
385.5735666656494,0.002892794654557982
385.744233332475,0.04529970103682845
385.9148999977112,0.0033498595308425762
386.08556666453677,0.045245870547975096
386.2562333313624,0.00302125327376333
386.4268899981181,0.04436991215393108
386.5975566649437,0.0018610528217464183
386.7682233317693,0.04264239650465136
386.9388899985949,-0.0001416643589857957
387.10955666462576,0.04006962947208744
387.28022333145134,-0.002961962027828047
387.4508899982771,0.0366926896470268
387.6215566651027,-0.006541751476640307
387.79222333192826,0.03258588681557039
387.9628899979591,-0.010787942557992057
388.13353333234784,0.027858627596427887
388.30419999837875,-0.015575898754228039
388.47486666520433,0.02264739242747304
388.6455333320299,-0.020757475387964505
388.8161999988556,0.017108986865230182
388.9868666656812,-0.026167617762360904
389.15753333171216,0.011414037846558913
389.328199997743,-0.0316294610206535
389.4988666645686,0.005743098779456225
389.6695333313942,-0.03695973489002061
389.84018999814987,0.00027849479473390917
390.01085666497545,-0.04197855924929101
390.18152333180103,-0.004805573099514776
390.35218999862667,-0.046518182068637566
390.5228566646576,-0.009350480512818534
390.6935233314832,-0.050429633930055895
390.8641899983088,-0.013219403938475314
391.03485666513444,-0.05358834051520971
391.20552333196,-0.016301665331317886
391.376166665554,-0.055896714208786065
391.5468333323796,-0.018514368707503174
391.7174999984105,-0.05728690037104183
391.88816666523616,-0.019806858810677702
392.05883333206174,-0.05772558087674764
392.2294999988873,-0.02016380913640051
392.400166665713,-0.057214426536051514
392.57083333094914,-0.019604405418269976
392.7414999977747,-0.05578885782493981
392.9121666646003,-0.01818013430382122
393.08282333135605,-0.0535151301449634
393.25348999818164,-0.01597177438220373
393.4241566650073,-0.05048720012198104
393.5948233318329,-0.013086237433231169
393.7654899986585,-0.046822994627428664
393.93615666468935,-0.009651114329607233
394.106823331515,-0.04265795771919992
394.27748999834057,-0.005808433313193593
394.44815666516627,-0.03813877071310297
394.61879999876027,-0.0017080024889212133
394.78946666558585,-0.033415996852854166
394.96013333241143,0.0025003698555842255
395.1307999984423,-0.028637085063341415
395.30146666526787,0.006672794199025571
395.47213333209356,-0.023940916143195868
395.6427999989192,0.0106769559964229
395.81346666574484,-0.019451610245370295
395.9841333309809,0.014398250580298188
396.1547899977366,-0.015273241209196532
396.32545666456224,0.017744010290406002
396.4961233313878,-0.011486648972442936
396.66678999821346,0.020645986294307223
396.83745666503904,-0.008147386690549475
397.0081233318646,0.023061644204660878
397.17878999789554,-0.005285106406120132
397.3494566647211,0.024974406945837017
397.5201233315468,-0.0029041151678339916
397.6907899983724,0.02639224069234469
397.86144333203634,-0.0009847102371292225
398.032099998792,0.02734640047163043
398.2027666656176,0.0005144925413047442
398.3734333324432,0.02788778473823385
398.54409999847405,0.0016520077808445566
398.7147666652997,0.028081890842036033
398.8854333321254,0.002498296600217915
399.05609999895097,0.02800345956486696
399.2267666657766,0.003130264244345598
399.39743333101273,0.027730883115014544
399.5680899977684,0.003625733217691215
399.738756664594,0.027340905742120097
399.9094233314196,0.004058334234813649
400.0800899982452,0.02690385386905133
400.2507566650708,0.004493085123195727
400.42142333189645,0.026479157623769893
400.5920899979274,0.0049819110611704544
400.762756664753,0.026111360207120404
400.9334233315786,0.005560264191218385
401.10407999833427,0.02582731428611572
401.27473333199816,0.0062452380522964625
401.44539999882375,0.02563533173075697
401.61606666564944,0.007035220237138586
401.7867333316803,0.02552501255310963
401.95739999850593,0.007910154487250421
402.1280666653315,0.025468220556362116
402.2987333321572,0.008833198971455368
402.4693999989828,0.025421397221633377
402.6400666658084,0.00975384439602182
402.8107233309746,0.025329358571993223
402.9813899978002,0.010612065091952703
403.1520566646258,0.025129696356815414
403.3227233314514,0.011342702232469531
403.49338999827705,0.024756788372476933
403.66405666510263,0.0118793957779503
403.8347233319282,0.024146178421559538
404.0053899979592,0.012159520949593354
404.17605666478477,0.023239727409056114
404.34672333161035,0.012129351478597375
404.51736666520435,0.021990700607427218
404.68803333202993,0.01174856811627905
404.8586999988555,0.020367469129927065
405.0293666656812,0.010993374993611481
405.2000333317121,0.018355935498457397
405.3706999985377,0.009858264922134787
405.5413666653633,0.015961142422679313
405.7120333321889,0.008357191633592121
405.88269999901456,0.013207419821186022
406.0533666650454,0.00652329398064787
406.2240233310064,0.010138236505397883
406.39468999783196,0.004408120400731868
406.5653566646576,0.006814265551504311
406.7360233314832,0.002079205097573719
406.9066899983089,0.003310694835044419
407.07735666513446,-0.0003830805002479406
407.24802333196004,-0.0002862412435256374
407.4186899979909,-0.002889598378325245
407.58935666481653,-0.0038839405123453695
407.75999999841054,-0.005346880588313159
407.9306666652361,-0.007387390046383254
408.1013333320617,-0.007661257662737633
408.2719999988874,-0.010704072177608655
408.44266666571303,-0.009744337933163968
408.6133333317439,-0.013749157713863357
408.78399999856947,-0.011517542251904293
408.95465666532516,-0.016449322461857218
409.12532333215074,-0.012915429577056424
409.29598999897644,-0.018746097931041164
409.4666566642125,-0.01388851576243949
409.63732333103815,-0.020597776671432547
409.80798999786373,-0.014405375782487927
409.9786566646894,-0.02198207350951216
410.149323331515,-0.014454570073047728
410.3199899983406,-0.022896920154850484
410.49063333193465,-0.014045533623750269
410.6612999987602,-0.02336121297378865
410.8319666647911,-0.013207713162701655
411.0026333316167,-0.023412883730273903
411.1732999984423,-0.011988626544167753
411.3439666652679,-0.02310689081628195
411.5146333320936,-0.010451419813940219
411.68529999891916,-0.022512027642077707
411.85596666574475,-0.008671265587280924
412.02662333170576,-0.02170730616428592
412.19728999853135,-0.006731553397712007
412.367956665357,-0.020777900172933992
412.53862333218257,-0.004719614143498837
412.70928999900815,-0.01981063554616154
412.87995666424433,-0.002722092251589059
413.05062333106997,-0.018889264169165875
413.22128999789555,-0.0008202474236474665
413.39195666472114,-0.01809023328168881
413.56262333154683,0.0009138251117806101
413.7332766652107,-0.01747873561638983
413.9039333319664,0.002421547401224073
414.0745999979973,-0.01710481564130127
414.2452666648229,0.00366093312468332
414.4159333316485,-0.01700052263816715
414.58659999847407,0.0046090483662934055
414.7572666652997,-0.017178178581589144
414.9279333321253,0.005263268867881527
415.098599998951,-0.01762951937826492
415.26926666577657,0.0056415471824232035
415.4399233317375,-0.018326005488551525
415.6105899985631,0.005781353737501799
415.7812566653887,-0.019220413723983386
415.9519233322144,0.005738298474937755
416.12258999904,-0.02024860570427862
416.2932566642761,0.005582896246435578
416.4639233311017,-0.021333232189390244
416.63458999792726,0.005397191952160198
416.80525666475296,-0.022387588014394305
416.97591333150865,0.005270331801438066
417.1465666651726,-0.02332026363422876
417.3172333319982,0.005293552662122139
417.4878999980291,-0.024040384839510705
417.6585666648547,0.005554901240699198
417.82923333168026,-0.024462832384393066
417.99989999850584,0.0061342482551468925
418.1705566652616,-0.024513095718566268
418.3412233320872,0.007098570991969161
418.5118899989128,-0.02413174332772755
418.6825566649437,0.008497704283405261
418.85322333176936,-0.023278268324578757
419.02388999859494,0.010361411634831225
419.1945566654205,-0.021933224620545
419.3652233322461,0.012697388405687328
419.5358899990717,-0.020100019900651727
419.706546664238,0.01548998286273343
419.87719999790187,-0.017805560668975356
420.04786666472745,0.018700400470241553
420.21853333155315,-0.015099572960434925
420.38919999837873,0.022267467600817596
420.55986666520437,-0.012053329707142773
420.73053333202995,0.026109365463506645
420.90119999806086,-0.008757741789451852
421.0718666648865,0.03012639652373149
421.2425333317121,-0.005319459363995938
421.4131899984677,0.034205386804613123
421.5838566652934,-0.001856460290569573
421.754523332119,0.038224004860980106
421.92518999894463,0.001506501537715781
422.0958566649755,0.04205579529787091
422.26652333180107,0.0046428545029045245
422.43718999862676,0.04557481106606375
422.60785666545235,0.007429097986433222
422.7785233322779,0.04866002039615752
422.9491766651471,0.009748427087275689
423.119833331108,0.05120016195895782
423.2904999979337,0.011496952254672864
423.4611666647594,0.05309986143562381
423.63183333158497,0.012589315862818898
423.80249999841055,0.05428464776574795
423.97316666523614,0.012962372245284287
424.1438233319918,0.05470231470714545
424.3144899980227,0.0125757846279108
424.4851566648484,0.05432520713276695
424.65582333167396,0.01141571778958855
424.82648999849954,0.05315326533025496
424.9971566653252,0.009496277503426737
425.16782333215076,0.05121435991184566
425.33848999897634,0.006859101583815981
425.50915666500725,0.04856253397988598
425.6798099978764,0.003569608708749025
425.8504666646321,0.04527308441268199
426.0211333314577,-0.0002873463184974684
426.1917999982834,0.04143930566309364
426.36246666431424,-0.004610769288130052
426.5331333311398,0.03716893539656412
426.7037999979655,-0.009286955392820123
426.8744666647911,0.03258013839986875
427.0451333316167,-0.014194423003438927
427.2157999984423,0.027796204715289055
427.38645666519795,-0.019208940014552915
427.55712333202365,0.022941462867930838
427.7277899980545,-0.024207086446440162
427.8984566648801,0.018137365936992354
428.06912333170567,-0.029070330366132883
428.23978999853136,0.013498504377684857
428.410456665357,-0.03368891316339202
428.5811233321826,0.00912913397733826
428.75178999900817,-0.03796493477877467
428.922456665039,0.005120524765850807
429.09309999783835,-0.041814321969664475
429.26376666466393,0.0015490161083412824
429.4344333314895,-0.04516894035484618
429.6050999983152,-0.0015254162688737687
429.77576666434607,-0.04797720125491928
429.94643333117165,-0.00405977104134397
430.11708999792734,-0.050204883249680275
430.2877566647529,-0.00602809526775585
430.4584233315785,-0.05183442654890946
430.6290899984042,-0.007421126939085347
430.7997566652299,-0.05286474905280856
430.97042333126063,-0.008245363601155147
431.14108999808633,-0.053309895751307554
431.3117566649119,-0.008521446294731201
431.4824233317375,-0.053196908665105264
431.6530799984932,-0.008281838772337598
431.8237333321571,-0.05256329516246931
431.9943999989828,-0.007567969563894517
432.16506666580835,-0.05145424515522272
432.3357333310445,-0.0064280330192537675
432.50639999787006,-0.049920751230602016
432.67706666469576,-0.004915074363526495
432.84773333152134,-0.04801822829035109
433.01839999834704,-0.0030858010402257667
433.1890666643778,-0.04580453403385751
433.3597233319283,-0.000998498885944202
433.53038999795916,-0.04333849318071894
433.70105666478474,0.001289078059643979
433.8717233316103,-0.0406769454828471
434.042389998436,0.003721885386501884
434.2130566652616,-0.03787380245354035
434.38372333129246,0.006247634842418191
434.55438999811815,-0.03498017205287633
434.72505666494374,0.008817519457968598
434.8957233317693,-0.032042778495942024
435.0663666653633,0.011387422818928898
435.2370333321889,-0.029104785643169182
435.4076999990145,0.013916132394112704
435.57836666504534,-0.026205596038062443
435.7490333310763,0.016368160485569546
435.919699997902,-0.023377468653900897
436.09036666472747,0.018714629084945218
436.2610233314832,-0.020647186314162423
436.4316899983088,0.020932046093317218
436.60235666513444,-0.018035695216799826
436.77302333196,0.023002602020097837
436.9436899979909,-0.015559146304771456
437.11435666481657,0.02491220729475524
437.28502333164215,-0.01323004759173577
437.45568999846773,0.026651412036612157
437.62635666529343,-0.011055903293685172
437.7969999988874,0.028214532037148007
437.96766666571295,-0.009042330256271007
438.1383333317438,0.029596694734858563
438.30899999856956,-0.007193998328407202
438.47966666539514,0.03079490467130459
438.6503333322207,-0.005513504667459589
438.8209999990463,0.03180773873205445
438.99166666428255,-0.004001891815593012
439.16233333110813,0.03263570542805167
439.3329999979337,-0.0026584324249959955
439.50365666468934,0.03328045583960831
439.674323331515,-0.0014819535613332755
439.84498999834057,0.033743782512219635
440.01565666516626,-0.00047076856685529116
440.18632333199184,0.034028796186947714
440.3569899980227,0.0003784578509765287
440.52763333161676,0.03413982408718638
440.69829999844234,0.0010698111646985772
440.8689666652679,0.034081573221016966
441.03963333209356,0.0016070874934375923
441.21029999891914,0.03385780947992109
441.3809666657447,0.0019929885744499293
441.5516333317757,0.033472290514929635
441.7222999986013,0.0022315195184397186
441.89296666542685,0.032930306581105566
442.0636233321826,0.0023278358503667873
442.2342899990082,0.03223868832390934
442.4049566642443,0.0022887717652966193
442.5756233310699,0.03140501123162865
442.7462899978956,0.0021217488778552543
442.91695666472117,0.030438253665897745
443.0876233315468,0.0018358482465404267
443.2582899983724,0.029348468239036134
443.428956665198,0.001440684510792576
443.59962333122894,0.028145778091183078
443.77027666489283,0.0009453732308026286
443.9409333316486,0.02683969905982417
444.11159999847416,0.0003586191343148988
444.28226666529974,0.025439113486433344
444.4529333321253,-0.0003119975544211907
444.6235999989509,0.023951812734923975
444.7942566657066,-0.0010598141445593413
444.96492333173757,0.022384889553427663
445.13558999856315,-0.0018787748479652652
445.30625666538873,0.02074497741863132
445.4769233322143,-0.002762807075052812
445.64758999903995,0.01903862923193193
445.81825666427613,-0.0037067239993741788
445.9889233311018,0.017271129286518267
446.1595899979273,-0.0047058192618562675
446.33025666475294,0.015448463611009104
446.5008999983469,-0.005754270025240673
446.6715666651726,0.013577224473089735
446.8422333319983,-0.006846346353418305
447.0128999980291,0.011663809908448878
447.1835666648547,-0.007976016023947425
447.3542333316803,0.009714634622093116
447.52489999850593,-0.00913791246518669
447.6955666653315,0.0077358686902893135
447.8662333321571,-0.01032608743139966
448.0368999989827,0.0057344211565715135
448.2075566649437,-0.011534091145003719
448.3782233317694,0.003718095971628576
448.548889998595,-0.012753888433551961
448.71955666542055,0.0016964246053174582
448.8902233322462,-0.013975536262008299
449.0608899990718,-0.00031853022857550653
449.23154666423795,-0.015185822572391197
449.4021999979019,-0.0023112598689336732
449.57286666472754,-0.016368734764327906
449.7435333315531,-0.004264324130029507
449.9141999983787,-0.017506806313646556
450.0848666652043,-0.0061587846222963885
450.25553333203,-0.018580554130676618
450.42619999806084,-0.007973109693148251
450.59686666488653,-0.019567799322952228
450.7675333317121,-0.009683168820958378
450.9381899984677,-0.02044350411646964
451.1088566652934,-0.011262147351287485
451.27952333211897,-0.021180912707239822
451.45018999894455,-0.012682821804229395
451.6208566649754,-0.02175394630076617
451.7915233318011,-0.01391923992931731
451.96218999862674,-0.022137975961333385
452.1328566654523,-0.01494668484715134
452.3035233322779,-0.02230959957101399
452.47416666507723,-0.015742537257166813
452.6448333311081,-0.022248317559528722
452.81549999793367,-0.016287225938152503
452.98616666475925,-0.021937004016465714
453.15683333158483,-0.016565420871168888
453.32749999841053,-0.021363208526083418
453.4981666652362,-0.016566581683932543
453.6688233319918,-0.020519676363786148
453.8394899980227,-0.01628633648118739
454.01015666484835,-0.01940606922903315
454.18082333167393,-0.015727153138364983
454.3514899984995,-0.018028750084576092
454.5221566653252,-0.014898388594855237
454.6928233321508,-0.0164013121044999
454.8634899989764,-0.013816690753449795
455.03415666500734,-0.01454350052642078
455.2048099978765,-0.012503684972506141
455.37546666463214,-0.012480239406798523
455.5461333314578,-0.010987015253823156
455.71679999828336,-0.01024268047840001
455.8874666643143,-0.009299879165687782
456.05813333113986,-0.007866409016683763
456.2287999979655,-0.007479388282979128
456.3994666647911,-0.005391147553722134
456.57013333161666,-0.005566662953297838
456.74079999844236,-0.002859590647558597
456.911456665198,-0.0036044362214143603
457.08212333202357,-0.00031470150718648283
457.2527899980545,-0.0016349532380157987
457.42345666488006,0.0022011098939645497
457.59412333170576,0.00030023164769222367
457.76478999853134,0.004646604453623663
457.93544333219523,0.0021606624903455253
458.106099998951,0.006981699238699965
458.27676666577656,0.003908471040142637
458.4474333310127,0.009171017023677988
458.6180999978384,0.005511572353270471
458.78876666466397,0.0111845349418274
458.95943333148955,0.006942314284279987
459.1300999983152,0.012996666543495657
459.30076666434604,0.008178144735727845
459.4714333311716,0.014587029758271697
459.64208999792737,0.009201321877298252
459.81275666475295,0.015940217800704464
459.9834233315786,0.009999926509039579
460.1540899984042,0.017047577508328648
460.32475666522976,0.010568650746907153
460.49542333126067,0.01790611223043139
460.66607999881114,0.010907490425222986
460.83673333168036,0.018518715311783156
461.00739999850595,0.011022547126269754
461.1780666653315,0.018894164031570345
461.3487333321571,0.010925509582273174
461.5193999989827,0.01904669535689416
461.69006666580833,0.01063267060747673
461.8607333310445,0.018993666111835252
462.03139999787015,0.010162898292199211
462.20206666469574,0.018756255972100375
462.37272333145137,0.009539882050531696
462.54338999827706,0.018359219970585573
462.71405666510265,0.008788053469459385
462.8847233319282,0.017826453776886582
463.0553899979592,0.007931372394352511
463.22605666478466,0.01718239473709809
463.3967233316104,0.00699477390618378
463.567389998436,0.01645196804828507
463.7380566652616,0.006002631391800872
463.9087133320173,0.015658707237571505
464.0793666656812,0.004976969934101496
464.2500333317121,0.014823299276625837
464.42069999853777,0.003937791528566893
464.59136666536335,0.013965181757611795
464.76203333218893,0.002903399674708172
464.9326999990145,0.01310133432549766
465.1033566649755,0.0018892161670497297
465.27402333100633,0.012246064412053403
465.4446899978319,0.0009081486036741456
465.6153566646575,0.011410747723321815
465.7860233314832,-3.074178065547241e-05
465.9566899983089,0.010602477636808945
466.12735666513447,-0.0009223999654416012
466.29802333196005,0.009824754308994897
466.4686899979909,-0.0017650394740710014
466.6393433316549,0.009078241426634045
466.8099999984105,-0.0025593997827184777
466.9806666652362,0.008361269411463817
467.15133333206177,-0.003308712123350523
467.32199999888746,0.00766945346048668
467.49266666571305,-0.004018942436430451
467.6633333317439,0.006996144466866654
467.83398999849953,-0.004697561511091104
468.0046566653251,0.006333684504939804
468.17532333215075,-0.005353208756694383
468.34598999897645,0.005672906453239198
468.5166566642125,-0.005995813604722297
468.68732333103816,0.005004435699040669
468.85798999786385,-0.006634261341377928
469.02865666468944,0.00432068638006625
469.199323331515,-0.007275750772482465
469.3699766651789,0.0036155687993914506
469.5406333319346,-0.00792592858736775
469.7112999987602,0.0028846576737694045
469.88196666479115,-0.008588625373331306
470.05263333161673,0.0021257761985654664
470.2232999984423,-0.009265080655359298
470.3939666652679,0.0013395472090061626
470.56462333202364,-0.00995363930777909
470.7352899988493,0.0005294386539951958
470.90595666567486,-0.010649717807486315
471.0766233317057,-0.00029766029433011035
471.2472899985313,-0.011345413807067831
471.417956665357,-0.0011322402964020286
471.5886233321826,-0.012030625731293806
471.75928999900816,-0.001962544271957925
471.9299566642443,-0.012693172137887702
472.10062333107,-0.002775126453029227
472.2712666646639,-0.013319407403783387
472.4419333314895,-0.0035549895436465927
472.6125999983152,-0.013893823103750097
472.7832666651408,-0.00428500210632429
472.9539333319664,-0.014399337859969505
473.1245999979973,-0.004947690748205045
473.29526666482286,-0.014819493024200804
473.46593333164856,-0.005526400426809999
473.636599998474,-0.01513872088733766
473.8072566652298,-0.006005755328220448
473.9779233320554,-0.015343025075034352
474.148589998881,-0.006372060108200152
474.3192566657067,-0.015420235112979783
474.48992333173754,-0.006613710251487785
474.6605899985631,-0.015360722814279339
474.8312466653189,-0.006721902395257494
475.00189999818804,-0.01515799282246116
475.1725666650136,-0.006691250935017791
475.3432333310445,-0.01480909213677461
475.51389999787006,-0.00652022975743675
475.68456666469575,-0.014315242879572983
475.8552333315214,-0.006211387358833026
476.025899998347,-0.013681372983444354
476.19656666517255,-0.0057705529063104485
476.36723333199814,-0.012915288022688737
476.53788999795916,-0.005206148320238414
476.70855666478474,-0.012027089269991154
476.87922333161043,-0.004528693945719916
477.049889998436,-0.011029048982740399
477.2205566652616,-0.003750987985116121
477.3912233320872,-0.009935919726152497
477.56187999884287,-0.002888394789110148
477.73253333171203,-0.008764853450739466
477.90319999774295,-0.001958305923179198
478.0738666645686,-0.007534259180632104
478.2445333313943,-0.0009787503540363996
478.41519999821975,-0.006262878687701019
478.58586666504544,3.2282467315215665e-05
478.7565333310763,-0.0049691489661955615
478.9271999979019,0.001057308921181971
479.0978666647276,-0.0036707056327258437
479.26852333148315,0.002079762092240223
479.43918999830885,-0.002384425798349976
479.60985666513443,0.0030837592537859408
479.78052333196,-0.001126380070574506
479.951189997991,0.004054268646115968
480.12185666481656,8.836964038856564e-05
480.29250999848045,0.004977743246127184
480.4631666652361,0.001246900629199451
480.63383333206184,0.005843023773901719
480.8044999988874,0.002338602188225882
480.975166665713,0.006641300326146232
481.14583333094913,0.0033550408903618646
481.3164999977748,0.007365383315033941
481.4871666646004,0.004289105643808831
481.657833331426,0.008009413497205645
481.8284999982516,0.005135070180140064
481.99916666507727,0.008568975543712437
482.16982333183284,0.005888994991005293
482.34048999865854,0.00904163633543934
482.5111566646894,0.006548789668604881
482.681823331515,0.009426549230219565
482.85248999834056,0.0071137285130045734
483.02314333200457,0.009723981806972733
483.1937999987602,0.007584114241172467
483.36446666558584,0.009935373176498783
483.5351333324114,0.00796168014456201
483.70579999844233,0.010063494759037821
483.87646666526797,0.008248958760877289
484.04713333209355,0.010111133762076603
484.21779999891913,0.008447999186561087
484.38846666574483,0.010080578652507855
484.5591333309809,0.008560903904946043
484.7297899977366,0.009974573412325998
484.90045666456217,0.008590307284175968
485.07112333138787,0.009796364267800093
485.24178999821345,0.008539117957704559
485.4124566650391,0.009549113164589647
485.58312333186467,0.008409888103552917
485.7537899978955,0.009235257846771696
485.9244566647212,0.008204273067363235
486.0951233315468,0.008856413552154626
486.2657899983724,0.00792341655235656
486.43643333196644,0.008413909724797218
486.607099998792,0.007568214883190562
486.7777666656176,0.007908783605120305
486.9484333324432,0.00713955366883416
487.1190999984741,0.0073423262918815525
487.2897666652997,0.006638725387113284
487.4604233320554,0.006716227614317897
487.631089998881,0.006067202940551631
487.8017566657066,0.006031961458424666
487.9724233309427,0.005426177424803341
488.1430899977684,0.005291396474555331
488.31375666459405,0.004718543340441636
488.4844233314196,0.004498858869345236
488.6550899982452,0.003949534409240966
488.8257566650708,0.0036606227653000513
488.99641333182643,0.0031260243836475974
489.1670666646958,0.0027845611920969716
489.3377333315214,0.002256668785782828
489.508399998347,0.0018800077062094331
489.67906666517257,0.001351343241808515
489.8497333319982,0.0009575590054669873
490.0203999988238,0.0004212275353877812
490.19105666557954,2.9117885863803634e-05
490.3617233316103,-0.0005210476240627994
490.532389998436,-0.0008920699148489773
490.70305666526167,-0.0014615413648844864
490.87372333208725,-0.0017913335006642963
491.04438999891283,-0.0023852304748427605
491.2150566657385,-0.0026537257507202655
491.38572333097454,-0.0032771871153774784
491.55638999780024,-0.0034646838409581465
491.7270566646258,-0.004123401380379623
491.8976999982198,-0.004210943297527341
492.0683666650454,-0.004911284673974087
492.239033331871,-0.004880892619218403
492.40969999869657,-0.005630202076413794
492.58036666472753,-0.005465230646279295
492.7510333315531,-0.0062718257975099365
492.9216899983088,-0.00595691971892843
493.0923566651345,-0.006830118102635142
493.26302333195997,-0.0063512034906074676
493.43368999878567,-0.007301352395138397
493.60435666561125,-0.006645928518625186
493.7750233316421,-0.007684524049453769
493.9456899984677,-0.006841538464210225
494.1163566652934,-0.007981178609040024
494.287023332119,-0.006941041383976892
494.45767666498824,-0.008195342171514105
494.6283333317439,-0.006949847230111778
494.7989999977748,-0.008333038232086707
494.96966666460037,-0.006874979709544609
495.14033333142595,-0.008401418797161836
495.31099999825153,-0.006724097083510992
495.4816666650771,-0.008408053003360475
495.6523333319028,-0.006505218658477656
495.8229899986585,-0.00836103416683116
495.9936566646894,-0.0062272337466211004
496.164323331515,-0.008269303705599182
496.33498999834063,-0.00589937463809648
496.5056566651662,-0.00814118707945185
496.6763233319918,-0.005529483853022093
496.8469899988175,-0.00798341102420459
497.0176566656431,-0.005123965415227572
497.1883233316739,-0.00780105115434295
497.35896666447326,-0.004687193923658305
497.52963333129884,-0.007596845612287023
497.7002999981244,-0.0042210889519403395
497.87096666495006,-0.007371599717929434
498.04163333098097,-0.0037262903177904066
498.21229999780655,-0.0071249043781504845
498.38295666456224,-0.003201919335960605
498.5536233313878,-0.006854476009883843
498.7242899982134,-0.0026452154371637802
498.8949566650391,-0.006556259264951487
499.0656233318647,-0.002051811948257312
499.23628999869027,-0.00622508792976664
499.4069566647211,-0.001416869930806231
499.57762333154676,-0.005856037577322608
499.74828999837234,-0.000736538811164132
499.91895666519804,-0.005445572806377189
500.089599998792,-8.671706654177203e-06
500.2602666656177,-0.004991937979461032
500.43093333244326,0.0007672862899038458
500.6015999976794,-0.004494553229144626
500.77226666450497,0.0015910491402972775
500.94293333133066,-0.003953416476888082
501.11358999808624,0.0024617060402263736
501.2842566649118,-0.0033700206520308564
501.4549233317375,0.0033758577921785874
501.6255899985632,-0.0027486257371821055
501.79625666459407,0.004327364258454848
501.96692333141965,-0.002096402641440961
502.13758999824523,0.0053069750021712825
502.30825666507087,-0.001423414549451686
502.47892333189645,0.006302873669501725
502.6495799986522,-0.000742117914181714
502.8202333323161,0.007301052918763643
502.99089999834706,-6.65757793242389e-05
503.16156666517264,0.008286251803208616
503.3322333319982,0.0005880271148700635
503.5028999988238,0.00924243655788635
503.6735666656494,0.0012056846824688543
503.8442233324051,0.010152573819475671
504.01488999764126,0.0017693517693886038
504.18555666446684,0.010998884239702028
504.3562233312925,0.00226167276055689
504.52688999811807,0.011763690558364914
504.69755666494365,0.0026658059343749297
504.86822333176934,0.012430065321500455
505.0388899985949,0.002965955846088399
505.2095566646258,0.01298263729564222
505.3802233314515,0.003148360172021011
505.5508666650454,0.01340828723480744
505.72153333187106,0.0032017657667886583
505.89219999869664,0.013696953608740878
506.0628666655222,0.0031184791413159793
506.2335333323479,0.013842367098154175
506.4041999983788,0.0028944977947838496
506.57485666513446,0.013841794443568726
506.74552333196004,0.0025293309535032397
506.9161899987856,0.013696254730757971
507.0868566656113,0.0020266922107679917
507.2575233316422,0.013411141569216344
507.42818999767303,0.0013944934092180047
507.5988566644986,0.01299592670331871
507.7695233313242,0.0006442725336857396
507.9401899981498,0.01246321605543189
508.1108433318139,-0.00020960655389578326
508.28149999856953,0.01182835909343971
508.4521666653951,-0.0011502951559143413
508.62283333142597,0.011108970266103128
508.7934999982516,-0.002158759715096829
508.9641666650772,0.01032463505054308
509.13483333190277,-0.0032146107062518484
509.30549999872846,0.009495659753387007
509.4761566654841,-0.0042970225197570084
509.64682333230974,0.008642569120481149
509.81748999834065,-0.005385032845686315
509.98815666516623,0.007786157928431585
510.1588233319918,-0.00645790040788586
510.3294899988174,0.006946272964383235
510.50015666564303,-0.007496211342958545
510.6708233308792,0.006141267105347142
510.8414899977048,-0.008482410066277559
511.0121333312988,0.005387324333293287
511.1827999981244,-0.009401423337843719
511.3534666649501,0.004697748878576343
511.52413333177566,-0.010241260579561614
511.69479999860124,0.004082842548010475
511.8654666654269,-0.010992784607522862
512.0361233313878,0.0035501535321633203
512.2067899982135,-0.011649506493109777
512.3774566650391,0.0031048657264712634
512.5481233318646,-0.012207505330441274
512.7187899986902,0.0027493560987501046
512.8894566655159,-0.012665521359983604
513.0601233323416,0.0024833320860648913
513.2307899983723,-0.013025155708111417
513.401456665198,0.0023038276635235734
513.5721233320237,-0.013290326407025986
513.7427666648229,0.002206108037989924
513.9134333316485,-0.013466027012923803
514.0840999976795,0.0021848956278484343
514.254766664505,-0.01355762647047841
514.4254333313306,0.002234482575004694
514.5960999981562,-0.013571044449520274
514.7667566649119,0.0023487764638717443
514.9374233317375,-0.013512528980128996
515.1080899985631,0.0025213847529768235
515.278756664594,-0.01338847515570251
515.4494233314197,0.002745913017122194
515.6200899982452,-0.013205082349250224
515.7907466650009,0.0030164054797881964
515.9613999986649,-0.012967847476570198
516.1320666654905,0.0033279202641873125
516.302733332316,-0.012681300330182674
516.4733999991417,0.0036762841043687386
516.6440666643778,-0.012349446273418567
516.8147333312035,0.0040575817471083155
516.985399998029,-0.011976245477120402
517.1560666648547,0.0044678791520262615
517.3267333316803,-0.011565656845878909
517.4973899984359,0.004903329433219512
517.6680566652616,-0.011121722885330882
517.8387233312924,0.005359965540764122
518.0093899981181,-0.010648457719270412
518.1800566649438,0.005833779927216075
518.3507233317694,-0.010150356668087356
518.521379998525,0.006320124999928559
518.6920333321889,-0.009632595809214146
518.8626999990145,0.006813412617859394
519.0333666650454,-0.009101465913628383
519.2040333318711,0.007306946779513194
519.3746999986967,-0.008564250334723559
519.5453666655222,0.0077932573672780435
519.7160333323479,-0.008029052342200636
519.8866999983787,0.008264055544914136
520.0573666644096,-0.007504447428720436
520.2280233311652,0.008710825781877747
520.3986899979909,-0.006999192614202688
520.5693566648166,0.009125134916856232
520.7400233316421,-0.006521886063868502
520.9106899984678,0.00949847996397553
521.0813566652934,-0.006080981438243594
521.2520099981626,0.009823031069571319
521.4226666649183,-0.005684013896186043
521.5933333317439,0.010092162888453767
521.7639999985695,-0.005337083716577761
521.9346666653951,0.010300942217683408
522.1053333322208,-0.005044545604219844
522.2759999990463,0.010445893435343091
522.4466666650771,-0.004809148806664573
522.6173333319027,0.010525401395372244
522.7879999987284,-0.004631849720643145
522.9586666655539,0.010539726233237142
523.1293233323097,-0.004511666005934333
523.2999899975459,0.010491060041907493
523.4706566643714,-0.004445602863875174
523.6413233311971,0.010383583307481865
523.8119899980227,-0.004428970668285345
523.9826433316867,0.010222983045952611
524.1532999984423,-0.004455706913673995
524.323966665268,0.010016231754232378
524.4946333320936,-0.004518665942626185
524.6652999981245,0.009770979245437104
524.8359666649501,-0.004610059437141848
525.0066333317757,0.009495501896600167
525.1772999986013,-0.004721719389133598
525.3479666654268,0.009198174302565861
525.5186333322524,-0.004845919447867928
525.6892899990082,0.008886458615327227
525.8599566650391,-0.0049758301701483066
526.0306233318647,0.008567086899676297
526.2012899986903,-0.005105393253327413
526.3719566655159,0.008245940406919228
526.5426233323415,-0.005229363528845111
526.7132899975776,0.007928289247798283
526.8839333311716,-0.005342896373604197
527.0545999979973,0.007618981303676536
527.2252666648229,-0.005441740437249538
527.3959333316485,0.007322024911186056
527.5665999984742,-0.005522805506613875
527.7372666652998,0.00703988322344597
527.9079333313306,-0.005584895123696044
528.0785999981563,0.006773241218344681
528.2492666649817,-0.00562809177350229
528.4199233317374,0.006521905855989327
528.590589998563,-0.005653229489159384
528.7612566653888,0.00628512734160225
528.9319233322144,-0.005661494409439557
529.10258999904,0.006061748639264873
529.2732566650709,-0.0056546771421132685
529.4439133318265,0.0058500918511287855
529.6145666646958,-0.005634895602488351
529.7852333315213,0.005648245232584486
529.955899998347,-0.005604376031320724
530.1265666643778,0.0054543173700075465
530.2972333312034,-0.005565268913398874
530.467899998029,0.005266474482657076
530.6385666648547,-0.0055197191169479055
530.8092333316804,0.005082909612113108
530.979899998506,-0.005469734019209121
531.1505566652615,0.004902199332673117
531.3212233312925,-0.0054165481395255675
531.491889998118,0.0047238785558856335
531.6625566649437,-0.0053604084130486574
531.8332233317693,0.004548276626854811
532.003889998595,-0.005301115122875955
532.1745466653506,0.004376003038203353
532.3451999990145,-0.005238292307616743
532.5158666650453,0.00420794605018474
532.6865333310764,-0.005171047325081863
532.857199997902,0.004045468035435054
533.0278666647275,-0.005098207646455696
533.1985333315531,0.0038899909604718343
533.3691899983088,-0.005018706530201401
533.5398566651345,0.003742791518775826
533.7105233319601,-0.004931441354604389
533.8811899979909,0.003605227972430615
534.0518566648165,-0.004835447126020208
534.2225233316422,0.0034783011995443095
534.3931899984678,-0.004730407322988127
534.5638566652934,0.0033621725978367025
534.7345233313242,-0.004616905248749346
534.9051766649882,0.0032561998109060892
535.0758333317439,-0.0044958842957530595
535.2464999985693,0.003159471995409309
535.417166665395,-0.004369004385337976
535.5878333322207,0.003070060921827643
535.7584999990463,-0.0042387327173087665
535.9291666642824,0.0029854113502501005
536.0998233310381,-0.004108170300366825
536.2704899978638,0.002902403524752876
536.4411566646894,-0.0039806987085678845
536.611823331515,0.0028176527630473466
536.7824899983407,-0.0038598660285098017
536.9531566651663,0.0027278656251031315
537.1238233319918,-0.0037489392955224847
537.2944899980228,0.002630133821884705
537.4651566648483,-0.0036505965385823956
537.6358099985122,0.0025223705582163034
537.8064666652679,-0.0035667392838362073
537.9771333320936,0.002403165350048399
538.1477999989193,-0.0034984762520731696
538.3184666657447,0.0022719591960713367
538.4891333317757,-0.0034458547719212643
538.6597999986013,0.0021294956402997337
538.8304566653569,-0.0034073296938016157
539.0011233321826,0.001978317499796305
539.1717899990083,-0.0033799267558017577
539.3424566642443,0.0018220126993278045
539.51312333107,-0.003359388881658732
539.6837899978956,0.0016656291619984679
539.8544566647212,-0.0033400699037141116
540.0251233315469,0.0015153343964832645
540.1957899983723,-0.0033154859512571507
540.366456665198,0.0013780817972467113
540.5370999979972,-0.003278317832007018
540.7077666648229,0.0012615617294262427
540.8784333316485,-0.003220757768377338
541.0490999984743,0.0011734572987214425
541.2197666652999,-0.003135536208270779
541.3904333321254,0.001120777655177143
541.561089998881,-0.0030158943402234196
541.7317566657066,0.0011095518037019447
541.9024233317375,-0.002856417073360817
542.0730899985631,0.0011447671767377816
542.2437566653887,-0.002652926057134696
542.4144233322143,0.0012296929004631239
542.58507999897,-0.002403227173756954
542.7557333310444,0.0013652172616595982
542.9263999978701,-0.002107645066242024
543.0970666646958,0.0015496440459086423
543.2677333315214,-0.0017692463253414547
543.438399998347,0.001778412819954518
543.6090666651726,-0.0013937365989066795
543.7797333319982,0.0020445462671268393
543.9503999980291,-0.0009892929085650339
544.1210666648547,0.0023384893915272976
544.2917233316105,-0.0005666344428501691
544.462389998436,0.0026484467891154054
544.6330566652616,-0.00013839964157333473
544.8037233320872,0.002960726739334104
544.9743899989128,0.00028096921450040496
545.1450566649437,0.0032602540496095077
545.3157133316994,0.0006759530109061951
545.4863666645685,0.003530949772351794
545.6570333313941,0.00103056488536766
545.8276999982198,0.0037568673677268374
545.9983666650454,0.001329385765098828
546.1690333310763,0.0039231154473404915
546.3396999979019,0.0015585161805730314
546.5103666647276,0.004016542430886909
546.6810333315532,0.0017058636592080314
546.8516999983788,0.004026159336739332
547.0223566651345,0.001761775519565533
547.19302333196,0.003943452218521831
547.3636899979908,0.001719415713549903
547.5343566648165,0.003763111800113779
547.7050233316422,0.0015755611756802718
547.8756899984677,0.0034838620982300637
548.0463333320617,0.001331085184888074
548.2169999988874,0.0031084643092009322
548.387666665713,0.0009912828969977255
548.5583333309492,0.0026444054995297802
548.7289999977747,0.0005659213768589141
548.8996666646004,0.0021033045562895893
549.070333331426,6.864839561721161e-05
549.2409999982517,0.0015003310611079218
549.4116666650773,-0.0004837536760016186
549.5823333311081,0.0008535808027858962
549.7529899986584,-0.0010718038971707718
549.9236566646894,0.00018320494561529653
550.0943233315149,-0.001674290036749641
550.2649899983405,-0.0004892652613976242
550.4356566651662,-0.0022690480640144162
550.6063233319917,-0.0011412752005635766
550.7769766648611,-0.0028331227874564403
550.9476333324114,-0.0017500597133328559
551.1182999984424,-0.0033439649639596257
551.2889666652679,-0.0022937305468873556
551.4596333320936,-0.0037803694499445343
551.6302999989192,-0.0027523262541105506
551.8009566656749,-0.004123713167384159
551.971623330911,-0.003109104871618064
552.1422899977366,-0.004358764375905673
552.3129566645623,-0.0033507151584865865
552.4836233313878,-0.004474140970897201
552.6542899982135,-0.003468187711645385
552.824956665039,-0.004462946081916635
552.9956233318646,-0.003457178206864017
553.1662899978955,-0.004323078842196022
553.3369566647212,-0.0033179469876508027
553.5076099983851,-0.0040568520442807315
553.6782666651409,-0.0030552682897825247
553.8489333319665,-0.0036712216596639
554.019599998792,-0.0026783251745082864
554.1902666656176,-0.0031775695248474054
554.3609333324432,-0.0022009297717474185
554.5315999984741,-0.00259165050783949
554.7022566652297,-0.0016409867566587184
554.8729233320553,-0.0019330154911037952
555.043589998881,-0.001019504175532519
555.2142566657067,-0.0012236393039289925
555.3849233309427,-0.0003593366239755503
555.5555899977684,-0.000486972907323089
555.726256664594,0.00031551383668022913
555.8969233314197,0.0002530942629312427
556.0675899982452,0.0009812477026006194
556.2382466650009,0.0009731035256093928
556.4088999986649,0.0016146554344574253
556.5795666646957,0.0016506382699842932
556.7502333315213,0.0021940759221096397
556.920899998347,0.002265252034869539
557.0915666651726,0.0027005854427797826
557.2622333319981,0.0027995037156664975
557.4328899987538,0.0031184720499786637
557.6035566655795,0.003239931040804485
557.7742233316103,0.0034362746498621238
557.944889998436,0.0035770812614682817
558.1155566652617,0.003646616941444857
558.2862233320873,0.0038055831553512006
558.4568799988429,0.003746010596526152
558.627533331712,0.003924007394966599
558.798199997743,0.003734905524431401
558.9688666645686,0.003934725152293004
559.1395333313942,0.003617599976778844
559.3101999982198,0.0038438099104487603
559.4808666650454,0.003401963857021703
559.651533331871,0.003660749637913922
559.8221999986966,0.0030987949973840063
559.9928666647277,0.0033978942089157044
560.1635233314831,0.0027217493578881318
560.3341899983088,0.003069881142751936
560.5048566651344,0.0022863437174341053
560.6755233319601,0.0026927873107551142
560.8461899987857,0.0018088140851366466
561.0168566656113,0.0022830813121002716
561.1874999976159,0.0013057856358403076
561.3581666644415,0.0018573711206533246
561.5288333312672,0.000793730298939471
561.6994999980927,0.0014315275387012064
561.8701666649183,0.00028785653903736115
562.0408333317439,0.0010200759659714541
562.2114999977747,-0.00019784590524135528
562.3821666646003,0.0006367870939429802
562.552833331426,-0.0006487392279402038
562.7234999982517,0.0002952572342353552
562.8941566650071,-0.0010546217063065796
563.0648233318328,2.686800669666493e-06
563.2354899986585,-0.0014099946094489227
563.4061566646894,-0.00023695289488266053
563.576823331515,-0.0017123191398029593
563.7474899983406,-0.000422434336849986
563.9181333319347,-0.001961613789199323
564.0887999987602,-0.000555279492582821
564.2594666655858,-0.0021605818407601867
564.4301333324114,-0.0006392611646161639
564.6007999976475,-0.0023136564732088145
564.7714666644731,-0.0006797739112634012
564.9421233312289,-0.002427207257808893
565.1127899980545,-0.000683688537764541
565.2834566648801,-0.0025084649362938152
565.4541233317057,-0.0006585970819882241
565.6247899985314,-0.0025651568223512525
565.7954566645623,-0.0006127193875821389
565.9661233313878,-0.0026056231808538315
566.1367899982134,-0.0005540236513062078
566.3074566650391,-0.0026372889834840826
566.4781233318647,-0.0004892797629353768
566.6487766655287,-0.002665916911193624
566.8194333322842,-0.0004235822366016102
566.9900999991098,-0.0026957894174722756
567.1607666651407,-0.00036044903432090467
567.3314333319664,-0.002729663764347599
567.5020999987921,-0.0003020847475870367
567.6727566655476,-0.002768999252640446
567.8434233323733,-0.00024907857605078977
568.0140899976094,-0.0028132768937059187
568.1847566644351,-0.00019999883485864343
568.3554233312607,-0.0028600341343790296
568.5260899980864,-0.00015183503482798396
568.696756664912,-0.0029054487098460332
568.8674233317375,-0.00010008068358313288
569.0380899985631,-0.0029445485096103756
569.2087566645939,-3.960130449904221e-05
569.3793999981881,-0.002971767137043773
569.5500666650136,3.485378758074615e-05
569.7207333318393,-0.002981937845449187
569.8913999986648,0.00012848362825665133
570.0620666654905,-0.002970015389712381
570.2327333323161,0.0002459645855764528
570.403399998347,-0.002931600162173025
570.5740566651027,0.00039144179312883363
570.7447233319283,-0.0028629438777038733
570.9153899987539,0.0005673899669813627
571.0860566655795,-0.0027624777366373546
571.256723332405,0.0007744850864569221
571.4273899976413,-0.0026306860882410053
571.5980333312352,0.0010110632281891986
571.7686999980608,-0.0024701060692285167
571.9393666648864,0.0012735993709335868
572.1100333317121,-0.002284957797054853
572.2806999985378,0.0015572979814389828
572.4513666653633,-0.0020805868330418414
572.6220333313943,0.0018559417927693845
572.7926999982199,-0.0018639688261729587
572.9633666650454,0.002161778059961068
573.134033331871,-0.00164326102676468
573.3046899986267,0.0024666449155671963
573.4753566654523,-0.0014266604759715586
573.646023332278,0.002761861734178048
573.8166899983088,-0.0012228929224844787
573.9873566651344,0.0030386827379357533
574.1580233319601,-0.0010403008781417452
574.3286666647593,0.003288944298647905
574.4993333315849,-0.000886564900445117
574.6699999984105,0.003505699616139051
574.8406666644414,-0.0007679494459186
575.0113333312671,0.003683175011865898
575.1819999980926,-0.0006893693719084289
575.3526666649183,0.0038170082204013922
575.523323331674,-0.0006542712769579771
575.6939899984995,0.0039049667464454863
575.8646566653251,-0.000663802790609325
576.035323331356,0.003946831110634226
576.2059899981816,-0.0007173170180933556
576.3766566650072,0.003944475365557081
576.5473233318329,-0.0008115449213976417
576.7179899986585,0.003901886171264358
576.8886566654841,-0.0009418068365159817
577.059299999078,0.0038246751808252567
577.2299666643142,-0.0011013400623255767
577.4006333311399,0.0037202574164027545
577.5712999979654,-0.0012822516124744437
577.7419666647911,0.003596785530004225
577.9126333316168,-0.0014764369551058516
578.0832899983724,0.003462609613029294
578.253956665198,-0.0016754112686253834
578.4246233312289,0.0033265976509497964
578.5952899980546,-0.001869547286462592
578.7659566648802,0.0031982143889680136
578.9366233317057,-0.002049992062751737
579.1072899985313,0.003085754129086889
579.2779566653569,-0.0022090012869446737
579.4486233313878,0.0029962823183677973
579.6192899982134,-0.0023399713799402075
579.7899333318076,0.0029355441840797835
579.960599998633,-0.0024380410547328846
580.1312666654587,0.0029075870130923836
580.3019333322843,-0.0025000107286335007
580.4725999991099,0.002914391736294277
580.643266664346,-0.0025249632113930743
580.8139233311018,0.002955818023984539
580.9845899979274,-0.0025139695473256787
581.155256664753,0.0030297627855533703
581.3259233315786,-0.0024700785449212432
581.4965899984041,0.0031321924088597106
581.6672566652298,-0.002398372309089853
581.8379133311907,0.0032570941053249518
582.0085666648547,-0.00230548486675823
582.1792333316803,0.0033972386473666094
582.349899998506,-0.0021993916349866143
582.5205666653316,0.003544066476355732
582.6912333321573,-0.002089226012920231
582.8618999989828,0.0036878117724846054
583.0325666650136,-0.0019850274449155357
583.2032333318392,0.0038187027367565457
583.3738999986649,-0.0018965189036720999
583.5445566654205,0.003927125487648624
583.7152233322462,-0.0018327225827990115
583.8858899990718,0.004004952645503322
584.0565566643079,-0.0018012089133551043
584.2272233311335,0.00404475122771822
584.397889997959,-0.0018088388350784154
584.5685566647848,0.004040305029964429
584.7391999983787,-0.0018612943349399242
584.9098666652044,0.003986925548503482
585.08053333203,-0.001962011399557181
585.2511999980609,0.003882471230844491
585.4218666648865,-0.002111808197088931
585.592533331712,0.003726975702268184
585.7631899984677,-0.002310154358965343
585.9338566652934,0.0035218100756735705
586.104523332119,-0.002554354455586994
586.2751899989446,0.0032711416781574477
586.4458566649755,-0.0028393411629129978
586.6165233318011,0.0029809040882167884
586.7871899986267,-0.0031581313450917813
586.9578566654524,0.002659055849307988
587.1285233322778,-0.00350210105427179
587.2991766651472,0.002314690398264437
587.469833331108,-0.0038618615397161085
587.6404999979337,0.0019576018913369784
587.8111666647594,-0.004227106620714105
587.981833331585,0.0015987765059841878
588.1524999984106,-0.0045864675841088345
588.3231666652362,0.0012497415107776979
588.4938333320617,-0.004928561496225722
588.6644899980226,0.0009214261708380634
588.8351566648483,-0.005242654617966333
589.0058233316739,0.0006245863341573637
589.1764899984995,-0.005518256000680159
589.3471566653251,0.00036902680683919143
589.517809998989,-0.005746159136993391
589.6884666657448,0.00016317647141797102
589.8591333309809,-0.005918911436834804
590.0297999978065,1.357327291146455e-05
590.2004666646322,-0.006030874575621077
590.3711333314578,-7.487724213644673e-05
590.5417999982834,-0.0060777078690070685
590.7124666643142,-9.90352094218855e-05
590.8831333311399,-0.006057672317212288
591.0537999979655,-5.821130416154852e-05
591.2244566647212,-0.00597146484524612
591.3951233315468,4.516037305665917e-05
591.5657899983723,-0.005822639161615719
591.7364566651979,0.0002067177669326297
591.9071233320235,-0.005616438893816783
592.0777899980545,0.0004206513784189501
592.2484566648802,-0.005358932027278541
592.4190999984742,0.0006802098168507593
592.5897666652997,-0.005057937156159125
592.7604333321253,0.0009771133254182789
592.9310999989509,-0.00472207562640276
593.1017666657766,0.0013020512747997572
593.2724333310127,-0.004361007400820059
593.4430899977684,0.0016449169119466837
593.613756664594,-0.00398493120226626
593.7844233314196,0.001995898749324602
593.9550899982453,-0.003603433998919028
594.1257566650709,0.0023458205567976945
594.2964233318964,-0.0032250633259253013
594.4670899979274,0.002686148696406065
594.637756664753,-0.00285818209878921
594.8084233315785,0.003009210604386124
594.9790799983342,-0.0025099638708974146
595.1497333319983,0.003308432143416694
595.3203999988239,-0.0021859680657464763
595.4910666656494,0.0035788813654878977
595.6617333316804,-0.0018906554220290426
595.8323999985059,0.00381661505787796
596.0030666653315,-0.0016274987193269843
596.1737233320872,0.004019048886168255
596.3443899989128,-0.0013979884522614065
596.5150566657384,0.004185678090352554
596.6857233309745,-0.0012019349349141597
596.8563899978002,0.0043173426379420465
597.0270566646257,-0.0010374740299730362
597.1977233314514,0.004416407920855584
597.368389998277,-0.000901604793884088
597.5390566651027,0.004486528448708121
597.7097133318583,-0.0007905821488321338
597.8803666647275,0.004531500735351195
598.0510333315531,-0.0007000350153063932
598.2216999983788,0.00455575901552081
598.3923666652043,-0.0006255574931912495
598.5630333320299,0.004564255876963542
598.7336999988555,-0.0005621827834465267
598.9043566656112,0.004561618271623701
599.0750233316421,-0.0005049471743401309
599.2456899984678,0.004552495412929656
599.4163566652933,-0.00044985824715757547
599.587023332119,0.004540568468936388
599.7576899989447,-0.00039333437356149376
599.9283333317438,0.004528846899945084
600.0989999977749,-0.0003327001860126959
600.2696666646004,0.004519734602837135
600.440333331426,-0.0002662197517494362
600.6109999982516,0.004514204991402151
600.7816666650772,-0.00019337671357234118
600.9523333319028,0.004512577519498365
601.1229999987283,-0.00011405211758868721
601.2936666647594,0.0045143908110752366
601.464333331585,-2.9236528468688595e-05
601.6349899983405,0.004518086135085793
601.8056566651661,5.935607403107842e-05
601.9763233319918,0.004521971894210459
602.1469899988175,0.00014981856109876686
602.317656665643,0.004523600022999387
602.4883233316739,0.00023896939650448832
602.6589766645432,0.004519506318184947
602.8296333312989,0.00032336278780450403
603.0002999981244,0.004505778641735689
603.1709666649501,0.0003984676248052175
603.3416333309809,0.00447747161177454
603.5122999978066,0.0004592809893758973
603.6829566645622,0.004429867988328031
603.8536233313878,0.0005013302967016581
604.0242899982134,0.004358170220453861
604.194956665039,0.0005196307191945939
604.3656233318646,0.004257110587231899
604.5362899986903,0.0005085825763017505
604.7069566647211,0.004120891906366191
604.8776233315468,0.0004621577805208629
605.0482899983724,0.003943437860995226
605.218956665198,0.00037411099811313677
605.3896099988619,0.003718192872290537
605.5602666656176,0.00023750123493289892
605.7309333324432,0.0034383616076888875
605.9015999976793,4.637065852387484e-05
606.0722666645049,0.003099374681410353
606.2429333313306,-0.00020264993757031048
606.4135999981562,0.0026980748941808704
606.5842566649119,-0.0005129144014717252
606.7549233317375,0.0022313522833341524
606.9255899985632,-0.0008867512918933857
607.096256664594,0.0016977025724457418
607.2669233314197,-0.00132499051440807
607.4375899982452,0.0010976859970938386
607.6082333318393,-0.0018250598732199883
607.7788999986649,0.00043522491768354163
607.9495666654905,-0.002382489959014155
608.120233332316,-0.00028453017017231386
608.290899998347,-0.0029908881682559722
608.4615666651725,-0.0010538641321318648
608.6322333319982,-0.003641671543599418
608.8028999988238,-0.001862989116386291
608.9735666656494,-0.004323593389880943
609.1442333324751,-0.002699075817940166
609.3148899976411,-0.005022838992296329
609.4855566644668,-0.0035472092966071173
609.6562233312925,-0.00572317759729242
609.8268899981182,-0.004388776829973984
609.9975566649438,-0.006404368692493666
610.1682233317694,-0.005203369798216184
610.3388799985249,-0.007045524452899566
610.5095333313942,-0.005969141741097853
610.6801999982198,-0.007624119314458838
610.8508666650454,-0.006662768597261299
611.021533331871,-0.008116450881877122
611.1921999986967,-0.007260116063667017
611.3628666655222,-0.00849799235202689
611.5335233322779,-0.007736679931809293
611.7041899983087,-0.008744673867149735
611.8748566651344,-0.008068589255124995
612.0455233319601,-0.008833475470851403
612.2161899987857,-0.008233930384252526
612.3868566656113,-0.008744183804751737
612.5575233316421,-0.008213818282710825
612.7281899976731,-0.008459534147984801
612.8988566644987,-0.007993394512288235
613.0694999980926,-0.007967457587503729
613.2401666649182,-0.007563130200234494
613.4108333317438,-0.00726112109464299
613.5814999985695,-0.006919425167510809
613.7521666653951,-0.006341014195374131
613.922833331426,-0.006066553109195957
614.0934999982516,-0.005214805486496455
614.2641566650072,-0.0050152186918318775
614.434823331833,-0.0038975285506680155
614.6054899986584,-0.003784367889499445
614.7761566654841,-0.0024121488622772503
614.9468233323098,-0.002400357867348097
615.1174899983406,-0.0007881618336288717
615.2881333311399,-0.0008947773272617323
615.4587999979656,0.0009409024317367198
615.6294666647912,0.0006962782516944675
615.8001333316167,0.0027363864389774945
615.9707999976476,0.0023315393500519467
616.1414666644732,0.0045536235472347685
616.3121333312988,0.003963729773524157
616.4827999981244,0.006343764646808899
616.6534666649501,0.005543200361444683
616.8241233317058,0.00805656133645474
616.9947899985312,0.007019926094648543
617.1654566653569,0.009641764411047778
617.3361233313879,0.008344106816045025
617.5067899982134,0.011051022232944937
617.677456665039,0.009469560756338105
617.8481233318646,0.012239308732390455
618.0187666654587,0.01035317568153172
618.1894333322844,0.013166082585080872
618.3600999991099,0.010958003467315023
618.5307666643461,0.013798583266844426
618.7014333311716,0.011256903079609531
618.8720999979972,0.014114813590174576
619.0427566647529,0.011231759681528323
619.2134233315786,0.01409969099517909
619.3840899984041,0.010872183482777928
619.5547566652298,0.013749838239958642
619.7254233312607,0.01018462882768847
619.8960899980863,0.013079569898181445
620.0667566649118,0.009189471452294965
620.2374233317375,0.012114409304187926
620.4080899985631,0.007916232646927392
620.578756664594,0.010888053023557049
620.7493999989827,0.006404140764591858
620.9200666650137,0.009444741833075676
621.0907333318393,0.004701366758682871
621.2613999986648,0.007835330917256704
621.4320666654905,0.0028605400634750303
621.602733332316,0.006113788388096069
621.7733899990717,0.0009366735558744505
621.9440566643079,0.004335835714667622
622.1147233311336,-0.001012948635348929
622.2853899979592,0.0025587396094624375
622.4560566647848,-0.002932139230255915
622.6267233316104,0.0008372315930980103
622.797389998436,-0.004767370451170048
622.96803333203,-0.0007763859907562303
623.1386999980608,-0.006467972443416883
623.3093666648864,-0.002234326385564746
623.4800333317121,-0.007990326350589418
623.6506999985377,-0.003497395480212371
623.8213666653634,-0.009298811213893442
623.9920233321191,-0.004533873566811205
624.1626899989445,-0.010366260533412483
624.3333566649756,-0.005321788910023188
624.5040233318011,-0.01117550676442344
624.6746899986267,-0.005849580358527249
624.8453566654523,-0.01172068304288645
625.0160233322779,-0.006116962752005026
625.1866899983088,-0.012005742272590849
625.3573566643397,-0.006131973453514658
625.5280099980037,-0.01204230241881732
625.6986666647592,-0.0059099535905557995
625.8693333315849,-0.011849533793187001
626.0399999984105,-0.005474277289181306
626.2106666652361,-0.011455046028989885
626.3813333320617,-0.004855580181217471
626.5519999980927,-0.010891011369231143
626.7226666649182,-0.004087821732978629
626.8933233316739,-0.010192969648909752
627.0639899984996,-0.003208115377477489
627.2346566653252,-0.009399382180836921
627.4053233321508,-0.0022562459742125713
627.5759899989764,-0.008549826775034708
627.7466566650073,-0.0012703372089114047
627.9173233318329,-0.007680498786945913
628.0879899986585,-0.0002850076013784288
628.2586566654842,-0.006824033587536401
628.4292999982833,0.0006689076109500696
628.5999666643143,-0.006009538708876067
628.7706333311398,0.0015643991708631352
628.9412999979655,-0.005261098858480185
629.1119666647911,0.0023799549108733066
629.2826333316167,-0.004597178609734668
629.4532899983724,0.003100494835517294
629.6239566651981,-0.0040297058882507
629.7946233320237,0.003717197865970035
629.9652899980545,-0.0035634238374602644
630.13595666488,0.004229503948401735
630.3066233317057,-0.0031960280548544704
630.4772899985313,0.004641664374180741
630.6479333321254,-0.0029209310854118715
630.818599998951,0.004962072181090406
630.9892666657765,-0.00272820724044163
631.1599333310127,0.005202641000961276
631.3305999978384,-0.0026044681743881645
631.5012666646641,0.00537722317707504
631.6719233314195,-0.0025347206577048045
631.8425899982452,0.005501900445447377
632.0132566650708,-0.002502022070267711
632.1839233318965,0.0055940679122261795
632.3545899979273,-0.002489432585130275
632.525256664753,0.005669576297121976
632.6959233315786,-0.0024824906848739106
632.8665899984042,0.005740603748843757
633.0372566652297,-0.0024698016168730463
633.2079133319854,0.005819439602084863
633.3785666656495,-0.002438894024327853
633.5492333316803,0.0059163362129533255
633.719899998506,-0.002382875789689469
633.8905666653314,0.006034957378773411
634.0612333321571,-0.0022995368171926235
634.2318999989827,0.006177195984860231
634.4025566657385,-0.0021880781303607734
634.5732233309747,0.006341646184819271
634.7438899978002,-0.002051492259017008
634.9145566646258,0.0065239028737749255
635.0852233314514,-0.0018958591491197892
635.2558899982771,0.006715818842862348
635.4265466650327,-0.0017303742425728624
635.5971999986966,0.0069080424913528626
635.7678666647275,-0.0015647599092102732
635.9385333315531,0.007089731338838025
636.1091999983788,-0.0014112000190857705
636.2798666652045,0.007247621593690905
636.45053333203,-0.0012828590264327229
636.6211999988557,0.007369113240643159
636.7918666656813,-0.0011923705048228804
636.962533331712,0.007442243700009627
637.1331899984677,-0.0011513604122501903
637.3038566652933,0.007455296646273707
637.4745233321189,-0.0011702742455673122
637.6451899989446,0.0073988933493287995
637.8158566649755,-0.001257562893818252
637.9865233310063,0.00726592190214591
638.1571666646004,-0.001417168546910027
638.327833331426,0.007055338950467772
638.4984999982515,-0.0016491246522864944
638.6691666650771,0.006768083063330518
638.8398333319028,-0.0019506903734462975
639.0104999987285,0.006408995638592568
639.1811666647593,-0.00231551188708303
639.351823331515,0.005984914463626175
639.5224899983407,-0.002734781634531451
639.6931566651663,0.0055075800747214935
639.8638233319919,-0.003194916211780126
640.0344899988174,0.004992084799574761
640.205156665643,-0.0036799130257655793
640.3758233316739,0.004454438623933862
640.5464899984996,-0.0041726709310678295
640.7171566653252,0.0039134565697559074
640.8878099981944,-0.004654437095865835
641.05846666495,0.0033865213454593217
641.229133330981,-0.0051072295127107354
641.3997999978066,0.002892003639364238
641.5704666646321,-0.005513171827768499
641.7411333314578,0.0024477946264389065
641.9117899982135,-0.005857217539230318
642.0824566650391,0.002064075470438702
642.2531233318647,-0.006129575029744748
642.4237899986903,0.0017532127218129988
642.5944566647212,-0.0063175883866072435
642.7651233315468,0.0015258718653852537
642.9357899983725,-0.0064123054978933065
643.1064433320364,0.0013888976354653785
643.277099998792,-0.006410290797528219
643.4477666656176,0.0013423809607067425
643.6184333324433,-0.0063123439294817335
643.7890999976795,0.001385503028501977
643.959766664505,-0.006122079473038075
644.1304333313307,0.001511490313880796
644.3010999981562,-0.005848760298078753
644.4717666649818,0.0017082004782922567
644.6424333310126,-0.005505865320134915
644.8130899985632,0.0019614594505570956
644.983756664594,-0.005109240830331588
645.1544233314196,0.0022544638625372165
645.3250899982452,-0.004674357756020286
645.4957566650708,0.002572648183061721
645.6664233318965,-0.004217829190874432
645.8370666654904,0.002897137809075646
646.0077333323161,-0.0037581880239786294
646.1783999983469,0.003210051180994323
646.3490666651726,-0.003313296792693861
646.5197333319982,0.003494054084806686
646.6903999988239,-0.0029000604241046697
646.8610666656494,0.003733631242798179
647.0317233324051,-0.002532027237169999
647.2023899976413,0.003916577777114877
647.3730566644668,-0.0022202955534720505
647.5437233312925,0.004033013314943592
647.7143899981181,-0.001973521966740928
647.8850566649437,0.004075492318842039
648.0557233317693,-0.0017967602164345562
648.2263899985949,0.004040997507530873
648.3970566646258,-0.0016922587879928475
648.5677133313815,0.003927847999988807
648.7383666650454,-0.0016610422985413264
648.9090333318711,0.0037366876121358037
649.0796999986967,-0.001700654395006512
649.2503666655223,0.003473133766369705
649.4210333323479,-0.001798607576072863
649.5916999983788,0.0031541283279285215
649.7623566651343,-0.00194035344959662
649.93302333196,0.0027926041074558643
650.1036899987856,-0.002111986172659299
650.2743566656112,0.002402454203452702
650.4450233316422,-0.0023007898063909416
650.615689997673,0.0019966629795451023
650.786333331267,-0.0024921308198653062
650.9569999980926,0.001590360660530183
651.1276666649183,-0.002673594046235291
651.298333331744,0.0011947011309602084
651.4689999985694,-0.002831860423692161
651.6396666653951,0.0008234530798475625
651.810333331426,-0.002954372353295949
651.9809899981817,0.0004886050356519366
652.1516566650073,-0.0030310308778960836
652.3223233318329,0.0001982509264331569
652.4929899986585,-0.003056531841594466
652.663656665484,-4.4570824920735563e-05
652.8343233323097,-0.00302815437924538
653.0049899983406,-0.00023751343975966744
653.1756566651662,-0.0029471078163446364
653.3463233319918,-0.0003853589002325595
653.5169666647911,-0.002820111732732235
653.6876333316168,-0.0004962455500996355
653.8582999976476,-0.002655279057968288
654.0289666644733,-0.0005767690285943278
654.1996333312989,-0.002460190318098165
654.3702999981244,-0.0006364204333035072
654.5409566648801,-0.0022457223533645368
654.7116233317057,-0.0006875375223677636
654.8822899985314,-0.0020251652008028186
655.052956665357,-0.0007427375349604973
655.2236233313879,-0.001808135600074799
655.3942899982135,-0.0008073827426066431
655.5649566650391,-0.0015978894885320277
655.735599998633,-0.0008837594251925807
655.9062666654587,-0.001398188142863729
656.0769333322844,-0.0009756236570480128
656.2475999991099,-0.0012116179654374467
656.4182666643461,-0.001083892167692232
656.5889333311717,-0.0010371520793848268
656.7595999979973,-0.0012060717142085293
656.9302666648229,-0.0008723828473262896
657.1009333316485,-0.0013383453322757088
657.2715899984042,-0.0007123582413667807
657.4422566652298,-0.001474713642813653
657.6129233312606,-0.0005487769346431045
657.7835899980862,-0.0016052315201713861
657.9542566649119,-0.00037308374912582975
658.1249233317375,-0.0017205343853793523
658.2955799984932,-0.0001752001828336333
658.4662333321571,-0.0018129133750795733
658.6368999989828,5.158154545849229e-05
658.8075666650136,-0.0018731297870247547
658.9782333318393,0.0003187098881031646
659.1488999986649,-0.001888831213841178
659.3195666654905,0.0006399930588093032
659.4902233322462,-0.001844792252999596
659.6608899990717,0.0010261812461284997
659.831556664308,-0.0017345064718070514
660.0022233311336,0.0014821402533895015
660.1728899979591,-0.0015530752245686951
660.3435566647847,0.0020117869310855587
660.5142133315404,-0.0012985529970461493
660.6848666652044,0.0026142855159240826
660.8555333320301,-0.0009743122516069511
661.0261999980609,0.0032831820567398693
661.1968666648866,-0.0005884650485314093
661.3675333317121,0.00400907275533296
661.5381999985377,-0.00015176868075115267
661.7088666653633,0.004778015533394939
661.8795333321889,0.0003197657974793175
662.0501999990145,0.0055721347595065985
662.2208566649755,0.0008076622115977037
662.3915233318011,0.006371307528803624
662.5621899986266,0.001290096127991558
662.7328566654523,0.007153779762545724
662.9035233322779,0.0017459982700544334
663.0741899983088,0.007895502514641597
663.244843331178,0.002149064727572957
663.4154999979337,0.008570340444319015
663.5861666647594,0.0024751112659824374
663.7568333315849,0.009153914602232712
663.9274999984106,0.0026995804648588524
664.0981666652362,0.00962149775402222
664.2688333320618,0.002800417966413914
664.4394899980227,0.009954526751238818
664.6101566648483,0.0027599340155468623
664.7808233316739,0.010134308379506279
664.9514899984995,0.002562100492229467
665.1221566653252,0.010150276427140791
665.2928233321508,0.0022015115771515143
665.4634899989763,0.009999997159019369
665.6341566650073,0.001678227787334392
665.8048233318328,0.009685640247913836
665.9754766647022,0.0009971494835043315
666.1461333314577,0.009213702986381897
666.3167999982834,0.00016898407343784338
666.4874666643143,0.008598463100067517
666.6581333311399,-0.0007904278701690149
666.8287999979655,0.007860385882777479
666.999466664791,-0.0018531921561214654
667.1701233315468,0.007025629215912094
667.3407899983724,-0.0029961466586025565
667.511456665198,0.00611858614552512
667.6821233320236,-0.004193029666772367
667.8527899980545,0.005165888384615498
668.0234566648801,-0.005417091377579084
668.194109998544,0.004193351636265818
668.3647666652998,-0.006641707016208949
668.5354333321253,0.003228053586048092
668.706099998951,-0.007839492923707796
668.8767666657766,0.002295113707645377
669.0474333310127,-0.00898660245477953
669.2180999978383,0.0014182834396104817
669.3887566645941,-0.010061592422204705
669.5594233314197,0.0006156247352884216
669.7300899982453,-0.011047380990262042
669.9007566650708,-9.854640409192672e-05
670.0714233318964,-0.011931545701384957
670.2420899979273,-0.0007138218560653189
670.4127566647529,-0.012705428018426
670.5834233315785,-0.0012264626938025033
670.7540899984042,-0.013369515898613913
670.9247466651599,-0.001636572780579521
671.0953999988238,-0.013923318063374207
671.2660666656495,-0.0019433222746351169
671.4367333316803,-0.014367347332440572
671.6073999985059,-0.0021524283543843024
671.7780666653315,-0.014712270389360146
671.9487333321572,-0.002273958649348972
672.1193899989128,-0.014962737088003721
672.2900566657385,-0.0023074120890673225
672.4607233309746,-0.015113958722329422
672.6313899978002,-0.002248260396770122
672.8020566646258,-0.015163149776775875
672.9727233314513,-0.0020976091222195147
673.1433799982071,-0.015111744426339066
673.314033331871,-0.0018553853337655883
673.4846999986967,-0.01496049512281136
673.6553666647276,-0.0015234895011266886
673.8260333315532,-0.014709686639059194
673.9966999983787,-0.0011007744708598258
674.1673666652043,-0.014355562967020449
674.3380333320299,-0.0005814129211364898
674.5086999988556,-0.013892671501443962
674.6793666656812,3.532794575453644e-05
674.8500233316421,-0.013321836512862801
675.0206899984678,0.0007521580749193603
675.1913566652934,-0.012640307372161213
675.362023332119,0.0015711199608851691
675.5326899989446,-0.011846159017853629
675.7033566649754,0.0024921079134213845
675.8739999977748,-0.01093770764713527
676.0446666646003,0.003521709662577265
676.215333331426,-0.009905931542659185
676.3859999982517,0.0046658364743518135
676.5566666650773,-0.008748070184750927
676.7273333319029,0.0059245587521820995
676.8979999987284,-0.007466512041638455
677.0686566646893,0.007292368053323828
677.2393233315149,-0.006068814928271811
677.4099899983406,0.008760260597747545
677.5806566651662,-0.004568200538038908
677.7513233319918,0.01031134308587969
677.9219899988174,-0.00298309390192518
678.0926333324114,0.01192614297875677
678.2632999976477,-0.0013363807168119263
678.4339666644731,0.013576427045808121
678.6046333312988,0.00033908073170932075
678.7752999981245,0.015224466803712054
678.9459666649501,0.0020026144185905964
679.1166333309809,0.016829024831843026
679.2872999978065,0.003612313730930708
679.4579666646322,0.018345781467257835
679.6286233313879,0.005120807199386443
679.7992899982135,0.019727859936192717
679.969956665039,0.0064838857602648806
680.1406233318646,0.020932421863385554
680.3112899986902,0.007655307473338886
680.4819566647211,0.021906521538814665
680.6526233315468,0.008583516098237409
680.8232666651407,0.022604623408462293
680.9939333319664,0.00922450540492279
681.164599998792,0.022984399359388306
681.3352666656176,0.009540127494169447
681.5059333324432,0.02301123755259621
681.6765999976794,0.009499185033014564
681.8472566644351,0.02265852703012757
682.0179233312607,0.009079578306643955
682.1885899980863,0.021908792475256407
682.3592566649119,0.008269205392328059
682.5299233317376,0.020756473429795422
682.7005899985631,0.007070051290582619
682.871256664594,0.01921177796932466
683.0419233314196,0.0054996034329891485
683.2125899982453,0.017296385226846726
683.3832566650708,0.0035844694576042994
683.553899998665,0.015045360309249542
683.7245666654906,0.0013671449504967194
683.8952333323161,0.012508394717005943
684.0658999983469,-0.0010950367787830226
684.2365666651726,0.009747919420174526
684.4072333319982,-0.003735927582051673
684.5778899987539,0.006834635396302428
684.7485566655795,-0.00648581536113592
684.9192233324051,0.0038363230972879984
685.0898899976412,-0.009269410120953303
685.2605566644668,0.000841730115148146
685.4312233312925,-0.011996372786048934
685.6018899981179,-0.002064522396793517
685.7725333317121,-0.014584003067496968
685.9431999985377,-0.0047988379319290324
686.1138666653634,-0.01694968201105279
686.2845333313942,-0.00728452717080243
686.4551999982198,-0.019022162289981024
686.6258666650455,-0.0094541064537602
686.7965233318012,-0.02073877237595049
686.9671899986267,-0.011250196892157402
687.1378566654523,-0.022050396858096316
687.3085233322779,-0.012629093626680158
687.4791899983088,-0.022917014873945915
687.6498566651344,-0.01355750859912991
687.8205233319601,-0.02331282153385027
687.9911899987856,-0.014017528624761352
688.1618566656113,-0.023231020223400338
688.3325099984804,-0.014011653125169657
688.5031666644414,-0.022680661305882296
688.673833331267,-0.01355703208060563
688.8444999980927,-0.02169513137659917
689.0151666649183,-0.012695222605218597
689.1858333317439,-0.0203151662066602
689.3564999985695,-0.011462817746762631
689.527166665395,-0.018578471314316006
689.6978233313561,-0.0099080032159264
689.8684899981816,-0.016541668351553275
690.0391566650072,-0.00809556794753744
690.2098233318328,-0.014278387344445368
690.3804899986584,-0.006094169041287912
690.5511433323225,-0.011852667780169877
690.7217999990783,-0.003971457702947865
690.8924666643143,-0.009337338980227055
691.06313333114,-0.0017992173198476847
691.2337999979655,-0.006801590102636208
691.4044666647911,0.0003567032537247695
691.5751333316167,-0.004308567800168592
691.7457899983724,0.002435555888738566
691.9164566651981,-0.001917576026227618
692.0871233312289,0.004379360555014773
692.2577899980545,0.00031441021447896247
692.4284566648801,0.00613460343384917
692.5991233317056,0.0023386644536007133
692.7697899985312,0.007663099866408489
692.9404566653569,0.004125458455049478
693.111123331388,0.008943919940460688
693.2817899982134,0.005659485932793233
693.4524333318075,0.00996380820192561
693.623099998633,0.006929165606343991
693.7937666654587,0.010719019283848528
693.9644333322843,0.007937318815764332
694.1350999991099,0.011215405597105653
694.305766664346,0.00869303149680943
694.4764233311017,0.011467595584461178
694.6470899979274,0.009214650170603113
694.817756664753,0.011501337753778165
694.9884233315786,0.00953381708387731
695.1590899984042,0.011349512131796495
695.3297566652298,0.009681917968919007
695.5004133311908,0.011042131350922814
695.6710666648547,0.00968519516735495
695.8417333316804,0.010603073551998115
696.012399998506,0.009565680251640174
696.1830666653316,0.010053060172944502
696.3537333321572,0.009341358896368545
696.5243999989827,0.009409849556721014
696.6950566649436,0.009030817063341542
696.8657233317693,0.008690411678635377
697.0363899985949,0.00864171218892838
697.2070566654205,0.007896644685032626
697.3777233322461,0.008178204600814804
697.5483899990717,0.0070372753761426795
697.7190566643079,0.007647961040368958
697.8897233311334,0.006118107030761575
698.0603899979591,0.0070541090473885005
698.2310466647149,0.005139081458000722
698.4016999983788,0.00639443463154386
698.5723666652045,0.0041007207797034055
698.74303333203,0.005668449478944036
698.9136999980609,0.0029968888114110096
699.0843666648864,0.004868978054239628
699.2550333317121,0.0018246268350126202
699.4256899984678,0.003995635904283465
699.5963566652933,0.0005888832779899709
699.7670233321189,0.003055881732817129
699.9376899989445,-0.0007025318638936048
700.1083566649755,0.0020578910595913844
700.279023331801,-0.002042350119803374
700.4496666646004,0.001009298088516289
700.6203333314259,-0.003418420267997495
700.7909999982518,-6.944245802545447e-05
700.9616666650771,-0.004799346927910971
701.1323333311082,-0.0011441412904326278
701.3029999979337,-0.006152414604627852
701.4736666647593,-0.002181743730611698
701.6443233315151,-0.0074399058809011785
701.8149899983407,-0.0031381272577446
701.9856566651663,-0.008609024185582506
702.1563233319919,-0.003959257230998914
702.3269899980227,-0.009613422409835076
702.4976566648483,-0.004603494667961118
702.6683233316738,-0.01041352422667397
702.8389899984995,-0.005032102360737325
703.0096566653252,-0.010964708266918147
703.1802999989192,-0.005198102939172867
703.3509666657449,-0.011226075275220324
703.521633330981,-0.0050683918093551
703.6922999978066,-0.011174114365029224
703.8629666646322,-0.0046305746315350275
704.0336333314578,-0.010804885474866499
704.2042899982135,-0.0038841426707554535
704.3749566650391,-0.010121812332791906
704.5456233318647,-0.002843878516994318
704.7162899978955,-0.009146476181626742
704.8869566647211,-0.001534622943247171
705.0576233315467,-0.007907433508502397
705.2282899983724,8.20885971255753e-06
705.3989333319663,-0.0064479734019168185
705.569599998792,0.0017346400578077314
705.7402666656176,-0.004823421337781992
705.9109333324434,0.003581745279301852
706.0815999984742,-0.003103351477841163
706.2522666652998,0.00547564370001743
706.4229233320555,-0.00136378798674893
706.593589998881,0.007339727641597285
706.7642566657066,0.0003197889443191451
706.9349233309429,0.009095032627552223
707.1055899977684,0.0018603213869441482
707.276256664594,0.010651459929524699
707.4469233314196,0.003171761428906065
707.6175899982452,0.011931563300585287
707.7882566650709,0.004185753897198355
707.9589233318964,0.012869956967277591
708.1295666646959,0.004839249816982784
708.3002333315214,0.01341131771392342
708.470899998347,0.0050865411727102645
708.6415666651726,0.013517609471679862
708.8122333319982,0.004895206390187688
708.9828999988238,0.013162976688506065
709.1535566655796,0.004247463286145675
709.3242233316104,0.0123419208561239
709.494889998436,0.0031509660599003376
709.6655566652615,0.011067272647284231
709.8362233320871,0.0016306519802949853
710.0068899989128,0.009382761808778724
710.1775566657385,-0.00026269282291517055
710.348199997743,0.007347260691943469
710.5188666645686,-0.002458067265115855
710.6895333313943,0.005038706329438037
710.86019999822,-0.004871646343459262
711.0308666650454,0.0025485439809825386
711.2015333318711,-0.007406697066330415
711.3721899986267,-2.3023765963034427e-05
711.5428566646576,-0.009958299990160074
711.7135233314832,-0.0025683851625878285
711.8841899983088,-0.012416264359467409
712.0548566651344,-0.004976906374395468
712.22552333196,-0.014674177019303397
712.3961899987856,-0.0071441945753691885
712.5668566656113,-0.01663019294166333
712.7375233316421,-0.0089752231186937
712.9081766645113,-0.018195937279305147
713.0788333312672,-0.010383027092732812
713.2494999980926,-0.019293843877941315
713.4201666649184,-0.011304309653883765
713.5908333317439,-0.019869462452724567
713.7614999977748,-0.0116925879569504
713.9321666646003,-0.019885013556637597
714.1028333314259,-0.011521704446795096
714.2734899981817,-0.019327494870212826
714.4441566650073,-0.010793832120315235
714.6148233318329,-0.018213649533029355
714.7854899986585,-0.009532962824395098
714.9561566646893,-0.016578140408773673
715.1268099983533,-0.007787869467272376
715.2974666651091,-0.014479565770836653
715.4681333319346,-0.005628041122884987
715.6387999987603,-0.011997905033806957
715.8094666655859,-0.003138067134265118
715.9801333324115,-0.009226369833753682
716.1507999976476,-0.00041821757044059946
716.3214566644033,-0.006260503820019567
716.492123331229,0.0024363534841737727
716.6627899980546,-0.003204887857872025
716.8334566648801,0.0053182584507302875
717.0041233317057,-0.00016535600885357588
717.1747899985314,0.008119935402387176
717.3454566645621,0.0027428910375236516
717.5161233313878,0.01072798666665903
717.6867899982135,0.005423186668587896
717.857456665039,0.01305793684492763
718.028099998633,0.007797928153345514
718.1987666654588,0.015037088811588637
718.3694333322844,0.009801550754525155
718.54009999911,0.016610966499708103
718.7107666651408,0.011387074394422032
718.8814333319665,0.017739248079401082
719.0520899987221,0.012522261717852881
719.2227566655476,0.018406434565039903
719.3934233323732,0.013215312752147969
719.5640899976095,0.018637464587518863
719.734756664435,0.01348837834087979
719.9054233312606,0.01845268733304717
720.0760366654397,0.013367591027967416
720.2466566650073,0.01788750549770831
720.4173233318329,0.012892192165855326
720.5879899986585,0.016985109379188058
720.7586566654842,0.012112327980461132
720.9293233323098,0.01580102678582539
721.0999899975459,0.011089305992811728
721.2706333311398,0.014401330946086262
721.4412999979654,0.009889844001775342
721.6119666647911,0.012850055098145258
721.7826333316167,0.008575043474849706
721.9532999984424,0.011211543094036176
722.123966665268,0.007203410934475502
722.2946233320237,0.00953607233884213
722.4652899980545,0.005822745269344608
722.63595666488,0.007867227875769265
722.8066233317057,0.004472503072720391
722.9772899985313,0.0062419692526492
723.147956665357,0.0031838132997521985
723.3186233321826,0.004686155479534904
723.4892666657765,0.0019759288117695228
723.6599333310127,0.00321467506295195
723.8305999978384,0.0008587718646309579
724.0012666646641,0.0018285677276186018
724.1719333314895,-0.00018092660614282
724.3425999983152,0.0005003245026845066
724.5132566650708,-0.0011722413553803825
724.6839233318965,-0.0007938766878983339
724.8545899979273,-0.002134755026434237
725.025256664753,-0.0020703998993754193
725.1959233315786,-0.003093392952039601
725.3665899984042,-0.0033516088057438252
725.5372566652297,-0.004055780233204339
725.7079233312608,-0.004641804335458834
725.8785899980863,-0.0050338442498943725
726.049246664842,-0.0059563002340892604
726.219899998506,-0.006045960505825539
726.3905666653314,-0.007310413022426169
726.5612333321571,-0.0070989626526552696
726.7318999989827,-0.008706728067657972
726.9025666658084,-0.008191059329331084
727.0732333310445,-0.01013092653490713
727.2438899978002,-0.009301909313845277
727.4145566646258,-0.011560606673938016
727.5852233314515,-0.010406821423662976
727.7558899982771,-0.012967934488031213
727.9265566651027,-0.011467960770704994
728.0972233319283,-0.014304612344243484
728.2678799978892,-0.012432051466319618
728.4385333315531,-0.015511498053245878
728.6091999983788,-0.013237481564707035
728.7798666652045,-0.016528601802340913
728.95053333203,-0.01382554717914903
729.1211999988557,-0.01729420356860515
729.2918666656813,-0.014132186790807313
729.4625233316422,-0.017746094513471554
729.6331899984677,-0.014100393574754289
729.8038566652933,-0.017828246395486972
729.974523332119,-0.013676053146697686
730.1451899989446,-0.01748850242381603
730.3158566649755,-0.012816878628619806
730.4865233310063,-0.016699019406928712
730.657189997832,-0.011505627461246006
730.8278566646576,-0.015449429580432016
730.9984999982515,-0.009737878172292607
731.1691666650771,-0.013736238992741007
731.3398333319028,-0.007520115148800843
731.5104999987285,-0.011588838705144166
731.6811666647593,-0.004899339963439786
731.8518333315849,-0.00906197729131323
732.0224999984105,-0.0019444814767821024
732.1931566651663,-0.006237899235281045
732.3638233319919,0.0012540826070973196
732.5344899988174,-0.0032128252247472194
732.705156665643,0.004591962117993479
732.8758233316739,-9.729360932766901e-05
733.0464899984996,0.007954686138526462
733.2171333312988,0.002984934214070132
733.3877999981244,0.011216340555000006
733.55846666495,0.005909560082385186
733.7291333309809,0.014241540281963927
733.8997999978066,0.00853263951070537
734.0704666646321,0.016888652193049622
734.2411233313878,0.010722160085669777
734.4117899982135,0.019046724484794924
734.5824566650391,0.012390495343636839
734.7531233318647,0.020639346107586568
734.9237899986903,0.013467850629037537
735.0944566647212,0.02160287176202375
735.2651233315468,0.013896059334881281
735.4357899983725,0.021888995713836196
735.606456665198,0.013650714361255114
735.7771233320236,0.021505913464741695
735.9477766656876,0.012759396521819222
736.1184333324433,0.020480606480948203
736.2890999976795,0.011255147691040602
736.459766664505,0.018860725241013288
736.6304333313307,0.009205003682442873
736.8010999981562,0.01673146241352557
736.9717566649119,0.006703206764559818
737.1424233317375,0.014192539175420646
737.3130899985632,0.003859749379928804
737.483756664594,0.011358770838164129
737.6544233314196,0.0007996394918581277
737.8250899982452,0.008364476857572148
737.9957566650709,-0.0023440369319142787
738.1663999986649,0.005346040003451079
738.3370666654904,-0.005427782174220533
738.5077333323161,0.0024506397484966324
738.6783999983469,-0.008307079155594553
738.8490666651726,-0.0001830919045448887
739.0197333319982,-0.010840457004068922
739.190389998754,-0.002415612545686783
739.3610566655796,-0.012899145397974987
739.5317233324051,-0.0041286654452289216
739.7023899976413,-0.014382204695980024
739.873056664467,-0.0052368393881091
740.0437233312925,-0.015212246979547563
740.2143899981181,-0.005677803995789876
740.3850333317121,-0.015347759355351084
740.5556999985376,-0.00542146446522629
740.7263666653632,-0.014770336396297976
740.8970333313943,-0.004483527324923016
741.06769999822,-0.013525443541941545
741.2383666650454,-0.002906238937583086
741.4090333318711,-0.011654281186135288
741.5796999986967,-0.000752147118579661
741.7503666655223,-0.009247186521467568
741.9210333323479,0.0018656216314105172
742.0916899983088,-0.006425535279918579
742.2623566651345,0.004817687714558715
742.43302333196,-0.003327526775162095
742.6036899987856,0.007953961678534028
742.7743566656113,-0.00011903159550421044
742.9450099984805,0.011101415104734851
743.1156666644414,0.003027368089754717
743.286333331267,0.014085620620121352
743.4569999980926,0.0059384519692215814
743.6276666649183,0.016737651853006137
743.798333331744,0.008444164651238227
743.9689999985694,0.018888176882248222
744.1396666653951,0.010378014836808233
744.310323331356,0.02038425670418575
744.4809899981817,0.011607095367160333
744.6516566650073,0.021110364024628295
744.8223233318329,0.012035902972038224
744.9929899986585,0.020988785278751972
745.1636433323224,0.011601766418711263
745.3342999990781,0.019977129969263544
745.5049666643142,0.010284463978676927
745.6756333311398,0.01807374178779493
745.8462999979654,0.0080931706140722
746.016966664791,0.015306067756148796
746.1876333316168,0.005074909130155211
746.3582999976476,0.011751649411546862
746.5289666644733,0.0013461791927728707
746.6996333312989,0.007547748505392688
746.8702899980545,-0.0029459068397462832
747.0409566648801,0.002855159495085096
747.2116233317057,-0.007628792646888934
747.3822899985314,-0.0021425621111782808
747.552956665357,-0.01250146210556948
747.7236233313879,-0.0072360195808100075
747.8942899982135,-0.017349454713583772
748.0649333318074,-0.012197695167946094
748.235599998633,-0.021949190510104907
748.4062666654587,-0.016823071863141102
748.5769333322844,-0.026102796289249455
748.7475999991099,-0.020910638474815356
748.9182666643461,-0.029610837670884276
749.0889233311017,-0.024278673213346435
749.2595899979274,-0.032311249663506444
749.430256664753,-0.026775247823729757
749.6009233315787,-0.034062941494051334
749.7715899984042,-0.028274557830646196
749.9422566652298,-0.0347636373950703
750.1129133311907,-0.02870060432688054
750.2835666648547,-0.03436054386830124
750.4542333316804,-0.02802203536684965
750.6248999985058,-0.03284569328697263
750.7955666653315,-0.026248548022310712
750.9662333321571,-0.030253144773672493
751.1368999989827,-0.023440638060332555
751.3075666650136,-0.026663718666095456
751.4782333318393,-0.019694848513540752
751.6488999986649,-0.022190917601746234
751.8195566654206,-0.01514539324034505
751.9902233322462,-0.016990637964068963
752.1608899990717,-0.00995935030038346
752.331556664308,-0.011235123384917908
752.5022233311336,-0.004320852836898155
752.6728899979591,-0.005129724233872515
752.8435466647148,0.0015570422345588236
753.0141999983787,0.001116192995162638
753.1848666652044,0.007466294297038162
753.3555333320301,0.00729333725351498
753.5261999980609,0.013194296028962358
753.6968666648866,0.013183048568631598
753.8675333317121,0.01852517168895567
754.0381899984678,0.018579454254386663
754.2088566652934,0.02327230972101095
754.379523332119,0.023312787163971543
754.5501899989447,0.027282332869035975
754.7208566649755,0.027248116846795387
754.8915233318011,0.03043649216228151
755.0621666646005,0.030275778732965598
755.232833331426,0.032631595280277946
755.4034999982516,0.032303935019451537
755.5741666650772,0.033795915802880966
755.744833331108,0.033282165322614674
755.9154999979337,0.0339095769367016
756.0861666647594,0.0332189622747157
756.2568233315149,0.03300320202916871
756.4274899983408,0.032163747506630806
756.5981566651661,0.031146380364817473
756.7688233319919,0.030203505831927362
756.9394899980227,0.028441633526060682
757.1101566648483,0.02745445957371398
757.2808233316739,0.02501740199631675
757.4514899984995,0.024054554133856293
757.6221566653252,0.021019630426795714
757.7927999989191,0.02015652715457611
757.9634666657447,0.016601151936626472
758.1341333309808,0.01591236526964796
758.3047999978064,0.011923516428448262
758.4754666646322,0.011492504656090998
758.6461333314577,0.007154134295330262
758.8167899982134,0.007051445395835999
758.9874566650391,0.0024391322652986924
759.1581233318647,0.0027255623097620072
759.3287899978956,-0.0021001657447170417
759.4994566647212,-0.0013659463227176669
759.6701233315468,-0.00633846001788852
759.8407899983724,-0.005106926485421313
760.0114333319664,-0.010174851270884744
760.182099998792,-0.008409192670422208
760.3527666656175,-0.013531530198590018
760.5234333324432,-0.011209571978893298
760.6940999984741,-0.016355553677328837
760.8647666652998,-0.013459243051172505
761.0354233320553,-0.018601108351242995
761.206089998881,-0.015124069185685332
761.3767566657066,-0.02025615094704087
761.5474233309428,-0.016211682859010493
761.7180899977684,-0.021339626230519264
761.8887566645941,-0.0167499930409827
762.0594233314197,-0.02188438306039326
762.2300899982453,-0.016774295465617574
762.4007566650708,-0.02193859430117654
762.5714233318965,-0.016351840167746254
762.7420666646958,-0.021563951774504594
762.9127333315213,-0.01553706438749388
763.083399998347,-0.020813764893944913
763.2540666651726,-0.014377226515216526
763.4247333319981,-0.019739649479418767
763.5953999988238,-0.012935045029756932
763.7660566655795,-0.018404224263924386
763.9367233316104,-0.011272693309766825
764.107389998436,-0.01687156799770736
764.2780566652616,-0.009455941341519225
764.4487233320872,-0.01520595410071043
764.6193899989128,-0.007549225641146352
764.7900566657385,-0.013467664955647466
764.960699997743,-0.005597718701575446
765.1313666645685,-0.011697336009059681
765.3020333313941,-0.0036489347505940157
765.4726999982198,-0.009941912469485562
765.6433666650455,-0.0017483195646922796
765.814033331871,-0.00824191208558657
765.9846899986267,7.112151656496107e-05
766.1553566646576,-0.006630495071296268
766.3260233314833,0.0017763628807542944
766.4966899983089,-0.0051314046672279725
766.6673566651344,0.0033456517642141636
766.8380233319601,-0.0037680360406935885
767.0086899987857,0.0047584851950409285
767.1793566656113,-0.0025581849230780947
767.3500233316422,0.0059980724073199375
767.5206766645114,-0.001509494473141045
767.6913333312671,0.007067331508528429
767.8619999980926,-0.0006297405223110018
768.0326666649182,0.007947897677978485
768.2033333317438,7.168485045332834e-05
768.3739999977748,0.008637025719360376
768.5446666646003,0.0005961106756826198
768.715333331426,0.009143165814471034
768.8859899981816,0.0009583403135055518
769.0566566650074,0.009478345428993886
769.2273233318328,0.0011584732677093624
769.3979899986585,0.00963984426355725
769.5686566646893,0.0012003835758303053
769.7393099983533,0.009641176896333349
769.909966665109,0.0011066055505563794
770.0806333319346,0.00950939666488631
770.2512999987601,0.000905004744452713
770.4219666655857,0.009269892750847808
770.5926333324114,0.0006221870198517582
770.7632999976477,0.008954626196035584
770.9339566644032,0.00029317782663789484
771.1046233312288,0.008592773914044022
771.2752899980545,-5.8319532906939465e-05
771.4459566648801,0.008213547368178059
771.6166233317057,-0.0003961950849268231
771.7872899985313,0.007853915604941756
771.9579566645623,-0.0006841960974414156
772.1286233313879,0.007551570154951796
772.2992899982135,-0.000887864678477645
772.469956665039,0.007333828435236027
772.640599998633,-0.0009797415389705252
772.8112666654587,0.007227747340829978
772.9819333322843,-0.0009366262352956534
773.15259999911,0.0072529582304878305
773.3232666651407,-0.0007376583851459481
773.4939333319664,0.007426367540596438
773.664589998722,-0.00037747166461884584
773.8352566655477,0.007750518826585861
774.0059233323734,0.00014538478106798135
774.1765899976095,0.008221209184821285
774.3472566644351,0.0008192271781741645
774.5179233312607,0.008822218652428384
774.6885799980163,0.0016213142174546892
774.8592333316803,0.009521145646302178
775.0298999985059,0.0025090501388081096
775.2005666653315,0.010268168190029462
775.3712333313624,0.003433119529612032
775.541899998188,0.011015225655908387
775.7125666650136,0.004339307985373564
775.8832233317693,0.011699866853376227
776.053889998595,0.005159125204586888
776.2245566654206,0.012252805719264445
776.3952233322461,0.005822801640890346
776.565889998277,0.012602685966484298
776.7365566651026,0.006255686524980225
776.9072233319282,0.01267679074420528
777.0778899987539,0.006390761582206836
777.2485566655795,0.012402736913706634
777.4192133323352,0.0061597993787240865
777.5898666644096,0.01172965807948568
777.7605333312353,0.005530657157297821
777.931199998061,0.010634899904044311
778.1018666648864,0.004477476918550465
778.2725333317121,0.009097704551458195
778.4431999985377,0.0029884204369615493
778.6138566652934,0.007119597953130851
778.7845233313243,0.001075331380234912
778.9551899981499,0.0047162456686306795
779.1258566649756,-0.0012342193168150628
779.2965233318012,0.0019338204050075216
779.4671899986267,-0.003876781965037545
779.6378333322207,-0.0011508152094836391
779.8084999990463,-0.006778117514552383
779.9791666642825,-0.004466199271720571
780.1498333311081,-0.009849696064646814
780.3204999979337,-0.007904695582850375
780.4911666647592,-0.012966488369386384
780.661833331585,-0.011322556688174704
780.8324899983405,-0.01598552330044373
781.0031566651663,-0.014581216901343232
781.1738233319918,-0.018766841739342396
781.3444899980228,-0.017538748252573264
781.5151566648483,-0.02117422611692358
781.685823331674,-0.02006588280646669
781.856466665268,-0.02309015433687011
782.0271333320936,-0.022052443994530664
782.1977999989192,-0.024402115558910722
782.3684666657448,-0.023392207831767865
782.5391333317756,-0.025018202877393207
782.7097999986012,-0.024004243473901614
782.8804666654269,-0.02486389834055754
783.0511333322526,-0.02382541289517229
783.2217999990783,-0.023894877389653225
783.3924566642443,-0.022829517745121528
783.56312333107,-0.022095453291920367
783.7337899978955,-0.021012132448659546
783.9044566647211,-0.019485165760289625
784.0751233315467,-0.018409001328225944
784.2457899983724,-0.01611779357192147
784.4164566651981,-0.015095018559415857
784.5870999979973,-0.0120810486836367
784.7577666648228,-0.011165890797917917
784.9284333316484,-0.0074811808124062565
785.0990999984741,-0.0067425926801097345
785.2697666652997,-0.002457683724876213
785.4404333321254,-0.0019831368898714087
785.611089998881,0.002817927131778887
785.7817566657066,0.0029385645389234092
785.9524233317375,0.008174227246048068
786.1230899985632,0.007850592982281326
786.2937566653889,0.013435462145469106
786.4644233322144,0.012573101497479991
786.63507999897,0.018419625205331944
786.8057333310445,0.016931944224994486
786.9763999978702,0.02295568280273282
787.1470666646958,0.020753715162699853
787.3177333315214,0.026870136658964025
787.488399998347,0.023873038715676892
787.6590666651725,0.03001214080340927
787.8297333319981,0.026160508961719366
788.000399998029,0.03228617897305578
788.1710666648547,0.027549736564735503
788.3417233316104,0.03362973376259032
788.512389998436,0.027988193057733916
788.6830566652616,0.0340072711382579
788.8537233320872,0.027456185844035603
789.0243899989129,0.033406978857437555
789.1950566649436,0.025951753272864104
789.3657233317693,0.0318620869023916
789.5363666645686,0.023548214519280578
789.7070333313942,0.02945123230745797
789.8776999982198,0.020320767488723107
790.0483666650455,0.02625898702115866
790.2190333310764,0.016373870807047265
790.3896999979019,0.02240951998079339
790.5603566646575,0.01184400581501032
790.7310233314831,0.018057417340258564
790.9016899983088,0.006909377522834082
791.0723566651345,0.0133775532220234
791.24302333196,0.0017410442499462945
791.413689997991,0.008542108055085913
791.5843433316548,-0.0034921582469808914
791.7549999984105,0.003714354159025322
791.9256666652361,-0.008627508730471602
792.0963333320617,-0.0009411236581534249
792.2669999988873,-0.013502420042123327
792.437666665713,-0.005273155006508471
792.6083333309491,-0.0179749113872646
792.7789999977747,-0.009150452664750975
792.9496666646004,-0.021922693668352422
793.1203333314259,-0.012457533581714938
793.2909999982518,-0.025244342346415455
793.4616566650072,-0.015107864113651408
793.6323233318329,-0.027865829065063463
793.8029899986585,-0.01704521899651714
793.9736566646894,-0.029748521533971534
794.1443233315151,-0.01825508844314547
794.314976665179,-0.03088308824564305
794.4856333319347,-0.01871949940900716
794.6562999987602,-0.03125345564393198
794.8269666655858,-0.018425350669799723
794.9976333324114,-0.030853652473171313
795.1682999984423,-0.017413735659352333
795.338966665268,-0.02977138905463477
795.5096233320237,-0.01577857381375533
795.6802899988493,-0.02808771834241033
795.8509566656749,-0.013605743852666732
796.021623330911,-0.025902201227114223
796.1922899977366,-0.011001983076566328
796.3629566645621,-0.02332078385010125
796.5336099982262,-0.008072736016356708
796.7042666649819,-0.020452346127010596
796.8749333318075,-0.004934360309320805
797.0455999986331,-0.017409690576571595
797.2162666646639,-0.0016919179506275294
797.3869333314896,-0.014298689137880004
797.5575999983151,0.0015412697206655423
797.7282666651408,-0.011228577910532543
797.8989333319663,0.00467656460253278
798.069599998792,-0.008273896897324962
798.2402566655476,0.007634101959697245
798.4109233323734,-0.005521097449127595
798.5815899984043,0.010329789598902609
798.7522566652299,-0.0030382056168207997
798.9229233320555,0.012710892184550047
799.093589998881,-0.0008703658930896348
799.2642466656367,0.01473092099943635
799.4348999977112,0.000928785298018814
799.6055666645368,0.01633275196224344
799.7762333313624,0.0023198195579284212
799.946899998188,0.017516779600600038
800.1175666650136,0.0033338320796301663
800.2882333318391,0.018305545820360702
800.4588899985949,0.0039791921997427895
800.6295566646259,0.018715306608945215
800.8002233314514,0.004277841106000664
800.970889998277,0.018753517737268938
801.1415566651026,0.004234413619890092
801.3122233319283,0.018452784783117574
801.4828799986839,0.00390880704495061
801.6535333323479,0.0178847293628564
801.8241999983787,0.00336574989941171
801.9948666644096,0.01709405640043892
802.1655333312352,0.0026487699625340096
802.3361999980609,0.01613062931205967
802.5068666648865,0.001799683545709752
802.6775333317121,0.015020107602270663
802.848199997743,0.0008436007936302116
803.0188666645686,0.01381825928686165
803.1895233313243,-0.00014783233288567416
803.36018999815,0.012589786899803161
803.5308566649754,-0.001116642516557955
803.7015233318011,0.011377185320540507
803.8721899986267,-0.002034692816486197
804.0428566646576,0.010209419670524354
804.2134999990463,-0.0028665648902097083
804.3841666650771,0.009122703510850249
804.5548333319027,-0.003579979464133016
804.7254999987284,0.008139766171123667
804.8961666655539,-0.00416508631670917
805.0668333323796,0.007265089290280955
805.2374999976158,-0.004612525781775215
805.4081566643714,0.00651662262286817
805.5788233311972,-0.004914630836173626
805.7494899980227,0.0058897923250954025
805.9201566648484,-0.005066088028944661
806.090823331674,0.0053916010679195886
806.2614899984995,-0.005076561490286879
806.4321566653252,0.005008661621530555
806.6028233313561,-0.004956260305175207
806.7734899981817,0.004734106809563232
806.9441333317757,-0.004707523941334221
807.1147999986013,0.004564159721928113
807.2854666654268,-0.004341642669301665
807.4561333322524,0.004488078370435417
807.6267999990781,-0.0038667094755266973
807.7974666651091,0.0044992471472108594
807.9681233318647,-0.003289612609241696
808.1387899986903,0.004583730067945567
808.3094566655159,-0.0026380682664740346
808.4801233323416,0.004710870482614569
808.6507899975776,-0.0019387304444851497
808.8214566644033,0.004850737304417893
808.992123331229,-0.0012294780873934807
809.1627666648229,0.004975689913935807
809.3334333316485,-0.0005347916288750931
809.5040999984742,0.005056854143668108
809.6747666652998,0.00011740972883761157
809.8454333313306,0.005061004994626936
810.0160999981563,0.0006902656527343844
810.1867566649119,0.004957617810655826
810.3574233317374,0.0011606299732070417
810.528089998563,0.0047209296673438855
810.6987566653888,0.0014884935945663578
810.8694233322144,0.004308530261422619
811.04008999904,0.0016297281642142713
811.2107466650009,0.0036817433773957808
811.3813999978701,0.0015602369162893985
811.5520666646958,0.002828387374791667
811.7227333315213,0.0012683479054462253
811.893399998347,0.0017418885068952114
812.0640666643778,0.0007537091082644286
812.2347333312034,0.00042201763015283725
812.405399998029,1.996492929192477e-05
812.5760666648546,-0.0011138305778914323
812.7467333316804,-0.0009104677781520401
812.917389998436,-0.0028461717857763257
813.0880566652615,-0.0020182988898444086
813.2587233312925,-0.004745240358794309
813.429389998118,-0.0032654436561874453
813.6000566649437,-0.006773152408808685
813.7707233317693,-0.004611633773205726
813.941389998595,-0.008875127841045416
814.112033332189,-0.005994978265006731
814.2826999990145,-0.010983610380616878
814.4533666650453,-0.007338707544644277
814.6240333310764,-0.01302065533695679
814.794699997902,-0.00857461426975491
814.9653666647275,-0.01491577118420545
815.1360233314832,-0.009630404725730781
815.3066899983088,-0.01659602058858194
815.4773566651345,-0.010434851765945479
815.6480233319601,-0.017996991357096103
815.8186899979909,-0.010939901143971182
815.9893566648166,-0.01906931834181876
816.1600233316422,-0.011087620636183617
816.3306899984678,-0.019758230575813083
816.5013566652934,-0.010833032722636544
816.6720099981626,-0.02001950033879568
816.842666665713,-0.01013544942562219
817.0133333317439,-0.01982336607497105
817.1839999985693,-0.008978660284050909
817.354666665395,-0.019159049066702655
817.5253333322207,-0.007358085105396479
817.6959999990463,-0.01803115133767573
817.8666666642827,-0.00528667901519268
818.0373233310381,-0.016459724039506626
818.2079899978638,-0.002789061657530269
818.3786566646894,-0.01447340871268697
818.549323331515,9.290929246140599e-05
818.7199899983407,-0.012127020059493827
818.8906433320046,0.0032896668755936884
819.0612999987602,-0.009509734783397812
819.2319666647911,0.006692169222214599
819.4026333316167,-0.006723883995515803
819.5732999984424,0.010206245132758933
819.7439666652679,-0.003869247820206654
819.9146333320936,0.013726506380726412
820.0852899988492,-0.0010511636955177596
820.2559566656748,0.01714013311489852
820.4266233317057,0.001611810942667168
820.5972899985314,0.020333832256057238
820.7679566653569,0.0040213683666978
820.9386233321826,0.023214629727545726
821.1092899990083,0.006088775537322474
821.2799566642445,0.025700380850145664
821.45062333107,0.007735777406533821
821.6212899978957,0.027714689274905065
821.7919333314896,0.008897502988333274
821.9625999983152,0.02921239293959423
822.1332666651408,0.009542555173460093
822.3039333319664,0.030162446427224196
822.4745999979972,0.009644660686517342
822.6452666648229,0.030544127527697126
822.8159233315785,0.009187353658551486
822.9865899984043,0.030349399027237288
823.1572566652297,0.008181765748596574
823.3279233320554,0.02960503293519277
823.4985899988809,0.00666401607176368
823.6692566657068,0.0283590759399626
823.8399133316676,0.004703275272232318
824.0105666645368,0.02669355987107544
824.1812333313625,0.0023795808340264526
824.351899998188,0.024685182726654202
824.5225666650136,-0.00022404582604957138
824.6932333310444,0.022430855164369528
824.86389999787,-0.002995731852907584
825.0345566646258,0.020042780718997316
825.2052233314514,-0.005824746092948479
825.3758899982771,0.017631923848351463
825.5465566651026,-0.008608155377468849
825.7172233319282,0.01529019066831873
825.8878899979593,-0.011260647936867542
826.0585566647848,0.013099168832968735
826.2292233316105,-0.013705189264379906
826.399889998436,0.011123697855489804
826.5705466651916,-0.015892455006283876
826.7411999988556,0.009408140122410206
826.9118666656811,-0.017769796297188205
827.0825333317122,0.008004353913122963
827.253199997743,-0.019301665137764615
827.4238666645685,0.006927692981006886
827.5945333313941,-0.020486800388708176
827.7651899981498,0.006169345103760792
827.9358566649755,-0.02134081067315146
828.1065233318011,0.005707844234867877
828.2771899986267,-0.021891097363178624
828.4478566646576,0.005506527285925951
828.6185233314833,-0.022183967453943593
828.7891666650772,0.005512110453756338
828.9598333319029,-0.022273147111407987
829.1304999987284,0.005671273821039221
829.3011666655541,-0.022216242395008173
829.4718333323796,0.00592125724630615
829.6424999984105,-0.022075174537567053
829.8131666652362,0.0062036994311136
829.9838333320616,-0.02190507170151606
830.1544999988876,0.006463401891594092
830.325166665713,-0.02176084817471346
830.4958233308793,0.0066500771686682615
830.6664899977047,-0.021685435163903543
830.8371566645304,0.006728952569347732
831.0078233313561,-0.021709616086701126
831.1784899981816,0.00667420539134287
831.3491566650073,-0.021849693901811258
831.5197999986012,0.006478887560171221
831.6904666654269,-0.02210877686454464
831.8611333314578,0.006138526682796759
832.0317999982833,-0.022492104938174075
832.202466665109,0.005656264115968626
832.3731333319347,-0.02297154653818698
832.5437899986903,0.0050827246017583205
832.7144566655159,-0.02349120449768811
832.8851233323414,0.004472002491619788
833.0557899983723,-0.023994267193643927
833.226456665198,0.003889498442562292
833.3971233320237,-0.024408203554526563
833.5677899988493,0.003408257258420922
833.7384333316486,-0.02466265563448384
833.9090999976794,0.0030984631171392632
834.0797666645051,-0.024686552973021428
834.2504333313307,0.003032303307308026
834.4210999981563,-0.024415293964310546
834.5917666649818,0.003264066306159531
834.7624333318074,-0.02379761608299825
834.933099998633,0.003842695437606623
835.1037666646638,-0.022801014981846973
835.2744233314197,0.004778048484836384
835.4450899982452,-0.02142286311243
835.6157566650709,0.00607717573970178
835.7864233318963,-0.019662985426091982
835.9570899987223,0.00772832540600587
836.1277566655477,-0.017544938594548202
836.2984233323734,0.009697216210266656
836.4690666643779,-0.015111981504573888
836.6397333312034,0.011932010722666383
836.8103999980291,-0.012426652005128344
836.9810666648548,0.014356340109061111
837.1517333316802,-0.009578996462921189
837.3223999977112,0.016879356136797974
837.4930566652616,-0.0066524188732528765
837.6637233312925,0.019413818004482507
837.834389998118,-0.003744152944730273
838.0050566649436,0.021862087982495473
838.1757233317694,-0.0009581768423155002
838.3463899985949,0.024117260675680607
838.5170566646259,0.001606200828418876
838.6877233314515,0.026088861344042487
838.8583899982771,0.003862034421755943
839.0290566651026,0.02769076355441208
839.1996999986966,0.0057328658889659765
839.3703666655223,0.028857980367786428
839.5410333323478,0.007149377419234947
839.7116999983788,0.02952352479761124
839.8823666644096,0.008063271824533976
840.0530333312352,0.02965469959005124
840.2236999980609,0.008453481782951123
840.3943566648165,0.02924665540340512
840.5650233316421,0.008332764469122962
840.7356899984677,0.028325349150936294
840.9063566652934,0.007726441620843321
841.0770233313244,0.026922209550628767
841.2476766649883,0.006675935126052661
841.4183333317438,0.025087562352980992
841.5889999985695,0.005241467522613845
841.759666665395,0.022893106551806614
841.9303333322207,0.0035006810284699936
842.1009999990463,0.020414470810970673
842.2716666650771,0.0015255481435704165
842.442333331903,0.017729822543128743
842.6129899986585,-0.0005969723442149069
842.7836566654842,0.01493056474219317
842.9543233323096,-0.002772683558527615
843.1249899975459,0.012115785311334299
843.2956566643716,-0.004907774679224958
843.466323331197,0.009371589551241651
843.6369899980227,-0.006921841522560642
843.8076566648484,0.006775259062112566
843.9783233316739,-0.008747930264055273
844.1489666652681,0.004390427878809662
844.3196333320935,-0.010325450570471368
844.4902999981244,0.002263526033496546
844.6609666649501,-0.011620719604693915
844.8316333317756,0.00042542900488149756
845.0022999986013,-0.012607678521560292
845.1729566653569,-0.0011066297787811305
845.3436233321827,-0.01328109499922133
845.5142899990082,-0.002334017771071544
845.6849566650392,-0.013651427087065767
845.8556233318648,-0.003274504876810964
846.0262899986903,-0.013734523704118326
846.1969566655159,-0.003946012278362458
846.3675999983152,-0.01356009388418255
846.5382666643461,-0.004384266009743327
846.7089333311717,-0.013171257451965124
846.8795999979973,-0.004637615259473143
847.0502666648229,-0.012616696212024865
847.2209333316484,-0.004752117608098287
847.391599998474,-0.011942706943623687
847.5622666652998,-0.004775987782784009
847.7329333313306,-0.011204532510310868
847.9035899980863,-0.004764291648220871
848.0742566649118,-0.010446191459459346
848.2449233317377,-0.004751034810023375
848.4155899985632,-0.009702130400238528
848.5862566653889,-0.0047708943612016965
848.7569233322143,-0.009011614322545566
848.92757999897,-0.004863365974712644
849.0982333310445,-0.00840380688453222
849.2688999978702,-0.005043005480391665
849.4395666646957,-0.007886570592083862
849.6102333315214,-0.005319656472972361
849.780899998347,-0.007470652668206128
849.951566664378,-0.005697468610927163
850.1222233319284,-0.007150380629391069
850.292889997959,-0.006159859851321505
850.4635566647848,-0.006902192513437224
850.6342233316103,-0.00667014666896243
850.804889998436,-0.006684287048371149
850.9755566652617,-0.007194107011577057
851.1462133320172,-0.006471043888126508
851.3168666656813,-0.007711327292201565
851.487533331712,-0.006238309481887035
851.6581999985377,-0.008189413496782845
851.8288666653632,-0.005949614341449549
851.9995333321889,-0.008581063750434988
852.1701999990144,-0.005567220789669087
852.3408666650454,-0.008868040726594476
852.5115333310763,-0.005067230854762587
852.6821999979018,-0.009006425516201087
852.8528566646576,-0.0043994009794781595
853.0235233314831,-0.008962245287242994
853.1941899983088,-0.0035503947069853133
853.3648566651345,-0.008724832825794773
853.53552333196,-0.0025086912150835334
853.706189997991,-0.008284316300078363
853.876833331585,-0.001275363972850218
854.0474999984104,-0.0076583576532544525
854.2181666652361,0.00012075235985876372
854.3888333320617,-0.006873131098247836
854.5594999988873,0.001663266224017927
854.7301666657131,-0.005946547704648171
854.9008333317439,0.003316820363319122
855.0714899984996,-0.004921784590957646
855.2421566653251,0.0050371752629238395
855.4128233321508,-0.0038436165825299047
855.5834899989765,0.006780702997655631
855.7541566642125,-0.0027562551353661874
855.9248233310382,0.008507606175662439
856.0954899978639,-0.0016942136825598723
856.2661566646893,0.010180482597559291
856.436823331515,-0.0006993470011651894
856.6074766651789,0.011758668584336197
856.7781333319347,0.00019020852416777568
856.9487999987603,0.013196759986749025
857.119466664791,0.0009317261600530486
857.2901333316167,0.01447886755067623
857.4607999984422,0.0015245923317861146
857.6314566651981,0.015606222477606213
857.8021233320236,0.001979039398795245
857.9727899988493,0.016592108719040575
858.143456665675,0.0023147135816472273
858.3141233317058,0.01745274973911783
858.4847899985314,0.002538610609669509
858.655456665357,0.01819194274126181
858.8261099982261,0.00265688793598154
858.9967666649818,0.018818512720309943
859.1674333310127,0.0026904367763819783
859.3380999978383,0.01936222324945575
859.5087666646639,0.0026567214831493898
859.6794333314895,0.019814301593046337
859.8500999983153,0.002533001021777615
860.0207666651407,0.02016221696898347
860.1914333319664,0.0023180711996628536
860.3620999979972,0.020403802078080104
860.5327566647532,0.002007019882937248
860.7034233315786,0.02053431464433903
860.8740899984043,0.0015990169715581367
861.0447566652298,0.02055081099661888
861.2154233320555,0.001082179773685689
861.3860899988811,0.020442621766446466
861.556733332475,0.0004517511006981768
861.7273999977111,0.020205983752909218
861.8980666645368,-0.00029939335420502773
862.0687333313624,0.019824150305725204
862.239399998188,-0.0011973735873172964
862.4100666650136,0.019266711931346985
862.5807333310444,-0.002267007506322468
862.751389998595,0.018521613122828684
862.9220566646258,-0.003522465314248927
863.0927233314515,0.01757344064660964
863.2633899982771,-0.004966880152007785
863.4340566651026,0.016419549140050796
863.6047233319283,-0.006612240068502755
863.7753899979591,0.015054004982360055
863.9460566647847,-0.00844615720933131
864.1986333314577,0.013499726545114266
864.4238999986649,-0.010446774531960228
864.5945666654904,0.011767160787298007
864.7652333323161,-0.012601578720992225
864.9358999991416,0.009882732985074118
865.1065666643779,-0.01487445979575091
865.2772333312034,0.00788839989337496
865.4478899979592,-0.01721981986326945
865.6185566647848,0.0058385149566558886
865.7892233316104,-0.01957891130922614
865.959889998436,0.0037904041649638974
866.1305566652616,-0.02188561761329384
866.3012233312926,0.001822804290544626
866.471879998048,-0.02406120911748285
866.6425333317122,6.945619178111152e-06
866.8131999985377,-0.02603744471956367
866.9838666653634,-0.001587621701612132
867.1545333321889,-0.027738570580672035
867.3251999990146,-0.0028837416530920557
867.4958666650452,-0.029089743694267874
867.6665333318709,-0.0038122030358603174
867.8371999986969,-0.03003050872079026
868.0078666655223,-0.004318012521659826
868.1785233322778,-0.030512333753048498
868.3491899983088,-0.004355698509285252
868.5198566643397,-0.03049091118526161
868.6905233311654,-0.003881759197178459
868.8611899979909,-0.029925952095663105
869.0318566648166,-0.002885527279180368
869.2024999984105,-0.028833897936479485
869.3731666652362,-0.0013867292815926712
869.5438333320617,-0.027244211791507187
869.7144999980926,0.0005639982922390856
869.8851666649182,-0.025225933678930196
870.055833331744,0.0029000930267704
870.2264999985695,-0.022843593724832342
870.3971566653252,0.005545688527350464
870.5678233321509,-0.020182967334396954
870.7384899989763,0.008412656603360304
870.9091566650073,-0.01733831240960838
871.079823331833,0.01140034727003024
871.2504899986585,-0.014416127797582601
871.4211566654842,0.01439718767086806
871.5918233323097,-0.011530444617839183
871.7624899975459,0.017286205448911646
871.9331333311399,-0.008798227495607304
872.1037999979656,0.019959306370473443
872.2744666647911,-0.006310676490013275
872.4451333316167,0.02233173715675262
872.6157999984423,-0.00415956652806402
872.7864666652679,0.02431303080977962
872.9571233320236,-0.002432901741214474
873.1277899980545,0.02581240286555789
873.2984566648802,-0.0012139406242472322
873.4691233317059,0.02676177597538316
873.6397899985313,-0.0005547884675982857
873.810456665357,0.027120679262182593
873.9811233321825,-0.0004891372961057593
874.1517666657767,0.026878035762966386
874.3224333310127,-0.0010072271108394956
874.4930999978384,0.026044150759624584
874.6637666646639,-0.0020941453322089994
874.8344333314895,0.024642332438826475
875.005099998315,-0.003722442497547392
875.1757566650709,0.022722853839809622
875.3464233318966,-0.00581693837890034
875.5170899979273,0.02037501231309466
875.687756664753,-0.008273470043423726
875.8584233315787,0.017711307492090902
876.0290899984042,-0.010972512206719357
876.1997566652299,0.014867005272062245
876.3704233312607,-0.013775596901349104
876.5410899980864,0.011974063922099428
876.711756664912,-0.016547372119402926
876.8823999985059,0.009169972933512996
877.0530666653316,-0.019148200001353057
877.223733332157,0.006579206369346079
877.3943999989827,-0.021473507391893125
877.5650666658082,0.0043144451118189596
877.7357333310445,-0.023401657699516944
877.9063899978003,0.0024896606022347407
878.0770566646258,-0.024829336758371685
878.2477233314514,0.0011892699149478087
878.418389998277,-0.025689382810207304
878.5890566651027,0.00047805531343923476
878.7597233319282,-0.02592847969924019
878.9303899979592,0.00040109733989746895
879.1010333315531,-0.025507432430233047
879.2716999983788,0.0009831090519689942
879.4423666652043,-0.024420388979062718
879.61303333203,0.002203625319165011
879.7836999988556,-0.022701176428769034
879.9543666656812,0.004020863712761564
880.1250333317123,-0.0204131272186405
880.2956999985378,0.006357392874446912
880.4663666653632,-0.017636079521599842
880.6370333321889,0.009127173146664955
880.8076899989446,-0.014465662314757143
880.9783566649755,0.012220165539875457
881.1490233310063,-0.01102531928278264
881.319689997832,0.015488732191462191
881.4903566646575,-0.00747635000184758
881.6610099983214,0.018782581668982903
881.8316666650771,-0.0039636031712133694
882.0023333319028,0.021964261353411455
882.1729999987283,-0.0006200276981725961
882.3436666647594,0.024900440419359307
882.5143333315849,0.002421506702994805
882.6849999984106,0.027460750364978036
882.8556666652363,0.005033148291302836
883.0263333320618,0.029531676160103524
883.1969999988872,0.0071157668217820816
883.3676666657132,0.031031943067071455
883.538323331674,0.008605494974565
883.7089899984996,0.031922574509828154
883.8796566653251,0.009485883365313547
884.0503233321508,0.032195967798789325
884.2209899989764,0.009759295814443939
884.3916566642125,0.031858565254746084
884.5622999978066,0.00943272922644547
884.7329666646322,0.030925079180031775
884.9036333314577,0.008545355394073155
885.0742999982833,0.029441829888303645
885.2449666651089,0.00711953087639807
885.4156333319346,0.027427927845294915
885.5862899986903,0.005196448473642554
885.7569566647213,0.024940087642025457
885.9276233315468,0.0028312941923738302
886.0982899983725,0.022039065377652302
886.268956665198,9.36806452559424e-05
886.4396233320236,0.018801570594876953
886.6102899988493,-0.0029360207100891512
886.7809333324433,0.01529738303142958
886.9515999976793,-0.006201242687012088
887.122266664505,0.01160277097706736
887.2929333313305,-0.009590904228967441
887.4635999981563,0.007836312499522938
887.634266664982,-0.01300639105858896
887.8049333310128,0.004077172512305569
887.9755999978385,-0.01635947857996709
888.1462666646642,0.00041014627543370683
888.3169233314196,-0.019597146784426676
888.4875899982453,-0.0031165985931997575
888.6582566650708,-0.022659260793673464
888.8289233318965,-0.006455927663508375
888.9995899979274,-0.025527526755542707
889.170256664753,-0.009577631723615818
889.3409133315087,-0.028144866827041856
889.5115666651725,-0.012418199599535176
889.6822333319982,-0.030453998419398696
889.8528999988237,-0.014926637225334268
890.0235666656496,-0.032400953676459614
890.194233332475,-0.017038529731967844
890.3648999977113,-0.03392734330478934
890.5355666645368,-0.018703382281861632
890.7062333313625,-0.03497775668117381
890.8768999981882,-0.01986871885571588
891.0475566649436,-0.035502073022669015
891.2182233317693,-0.02048513488224616
891.3888899985948,-0.035457079210319827
891.5595566646258,-0.020515556276158364
891.7302233314515,-0.03481226726744023
891.9008899982771,-0.019918418415358987
892.0715466650327,-0.03352144567033979
892.2421999986966,-0.018666337943430544
892.4128666655222,-0.031572625077673104
892.5835333323478,-0.016749049781093244
892.7541999983787,-0.02896510737369203
892.9248666652044,-0.014178272063496677
893.0955333320301,-0.025716603538326808
893.2661899987858,-0.010978880587965012
893.4368566656112,-0.021863258788829495
893.6075233316421,-0.007198081146651672
893.7781899976729,-0.01746363419117553
893.9488566644986,-0.0029177952740355255
894.1195233313243,-0.01262861812318859
894.2901899981498,0.0017477700035889506
894.4608566649755,-0.0074610336560544995
894.631523331801,0.006693999435514802
894.802176665465,-0.0020864747572580094
894.972833331426,0.011782957671485501
895.1434999982517,0.0033529460375951348
895.3141666650772,0.016864365483287486
895.4848333319027,0.008694297311501955
895.6554999987286,0.021779584128773427
895.8261666655541,0.013786003114004297
895.9968233323098,0.026379499912418874
896.1674899983406,0.018478575919957906
896.3381566651663,0.030515559367614544
896.5088233319918,0.022626356952816288
896.6794899988174,0.03404716740052992
896.850156665643,0.026093601926753505
897.0208099977175,0.03684237127431705
897.1914666644732,0.028754237799603892
897.3621333312988,0.03879097653451411
897.5327999981243,0.030516179942886017
897.70346666495,0.0398174593433066
897.8741333317757,0.03131828166202806
898.0447999986012,0.03986766561657273
898.2154666654269,0.03111543255033225
898.3861333314577,0.03890837939260367
898.5567999982834,0.029888175206974597
898.7274566650391,0.03693327073069391
898.8981233318648,0.027640785711146247
899.0687899986902,0.03395615812706703
899.239456665516,0.024402727209993636
899.4101233323415,0.03003312057435028
899.5807899983723,0.020254720329420176
899.7514433312415,0.025265146974892728
899.9220999979974,0.015313933499642069
900.0927666648229,0.01978215853988656
900.2634333316485,0.009724258959009286
900.4340999976796,0.013746557120013768
900.6047666645051,0.0036667052952584944
900.7754333313308,0.007349175544676385
900.9460899980862,-0.002660773698146236
901.1167566649119,0.0007980886433738889
901.2874233317376,-0.009040218144454177
901.4580899985631,-0.005686603252290284
901.628756664594,-0.015251626339255007
901.7994233314196,-0.0118843424682029
901.9700899982452,-0.021075189657157094
902.1407566650707,-0.017580686955318878
902.3114233318965,-0.026299794812773378
902.4820799986522,-0.022570771587371485
902.6527333323162,-0.030731624658833046
902.8233999991419,-0.026675078268097598
902.9940666643779,-0.03420914790763732
903.1647333312036,-0.02975173443473075
903.3353999980291,-0.03660660968025371
903.5060666648548,-0.03169385436163957
903.6767233316102,-0.03784052131409017
903.8473899984359,-0.032433984197647946
904.0180566652616,-0.03785966794950941
904.1887233312925,-0.031952537553020126
904.3593899981181,-0.03667505539859286
904.5300566649437,-0.03028595284364352
904.7007233317694,-0.034340752648974474
904.8713899985949,-0.027505655582557877
905.0420566646259,-0.030948775014222735
905.2127133321762,-0.023724003623699186
905.3833666650455,-0.02662607167455177
905.5540333318711,-0.019081969693487237
905.7246999986967,-0.021532253501647846
905.8953666655223,-0.013753648658550062
906.0660333323478,-0.01585301977611717
906.2366999983788,-0.00794086708788137
906.4073566643398,-0.00979961834929771
906.5780233311652,-0.0018581783643513226
906.7486899979909,-0.003588776568587757
906.9193566648164,0.004273837015374743
907.0900233316421,0.0025573258596536326
907.2606899984678,0.010232525092486752
907.4313333320617,0.008424235878690007
907.6019999980927,0.01581499772629173
907.7726666649181,0.013815772930308437
907.943333331744,0.02082878291407411
908.1139999985695,0.01855006431180649
908.2846666653952,0.025108637671681415
908.4553333322207,0.022479368176308315
908.6259999990464,0.028518632040418577
908.796666665077,0.025488116592362695
908.9673333319028,0.030958035036365794
909.1379899986584,0.02748871634206682
909.308656665484,0.032359995560114874
909.4793233323098,0.028430893755319563
909.6499899975457,0.03269020732015588
909.8206566643715,0.028305602365654447
909.991323331197,0.031960053921891246
910.1619666647912,0.02713700012650592
910.3326333316166,0.03020812590581409
910.5032999984423,0.024985762437083933
910.673966665268,0.027519630619915206
910.8446333320935,0.021957153900131778
911.0152999981244,0.024018287410628503
911.1859566648802,0.018193376177327518
911.3566233317057,0.019855862503836454
911.5272899985314,0.013855261551056373
911.697956665357,0.015207946663431879
911.8686233321826,0.009126559661878444
912.0392899990081,0.010247627745692153
912.2099566650392,0.004179032536696395
912.3806233318646,0.005152413977244685
912.5512899986903,-0.0008139657319569471
912.721956665516,8.77585217487051e-05
912.8926099983852,-0.005687700954428457
913.0632666643462,-0.004781315307255526
913.2339333311717,-0.010284255565131163
913.4045999979974,-0.009311563471437011
913.575266664823,-0.014467944641443726
913.7459333316485,-0.013367819754112435
913.9165899984042,-0.01811088527082072
914.0872566652297,-0.016838197252218447
914.2579233312606,-0.021120402750263983
914.4285899980862,-0.019641309015253742
914.599256664912,-0.023419917489013578
914.7699233317375,-0.021716279170933838
914.9405899985632,-0.02496586951916644
915.1112333321573,-0.02302951164766957
915.2818999989828,-0.025735631802815406
915.4525666658085,-0.023571753181620202
915.6232333310445,-0.025728982969030794
915.7938999978702,-0.023351632097296883
915.9645666646957,-0.024965838497385973
916.1352333315214,-0.02239813163382653
916.3058999983471,-0.02348774035208804
916.4765666643777,-0.020770911873232285
916.6472333312034,-0.021360074337923324
916.8178899979591,-0.01852864392642406
916.9885566647848,-0.018649148301408545
917.1592233316103,-0.015755000121862338
917.3298899984359,-0.01544530081094623
917.5005566652617,-0.012540974346864353
917.6712233312925,-0.011841709795868084
917.8418666656813,-0.008989059424566655
918.0125333317121,-0.0079531926564221
918.1831999985377,-0.005215722664101377
918.3538666653633,-0.0039010709904846886
918.5245333321889,-0.001345646697561871
918.6951999990146,0.0002019151605108897
918.8658666650454,0.002516225499672694
919.0365333310763,0.004247010907134713
919.2071999979019,0.006262048078303675
919.3778666647274,0.008127765622806066
919.5485233314832,0.00978745655781647
919.7191899983088,0.01174226425441997
919.8898566651344,0.01298829032563378
920.06052333196,0.014977172177695224
920.231189997991,0.015751039564619006
920.4018566648167,0.017727429457449165
920.5724999984106,0.01798464616919662
920.7431666652361,0.01991445015245938
920.9138333320618,0.019627197611549723
921.0844999988873,0.021489172513942993
921.255166665713,0.020633949433955228
921.4258333317439,0.022408885795928653
921.5964999985694,0.02096869049171309
921.7671566653253,0.022645718208904878
921.9378233321507,0.020617943295512284
922.1084899989764,0.022201731803648976
922.2791566642125,0.019591126036470168
922.4498233310381,0.021086649104812703
922.6204899978638,0.017905386307983863
922.7911566646893,0.01933088859514478
922.961823331515,0.015595517608942509
923.1324899983407,0.01696801815992165
923.3031333319346,0.01270177365872793
923.4737999987603,0.014047161468403558
923.644466664791,0.009281727352309378
923.8151333316167,0.010634856208220099
923.9857999984424,0.005414047809433688
924.1564666652679,0.00681940197259015
924.3271233320236,0.0011931964070980117
924.4977899988492,0.002698924441914232
924.668456665675,-0.0032746667147035597
924.8391233317058,-0.0016095369153296697
925.0097899985315,-0.007861454584891455
925.180456665357,-0.005973130280830659
925.3511233321826,-0.01243126480566573
925.5217899990082,-0.010250512614855531
925.6924566642443,-0.016838917800556644
925.86312333107,-0.014298329699561182
926.033766664664,-0.02094654747041005
926.2044333314896,-0.017980754177242434
926.3750999983151,-0.024612100436350592
926.5457666651407,-0.02115647625426984
926.7164333319663,-0.027693396207137223
926.8870999979974,-0.023682116981285178
927.0577566647529,-0.03005320899664696
927.2284233315786,-0.02542965601487626
927.3990899984041,-0.031571404574909645
927.56975666523,-0.02628848172527698
927.7404233320555,-0.03214923851919852
927.9110899988812,-0.02617553300662685
928.0817466656366,-0.031722766703807546
928.2523999977111,-0.025049046579022113
928.4230666645368,-0.030265804722838453
928.5937333313625,-0.022896078188239802
928.764399998188,-0.027777149415689106
928.9350666650137,-0.019730614359337376
929.1057333310446,-0.024294374182150302
929.2763999978703,-0.01561401200549664
929.4470666646957,-0.019893011082378557
929.6177333315212,-0.010637132787166366
929.7883899982771,-0.014687266300926862
929.9590566651026,-0.004934661697785972
930.1297233319283,-0.008828662050455035
930.3003899979592,0.0013223834775900546
930.4710566647848,-0.002507527847247044
930.6417233316104,0.007927057987775925
930.812389998436,0.004066359362753722
930.98303333203,0.014665267900629332
931.1536999988555,0.010666048260456362
931.3243666656812,0.02130062751102867
931.495033331712,0.017049347059338468
931.6656999977429,0.027587255436840444
931.8363666645686,0.022972556470460037
932.007033331394,0.03328511292130948
932.1776999982197,0.028203384883120606
932.3483666650452,0.038172479458906436
932.5190333310762,0.032528591107186706
932.6896899986268,0.04204602610847203
932.8603566646576,0.035765522305043304
933.0310233314833,0.04474681814165568
933.2016899983088,0.03777654075895407
933.3723566651345,0.04615792508451698
933.5430099987983,0.038467823766537734
933.713666665554,0.04621225038698058
933.8843333323796,0.0377986980981005
934.0549999984107,0.0448942657464756
934.2256666652362,0.03578038208150871
934.3963333320619,0.0422435513054729
934.5669999988874,0.03247971224609431
934.737666665713,0.038353386578032896
934.9083233308793,0.028013899510310906
935.0789899977048,0.033362565355006535
935.2496566645304,0.022541143410934578
935.4203233313561,0.027449417135122837
935.5909899981816,0.01625815886363133
935.7616566650073,0.020828466461024455
935.932323331833,0.009393481046799821
936.1029899986585,0.013739009350886443
936.2736566646894,0.0021940513609927325
936.4442999982833,0.006434391365717254
936.614966665109,-0.005083231651343333
936.7856333319345,-0.0008266280347803024
936.9562999987602,-0.012184928721401318
937.1269666655859,-0.007800801888596679
937.2976333324116,-0.01887497109408466
937.4682899983725,-0.014259671229885463
937.6389566651981,-0.024937731904655078
937.8096233320236,-0.020000936600026494
937.9802899988492,-0.03018665931632546
938.1509566656748,-0.024856257799778278
938.3216233309109,-0.03447247597064077
938.4922899977366,-0.028697588573443553
938.6629566645622,-0.037699229630905044
938.8336233313878,-0.03145873732731878
939.0042899982134,-0.039820528696807286
939.1749333318076,-0.0331122301028581
939.345599998633,-0.040832106711660085
939.516266664664,-0.03367792158949526
939.6869333314895,-0.04077719990375475
939.8575999983153,-0.0332178925760213
940.0282666651408,-0.03973859913858258
940.1989233318966,-0.03183378417062294
940.3695899987221,-0.037834402857939306
940.5402566655478,-0.029656691832693868
940.7109233323733,-0.03520968869990251
940.8815899984041,-0.0268441099687941
941.0522566652298,-0.032031515632982156
941.2229233320553,-0.023569335675605613
941.393589998881,-0.02847621063142851
941.5642566657065,-0.02000688968131164
941.7349133308729,-0.024717256317290166
941.9055666645367,-0.016324896363724924
942.0762333313626,-0.02091600865398673
942.246899998188,-0.012677098482646663
942.4175666650137,-0.01721887419579037
942.5882333318393,-0.009199776929816118
942.7588999986649,-0.013750629299565362
942.9295566646258,-0.006004778450136095
943.1002233314514,-0.01060502431186218
943.270889998277,-0.003158600653236766
943.4415566651027,-0.007828075098425818
943.6122233319281,-0.000696057279229626
943.7828899987538,-0.005441326215130047
943.9535466655095,0.0013765171873906178
944.1241999983788,-0.0034361104480569687
944.2948666644095,0.003092074225314851
944.4655333312352,-0.0017620394605551433
944.6361999980606,0.004509336630855013
944.8068666648866,-0.00035148116634946323
944.9775333317123,0.005705923773735374
945.148199997743,0.0008818518560611915
945.3188666645686,0.006776410345852415
945.4895333313941,0.0020382937949823274
945.6601899981499,0.007825412298659299
945.8308566649755,0.00322185228859742
946.0015233318011,0.008956392767537198
946.1721899986267,0.004534491148395596
946.3428566646575,0.010265913069104977
946.5135233314832,0.006062986946457806
946.6841766651471,0.011830774484319594
946.8548333319028,0.007866935797112473
947.0254999987285,0.013695456258561818
947.1961666655541,0.009980965523970101
947.3668333323798,0.015884055997147456
947.5374999976159,0.0124126641613424
947.7081666644415,0.018385917868411976
947.8788333312671,0.015131350487778923
948.0494999980926,0.02115239795125508
948.2201666649182,0.01807228621845691
948.3908333317438,0.024101630886243515
948.5614899984996,0.021135783938755957
948.7321566653251,0.027119801845541632
948.9028233313562,0.024193486943628877
949.0734899981815,0.030067004329294954
949.2441566650074,0.027090837067164794
949.4148099986711,0.03277699038439411
949.585466665427,0.029658425115675534
949.7561333322526,0.03508074723374445
949.9267999990782,0.03172969671849913
950.0974666651091,0.036814303669629296
950.2681333319346,0.033140780151942675
950.4387999987603,0.0378204797472261
950.6094666655857,0.0337455460532009
950.7801333324114,0.03796399454459445
950.9507999976477,0.03341954983259788
951.1214566644032,0.0371366524287581
951.2921233312288,0.032071014244509484
951.4627899980545,0.0352640103652309
951.6334566648802,0.029648297417544125
951.8041233317057,0.03231864526527679
951.9747899985312,0.026143461153414333
952.1454566645622,0.028316224868151593
952.3160999981562,0.021599928550502714
952.4867666649819,0.023326156980181353
952.6574333318074,0.016110268467647196
952.8280999986331,0.017465257876791533
952.9987666654588,0.009816305379130886
953.1694333322843,0.010899678914250307
953.34008999904,0.0029009977103326688
953.5107566650707,0.0038284732824354632
953.6814233318964,-0.00441930700318143
953.8520899987219,-0.003516563453924119
954.0227566655476,-0.011901538144212276
954.1934233323733,-0.010883791070034779
954.3640899976095,-0.019289699288313696
954.5347566644352,-0.01801457799557605
954.7054233312607,-0.026326058171820217
954.8760799980164,-0.02465401444019813
955.0467333316803,-0.03276003193339357
955.2173999985059,-0.030558641062967833
955.3880666653315,-0.03836048125376138
955.5587333313624,-0.035511687187646045
955.7293999981879,-0.04292785904580907
955.9000666650136,-0.03933402138536142
956.0707233317693,-0.04630583354153434
956.241389998595,-0.041891882840605695
956.4120566654204,-0.048385899991451035
956.5827233322461,-0.043102536102231484
956.7533899982769,-0.04911173164646757
956.9240566651027,-0.04293974828669119
957.0947233319282,-0.04848645406153337
957.2653899987539,-0.04143292018938221
957.4360566655796,-0.04656440695683819
957.6067133323352,-0.038662415640618036
957.7773666644096,-0.04345347909512684
957.9480333312353,-0.03476239845729065
958.118699998061,-0.03931112767237256
958.2893666648864,-0.029911123137906996
958.4600333317121,-0.0343341849191063
958.6306999985376,-0.024320703965290708
958.8013566652933,-0.028743037239432237
958.9720233313243,-0.018219132546066094
959.1426899981498,-0.02277488635768291
959.3133566649755,-0.011851136689310432
959.4840233318012,-0.016677741607562437
959.6546899986267,-0.005463644438695597
959.8253566654524,-0.010692383602442148
959.9960233322779,0.0007114020094282621
960.1666899983089,-0.00503699445095694
960.3373433311781,0.0064700256482636415
960.5079999979337,9.927733481993296e-05
960.6786666647592,0.01163951353691796
960.849333331585,0.004561661122345731
961.0199999984104,0.016083552693274317
961.1906666644414,0.008235550489464309
961.3613333312669,0.019709726037466117
961.5319899980228,0.011052375567537253
961.7026566648483,0.022473019315382075
961.873323331674,0.012989662325152645
962.0439899984997,0.024373984133769996
962.2146566653253,0.014073601269671724
962.3853233313561,0.025462428197542183
962.5559899981818,0.014375651802795425
962.7266566650072,0.02582805112942582
962.8973233318329,0.014001339139311068
963.0679766654969,0.025590180989947375
963.2386333322526,0.013081057340993674
963.4092999990783,0.024887670742771907
963.5799666643143,0.011761189070281789
963.75063333114,0.023870478072853068
963.9212999979654,0.010194442390564962
964.0919666647911,0.022693049151244933
964.2626233315466,0.00853486324183454
964.4332899983725,0.02150372056953561
964.6039566651982,0.00692497581349904
964.7746233312289,0.020437514782387818
964.9452899980546,0.005491322017205579
965.1159566648801,0.01960955444670229
965.2866233317058,0.004335889460236204
965.4572899985312,0.019105941742043255
965.6279566653569,0.0035281755309524558
965.798623331388,0.018977155241964905
965.9692666657766,0.0031009699884088082
966.1399333318074,0.019238020636268404
966.310599998633,0.0030526288756786116
966.4812666654586,0.019868443799878822
966.6519333322843,0.0033465275708788596
966.82259999911,0.0208159386900892
966.9932566642761,0.003916511367423251
967.1639233311016,0.021999988442670104
967.3345899979274,0.004669440991476624
967.505256664753,0.02331493806724269
967.6759233315786,0.005491430557076742
967.8465899984042,0.02463999376361966
968.0172566652298,0.006255340470939088
968.1879233312608,0.02584319036998952
968.3585899980862,0.006830292532290996
968.5292466648419,0.02679320920364067
968.6998999985059,0.00708590826918304
968.8705666653316,0.027361688323496256
969.0412333321572,0.006900813843601222
969.2118999989829,0.02743570118999063
969.3825666650137,0.006173898567974493
969.5532333318394,0.026926750885061617
969.723889998595,0.004831238922851273
969.8945566654205,0.02577263389155117
970.0652233322462,0.0028255223919541137
970.2358899990717,0.023942074748913342
970.4065566643079,0.00014422955622609682
970.5772233311334,0.02144013766671557
970.7478899979591,-0.0031879024652090803
970.9185566647848,0.018309288084060196
971.0892233316105,-0.007112361329586793
971.2598799983659,0.014622406952354219
971.4305333320299,-0.011537114566204586
971.6011999980608,0.010486099504570173
971.7718666648864,-0.016342176805919345
971.9425333317122,0.00603247613851757
972.1131999985377,-0.021382307772933214
972.2838666653633,0.0014154507258139024
972.454523332119,-0.026496367573189586
972.6251899989445,-0.0031979269801352297
972.7958566649755,-0.031510971098521745
972.966523331801,-0.007633270842713799
973.1371899986267,-0.036249999039509456
973.4716999991736,-0.011716445082589151
973.6833233308793,-0.04054368759042318
973.8539899977047,-0.015286284362209716
974.0246433313687,-0.04423625180015748
974.1952999981244,-0.018194486369414658
974.3659666649501,-0.0471891920040129
974.5366333317758,-0.02031664927764333
974.7072999986012,-0.04929041488895048
974.8779666654269,-0.02155544188678308
975.048623331388,-0.050458759681475084
975.2192899982134,-0.02184759851428648
975.3899566650391,-0.050645941902109
975.5606233318647,-0.021162950652513602
975.7312899986903,-0.04983851110956612
975.9019566655159,-0.019507727897873698
976.0726233323414,-0.04806195329957292
976.2432899983723,-0.016926427372637304
976.413956665198,-0.04537602090988013
976.5846233320237,-0.013493779647204406
976.7552766648929,-0.04187031518190204
976.9259333316486,-0.009317075176476206
977.0965999976794,-0.03766439827105452
977.2672666645051,-0.0045268995915015925
977.4379333313307,-0.03290045329480999
977.6085999981563,0.0007213295442351731
977.7792666649818,-0.027743632548802227
977.9499233317374,0.0062531452545893885
978.1205899985631,-0.022369692051664808
978.2912566645939,0.011893101029589103
978.4619233314197,-0.016952939729042597
978.6325899982452,0.017468583781544488
978.8032566650709,-0.011659599016977634
978.9739233318963,0.02281854936290386
979.1445899987223,-0.006643818453189388
979.3152566655477,0.027795973449929654
979.4859133323034,-0.0020418902255102196
979.6565666643779,0.03227633395229532
979.8272333312034,0.0020334132164443602
979.9978999980291,0.036156112828002025
980.1685666648548,0.00548892232618492
980.3392333316802,0.03935262127819952
980.5098999977112,0.008254705259059084
980.6805566652616,0.041809065770448045
980.8512233312925,0.010288486603338844
981.021889998118,0.04349669537041566
981.1925566649436,0.011574693234334684
981.3632233317694,0.04441117443109798
981.5338899985949,0.01212188435539307
981.7045566646259,0.04457413749202982
981.8752233314515,0.011962620836566032
982.0458899982771,0.044028165831503256
982.2165466650328,0.01114988532723388
982.3871999986966,0.042834592680850936
982.5578666655223,0.009753138591005735
982.7285333323478,0.04107019909209638
982.8991999983788,0.007854903018606219
983.0698666644096,0.03882202417340936
983.2405333312352,0.005545643601164557
983.411189997991,0.03618348732012442
983.5818566648165,0.0029215085126333717
983.7525233316421,0.03325235875468345
983.9231899984677,7.997392708955172e-05
984.0938566652934,0.03012491763963284
984.2645233313244,-0.002884261830462212
984.4351899981499,0.02689380634112779
984.6058566649756,-0.005881683246999474
984.7765233318011,0.02364646893324128
984.947166665395,-0.008828026496391446
985.1178333322207,0.02046368197186148
985.2884999990463,-0.011646339253464266
985.4591666650771,0.0174188759239726
985.629833331903,-0.014267441561376923
985.8004999987285,0.014577963891465507
985.9711666655542,-0.01663064812988333
986.1418233323096,0.011996655003744604
986.3124899975459,-0.018686887951452354
986.4831566643716,0.0097191740851518
986.653823331197,-0.020398197357137004
986.8244899980227,0.0077781172475727125
986.9951566648484,-0.02173776205574012
987.1658233316739,0.006196623673094387
987.3364899984996,-0.02268776050144112
987.5071566653253,0.004987331824954832
987.6778099981944,-0.023243403661093967
987.8484666649501,0.004149365848505763
988.0191333317756,-0.023412046559651793
988.1897999986013,0.0036710325997541334
988.3604666654268,-0.023211757842900197
988.5311333322525,0.003529500197839771
988.7017999990782,-0.02267295032315836
988.8724666651091,0.003688615280787096
989.0431333319345,-0.021837286831411014
989.2137999987602,0.004103794854870243
989.3844566655159,-0.020755093225350588
989.5551233323415,0.0047224125052472005
989.7257899975777,-0.019483434746880895
989.8964566644032,0.005484649778456911
990.0671233312289,-0.018085255036230628
990.2377899980545,0.0063265903480798835
990.4084433317184,-0.016627642699004425
990.579099998474,0.007180647258220547
990.7497666652998,-0.015179715649625305
990.9204333313306,0.007978803822411052
991.0910999981563,-0.013810855688818862
991.2617666649818,0.008653020649218756
991.4324333318076,-0.012586450301243855
991.6030999986331,0.009144069502840593
991.7737666654588,-0.011562713938182796
991.9444333322842,0.009402409723792207
992.11508999904,-0.010784736021325016
992.2857566650707,0.00938883178185383
992.4564233318964,-0.010285965113476526
992.6270899987221,0.009079611290866317
992.7977566655476,-0.010081909571382114
992.9684233323733,0.00847059578655543
993.1390799975394,-0.010170485063883128
993.3097333312035,0.0075707381127989555
993.4803999980289,-0.010536928788255188
993.6510666648549,0.006404175053756098
993.8217333316803,-0.011150328607002314
993.992399998506,0.005009811679354988
994.1630666653316,-0.011966677736373395
994.3337333313624,0.003439801784388743
994.5043999981881,-0.012928207949062728
994.6750666650136,0.0017584661278215881
994.8457233317692,-0.013967282794617486
995.016389998595,3.906719284760759e-05
995.1870566654204,-0.015008926233523718
995.3577233322461,-0.0016396146080057475
995.5283899982771,-0.01597100249043881
995.6990566651026,-0.003192018212440031
995.8697133318583,-0.01677092203376284
996.0403666647275,-0.004536716681418519
996.2110333315529,-0.017331473002929986
996.3816999983788,-0.005600387128417277
996.5523666644096,-0.01758476946656215
996.7230333312352,-0.006317861203239567
996.8936999980609,-0.017472312830555618
997.0643666648864,-0.0066379000314413855
997.2350333317121,-0.016952683153851657
997.4056999985378,-0.00652640283464633
997.5763566652934,-0.016001802448918277
997.7470233313243,-0.00596770988930282
997.9176899981497,-0.01461501636534246
998.0883566649754,-0.0049667237229623126
998.2590233318011,-0.012807541363431943
998.4296899986266,-0.003549273541484949
998.6003333322208,-0.010618542640089832
998.7709999990464,-0.0017635188918419364
998.9416666642825,-0.008104429333655882
999.1123333311082,0.00032585400581673326
999.2829999979338,-0.005340166501548984
999.4536666647593,0.0026378647872755245
999.6243333315849,-0.0024117938889800412
999.7949999984105,0.005081959913975465
999.9656666644414,0.0005849114323262432
1000.1363333312671,0.007561204509847675
1000.4844799987475,0.0035538092211775062
1000.9213899985949,0.009978999189206672
1001.0920566646258,0.006394910288559809
1001.2627233314513,0.012236625159457592
1001.433389998277,0.009013127368437767
1001.6040566651027,0.014243906956617045
1001.7747233319282,0.011322699462040293
1001.9453666655223,0.015922132449258365
1002.1160333323478,0.01325190047214583
1002.2866999983787,0.017207140475740252
1002.4573666644097,0.014744641258660639
1002.6280333312354,0.01805237508915041
1002.7986999980609,0.015763573362912876
1002.9693666648866,0.018430545421024905
1003.140023331642,0.01629174035496614
1003.3106899984678,0.018335095591137284
1003.4813566652934,0.016332455620625082
1003.6520233313242,0.017779877166335663
1003.8226899981498,0.015908161850002937
1003.9933566649754,0.016794100794782663
1004.164023331801,0.015057379878291184
1004.3346899986267,0.015426812299758952
1004.5053566646575,0.013837678675041393
1004.6759999990463,0.013741223285683694
1004.8466666650772,0.012316777052487916
1005.0173333319029,0.01180979859219686
1005.1879999987284,0.01057252335756407
1005.3586666655541,0.009713159734126516
1005.5293333323796,0.00868822475490399
1005.6999999976158,0.007536665932180964
1005.8706566643716,0.006749731586476943
1006.0413233311971,0.005362919294691464
1006.2119899980228,0.004836421674376906
1006.3826566648482,0.0032675292447336994
1006.553323331674,0.003021206503246029
1006.7239899984994,0.0013194783342426553
1006.8946566653252,0.0013682562153540102
1007.065323331356,-0.00042530564391183597
1007.2359899981817,-7.430683910464798e-05
1007.4066333317758,-0.0019268565925172022
1007.5772999986013,-0.001273790968137572
1007.7479666654268,-0.0031617954296672877
1007.9186333322525,-0.0022155047432714852
1008.0892999990781,-0.004124360178497738
1008.2599666651089,-0.0029011891661277836
1008.4306333319346,-0.004826077570749147
1008.6012999987603,-0.003350299886967096
1008.771966665586,-0.005295901911532558
1008.9426233323414,-0.003598525424591224
1009.1132899975777,-0.005575853576877526
1009.2839566644034,-0.0036916953761824294
1009.4546233312288,-0.005716198001829073
1009.6252899980543,-0.0036828027370574257
1009.7959566648802,-0.005773975576205371
1009.9666233317059,-0.0036297742385816684
1010.1372666652999,-0.005807904226703791
1010.3079333313306,-0.0035892316969227305
1010.4785999981563,-0.005873872211747948
1010.649266664982,-0.0036127973403051726
1010.8199333318074,-0.0060205250700505995
1010.9905999986331,-0.003742989365454751
1011.1612666654586,-0.0062852712873634085
1011.3319333322843,-0.00401146343561702
1011.5025999991097,-0.006694788850829586
1011.6732566650708,-0.004434635937129967
1011.8439233318965,-0.007256632042815173
1012.0145899987222,-0.005010072134355853
1012.1852566655477,-0.00796193103908819
1012.3559233323733,-0.005717850281065084
1012.5265899976093,-0.008780233190204257
1012.6972566644351,-0.006518979640577767
1012.8679233312607,-0.009667614518416795
1013.0385899980863,-0.007360699893832438
1013.2092566649119,-0.01056587137838086
1013.3798999985058,-0.00817906496279023
1013.5505666653314,-0.011408236070844477
1013.7212333313624,-0.008902746411679954
1013.8918999981881,-0.012122362268455623
1014.0625666650136,-0.009456891456750221
1014.2332333318393,-0.01263443718775825
1014.4038999986649,-0.009768837973822764
1014.5745566654207,-0.012877373118838263
1014.7452233322462,-0.00977430769946942
1014.9158899982771,-0.012792867413847123
1015.0865566651028,-0.009420712691027022
1015.2572233319282,-0.012338630278673789
1015.4278899987539,-0.00867451940104274
1015.5985566655794,-0.011491773924972878
1015.7692233324051,-0.007520545644007699
1015.9398899976411,-0.01024856307992015
1016.1105466643969,-0.005963822137272414
1016.2811999980607,-0.008624160682655079
1016.4518666648864,-0.004029038170872705
1016.6225333317121,-0.006657581914752731
1016.7931999985376,-0.0017659201075517566
1016.9638666653634,-0.004411291082413966
1017.1345333313941,0.000753844624925883
1017.3051899981499,-0.001966305040482348
1017.4758566649756,0.003441704367050292
1017.6465233318011,0.0005798513871742026
1017.8171899986268,0.006196436490755672
1017.9878566654522,0.003120690337261192
1018.1585233322779,0.008907842651328214
1018.3291899983087,0.0055426427259010974
1018.4998566651344,0.011464636892758458
1018.6705233319601,0.007734900553892733
1018.8411666647595,0.013759597869877207
1019.0118333315847,0.009594111302730189
1019.1824999984107,0.01569495281484142
1019.3531666644415,0.011027389069854692
1019.523833331267,0.017188327293454375
1019.6944999980926,0.011961761140378767
1019.8651666649182,0.018177148060310764
1020.0358333317439,0.012342915457111001
1020.2064999985696,0.018620195868353718
1020.3771666653951,0.012143359669795723
1020.5478233313561,0.018502203816918743
1020.7184899981816,0.01135767491477676
1020.8891566650072,0.01783305824730667
1021.059823331833,0.010010216610858288
1021.2304899986584,0.01665258985323615
1021.4011566654842,0.008153572355827008
1021.571799999078,0.015026145060667236
1021.7424666643143,0.005863783380631312
1021.9131333311398,0.013041383167791496
1022.0837999979655,0.0032372274947183666
1022.2544666647912,0.010802169914265228
1022.4251333316167,0.0003842581992088736
1022.5957999976475,0.008423569805278022
1022.7664666644732,-0.0025812504095264195
1022.9371333312989,0.006020757472888806
1023.1077899980544,-0.005541219087041497
1023.2784566648801,0.0037135638642284614
1023.4491233317058,-0.008377821509830118
1023.6197899985312,0.0016159547643945598
1023.7904566653569,-0.010983415200722161
1023.9611233313879,-0.0001703544407094742
1024.1317899982137,-0.013263522518532597
1024.302456665039,-0.0015600591401748747
1024.4731233318648,-0.015143731993325577
1024.6437899986902,-0.0024912871054340317
1024.8144433323541,-0.016576067274868166
1024.98509999911,-0.0029276682388407367
1025.1557666643462,-0.017534126055232233
1025.3264333311715,-0.0028568649631442182
1025.4970999979973,-0.018020615556230548
1025.6677666648227,-0.0022941077774704765
1025.8384333316485,-0.01806178792291609
1026.0090999976794,-0.0012768414364738578
1026.179766664505,-0.017705933448271406
1026.3504333313306,0.00013434781166990706
1026.5210899980862,-0.01702395333526967
1026.6917566649122,0.001860304845874862
1026.8624233317373,-0.01610001545648094
1027.0330899985631,0.0038105798300132497
1027.2037566645943,-0.015028598091948354
1027.3744233314196,0.005887949795719715
1027.5450799981754,-0.013907855343321264
1027.7157333318394,0.007992886337804296
1027.8863999986647,-0.012834835806482332
1028.0570666654905,0.010031941582048901
1028.227733332316,-0.011897717561611166
1028.398399999142,0.011920294122144973
1028.569066664378,-0.011175506539920062
1028.7397333312035,0.013586139246029688
1028.9103999980293,-0.010729504663374405
1029.0810666648547,0.014976257308218985
1029.2517233316103,-0.010601138825031827
1029.4223899984358,0.01605969756299918
1029.5930566652617,-0.010809583845962327
1029.7637233312923,0.016827938094301883
1029.9343899981181,-0.011350497449893152
1030.1050566649435,0.017295581243227644
1030.2757233317693,-0.012196570694802001
1030.446389998595,0.017498988669510954
1030.6170566646258,-0.013302367931984265
1030.787713332176,0.017487476403240745
1030.9583666650456,-0.014608998983334027
1031.129033331871,0.01733009226351988
1031.2996999986967,-0.016038376062542395
1031.4703666655223,0.01710565370897677
1031.641033332348,-0.01750802434033477
1031.8116999983788,0.016897211528244
1031.98235666434,-0.018933708018913073
1032.1530233311653,0.016785267082322246
1032.323689997991,-0.0202349262092412
1032.4943566648167,0.01684376343014309
1032.6650233316423,-0.021342887093669292
1032.8356899984678,0.01713324176709183
1033.0063566652934,-0.022202536746825503
1033.1770233313243,0.01769881948225716
1033.34768999815,-0.022775913274095515
1033.5183433318139,0.018565888656478926
1033.6889999985694,-0.02304517945646072
1033.859666665395,0.0197407444383383
1034.0303333322206,-0.023012664843493447
1034.2009999990464,0.021208078247057324
1034.3716666650773,-0.022701977687826207
1034.5423333319031,0.022931909581928932
1034.7129999987285,-0.022156892599628365
1034.883666665554,0.02485723218450386
1035.0543333323799,-0.021438186928358298
1035.2249999976157,0.026916540101718636
1035.3956566643715,-0.020615911952712656
1035.566323331197,0.029033148658352333
1035.7369899980226,-0.01976735262613845
1035.9076566648482,0.031124159238201506
1036.0783233316738,-0.018974450348051845
1036.2489899984998,0.033107218567663306
1036.419656665325,-0.01831622458262855
1036.590323331356,0.03490511627453727
1036.7609899981815,-0.017859805438906202
1036.9316333317756,0.036453066123341975
1037.1022999986012,-0.017664081291782943
1037.272966665427,0.037696188548682105
1037.4436333322526,-0.017773694500690433
1037.6142999990782,0.038596247282521576
1037.784966665109,-0.018213639436943388
1037.9556233318647,0.039137303564828516
1038.1262899986903,-0.01898844754470433
1038.2969566655158,0.03931938882129932
1038.4676233323414,-0.020086856797742417
1038.6382899975774,0.039160389866255585
1038.8089566644032,-0.02148054522647629
1038.9796233312288,0.03869581138730392
1039.1502899980546,-0.02312519586398087
1039.3209566648802,0.03797151814417703
1039.4916233317058,-0.024968070554013382
1039.6622666652997,0.03704237472612152
1039.8329333313307,-0.02694951208700685
1040.0035999981562,0.03596813650847349
1040.174266664982,-0.029004594998905193
1040.3449333318076,0.03481021454533643
1040.5155999986332,-0.031073876562924627
1040.6862666654588,0.033622781122424686
1040.8569333322844,-0.03310646650091504
1041.02759999911,0.03244597191128597
1041.1982566650709,-0.035064331400629534
1041.3689233318964,0.03131955502055314
1041.539589998722,-0.03690794685972352
1041.7102566655476,0.030266457657205488
1041.8809233323732,-0.03862469000918903
1042.0515899976094,0.02929221422200478
1042.2222566644352,-0.04021220059276726
1042.3929233312606,0.02838986409030601
1042.5635899980862,-0.04168234587590204
1042.7342566649118,0.02754049994954007
1042.904899998506,-0.04305487507240896
1043.0755666653313,0.026719175484324856
1043.2462333313624,-0.04435652649028293
1043.416899998188,0.02589458791866859
1043.5875666650138,-0.04561476759754434
1043.7582333318394,0.025040528179027622
1043.928889998595,-0.046854991952743376
1044.0995566654206,0.024127958888082706
1044.2702233322461,-0.048100454573602534
1044.4408899982768,0.023139887141969417
1044.6115566651026,-0.04935694973626049
1044.7822233319282,0.022074761170827694
1044.952889998754,-0.050620753149087025
1045.1235566655796,0.020941981895789677
1045.2942233324052,-0.051873179293542473
1045.4648899976414,0.019766800383896086
1045.6355333312354,-0.05307541981584559
1045.806199998061,0.018597292226490376
1045.9768666648865,-0.05417112028975589
1046.147533331712,0.017498850583367073
1046.3181999985377,-0.05508041936609298
1046.4888666653633,0.016559877683599532
1046.6595333313944,-0.05570787533146009
1046.8301999982198,0.015878366310543186
1047.0008666650454,-0.05594948070499491
1047.171533331871,0.015562912454550932
1047.3421899986267,-0.05569564706128216
1047.5128566654525,0.01572094705732541
1047.6835233322777,-0.054839710878384684
1047.8541899983088,0.016455574497070455
1048.0248566651344,-0.05328498882209222
1048.19552333196,0.01785233802300009
1048.3661899987858,-0.050952814932162485
1048.5368566656111,0.019978642518182297
1048.7075233316423,-0.04779363824652301
1048.8781666644413,0.022863824595065568
1049.048833331267,-0.043794832278019724
1049.2194999980925,0.026503350486317072
1049.3901666649185,-0.038979940325180144
1049.5608333317439,0.030849287586381394
1049.7314999985697,-0.033422953739121436
1049.9021666653953,0.035804872539510285
1050.072823331356,-0.027240594776936376
1050.2434899981815,0.04123238248114076
1050.4141566650073,-0.02059375279832789
1050.5848233318327,0.04694933702258026
1050.7554899986585,-0.013685389133265278
1050.926156665484,0.05273615004569893
1051.0968233323097,-0.006752870828507891
1051.2674899983406,0.0583358286188863
1051.4381566651664,-6.745279642449335e-05
1051.6087999979657,0.06347414523697267
1051.779466664791,0.006094042637645763
1051.950133331617,0.06787095161828585
1052.1207999976475,0.011450066713581617
1052.2914666644733,0.07125278024591854
1052.4621333312987,0.01573706587630912
1052.6327999981245,0.07336712235114391
1052.80346666495,0.018714527142670336
1052.9741333317756,0.07399606416132935
1053.1447899985312,0.020190783882528787
1053.315456665357,0.07297873256502654
1053.4861233313877,0.020035574830245758
1053.6567899982133,0.0702154942453105
1053.8274566650389,0.01817990829393536
1053.9981233318645,0.06567548869242217
1054.1687899986905,0.014630624062745116
1054.3394566655159,0.05940766288048782
1054.5101233323417,0.009473941359940957
1054.6807899983723,0.05154006521939435
1054.8514433312416,0.002878208204426129
1055.0220999979972,0.042285219754737396
1055.192766664823,-0.004906382557418929
1055.3634333316484,0.031929280820024775
1055.5340999976795,-0.013560703462723976
1055.704766664505,0.02082800390402361
1055.8754333313307,-0.022703909357537164
1056.0460999981563,0.009387053972059134
1056.2167666649818,-0.03191103449597003
1056.3874333318074,-0.0019524201239704657
1056.558089998563,-0.040734792466677605
1056.7287566645941,-0.012733459582994433
1056.8994233314195,-0.04871849733731047
1057.0700899982453,-0.022499914392111745
1057.240756665071,-0.05541877999025672
1057.4114233318965,-0.030827176833689456
1057.5820899987223,-0.06043984922494145
1057.7527566655476,-0.037342922084959644
1057.9234233323734,-0.06344363143492873
1058.094079998334,-0.04174445037355331
1058.2647333312034,-0.06417376447664426
1058.435399998029,-0.043819203721700214
1058.6060666648548,-0.06246940189022671
1058.7767333316804,-0.04345446018394046
1058.9473999977113,-0.058274869911736187
1059.1180666645369,-0.040651836075503524
1059.2887233312927,-0.051655684860373
1059.459389998118,-0.03553593559101503
1059.6300566649436,-0.04280109503099513
1059.8007233317692,-0.028346766435655306
1059.971389998595,-0.0320089786478514
1060.142056664626,-0.01943492661772703
1060.3127233314515,-0.01968752154926376
1060.483389998277,-0.009254420624051157
1060.6540566651026,-0.0063363861932319585
1060.8247133318582,0.0016617705353212779
1060.9953666655224,0.0074761523684993055
1061.1660333323478,0.012725561843433627
1061.3366999983787,0.02113770857366511
1061.5073666644096,0.02331878920479499
1061.6780333312352,0.03402722703198139
1061.848699998061,0.03282752318723387
1062.0193666648863,0.0455316551377503
1062.1900333317121,0.040658920220230405
1062.360699997743,0.05508753803779324
1062.5313566652935,0.04629977306101043
1062.7020233313242,0.06222274494792536
1062.8726899981498,0.049327588963012384
1063.0433566649754,0.06656805995018424
1063.2140233318012,0.049442506686481674
1063.3846899986268,0.06788615932073899
1063.5553566646577,0.04647764061460769
1063.7260233314832,0.06607748999057655
1063.8966899983088,0.04041316550078498
1064.0673433319728,0.06119687337349762
1064.2379999987284,0.03138399711444367
1064.4086666655542,0.0534488416267044
1064.57933333238,0.01966789449400361
1064.7499999976158,0.0431747126264816
1064.9206666644416,0.0056717752078473405
1065.091333331267,0.030835403619862627
1065.2619999980925,-0.010082977346774956
1065.432666664918,0.01699960927184624
1065.603333331744,-0.0269788655930316
1065.7739999977748,0.002324167119343627
1065.944656665325,-0.044316090254079274
1066.115323331356,-0.012466943165017839
1066.2859899981818,-0.061350096433131655
1066.4566566650071,-0.026622534084395136
1066.627323331833,-0.07732512585411162
1066.7979899986583,-0.03939712878219692
1066.9686566646894,-0.09151046505902749
1067.139323331515,-0.05009165672055634
1067.3099899983406,-0.10324169272825935
1067.4806333319345,-0.058088605552100096
1067.6512999987604,-0.11195014419413143
1067.821966665586,-0.06288130232104092
1067.9926333324115,-0.11719150244787833
1068.1632999976475,-0.06409938889976607
1068.333966664473,-0.11866912551558541
1068.504633331299,-0.06152911833993177
1068.6752999981243,-0.11625093158367676
1068.84596666495,-0.05512958452756925
1069.0166233317057,-0.10998725302867236
1069.1872899985315,-0.04504822423673927
1069.3579566645626,-0.10011121497151326
1069.5286233313877,-0.03160469287706681
1069.6992899982135,-0.08701711796271747
1069.869956665039,-0.01526829955520396
1070.040623331865,-0.07124274202552928
1070.21128999869,0.0033587286294661056
1070.3819566647212,-0.053438621557061396
1070.5526233315468,0.023571137977585494
1070.7232766652107,-0.03436012084704329
1070.8939333319663,0.04457090015079513
1071.064599998792,-0.014829186360388854
1071.2352666656175,0.06551790498604833
1071.4059333324433,0.00431273728522129
1071.5765999976793,0.08557887191466952
1071.7472666645049,0.02225653490054837
1071.9179333313307,0.10397226692799842
1072.088599998156,0.03825764427804855
1072.259266664982,0.11999352045647844
1072.4299233317374,0.05166191648745152
1072.600589998563,0.13304267772987835
1072.7712566645941,0.06193279612851984
1072.9419233314195,0.14265072203648943
1073.1125899982453,0.06867460546046592
1073.283256665071,0.14849671850952081
1073.4539233318965,0.07164610027683363
1073.6245899979274,0.15041892481314276
1073.795256664753,0.07076674358743894
1073.9659133315085,0.14841683415795656
1074.1365666651727,0.06611669932077903
1074.3072333319983,0.14264919671994386
1074.4778999988237,0.05793179411997032
1074.6485666656495,0.13342463115332187
1074.819233332475,0.04658853045219544
1074.9898999977113,0.12118192112507255
1075.1605666645366,0.03258304402168783
1075.3312333313625,0.10646899415171135
1075.501899998188,0.016508016146994608
1075.6725566649436,0.08991643576299634
1075.8432233317694,-0.0009764424734671879
1076.0138899985948,0.07220699822816543
1076.1845566646257,-0.019173659853927178
1076.3552233314515,0.054044383604614755
1076.525889998277,-0.03738179853086254
1076.6965566651027,0.03612230167342776
1076.8672233319282,-0.054924498684693415
1077.0378899979592,0.019097788439634656
1077.2085466655094,-0.07116607630207888
1077.3791999983787,0.003572154553377097
1077.5498666652043,-0.08555975474829978
1077.72053333203,-0.009959674749961475
1077.8911999988554,-0.09766385062653286
1078.0618666656812,-0.02111085757496896
1078.232533331712,-0.10715166756108717
1078.403199997743,-0.02961440853445607
1078.5738666645686,-0.113820047232174
1078.7445333313942,-0.035328717085696966
1078.9151899981498,-0.11759159036402461
1079.0858566649754,-0.038237060724216364
1079.256523331801,-0.11851180379522103
1079.4271899986268,-0.03844175986769014
1079.5978566646577,-0.11674015962079574
1079.7685233314833,-0.036152239659665936
1079.9391899983088,-0.11253549438156953
1080.1098566651344,-0.03166845458364863
1080.28052333196,-0.10623770691470145
1080.4511766648295,-0.02536112865440435
1080.6218333323795,-0.09824707935914974
1080.7924999984107,-0.017650252592737843
1080.9631666652363,-0.08900179275434596
1081.1338333320618,-0.008982405263803912
1081.3044999988874,-0.07895558109592958
1081.475166665713,0.000191981215379734
1081.645833330949,-0.0685545856944329
1081.8164999977748,0.009440731933869314
1081.9871666646002,-0.05821709760308053
1082.157833331426,0.018368874495246528
1082.3284899981816,-0.04831599951460446
1082.4991566650074,0.02663414663717376
1082.669823331833,-0.03916471404955993
1082.8404899986585,0.033959746341436246
1083.0111566646895,-0.031006740245232943
1083.181823331515,0.04014220496190031
1083.3524899983408,-0.024009981492002126
1083.5231566651662,0.0450550021855456
1083.693823331992,-0.018265294790822485
1083.8644666655857,0.04864781566607839
1084.0351333324113,-0.013789408951103076
1084.2057999984422,0.05094184020528475
1084.376466665268,-0.010531054538047703
1084.5471333320936,0.05202151208763611
1084.7177999989192,-0.008381342125784175
1084.888466665745,0.05202298884178695
1085.0591333309808,-0.007186583406380118
1085.2297999978066,0.05112032265381042
1085.4004566645622,-0.006761167337521163
1085.571123331388,0.0495124201441283
1085.7417899982133,-0.006902979755690077
1085.9124566650391,0.047407331630960246
1086.0831233318645,-0.007407037274567132
1086.2537899978956,0.04500989940124206
1086.424456664721,-0.008078319963554252
1086.5951233315468,0.04250832914010012
1086.7657899983724,-0.008744668079144141
1086.936456665198,0.04006292526447271
1087.1071099988621,-0.009265234207947426
1087.2777666656177,0.03779964870768822
1087.448433332443,-0.009536326914415317
1087.6190999984742,0.03580494131864271
1087.7897666652996,-0.00949543209173165
1087.9604333321254,0.03412354915884138
1088.131099998951,-0.009120318203592518
1088.3017666657765,0.032761182804786224
1088.4724333310128,-0.008428146598230704
1088.6430999978381,0.031685029203169596
1088.8137566645942,-0.00747125791857085
1088.9844233314195,0.030831359488794983
1089.1550899982453,-0.006328764170430554
1089.3257566650707,0.030113075883851155
1089.4964233318965,-0.005098842018320408
1089.6670899979276,0.029428935013780102
1089.8377566647528,-0.0038892855649422763
1090.0084233315786,0.028672547294860032
1090.1790899984044,-0.002808559851510175
1090.34974666516,0.027742005819244676
1090.520399998824,-0.001955296282979129
1090.6910666656495,0.026549113233828567
1090.8617333316802,-0.0014114633100952274
1091.032399998506,0.02502528354311564
1091.2030666653313,-0.0012356807118787283
1091.3737333321574,0.023127946818122577
1091.5443999989827,-0.0014592621861098947
1091.7150666658085,0.02084312063677338
1091.8857333310448,-0.002083218420831337
1092.0563899978001,0.01818811140342621
1092.2270566646257,-0.003077751352310789
1092.3977233314513,0.0152090088754006
1092.568389998277,-0.004385127847421774
1092.7390566651027,0.011979693466381796
1092.9097233319285,-0.005921443942916941
1093.080389997959,0.00859563590823657
1093.2510566647848,-0.007585101584257397
1093.4217233316103,0.005167687395118481
1093.5923799983661,-0.009263498433332034
1093.7630333320299,0.0018126833649640141
1093.9336999988557,-0.010840554833511559
1094.104366665681,-0.0013527890672752022
1094.2750333317122,-0.012204758395656379
1094.4456999985377,-0.004219831430015951
1094.6163666653633,-0.013256278952475616
1094.7870333321891,-0.006696293037593052
1094.9576999990145,-0.013914340392193985
1095.1283666650456,-0.008709480989443026
1095.2990233310065,-0.014120460189451858
1095.4696899978321,-0.010213367868947684
1095.6403566646577,-0.013844217714634668
1095.8110233314833,-0.011191181172698648
1095.9816899983089,-0.013085634917774277
1096.1523566651344,-0.011655828963721741
1096.32302333196,-0.011874136800879757
1096.493689997991,-0.01165084677868136
1096.6643566648165,-0.010267667273407631
1096.8350099984805,-0.011244988115586937
1097.005666665236,-0.008347524217303412
1097.1763333320619,-0.010528148352383995
1097.3469999988874,-0.006214306779512433
1097.517666665713,-0.009606960041964471
1097.688333331744,-0.00397696899320193
1097.8589999985695,-0.00859021535539154
1098.0296666653953,-0.0017478679552885394
1098.200333332221,-0.007590142331091359
1098.3709999990465,0.00036178740716458034
1098.5416666642825,-0.006713021542856483
1098.712323331038,0.002250741157374212
1098.8829899978637,-0.006051781497169702
1099.0536566646892,0.0038342974381817335
1099.2243233315153,-0.005680920531485474
1099.3949899983404,0.0050498010196054575
1099.5656566651664,-0.005648534275048208
1099.7363233319916,0.005862211218876692
1099.9069899980227,-0.005974848804570152
1100.0776566648485,0.006265475723148611
1100.2482999984425,-0.006652531161479885
1100.418966665268,0.006282015550422444
1100.5896333320936,-0.007644061178861884
1100.760299998919,0.005961933995183453
1100.9309666657448,-0.008886307916280707
1101.1016333317755,0.005379863266438118
1101.2722999986013,-0.010294083674829554
1101.4429666654269,0.0046322837572393425
1101.6136333322524,-0.011762384870908566
1101.784289999008,0.003828779520706862
1101.9549566642443,-0.013179727162556424
1102.12562333107,0.003081862206160326
1102.2962899978957,-0.014433786071906448
1102.4669566647212,0.0025032714027289267
1102.637623331547,-0.015416902914450501
1102.8082899983724,0.002195246576478323
1102.978956665198,-0.016035990480523562
1103.1496233312287,0.002241461457272929
1103.3202899980545,-0.016217698656297252
1103.49095666488,0.002706339611178244
1103.6616233317059,-0.0159095218480702
1103.8322899985312,0.0036296995411981606
1104.0029433321954,-0.015088693724239518
1104.173599998951,0.005016273964656254
1104.3442666657766,-0.013768505340301534
1104.5149333318075,0.006839754565984935
1104.685599998633,-0.011991315489521205
1104.8562666654586,0.009042184991500588
1105.0269333322844,-0.009831164286085988
1105.19759999911,0.011537963822147479
1105.368266664346,-0.007386246955957888
1105.5389333311716,0.014217664792182018
1105.7095899979272,-0.004779377680577942
1105.880256664753,0.016950355264126905
1106.0509233315784,-0.0021487717572984616
1106.2215899984044,0.019594352990123944
1106.3922566652298,0.0003587906021720033
1106.5629233312607,0.022002518894555474
1106.7335899980862,0.002595921048752094
1106.9042566649118,0.02403349521907203
1107.0749233317374,0.00442614116108623
1107.2455799984932,0.025559013847854355
1107.4162333321572,0.005729080764944322
1107.5868999989827,0.026471885272171158
1107.7575666650137,0.006409139661864637
1107.9282333318392,0.026693002721907253
1108.098899998665,0.0064018177611333
1108.2695666654904,0.02617666092070191
1108.4402333323162,0.0056784945225125194
1108.6108999991416,0.02491601871535669
1108.7815666643778,0.004250877238376739
1108.9522233311334,0.022942351664108036
1109.1228899979592,0.0021658598041226227
1109.2935566647848,0.02032223269711159
1109.4642233316104,-0.0004937064839053727
1109.6348899984362,0.01715868888758543
1109.8055566652615,-0.003610567946436964
1109.9762233312927,0.013583750669892314
1110.146889998118,-0.0070411598017620525
1110.3175566649436,0.009754566189280146
1110.4882233317692,-0.010621324431516537
1110.6588666653631,0.005843699169954656
1110.829533332189,-0.014175958229272883
1111.0001999990147,0.0020299883776588863
1111.1708666650452,-0.017528768139108915
1111.3415333318712,-0.0015107914585307317
1111.5121999986966,-0.020510476411310943
1111.6828666655224,-0.004615175100017872
1111.8535333323478,-0.022967746796983463
1112.0241999983787,-0.007139892551556865
1112.1948666644096,-0.02477387573252823
1112.3655333312352,-0.008971119853476234
1112.536199998061,-0.025832042451014198
1112.7068666648863,-0.0100275263537025
1112.8775233316421,-0.02608189153654836
1113.048189998468,-0.010267052854446795
1113.2188566652935,-0.02550338120306488
1113.3895233313242,-0.009689160099113057
1113.5601899981498,-0.02411849217274202
1113.7308566649754,-0.008334051850715308
1113.9015233318012,-0.021989658538105014
1114.0721899986268,-0.006282844606035799
1114.2428566646577,-0.01921947521711967
1114.4134999990463,-0.003652648747190475
1114.5841666650772,-0.015938679225911412
1114.7548333319028,-0.0005836177816986718
1114.9254999987284,-0.012298669677192156
1115.0961666655542,0.0027663435918301145
1115.26683333238,-0.008466546752595503
1115.4374999976158,0.006224984168322621
1115.6081666644416,-0.0046205830092083365
1115.778833331267,0.009613605539408317
1115.9494999980925,-0.0009385714456810337
1116.1201566648483,0.01276227743619749
1116.290823331674,0.002415431863725254
1116.4614899984995,0.015517509653682105
1116.632156665325,0.0052969353160766414
1116.802823331356,0.017748762930915152
1116.9734899981818,0.007589738018670854
1117.1441566650071,0.019358267790707245
1117.314823331833,0.009211356200755064
1117.4854899986583,0.020282476937817928
1117.6561433315278,0.010115256821107572
1117.826799999078,0.020494427065430264
1117.997466665109,0.010293692215922563
1118.1681333319345,0.02000732858009885
1118.3387999987604,0.009776940052641743
1118.509466665586,0.018871265815304766
1118.6801333324115,0.008631864387680713
1118.8507999976475,0.01716766818530187
1119.021466664473,0.006949523947859015
1119.192133331299,0.015000713444922983
1119.3627999981243,0.004847200791525537
1119.53346666495,0.012498400119323641
1119.704133330981,0.0024573695663354447
1119.8747899985315,0.009798395951933107
1120.0454566645626,-7.997796864405458e-05
1120.2161233313877,0.007041824986038676
1120.3867899982135,-0.002625481984964942
1120.557456665039,0.004366491522522127
1120.728123331865,-0.005046380885362542
1120.89878999869,0.0018984989735831546
1121.0694566647212,-0.0072255880782712565
1121.2401233315468,-0.00025389840560522775
1121.4107899983724,-0.009068036042491375
1121.5814333319663,-0.002008479267655146
1121.752099998792,-0.010504269023064955
1121.9227666656175,-0.0033088007613347246
1122.0934333324433,-0.011492442094679475
1122.2640999976793,-0.004127216530506013
1122.4347666645049,-0.0120203196235862
1122.6054333313307,-0.004465008916891456
1122.776099998156,-0.012103065741296326
1122.946766664982,-0.004351927908893918
1123.1174233317374,-0.011782914236445662
1123.288089998563,-0.003842434485714732
1123.4587566645941,-0.011126531783787688
1123.6294233314195,-0.00301540416160052
1123.8000899982453,-0.01022427309466731
1123.970756665071,-0.001965620229828242
1124.1414233318965,-0.00917090219477149
1124.3120899979274,-0.0007880629720659287
1124.482756664753,-0.00806220864991947
1124.6534233315786,0.0004187584960213192
1124.8240666651727,-0.006996426439523528
1124.9947333319983,0.0015603504105229339
1125.1653999988237,-0.0060617467895852685
1125.3360666656495,0.0025543340697478482
1125.506733332475,-0.005332184937515612
1125.6773999977113,0.0033357252184794744
1125.8480666645366,-0.004861215482432283
1126.0187333313625,0.0038641405620262483
1126.189399998188,-0.004676857366660202
1126.3600666650136,0.004120142857958402
1126.5307333310445,-0.004787102591190912
1126.7013999978699,0.004105669713404548
1126.8720666646957,-0.005177464705755585
1127.0427233314515,0.0038480119051747764
1127.213389998277,-0.005807575806888259
1127.3840566651027,0.0033977797939146893
1127.5547233319282,-0.006616481297608977
1127.7253899979592,0.0028222990848284645
1127.8960566647847,-0.007529622571450206
1128.0667233316103,0.002201084204770249
1128.237389998436,-0.00846217369762109
1128.4080566652615,0.0016212668638621696
1128.5787133320173,-0.00932388977481529
1128.7493666656812,0.0011735627994933792
1128.920033331712,-0.01002501783955113
1129.090699997743,0.0009427035528339501
1129.2613666645686,-0.010483412816391145
1129.4320333313942,0.0010026856258652092
1129.6026999982198,-0.010633885916165393
1129.7733666650454,0.0014087129656507173
1129.9440333310763,-0.010430039105601233
1130.1146999979019,0.002194201317675949
1130.2853666647275,-0.00985001807738747
1130.4560333315533,0.003368630489794683
1130.6266999983789,-0.008894209940266327
1130.7973566651344,0.004916078899964359
1130.96802333196,-0.007591887035717513
1131.1386899979912,0.006794453103359576
1131.3093566648163,-0.0059947127036491755
1131.4800233316423,0.008937020130708982
1131.650689998468,-0.004183172136502772
1131.8213566652935,0.011252201364426997
1131.992023332119,-0.0022547298393013203
1132.1626899989446,0.013633069391930224
1132.333343331019,-0.0003219658133051262
1132.5039999977748,0.0159581533600704
1132.6746666646002,0.0014903861067337024
1132.845333331426,0.01810279694423208
1133.0159999982516,0.003060684836361117
1133.1866666650772,0.019942312364248312
1133.3573333311083,0.004265571238209877
1133.5279999979339,0.021356785844429474
1133.6986666647595,0.004996051194897683
1133.869333331585,0.02224607651872077
1134.0399999984106,0.00516376002149856
1134.2106566651662,0.022531334897203298
1134.381323331992,0.0047037950303032506
1134.5519899980227,0.022160462558142694
1134.7226566648483,0.003581490165137687
1134.8933233316739,0.021114106237438243
1135.0639899984997,0.0017949378476555316
1135.234656665325,0.01940404320213989
1135.4053233321508,-0.0006251557963596734
1135.5759899989764,0.01708058300162573
1135.7466566650073,-0.0036075152935008173
1135.9173233318331,0.014229491328986972
1136.0879899986585,-0.0070495030365630195
1136.258633331458,0.010970467068758044
1136.4292999982833,-0.010811610041736395
1136.5999666643143,0.007453048828256678
1136.7706333311398,-0.014735263452400362
1136.9412999979654,0.003842646443919096
1137.111966664791,-0.01864642897949399
1137.2826333316166,0.00031736490807411253
1137.4532999984424,-0.022362183187525607
1137.623966665268,-0.002940325700113453
1137.794623332024,-0.02569904866501285
1137.9652899980545,-0.005751310576184696
1138.1359566648803,-0.028484780041426738
1138.3066233317056,-0.007953398853824569
1138.4772899985314,-0.0305642609281783
1138.647956665357,-0.009404895773788252
1138.8186233321826,-0.03181004567487972
1138.9892899990082,-0.009995571861317283
1139.159956665039,-0.032128185530308
1139.3306233318647,-0.00965256453290256
1139.5012899986903,-0.03146723531881275
1139.6719566655158,-0.008348114494460603
1139.8426233323414,-0.029818324272671465
1140.0132899975774,-0.006093401216570579
1140.1839333311716,-0.027214815893164882
1140.3545999979974,-0.0029469227114088435
1140.5252666648228,-0.02373796521274853
1140.6959333316486,0.0009867094729875642
1140.8665999984742,-0.019510671977596056
1141.0372666652997,0.005564239254014611
1141.2079333313307,-0.014695001081581956
1141.3785999981562,0.010607785893036317
1141.549266664982,-0.009480708713014041
1141.7199233317376,0.015913118678714283
1141.8905899985632,-0.004084148291321191
1142.0612566653888,0.021253400529774317
1142.2319233322144,0.001261087752890112
1142.40258999904,0.026391166770425266
1142.5732566650709,0.006316965792577083
1142.7439233318964,0.03108828883083694
1142.914589998722,0.010850787333073795
1143.0852566655476,0.035120434629443746
1143.2559233323732,0.01464734032656098
1143.4265899976094,0.03828286116905451
1143.5972566644352,0.017516849732900693
1143.7679233312606,0.04040216298678698
1143.9385666648548,0.019305629279548184
1144.1092333316801,0.04134636392766455
1144.279899998506,0.019904756150481775
1144.4505666653313,0.04103176115449764
1144.6212333313624,0.01925715177160719
1144.791899998188,0.03942620514897754
1144.9625666650138,0.0173550153672702
1145.1332333318394,0.03654605395825337
1145.303899998665,0.014238699322579157
1145.4745666654903,0.03246131192210778
1145.6452233322461,0.010011809523034902
1145.8158899982768,0.027305128555817234
1145.9865566651026,0.0048291061040703865
1146.1572233319282,0.02125352152544464
1146.327889998754,-0.001112196989489382
1146.4985566655796,0.0145233572853484
1146.6692233324052,-0.007577484256715898
1146.8398899976414,0.0073641887579575915
1147.0105566644668,-0.01430716974005944
1147.1812233312926,4.636656660617168e-05
1147.351889998118,-0.021023667017106146
1147.5225566649437,-0.007148823802048241
1147.6932133316993,-0.027444816568065487
1147.8638666653633,-0.01394158705660092
1148.0345333313944,-0.03329801397593659
1148.2051999982198,-0.020066212005069126
1148.3758666650454,-0.03832831689888613
1148.546533331871,-0.025279690702341453
1148.7171999986967,-0.042309182974495665
1148.8878666655223,-0.029373410852811265
1149.0585333323477,-0.04505194804206967
1149.2291999983786,-0.03218140680593096
1149.3998666652044,-0.046419486568596964
1149.5705333320298,-0.033592006760754994
1149.7411999988558,-0.04632774851800258
1149.9118566656111,-0.033548225104864465
1150.0825233316423,-0.04474777770203005
1150.253189997673,-0.03204839413970996
1150.4238566644985,-0.04170888760545916
1150.5945233313241,-0.029149883018441843
1150.76518999815,-0.03729768364335393
1150.9358566649757,-0.02496688151472182
1151.1065233318013,-0.03165845026997025
1151.2771899986267,-0.019668642122477986
1151.4478433314957,-0.024985306581375988
1151.6184999982515,-0.013469118987542644
1151.7891666650771,-0.01751294006362199
1151.9598333319027,-0.006620038145537094
1152.1304999987283,-0.009508410281925643
1152.301166665554,0.0006046368616224652
1152.4718333323797,-0.001255642100345525
1152.6424999984106,0.007910739797920233
1152.8131666652362,0.006943243256004154
1152.9838333320617,0.015000282863337178
1153.1544999988873,0.014792989562319506
1153.325166665713,0.021585891348534884
1153.4958333309492,0.02201379666208229
1153.6664999977747,0.027401212973822333
1153.8371566645305,0.028351949517158092
1154.0078233313561,0.03221266730098484
1154.1784899981817,0.03359355571877213
1154.349156665007,0.03583362024473176
1154.5198233318329,0.03757545045362393
1154.6904899986584,0.038127514726239285
1154.8611566646894,0.040187512020765204
1155.0318233315152,0.03901596260793492
1155.2024899983405,0.04137927505528833
1155.3731333319345,0.038479083996886786
1155.5437999987603,0.04115867438411094
1155.7144666655859,0.03655550391375212
1155.8851333324114,0.039589555077975305
1156.0557999984424,0.03333639334510355
1156.2264666652682,0.036786897298657605
1156.3971333320935,0.02896085350085261
1156.567799998919,0.032909416013304826
1156.738466665745,0.023608045099877035
1156.9091333309811,0.02815307789505267
1157.0797999978065,0.017490491196292892
1157.250466664632,0.022738890529900642
1157.4211333314577,0.010842077652906216
1157.5917899982135,0.016909099747342837
1157.7624566650388,0.003910222282764729
1157.9331233318646,0.01091091132838639
1158.1037899978955,-0.0030570462640940326
1158.2744566647211,0.004988097493486358
1158.4451233315472,-0.009819515883179123
1158.6157899983723,-0.0006275279620242037
1158.786456665198,-0.016153014142831497
1158.9571233320235,-0.0057254610764572635
1159.1277899980546,-0.02185951461691065
1159.2984566648802,-0.010124691661249834
1159.4691233317058,-0.026774031185957576
1159.6397899985313,-0.013680278399426284
1159.8104333321253,-0.03076910919649817
1159.9810999989509,-0.01628687852604111
1160.1517666657764,-0.0337613150731655
1160.3224333310127,-0.01788492089481147
1160.4930999978383,-0.035710538287504826
1160.6637666646639,-0.018456034612432053
1160.8344333314894,-0.036618176120074966
1161.0050999983152,-0.01802562691864351
1161.175766664346,-0.03652895995680922
1161.3464233318966,-0.016656237071120725
1161.5170899979275,-0.03551899229593707
1161.6877566647531,-0.014440243266928958
1161.8584233315787,-0.033693831434309186
1162.029089998404,-0.011497384821616382
1162.1997566652299,-0.03118523546137783
1162.3704233312608,-0.007972040372959196
1162.5410899980864,-0.02814545650797488
1162.711756664912,-0.004024421224030638
1162.8824233317375,-0.02474042107533552
1163.053089998563,0.00017379214396377504
1163.2237566653887,-0.02114082361520206
1163.3944233322143,0.004452891497503274
1163.5650666658082,-0.01751271366581701
1163.7357333310445,0.008650558349384916
1163.9063999978703,-0.014012458271490696
1164.0770666646958,0.012616429773713963
1164.2477333315212,-0.0107805537888067
1164.418399998347,0.016219062274143308
1164.589066664378,-0.00793602771804981
1164.7597333312033,0.019351178182073457
1164.930399998029,-0.005573952749320529
1165.1010666648544,0.021929491124452326
1165.2717333316803,-0.003764591156159633
1165.442399998506,0.023897595212475007
1165.6130666653316,-0.002547568081097972
1165.7837233312925,0.02522951246428774
1165.9543899981181,-0.0019344983319815275
1166.1250566649437,0.025927544532285907
1166.2957233317693,-0.0019091272785737076
1166.4663899985949,0.02602047026922759
1166.6370566654205,-0.0024298683582723835
1166.807723332246,0.02556196158168586
1166.9783899982772,-0.00343079102941966
1167.1490566651028,0.024628456808109857
1167.3197233319283,-0.004826823450814321
1167.490389998754,0.023311983163224418
1167.6610566655795,-0.00651911804971094
1167.831723332405,0.021716726399724558
1168.0023666644097,-0.008401399002554181
1168.1730333312353,0.019949243257316816
1168.3436999980609,-0.010367205203055832
1168.5143666648864,0.018114943896475777
1168.685033331712,-0.012313652941800866
1168.8556999985378,0.0163141102023636
1169.0263666653634,-0.014145449082962657
1169.197033331394,0.014635183541387889
1169.36769999822,-0.015780551397743897
1169.5383666650455,0.013154910177443607
1169.7090233318008,-0.017149586749416315
1169.8796899986269,0.011933507582691398
1170.0503566654525,-0.018201586081342
1170.221023332278,0.0110143946062466
1170.391689998309,-0.018902561171950303
1170.5623566651343,0.010422741228540871
1170.73302333196,-0.01923869299543622
1170.9036899987855,0.010162215112503793
1171.0743566656113,-0.019215490806460372
1171.2450233316422,0.010218428067299272
1171.415689997673,-0.018858432752149136
1171.586356664499,0.010558230808305386
1171.7569999980929,-0.01820828873210399
1171.9276666649184,0.011133513157263936
1172.098333331744,-0.017319638151835026
1172.2689999985696,0.011886632763825462
1172.4396666653952,-0.01625352478556777
1172.6103333314259,0.012755209387246388
1172.7809999982514,-0.015074070629359514
1172.9516666650773,0.013675734617913557
1173.1223333319028,-0.013845848131103409
1173.2929999987284,0.014585904120652634
1173.463666665554,-0.012629267057845249
1173.6343333323796,0.015428739408445157
1173.8049999984105,-0.011478863333583346
1173.975656665166,0.016154914687777064
1174.1463233319919,-0.010441067062570248
1174.3169899988177,0.016723690282737562
1174.487656665643,-0.009552670664372476
1174.6583233308793,0.017104213760277882
1174.8289899977049,-0.008837988632983872
1174.9996566645302,0.017281319150208477
1175.170323331356,-0.008307602694250132
1175.3409899981816,0.01724996492746652
1175.5116566650072,-0.0079610837775983
1175.6823233318328,0.017017591201793424
1175.8529899986584,-0.007786395886290641
1176.0236566646895,0.01660495694373684
1176.1942999982834,-0.007758575548857063
1176.364966665109,0.01604068148296895
1176.5356333319346,-0.007847663868858617
1176.7062999987602,0.015359316771718978
1176.8769666655858,-0.008017004542403575
1177.0476333324116,0.014599833393072253
1177.2182999984423,-0.008229607969270709
1177.388966665268,0.013800765119164617
1177.5596333320937,-0.008449212638228325
1177.7302999989192,0.012994767692591402
1177.9009666657446,-0.008646687369639087
1178.0716333309808,0.012214192175578228
1178.2422899977366,-0.008790251778229405
1178.412956664562,0.011487252912366843
1178.5836233313878,-0.008857863850168804
1178.7542899982134,0.010833568463557243
1178.9249566650392,-0.008836627713748067
1179.0956233318648,0.010262426325119036
1179.2662899978955,-0.00872284817900838
1179.4369566647213,0.009773535884721879
1179.6076233315466,-0.008523478789411933
1179.7782899983727,0.009355728347450132
1179.9489566651978,-0.008255348612963351
1180.1196233320236,0.008990526270243887
1180.2902899980545,-0.007940320731431305
1180.4609433317185,0.008656254128614588
1180.631599998474,-0.007601344797546641
1180.8022666652996,0.008328407471956725
1180.9729333321252,-0.007269529601177
1181.2937799986205,0.00797545561872215
1181.6897333312036,-0.006976318492565296
1181.860399998029,0.007567691641701684
1182.0310666648547,-0.006753104820901153
1182.2017333316803,0.007077118960127285
1182.372399997711,-0.006625216708182644
1182.5430666645368,0.00648270753432812
1182.7137233312924,-0.006612454157206608
1182.884389998118,0.005768868801425725
1183.0550566649438,-0.006726247296901996
1183.2257233317694,0.004930639110195805
1183.396389998595,-0.006969581931834542
1183.5670566646259,0.0039696203871535185
1183.7377233314514,-0.007336153223019885
1183.908389998277,0.002899739973055364
1184.0790566651026,-0.007807338641775643
1184.2497233319282,0.0017453053239173274
1184.4203899987538,-0.008356399137413314
1184.5910566655796,0.0005374851855272757
1184.7617233316105,-0.008947933575298585
1184.9323666644098,-0.0006822517179038776
1185.1030333312353,-0.009539125444601095
1185.273699998061,-0.0018667554984353428
1185.4443666648865,-0.010081710152047391
1185.615033331712,-0.002967042092909212
1185.785699997743,-0.010528031345191393
1185.9563666645686,-0.003935079430156505
1186.1270333313942,-0.010831085106356813
1186.2976999982197,-0.004725185498648815
1186.4683666650456,-0.010948972427440007
1186.6390333318711,-0.005297243259918443
1186.8096999986967,-0.010847985301812158
1186.9803666647276,-0.00562311383474265
1187.1510233314834,-0.010505137973604426
1187.3216899983086,-0.005683457234108076
1187.4923566651346,-0.009907626421189197
1187.6630233319602,-0.005469242138341193
1187.8336899987858,-0.009051686593718581
1188.0043566656113,-0.004983800480874013
1188.175023331642,-0.007949427186084683
1188.3456899984678,-0.00424542699257788
1188.5163566652932,-0.006626837416692659
1188.687023332119,-0.0032851008876522104
1188.8576899989446,-0.005119881818329341
1189.0283566649755,-0.0021436478900672016
1189.1989999977748,-0.003474656607576434
1189.3696666646006,-0.0008711390703052334
1189.5403333314262,-0.0017463964779982936
1189.7109999982517,0.0004753321795302959
1189.8816666650773,5.320315086777974e-06
1190.052333331903,0.0018341597547509906
1190.2229999987285,0.0017182019650072602
1190.3936666647592,0.0031437256031523297
1190.564333331585,0.0033279121236928625
1190.7349999984106,0.004336873808441851
1190.9056666652361,0.004776193794227627
1191.0763333320617,0.0053666566772723944
1191.2469999988873,0.006017158196334238
1191.4176666657129,0.006189968388262242
1191.5883233316738,0.0070148257973546855
1191.7589899984996,0.006777000780705383
1191.9296566653254,0.007742860785632385
1192.1003233321508,0.007108243392376194
1192.2709899989763,0.008190260385920498
1192.4416566642126,0.007179044649888203
1192.612323331038,0.008359521826667694
1192.7829899978638,0.006999996305088067
1192.9536566646893,0.008268020708773624
1193.124323331515,0.0065966601867155
1193.2949899983405,0.00794937194505234
1193.465656665166,0.0060075900003628046
1193.6362999987603,0.0074453351784029296
1193.8069666647912,0.0052774321011968
1193.9776333316167,0.006804009169125801
1194.1482999984423,0.004456537938280341
1194.318966665268,0.0060776994753592726
1194.4896333320935,0.003598150425935587
1194.6602999989193,0.005317627455526344
1194.8309666657449,0.0027515152810580657
1195.0016333317758,0.004576400558678276
1195.1722999986014,0.0019709725171885885
1195.342966665427,0.0039034323170333315
1195.5136333322523,0.0012976294059487714
1195.6842899990081,0.003336160195743439
1195.8549566642444,0.000763779437717478
1196.0256233310697,0.0028990233092190715
1196.1962899978955,0.0003843429219749067
1196.366956664721,0.0025957749995852066
1196.537623331547,0.00014827927791612799
1196.7082899983725,0.002416069360693904
1196.878956665198,5.4908699735835596e-05
1197.049623331229,0.0023601093833615088
1197.2202899980543,9.377757754339629e-05
1197.3909566648804,0.002408038625143921
1197.5616233317055,0.00023927424053493454
1197.7322899985313,0.0025300195069447246
1197.902956665357,0.00045582771073326175
1198.073599998951,0.0026871023369056325
1198.2442666657766,0.0007016321561490588
1198.4149333318073,0.002835948168937079
1198.585599998633,0.000929672397872061
1198.7562666654587,0.0029291511365451576
1198.9269333322843,0.0010930313376955698
1199.09759999911,0.0029191251134159965
1199.2682666643461,0.0011394339987365642
1199.4389333311715,0.002753029485638931
1199.6095999979975,0.0010193059488528586
1199.7802666648229,0.002388970107189499
1199.9509333316485,0.0006937079592206302
1200.121589998404,0.0017955897284390474
1200.2922566652298,0.00014036814015793355
1200.4629233312608,0.0009634255027738214
1200.6335899980863,-0.0006371220458045605
1200.804256664912,-9.305929441938483e-05
1200.9749233317375,-0.0016196395078727323
1201.145589998563,-0.0013506400985196928
1201.316256664594,-0.0027788298476556137
1201.4869233314196,-0.0027709286639971712
1201.6575899982452,-0.004069576427256715
1201.828256665071,-0.004302935539530203
1201.9989233318963,-0.005435738433240196
1202.1695899987221,-0.005883715636508442
1202.340233332316,-0.006811043724972868
1202.5108999991419,-0.007441939586156472
1202.681566664378,-0.008121063354023161
1202.8522333312035,-0.00889912174977117
1203.022899998029,-0.009288808308289114
1203.1935666648546,-0.010184319921712388
1203.3642333316802,-0.010244305033463163
1203.5348999977111,-0.011218127316967723
1203.705566664537,-0.010908645183747163
1203.8762333313625,-0.011930253008020223
1204.046899998188,-0.01122284119728011
1204.2175666650137,-0.012267852766164215
1204.3882333318393,-0.011137944113186438
1204.5588999986649,-0.012188454127498373
1204.7295666646958,-0.010626912109142529
1204.9002333315213,-0.011674201125572763
1205.070889998277,-0.009680604328016254
1205.2415566651027,-0.01072332541511152
1205.4122233319283,-0.008308409281015706
1205.582889998754,-0.009356296072503767
1205.7535566655795,-0.006542937419024904
1205.9242233316104,-0.007612520117455776
1206.094889998436,-0.004435782840928753
1206.2655566652616,-0.005558990924962682
1206.4362233320874,-0.002064591000223363
1206.6068899989127,-0.003274555113807224
1206.7775566657385,0.0004862130723310179
1206.9482233309748,-0.0008493013150842692
1207.1188899978001,0.0031196265913174654
1207.2895333313943,0.0016166280925893402
1207.4601999982199,0.005732108040797732
1207.6308666650452,0.004018898583820422
1207.801533331871,0.008219169464457762
1207.9721999986966,0.006258343716006892
1208.1428666647275,0.01048856473494585
1208.3135333315533,0.0082400225270563
1208.4841999983787,0.012441798543963252
1208.6548666652045,0.009876638113523479
1208.8255333320299,0.013999887434256295
1208.9961999988557,0.011100885150750387
1209.166866665681,0.015108135403958741
1209.3375333317122,0.011858673747941983
1209.5081899984677,0.015712051411296522
1209.6788566652936,0.012110862017404439
1209.8495233321191,0.015787938516486202
1210.0201899989447,0.011845564187856194
1210.1908566649756,0.015333867013460477
1210.3615233310065,0.011075827107357277
1210.5321899978321,0.01437692217117453
1210.7028566646577,0.009840743963563763
1210.8735233314833,0.012966216922039434
1211.0441899983089,0.008198638681894348
1211.2148566651344,0.011169580724642232
1211.38552333196,0.006229199131772343
1211.556189997991,0.009077958066796074
1211.7268566648165,0.004033769713359165
1211.897523331642,0.006795624239471614
1212.068176665306,0.0017166245044757437
1212.2388333320619,0.004428474447166736
1212.4094999988874,-0.0006136281980419746
1212.580166665713,0.002082697376036614
1212.750833331744,-0.002854057721537333
1212.9214999985695,-0.00014001551323584616
1213.0921666653953,-0.004902039558687874
1213.262833332221,-0.0021407192923818008
1213.4334999990465,-0.006666052864950897
1213.6041666642825,-0.0038363338850586257
1213.7748333311079,-0.008069260197156107
1213.9454999979337,-0.005156365277308351
1214.1161666647592,-0.009053208674914793
1214.286833331585,-0.0060560043229565645
1214.4574899983404,-0.009584500559235591
1214.6281566651664,-0.006511366848132598
1214.7988233319916,-0.009648137356646408
1214.9694899980227,-0.00652240850538066
1215.1401566648485,-0.009259920836994113
1215.3108233316739,-0.006117209546475818
1215.4814899985,-0.008460428083420573
1215.6521566653253,-0.005344206843481066
1215.822823331356,-0.0073064582685444185
1215.9934899981815,-0.004273898398354043
1216.1641566650073,-0.005875910725385783
1216.3348233318327,-0.0029905497758790835
1216.5054766654969,-0.004262416474091299
1216.6761333322524,-0.0015924698584901665
1216.846799999078,-0.0025634142217219468
1217.0174666643143,-0.00017855758164295703
1217.1881333311399,-0.0008866385055249875
1217.3587999979657,0.001139102625462747
1217.529466664791,0.0006640259309377862
1217.700133331617,0.002272936363865601
1217.8707999976475,0.0020073162187649496
1218.0414666644733,0.0031418329014591233
1218.2121333312987,0.0030636162044234065
1218.3827999981245,0.0036711726025783495
1218.55346666495,0.0037647576956551364
1218.7241333317756,0.00380098188137172
1218.8947999986012,0.004067502141246845
1219.0654666654268,0.0035054872982105407
1219.2361233313877,0.003957156811459513
1219.4067899982133,0.002782558467069814
1219.5774566650389,0.003447657361566433
1219.7481233318645,0.0016643922772381103
1219.9187899986905,0.0025799480333260315
1220.0894566655159,0.00019772148703428908
1220.2601233323417,0.0014078212013328587
1220.4307899983723,-0.0015562706256678808
1220.6014566651982,3.320262125726637e-06
1220.7721233320235,-0.0035109275865466607
1220.942789998849,-0.0015382062672006157
1221.113456665675,-0.0055652298663165295
1221.2841233309111,-0.0031128384045972205
1221.454776664575,-0.007610700471858596
1221.6254333313307,-0.004608064288193359
1221.7960999981563,-0.009532597269119845
1221.9667666649818,-0.005908343719986649
1222.1374333318074,-0.011215273589643719
1222.308099998633,-0.006910369804531401
1222.478766664664,-0.012570720607278561
1222.6494333314895,-0.007533682185253362
1222.8200999983153,-0.013521326496827732
1222.9907666651409,-0.007707011097941917
1223.1614333319662,-0.014006359793815353
1223.332099998792,-0.0073845101180364464
1223.5027666656176,-0.01398966234302373
1223.6734333324434,-0.006543377141579606
1223.8440999984741,-0.01346101559686199
1224.0147666652997,-0.005186070863251572
1224.1854233320555,-0.012436756333655513
1224.356089998881,-0.003350013212815987
1224.5267566657067,-0.010974514502307646
1224.6974233309427,-0.0011013313976253704
1224.8680899977685,-0.00913692101162978
1225.0387566645938,0.001488662217255639
1225.2094233314197,-0.007008216364766618
1225.3800899982452,0.004323894541192691
1225.5507566650708,-0.0046978883860845574
1225.7214233318966,0.007281798737077102
1225.8920899979275,-0.0023295823679085237
1226.0627566647531,0.010245546490192221
1226.2334233315787,-1.7156835075197133e-05
1226.4040666651726,0.01309764165098342
1226.5747333319982,0.0021213936706494384
1226.7453999988238,0.015721567477088264
1226.9160666656494,0.00397687372209433
1227.0867333316805,0.018016573938430654
1227.257399998506,0.005459742790029366
1227.4280666653317,0.019901456215609063
1227.5987333321573,0.006499791781856599
1227.7693999989829,0.021314657179312795
1227.9400666658082,0.0070439488409935235
1228.1107333310445,0.022212512792365476
1228.2813999978703,0.007068320768088655
1228.4520666646958,0.022585703045586006
1228.6227333315212,0.006572221173071139
1228.793399998347,0.022445621325256113
1228.964066664378,0.005578563924568588
1229.1347233319282,0.021817927497917604
1229.305389997959,0.004121364242598842
1229.4760566647847,0.020749727955621532
1229.6467233316102,0.002258242472147084
1229.817389998436,0.019314052832153265
1229.9880566652616,8.855191170891515e-05
1230.1587233312925,0.01762151367574327
1230.3293899981181,-0.0022833795774563374
1230.5000566649437,0.01577178512804914
1230.6707233317693,-0.004752603340009925
1230.8413899985949,0.013868446896558537
1231.0120566654205,-0.0072168516384697
1231.182723332246,0.012010073353035163
1231.3533899982772,-0.009578741896441735
1231.5240566651028,0.010290572654188857
1231.6947233319283,-0.011751235527803428
1231.8653666647276,0.008788020941357827
1232.0360333315532,-0.01366223781387413
1232.2066999983788,0.007562865505750537
1232.3773666644097,-0.015261200174295005
1232.5480333312353,0.006654051275386001
1232.7186999980609,-0.01651964515072242
1232.8893666648864,0.006080752952713263
1233.060033331712,-0.017428673141345795
1233.2306999985378,0.005835417645181613
1233.4013666653634,-0.018015521502074985
1233.572033331394,0.005880115017575434
1233.74269999822,-0.01832175565820748
1233.9133666650455,0.006173314548974726
1234.0840233318008,-0.01838360912105084
1234.2546899986269,0.0066696567865443595
1234.4253566654525,-0.018259347840574175
1234.596023332278,0.007310367528291086
1234.766689998309,-0.01800662301272308
1234.9373566651343,0.008028403381884727
1235.10802333196,-0.017693635288805843
1235.2786899987855,0.008758782691367626
1235.4493566656113,-0.0173835793466347
1235.6200233316422,0.009436511850524562
1235.790689997673,-0.017140909841668092
1235.961356664499,0.00999730936481433
1236.1320233313245,-0.017019538776290123
1236.3026899981498,0.010402736700112457
1236.4733566649757,-0.01704929063629871
1236.6440099986394,0.010619960609373529
1236.8146666653952,-0.017262457018941153
1236.9853333314259,0.010627901757643294
1237.1559999982514,-0.017665209356970437
1237.3266666650773,0.010434398307166033
1237.4973333319028,-0.01823960536212353
1237.6679999987284,0.010056845009477951
1237.838666665554,-0.01896370771106477
1238.0093333323796,0.009527993954453112
1238.1799999984105,-0.019793737308628073
1238.350666665236,0.008898340333291014
1238.5213333320619,-0.020676836089512787
1238.6919999988877,0.00821298499840436
1238.862666665713,-0.02156916039196171
1239.0333333309493,0.007529966267134848
1239.2039999977746,-0.022403584681792734
1239.3746666646002,0.0069172647873275706
1239.545323331356,-0.02310949207882161
1239.7159899981816,0.006445891924311481
1239.8866566650072,-0.023618403960911267
1240.0573233318328,0.00617997047992421
1240.2279899986584,-0.02386330914306875
1240.3986566646895,0.006175229667111968
1240.5693233315149,-0.023809433078648832
1240.7399899983407,0.006456524285360618
1240.910656665166,-0.023435377889981766
1241.0813233319918,0.007040095607752301
1241.2519899980227,-0.022728482980175997
1241.4226566648483,0.007927187311283824
1241.5933233316741,-0.021702426059598386
1241.7639899984995,0.009093848490001525
1241.934656665325,-0.020389490621664466
1242.1053233321506,0.010499052821156696
1242.2759666657446,-0.01883846442493273
1242.4466333309808,0.012085930150720464
1242.6172999978066,-0.017113449045551923
1242.787966664632,0.013785399233973048
1242.9586333314578,-0.015287011755479946
1243.1292999982834,0.01551863202908391
1243.2999666643143,-0.013448348472401998
1243.47063333114,0.017198178114125825
1243.6412999979655,-0.011669558942335815
1243.8119666647913,0.018763354667587124
1243.9826333316166,-0.010009977065038141
1244.1532999984424,0.02015346724975141
1244.3239566651978,-0.008528507156168073
1244.4946233320236,0.021306307570549403
1244.6652899980545,-0.007287163254444465
1244.83595666488,0.022174202137506715
1245.0066233317057,-0.006313028009632546
1245.1772899985313,0.022742982707039807
1245.3479566653568,-0.005612472219000504
1245.5186233321824,0.02301438521284115
1245.689289999008,-0.0051723573571737375
1245.859956665039,0.02301537044301495
1246.0306233318647,-0.004955828573655154
1246.2012899986903,0.022789905206697096
1246.3719566655159,-0.004914344010105478
1246.5426233323415,0.02239413835949839
1246.713289997578,-0.00498341805678975
1246.8839566644033,0.0218986539204038
1247.0546233312289,-0.005085640986064214
1247.225266664823,0.021387346546088686
1247.3959333316486,-0.005134419971648479
1247.5665999984742,0.020947607966214535
1247.7372666652998,-0.005043734333942451
1247.9079333313307,0.02066571789082803
1248.0785999981563,-0.004726824158314295
1248.2492666649819,0.020619012546443275
1248.4199333318074,-0.004122996727277766
1248.590599998633,0.02085243367573047
1248.7612666654586,-0.0031974174569043105
1248.9319333322844,0.021395367942086508
1249.10259999911,-0.0019337333376125854
1249.273266665141,0.02225145164079741
1249.4439333319665,-0.00034079794553422226
1249.6145999987918,0.023394040182922543
1249.7852566655476,0.0015342206477778771
1249.9559233323732,0.024751446161853354
1250.1265899976092,0.0035990601641414416
1250.2972566644353,0.026230922459779107
1250.4679233312606,0.005761870409812371
1250.6385899980864,0.027724987695649694
1250.8092566649118,0.007893666004059724
1250.9799233317376,0.029097408580034085
1251.150589998563,0.009852130747654548
1251.3212566645939,0.0301898495313233
1251.49192333142,0.01146421509648316
1251.662589998245,0.0308327959274053
1251.8332566650708,0.01256468117671639
1252.0039233318967,0.03086340550361046
1252.1745899979273,0.012989011206654253
1252.3452566647532,0.030117115621293107
1252.5159133315087,0.012581749601420595
1252.6865666651724,0.028455875347108438
1252.8572333319983,0.011223202307859987
1253.0278999988236,0.025778823082527942
1253.1985666656497,0.008830338747555575
1253.369233332475,0.022023852076349736
1253.5398999977112,0.005362318509438817
1253.710566664537,0.017173056778924434
1253.8812333313624,0.0008210643336174492
1254.051899998188,0.01125117990064038
1254.2225666650136,-0.004746078018486146
1254.3932333310445,0.004339532508554734
1254.56389999787,-0.011224103350111883
1254.7345666646956,-0.0034097202951870265
1254.9052333315212,-0.018423429885582585
1255.075899998347,-0.011789573877203646
1255.2465666651724,-0.026122888413944594
1255.4172233319282,-0.02055644885510543
1255.587889997959,-0.03406181316658511
1255.7585566647847,-0.02943379107200052
1255.9292233316103,-0.04195875330257608
1256.099889998436,-0.03812658692065626
1256.2705566652617,-0.049498633323323576
1256.4412233320872,-0.04630574682023224
1256.6118899989128,-0.05634549026618086
1256.7825566649437,-0.053618854193689044
1256.953223331769,-0.06214282797275528
1257.123889998595,-0.05973044552108214
1257.2945566654205,-0.0665800049047017
1257.4652233322463,-0.06434547882781208
1257.6358899990719,-0.06938153298943972
1257.806556664308,-0.06720982311096713
1257.9772133310637,-0.07033287196763055
1258.625733331839,-0.06813356429567054
1258.7963999986648,-0.06925423159338531
1258.9670666646957,-0.06696484292703803
1259.1377333315215,-0.06603461709180881
1259.308399998347,-0.06362333228331508
1259.4790666651727,-0.06062139746814001
1259.649733331998,-0.05809665658993837
1259.8203999988239,-0.053055576776847746
1259.9910666656494,-0.05047012665918638
1260.1617333316804,-0.043464082915966
1260.332399998506,-0.0409166097374074
1260.5030666653315,-0.03206949230900521
1260.6737333321573,-0.029689942509041594
1260.844389998913,-0.019160611855307652
1261.0150566657385,-0.017123055019959466
1261.1857233309745,-0.005106476270368715
1261.3563899978003,-0.0036093836965924273
1261.5270566646257,0.009675095087384825
1261.6977233314515,0.010418959492924316
1261.868389998277,0.024728719663537933
1262.0390566651026,0.024483358382914377
1262.2097233319284,0.03955926080878498
1262.3803899979591,0.03808808620336823
1262.551056664785,0.053674904649064964
1262.7217233316103,0.05075678844823692
1262.8923899984359,0.06661015975837084
1263.0630566652615,0.062038695865073615
1263.2337233312924,0.07793454174390009
1263.4043899981182,0.07152988985593343
1263.5750333317121,0.08726838093275072
1263.7456999985375,0.07888327216755152
1263.9163666653635,0.09430194948342706
1264.0870333321889,0.08383417064624654
1264.2576999990147,0.09881267888488791
1264.4283666650454,0.0862037315709074
1264.5990333310763,0.10066413471470581
1264.7696999979019,0.08590633776951075
1264.9403666647274,0.09982150007530248
1265.1110333315532,0.08295642372298086
1265.2816999983786,0.09634556922829042
1265.4523666644097,0.07746208004318685
1265.6230333312353,0.09039099998908474
1265.7936999980607,0.0696229447487464
1265.9643666648865,0.08219650458459814
1266.135033331712,0.059713121646310985
1266.3056899984676,0.07206918547934031
1266.4763566652935,0.0480729273859209
1266.6470233313244,0.06037405372695524
1266.81768999815,0.035090852637800554
1266.9883566649755,0.04751963673339063
1267.159023331801,0.021193680614557554
1267.3296899986267,0.03394629880710076
1267.5003566654523,0.006829290672965202
1267.671023332278,0.02010210087127945
1267.841689998309,-0.007555293313691502
1268.0123566651346,0.006429425903615318
1268.1830233319602,-0.021523914260914215
1268.3536899987855,-0.006649863572732955
1268.5243566656113,-0.034676512249229505
1268.695023331642,-0.01876159751147413
1268.8656899976731,-0.046664643569854
1269.0363566644987,-0.02958420670824483
1269.2070233313243,-0.057192928352299686
1269.37768999815,-0.038854925235470766
1269.5483333317438,-0.06603295321414843
1269.7189999985694,-0.0463790544545634
1269.889666665395,-0.07302488712613425
1270.060333331426,-0.05203214371500464
1270.2309999982515,-0.07808204507525392
1270.4016666650773,-0.05576865660153413
1270.5723333319029,-0.08118993529269845
1270.7429999987285,-0.05760352246072613
1270.913666665554,-0.08239708468788752
1271.0843333323796,-0.05761649406009423
1271.2549999984108,-0.0818086141788419
1271.4256666652363,-0.055940441580028026
1271.596333332062,-0.07958293864777083
1271.7669999988875,-0.052787442564971344
1271.937666665713,-0.0760014313442416
1272.108333330949,-0.04835242310107262
1272.2789899977047,-0.07118810265403441
1272.4496566645307,-0.04283853449398349
1272.6203233313558,-0.06538836900785315
1272.7909899981819,-0.036499067716430404
1272.961656665007,-0.058857203571102586
1273.132323331833,-0.029586251711851266
1273.3029899986584,-0.0518381035950802
1273.4736566646893,-0.022333783755508013
1273.6443233315154,-0.04455777608409746
1273.8149899983407,-0.014964411717690185
1273.9856566651663,-0.03722922071328168
1274.1563233319919,-0.007676018616496508
1274.3269899980228,-0.030030422900926106
1274.4976566648481,-0.0006280683200717091
1274.668323331674,-0.02310763939851844
1274.8389899984995,0.006046411621016875
1275.009656665325,-0.01657605420859669
1275.1803233321507,0.012249824580092423
1275.3509899989765,-0.010515910398076235
1275.521633330981,0.01791901839543322
1275.6922999978065,-0.0049747653390412785
1275.8629666646325,0.023021053658505816
1276.0336333314576,2.6289100551992722e-05
1276.2042999982834,0.027545585786465817
1276.3749666643141,0.004488842894187976
1276.54563333114,0.03150380394377524
1276.7162999979655,0.008432405892775031
1276.886966664791,0.03492155690999407
1277.0576333316167,0.01188616435840942
1277.2282999984423,0.03783062466793062
1277.3989666652678,0.014884917011008043
1277.5696333320934,0.040269537214842804
1277.7402999981243,0.017465274490578796
1277.91096666495,0.04226925637717378
1278.0816333317757,0.019654007472816214
1278.2522899985313,0.043854377384007895
1278.422956665357,0.02147074915080057
1278.5936233321825,0.04503848155598879
1278.7642899990083,0.022923610382633526
1278.934956665039,0.04582537389003576
1279.1056233318645,0.024009140262725808
1279.2762899986903,0.0462054685432707
1279.446956665516,0.024713052562567017
1279.6176233323415,0.04616141305167712
1279.7882899975777,0.02501253552665258
1279.958956664403,0.04566394354683813
1280.129623331229,0.024873628602479766
1280.3002899980543,0.044680285512411495
1280.47095666488,0.024266107447705902
1280.6416233317057,0.04318346499143059
1280.8122899985315,0.023161558413641776
1280.9829433314007,0.04114566790867446
1281.1535999981563,0.021535336736400436
1281.3242666649817,0.03854792946308394
1281.4949333318075,0.01937056372648039
1281.665599998633,0.035380736176838186
1281.8362666654589,0.016669855042659387
1282.0069333322845,0.03165918865896926
1282.17759999911,0.013460493523799282
1282.3482666651407,0.027425213893086685
1282.5189333319663,0.009792318260736614
1282.689599998792,0.02273681487166759
1282.8602666656175,0.005731598062091823
1283.0309333324433,0.0176721669862495
1283.2015999976793,0.0013688431161436347
1283.3722666645049,0.012334332411838395
1283.5429333313307,-0.003187670603351472
1283.713599998156,0.006839593505541629
1284.0890566651026,-0.007811821774819437
1284.3962566645941,0.0013226190438399535
1284.5669233314195,-0.012365968735513549
1284.7375899982453,-0.004073567203677487
1284.908256665071,-0.016706028759243274
1285.0789233318965,-0.009204162405979953
1285.2495899979274,-0.020688590512696375
1285.420256664753,-0.013925794820867629
1285.5909233315786,-0.024175562641709603
1285.7615899984041,-0.018105442984499783
1285.9322566652297,-0.027042356283458746
1286.1029233320555,-0.02162717118869823
1286.2735899988809,-0.0291880695068201
1286.4442566657067,-0.02440449319016431
1286.6149233317376,-0.0305378426468576
1286.7855899985632,-0.026372220249288047
1286.9562466653188,-0.031038338052222298
1287.126899998188,-0.02748492412012172
1287.2975666650136,-0.03066340811374027
1287.4682333310445,-0.02773930596254335
1287.6388999978699,-0.02942972294848152
1287.8095666646957,-0.02716535149815906
1287.9802333315215,-0.027386561215717534
1288.150899998347,-0.025827483420694283
1288.3215666651727,-0.0246119482677031
1288.4922333319982,-0.02381714964161292
1288.662899998029,-0.02121631311207461
1288.8335666648547,-0.021259502233493047
1289.0042333316803,-0.01733679598386756
1289.174899998506,-0.018296682481060922
1289.3455666653313,-0.013122225129968869
1289.5162333321573,-0.01508381729284975
1289.6868999989829,-0.008735525573589453
1289.8575666650136,-0.011786098256110046
1290.0282333318394,-0.004340316298621818
1290.1988999986647,-0.008560998875433372
1290.3695566654205,-9.27932377960166e-05
1290.5402233322461,-0.005557330013239462
1290.710889999072,0.003866005377119339
1290.881556664308,-0.0029056233457825332
1291.0522233311335,0.007417132485249523
1291.2228899979593,-0.0007072124862051484
1291.3935566647847,0.010470174606607967
1291.5642233316103,0.0009569793492558249
1291.7348899984358,0.012962004328909685
1291.9055566652617,0.002045269147662852
1292.0762233312923,0.014858683182612789
1292.2468899981181,0.0025357917568122087
1292.4175566649435,0.016152590972720638
1292.5882233317693,0.0024390138683392172
1292.758889998595,0.01687150425519041
1292.9295566646258,0.0018000694438260094
1293.1002233314514,0.017075505771560712
1293.270889998277,0.0006946038965433887
1293.4415566651026,0.016851955265448436
1293.6121999986967,-0.0007768283777431915
1293.7828666655223,0.01630788875202375
1293.953533332348,-0.0024995467896414764
1294.1241999983788,0.015562847070401016
1294.2948666644095,-0.00434783448830362
1294.4655333312353,0.014742771547685708
1294.636199998061,-0.006196615802141076
1294.8068666648865,0.013970495344128095
1294.9775333317123,-0.007923059495427128
1295.148199997743,0.013363713361690496
1295.3188666645685,-0.009414718257608585
1295.4895333313943,0.013022406055818753
1295.66019999822,-0.010584402319364517
1295.8308666650455,0.013024365665247383
1296.001533331871,-0.011361626478732992
1296.1721999986967,0.013418960128757578
1296.3428566646576,-0.011715352476223928
1296.5135233314832,0.01422105743964558
1296.684189998309,-0.01164340637150953
1296.8548566651348,0.015416317906370273
1297.02552333196,-0.011175144772240703
1297.196189998786,0.016961614700336716
1297.3668566656113,-0.010363832662656346
1297.5375233316422,0.018786323620081435
1297.7081899984678,-0.009296665246293506
1297.8788566652934,0.02079425810839531
1298.049523332119,-0.008077879000809092
1298.2201899989445,0.022869144142030978
1298.3908566649757,-0.006826567279310476
1298.5615233310064,0.02489024443185309
1298.732189997832,-0.005664945103170806
1298.9028566646575,0.026731114426455285
1299.073523331483,-0.004722255089012715
1299.2441899983087,0.028263328682400897
1299.4148566651345,-0.004110482745748354
1299.5854999987284,0.029385372749033835
1299.7561666647593,-0.003929128369786307
1299.926833331585,0.030003162053422624
1300.0974999984105,-0.004255576111050728
1300.268166665236,0.03005188518356226
1300.4388333320617,-0.005145601433776128
1300.6094999988873,0.029486577970151355
1300.7801666657128,-0.006629407639470783
1300.950833331744,0.028294317874635468
1301.1214999985696,-0.008698347150632208
1301.2921666653951,0.02649945011141729
1301.4628333322207,-0.01131565294735297
1301.6334999990463,0.024151729550682923
1301.8041666642825,-0.0144113103620052
1301.974833331108,0.021333484363341045
1302.1454999979337,-0.01789726344981949
1302.3161666647593,0.018144054006784368
1302.4868333315849,-0.021656707631866095
1302.6574999984107,0.014713764424657277
1302.8281666644416,-0.025550567869205957
1302.9988233319916,0.011184630206655074
1303.1694899980228,-0.02943237048622275
1303.3401566648486,0.007707975873525788
1303.510823331674,-0.033147425831790596
1303.6814899984997,0.0044330684077813435
1303.852156665325,-0.03655150382704705
1304.022823331356,0.001499770497780167
1304.1934899981816,-0.039510516783114215
1304.3641566650074,-0.0009654419624439122
1304.5348233318327,-0.0419070216153815
1304.7054899986585,-0.0028544319961060116
1304.8761566654841,-0.04364388754494095
1305.0468233323097,-0.004086995357821461
1305.2174899983409,-0.04465412455953551
1305.3881566651662,-0.004606682640752253
1305.5588233319918,-0.04489453085552895
1305.7294899988176,-0.004384977424988156
1305.9001566656432,-0.04435352265645199
1306.0708099977176,-0.003428260195863386
1306.2414666644731,-0.043049898331013844
1306.4121333312987,-0.001765496709818115
1306.5827999981243,-0.041026530381334005
1306.75346666495,0.0005455603932647371
1306.9241333317757,-0.03835345202647474
1307.0947999986015,0.003424482317706784
1307.2654666654269,-0.035122839986071484
1307.4361333314578,0.006764069397515187
1307.6067999982833,-0.03144442112700403
1307.777466665109,0.010459025100034509
1307.9481333319347,-0.02742860011069522
1308.1187999987603,0.014391139051945348
1308.289466665586,-0.023196158120804913
1308.4601333324113,0.018437162241639216
1308.6307999984424,-0.01887318906441955
1308.8014666652678,0.022473444228609283
1308.9721333320936,-0.014576293727683392
1309.1427999989191,0.02639112876715538
1309.3134566656747,-0.010410431255119423
1309.484123330911,0.03008835825543018
1309.6547899977365,-0.006471321336428622
1309.8254566645624,0.03347868141614054
1309.996123331388,-0.002837197065867253
1310.1667899982135,0.03649051069529033
1310.3374566650393,0.00042502535030535476
1310.5081233318647,0.03906720341193929
1310.6787899978958,0.0032716923915055676
1310.849456664721,0.041174337078779995
1311.0201233315468,0.005667516943199376
1311.1907899983723,0.04278387857954224
1311.3614566651981,0.007597286885195851
1311.5321233320235,0.04388702668689293
1311.7027899980544,0.0090519639700114
1311.87345666488,0.044479390679964904
1312.0441233317056,0.010036021181529244
1312.2147899985312,0.04457640218627997
1312.3854566653567,0.010576855018822544
1312.5561233321828,0.0442094287919577
1312.7267666657767,0.010700020032675672
1312.897433331013,0.0434002074948114
1313.0680999978383,0.010426741127021782
1313.238766664664,0.042172996901530514
1313.4094333314895,0.009777930770367076
1313.5800999983153,0.04054518469414776
1313.7507666643462,0.008769443390596895
1313.9214333311718,0.03852860359454209
1314.0920999979974,0.007405259963462991
1314.262766664823,0.03612604805377074
1314.4334333316485,0.005687119915766141
1314.604099998474,0.0333384867681841
1314.7747666652997,0.0036144502933323614
1314.9454333313306,0.03016740331385995
1315.1160999981562,0.0011888939201923228
1315.2867666649818,0.02661467401700372
1315.4574233317376,-0.0015878397519509006
1315.6280899985634,0.022684463892277212
1315.7987566653887,-0.004711675080580957
1315.9694233322145,0.01838380372534371
1316.14008999904,-0.008170908958434793
1316.3107566650708,0.013733391386292896
1316.4814233318964,-0.011935767902597467
1316.652089998722,0.008767171711817635
1316.8227566655478,-0.015970498573934594
1316.9934233323734,0.003536176904110064
1317.1640899976096,-0.020211878790449247
1317.334756664435,-0.0018941835358931957
1317.5054233312608,-0.024597272978458658
1317.6760899980861,-0.00744621885504187
1317.846756664912,-0.029024978351609828
1318.0174233317375,-0.012999268322301107
1318.188089998563,-0.03336682181911363
1318.358756664594,-0.01842234531579513
1318.5294233314198,-0.03749102566435584
1318.7000899982454,-0.023578880435402395
1318.870756665071,-0.041255915315387325
1319.0414233318963,-0.028323076667729704
1319.2120666654905,-0.04450909195598754
1319.382733332316,-0.032497427665231615
1319.5533999983468,-0.047099695027621506
1319.7240666651728,-0.03594941133435423
1319.8947333319982,-0.04887962203372006
1320.065399998824,-0.03853740694717112
1320.2360666656496,-0.04971701875875426
1320.4067333324751,-0.04013822845854979
1320.5773999977112,-0.04949780293617191
1320.7480666645367,-0.040646806173553506
1320.9187333313625,-0.04813212292508487
1321.0893999981881,-0.039989586551368785
1321.2600666650135,-0.04556703370106087
1321.4307333310444,-0.03812988654436308
1321.6013999978702,-0.04178893656303311
1321.7720666646956,-0.035077300791794316
1321.9427333315214,-0.036829377929200845
1322.1133999983467,-0.030880732643049087
1322.2840666651725,-0.03075488883055052
1322.4547233319283,-0.02563094677579486
1322.6253899979592,-0.02368911898827377
1322.7960566647848,-0.01947392017197436
1322.9667233316104,-0.015800367148788852
1323.137389998436,-0.012599125027698556
1323.3080566652616,-0.007296928153017155
1323.4787233320872,-0.005216698357578294
1323.6493899989127,0.0016017632568962673
1323.8200566649436,0.0024332221842049725
1323.9907233317695,0.010636870899382972
1324.161389998595,0.010085049588111485
1324.3320566654206,0.019539619942573496
1324.5027233322462,0.01747161070627263
1324.6733899990718,0.028041364864368534
1324.844056664308,0.024330309227494604
1325.0147233311334,0.035885606685409
1325.1853899979592,0.030417715777301107
1325.3560566647848,0.042840961622548086
1325.5267233316104,0.03551642342420739
1325.6973799983662,0.04870382967573454
1325.86803333203,0.039439095959892
1326.0386999980608,0.053303772489100586
1326.2093666648864,0.042040528725291924
1326.3800333317122,0.056519035546292284
1326.5506999985378,0.043225400838216854
1326.7213666653631,0.05827693098149822
1326.892033332189,0.0429476582155136
1327.0626999990147,0.05856123686716759
1327.2333666650452,0.04122208225366845
1327.4040333318712,0.05741168034392799
1327.5746999986966,0.03811449680226941
1327.7453666655224,0.05491978228521553
1327.9160333323478,0.03374244453904585
1328.0866999983787,0.05122395347617166
1328.2573666644096,0.028266141165133464
1328.4280333312352,0.04650372529113132
1328.598699998061,0.021886171071428213
1328.7693666648863,0.040975964087996704
1328.9400333317121,0.014836509778122536
1329.110689998468,0.034886699910546985
1329.2813566652935,0.0073678064851643915
1329.4520233313242,0.028487173382649385
1329.6226899981498,-0.00026646376600649775
1329.7933566649754,0.022028573026747142
1329.9640233318012,-0.007815860919633108
1330.1346899986268,0.015756124761340994
1330.3053566646577,-0.015045763736060381
1330.4760233314832,0.009889146978320267
1330.6466899983088,-0.021745071676540544
1330.8173566651344,0.004628940682454725
1330.98802333196,-0.02773061509449418
1331.1586899987858,0.00013424441015620153
1331.3293566656116,-0.03286575679655476
1331.5000233316423,-0.003480787084614955
1331.6706899984679,-0.0370561109155904
1331.8413566652932,-0.006143150480460999
1332.012023332119,-0.0402502518655358
1332.1826899989446,-0.007826379891084116
1332.3533566649753,-0.04244329496948298
1332.5240233310064,-0.00854598667563851
1332.694689997832,-0.04367125774649361
1332.865333331426,-0.008362275703659106
1333.0359999982516,-0.044014347438414585
1333.2066666650771,-0.007371790466377109
1333.3773333319027,-0.04358464061032868
1333.5479999987283,-0.005701553280963203
1333.7186666647592,-0.04251461740043935
1333.889333331585,-0.0034928341267347627
1334.0599999984106,-0.040960385258003974
1334.2306666652362,-0.0009120918498384807
1334.4013333320618,-0.03909159159511707
1334.5719999988873,0.0018701383697103623
1334.742666665713,-0.03707466417740093
1334.913333331744,0.00469478550324344
1335.0839999985697,-0.03506373775926222
1335.2546666653952,0.007411437764024636
1335.4253333322208,-0.033200050432279964
1335.5959999990464,0.00988914066106383
1335.7666666642824,-0.03160160227331144
1335.9373333311082,0.012024722496001589
1336.1079999979336,-0.030354442916152163
1336.2786566646896,0.01374915262957172
1336.4493233315147,-0.029511504028570463
1336.6199899983408,0.015025283104560416
1336.7906566651661,-0.029092180780607935
1336.961323331992,0.015850897301881352
1337.131989998023,-0.029082377195491844
1337.3026566648484,0.016255888633298285
1337.473323331674,-0.02943551806473502
1337.6439899984996,0.01630169538807406
1337.8146566653254,-0.030077258111123006
1337.9853233313559,0.01607516268831042
1338.1559899981817,-0.030910506592195835
1338.3266566650072,0.015680711622031662
1338.4973233318328,-0.031824835342362336
1338.6679899986584,0.015234690628652528
1338.8386566654842,-0.032699302524029375
1339.0093233323096,0.014859147377515338
1339.1799899983407,-0.03341322460682588
1339.3506433312098,0.014672461711840883
1339.5212999979653,-0.03385334098648016
1339.6919666647912,0.014780426609780793
1339.8626333316165,-0.03392212485795324
1340.0332999976476,0.015270463798908885
1340.2039666644732,-0.03354262284706492
1340.3746333312988,0.016209089644944573
1340.5452999981244,-0.03266159793994473
1340.71596666495,0.01763535114557391
1340.8866333317756,-0.031255392141582204
1341.0572999986011,0.019557844780616455
1341.227966665427,-0.029330797109563496
1341.3986333314576,0.02195425602475673
1341.5692999982834,-0.026923893230948046
1341.739966665109,0.0247749690922093
1341.978899998665,-0.024099064372535124
1342.2519666655858,0.027944086661267784
1342.4226333324116,-0.02094433759412923
1342.5932999984423,0.0313609403530662
1342.763966665268,-0.017570992633846604
1342.9346333320937,0.03490645002933414
1343.1052999989192,-0.014105222612603855
1343.2759566656748,0.03844908098977324
1343.4466233309108,-0.01068199918621508
1343.6172899977366,0.041852286760451045
1343.787956664562,-0.007439842428690219
1343.9586233313878,0.04497985989451276
1344.1292899982134,-0.004510938785561338
1344.2999566650392,0.04770364736838726
1344.4706233318648,-0.002018441857626334
1344.6412899978955,0.049908057577773064
1344.8119566647213,-6.906590834606395e-05
1344.9826233315466,0.051498166304485796
1345.1532899983727,0.0012533512239794606
1345.3239566651978,0.05240221240682985
1345.4946233320236,0.0018901281938720489
1345.6652899980545,0.05257667978600019
1345.83595666488,0.0018127337389313737
1346.0066233317057,0.05200893807458425
1346.1772899985313,0.0010276579574803053
1346.3479566653568,0.05072489402560871
1346.518609999021,-0.0004282523328562222
1346.6892666657766,0.04877236849933603
1346.8599333310126,-0.002495397958972154
1347.0305999978384,0.046223294947603626
1347.2012666646638,-0.0050934948139164556
1347.3719333314898,0.04316594669526328
1347.5425999983152,-0.008124354058755332
1347.713266664346,0.039708472988990606
1347.8839333311716,-0.011472777779534898
1348.0545999979972,0.035974057116501805
1348.225266664823,-0.015012711429026045
1348.3959333316486,0.032088580000013
1348.5665999984742,-0.018619950125696512
1348.7372666652998,0.028175857866443835
1348.9079333313307,-0.022173886838026034
1349.0785999981563,0.024352904087630266
1349.2492666649819,-0.025562884703191218
1349.4199333318074,0.020724816251698627
1349.590599998633,-0.028690766326790542
1349.7612666654586,0.017378579947693144
1349.9319333322844,-0.03148077371923715
1350.10259999911,0.014382746217572762
1350.273256665071,-0.033874858229323346
1350.4439233318965,0.011784148785027832
1350.6145899987218,-0.03583768251942566
1350.7852566655476,0.009609079297659572
1350.9559233323732,-0.03735308383861171
1351.1265899976092,0.007863513237436628
1351.2972566644353,-0.03842623686918532
1351.4679233312606,0.006534042577341331
1351.6385899980864,-0.03907912716218577
1351.8092566649118,0.005592071524601106
1351.9799233317376,-0.03934786540915319
1352.150589998563,0.004994769060545522
1352.3212566645939,-0.039279528062845334
1352.49192333142,0.00469317805628665
1352.662589998245,-0.0389280506418075
1352.8332566650708,0.004630299245664214
1353.0039233318967,-0.03835165748787675
1353.1745899979273,0.004747933804949851
1353.3452566647532,-0.037606794085260645
1353.5159233315785,0.004994236586525419
1353.6865899984043,-0.036743488239710055
1353.85725666523,0.005321834478604752
1354.0279233320555,-0.035807327780593715
1354.1985666656497,0.005688887479313195
1354.369233332475,-0.03483419054521007
1354.5398999977112,0.006067430993181186
1354.710566664537,-0.03384410394407812
1354.8812333313624,0.006445298628304467
1355.051899998188,-0.03284440695697159
1355.2225666650136,0.006818600576194551
1355.3932333310445,-0.03183832610142614
1355.56389999787,0.00718817500057131
1355.7345666646956,-0.03081795318105608
1355.9052333315212,0.007569259582824983
1356.075899998347,-0.029765126196381452
1356.2465666651724,0.007983821474048473
1356.4172333319982,-0.028649777095963884
1356.5878999980291,0.00846900114255089
1356.7585666648547,-0.027437202254266088
1356.9292333316803,0.009056701254909465
1357.099899998506,-0.026097706388973727
1357.2705666653317,0.009774579300165263
1357.4412333321573,-0.024607762720443307
1357.6118999989826,0.010641802147497355
1357.7825666650137,-0.02295017325306132
1357.953223331769,0.01167686509792557
1358.123889998595,-0.021107979730611615
1358.2945566654205,0.012890044253192639
1358.4652233322463,-0.01908421609875408
1358.6358899990719,0.014268513240820811
1358.806556664308,-0.01689401749048243
1358.9772233311337,0.01579234248654326
1359.147889997959,-0.014566419168663261
1359.3185566647849,0.017430617998249204
1359.4892233316102,-0.01213324379131099
1359.659889998436,0.019145389697325203
1359.8305566652616,-0.00963951438549889
1360.0012233312925,0.020888907037761213
1360.171889998118,-0.0071348768358484495
1360.3425566649437,0.02260691319107323
1360.5132233317695,-0.004679291235176904
1360.6838899985949,0.02423803813367141
1360.8545566646258,-0.002333637278070842
1361.0252233314513,0.02572306430332568
1361.195879998207,-0.00015728973819517165
1361.3665333318709,0.0270038080677827
1361.5371999986967,0.001793259198254634
1361.707866665522,0.028025205832778125
1361.878533332348,0.003464914964498725
1362.0491999983788,0.028738021841261153
1362.2198666644097,0.004814752393184536
1362.3905333312352,0.029107665932305644
1362.5611999980608,0.005813163683617924
1362.7318666648864,0.029109087101991563
1362.902533331712,0.0064434805450400276
1363.073199997743,0.02873936357658749
1363.2438666645687,0.0067076213399594724
1363.4145333313943,0.02800049679060614
1363.5851999982199,0.006612114918509125
1363.7558666650452,0.026906164169711828
1363.926533331871,0.006176926173032935
1364.0971999986966,0.025483892017953445
1364.2678666647275,0.0054350818694634635
1364.4385333315533,0.023770917170758438
1364.6091999983787,0.004425884818632198
1364.7798666652045,0.021810020309954232
1364.9505333320299,0.00319750193963479
1365.1211899987857,0.01964873713415888
1365.2918566656112,0.0017973529498467977
1365.4625233316422,0.017340688876490318
1365.6331899984677,0.00028328237678614486
1365.8038566652936,0.014944213302457193
1365.9745233321191,-0.0012854188867817062
1366.1451899989447,0.012520877359104763
1366.3158566649756,-0.0028470290116826866
1366.4865233310065,0.010131601709620373
1366.6571899978321,-0.0043453183145828345
1366.8278566646577,0.007825356800095575
1366.998523331483,-0.005738471377401268
1367.1691899983089,0.005640694944974212
1367.3398566651344,-0.006992000553883746
1367.51052333196,0.0036091546614280064
1367.681189997991,-0.008075199481877305
1367.8518566648165,0.001757777475286402
1368.0225233316419,-0.008972101232870988
1368.1931899984677,9.239289018626005e-05
1368.3638566652933,-0.00968178530924556
1368.5345233313244,-0.0013869375201852202
1368.7051899981502,-0.010206520406044393
1368.875833331744,-0.0026875805056140387
1369.0464999985695,-0.01056262346175235
1369.2171666653953,-0.0038365649825573816
1369.387833332221,-0.01077543351870798
1369.5584999990463,-0.004852765560370842
1369.7291666642825,-0.0108641738664051
1369.899833331108,-0.00575648733024
1370.0704999979337,-0.010848097214640327
1370.241166664759,-0.00656796296078269
1370.411833331585,-0.010749337945341742
1370.5824999984104,-0.007306992139847524
1370.7531666644413,-0.01058565951700222
1370.923833331267,-0.007989290505994624
1371.0944999980925,-0.010370584724884403
1371.2651666649185,-0.008626036673022412
1371.4358333317439,-0.010112768938842784
1371.6064999985697,-0.00921657049825081
1371.777166665395,-0.009805135966944479
1371.947833331426,-0.009753196913210556
1372.1184999982515,-0.00944000693852713
1372.2891666650771,-0.010226155188683495
1372.459833331903,-0.009008726611417576
1372.6304999987283,-0.01063269029873766
1372.8011566654839,-0.00850763024340657
1372.9718233323097,-0.010960540204027038
1373.1424899983406,-0.007914274820168097
1373.3131566651664,-0.011179244850093927
1373.4838233319917,-0.007202595066214989
1373.6544899988176,-0.011270802885088029
1373.825156665643,-0.006357742723811232
1373.9958233308794,-0.011224431311233718
1374.1664899977047,-0.005366896120732818
1374.3371566645305,-0.011022939086707772
1374.5078233313561,-0.004218690386831413
1374.6784899981817,-0.010660311324955124
1374.849156665007,-0.002905786188282042
1375.0198233318329,-0.010131549452113489
1375.1904899986584,-0.0014287675010121947
1375.3611566646891,-0.009438003193612399
1375.5318233315152,0.00020418897930348006
1375.7024899983405,-0.008599642010975121
1375.8731566651663,0.0019675170494480787
1376.0438233319917,-0.007636072736343629
1376.2144899980228,0.0038447823783044413
1376.3851566648482,-0.006574028311034588
1376.5557999984424,0.00580154073680928
1376.7264666652682,-0.005444833525391509
1376.8971333320935,0.007803514826179451
1377.067799998919,-0.00429057646547804
1377.238466665745,0.009801888118220341
1377.4091333309811,-0.0031595507813441458
1377.5797999978067,0.01175091234519985
1377.750466664632,-0.0021000927531683337
1377.9211333314574,0.013598607565104765
1378.0917999982835,-0.0011602283196506758
1378.2624666643144,0.015296592282965355
1378.4331333311397,-0.0003919084187498016
1378.6037999979656,0.016793021563137358
1378.7744666647911,0.00015550805999283267
1378.945133331617,0.018039361571917635
1379.1157999984423,0.00043828669503351053
1379.286466665268,0.018992864847802885
1379.4571333320935,0.0004099151464040102
1379.6277999981244,0.019609020788484116
1379.7984666649502,3.631534066624515e-05
1379.9691333317758,0.019865349211382267
1380.1397999986013,-0.00069601882370866
1380.310456665357,0.019756774632145244
1380.4811233321825,-0.0017851158969669776
1380.651789999008,0.0192898271880188
1380.8224566650392,-0.0032073055559143906
1380.9931233318646,0.01849581452785314
1381.1637899986902,-0.004932290758972466
1381.3344566655157,0.01741173000130728
1381.5051233323416,-0.006914610479736837
1381.6757899975778,0.016074374835855262
1381.8464566644034,-0.009126173028015558
1382.017123331229,0.014528165765469178
1382.1877899980548,-0.011500812918647916
1382.3584566648801,0.012848399140707184
1382.5291233317057,-0.013954775990256983
1382.6997899985313,0.011119037036921917
1382.8704566645622,-0.01641528335791581
1383.041123331388,0.0094012322405292
1383.2117899982136,-0.018810219942542852
1383.3824566650387,0.007779254826676851
1383.5531233318648,-0.021050515904122026
1383.7237899986903,0.00634282787688831
1383.894456664721,-0.023050338705096787
1384.0651233315468,0.0051706812700645964
1384.2357666651408,-0.024735520570222304
1384.4064333319664,0.004326824792976741
1384.5770999987922,-0.026046059576924657
1384.7477666656177,0.0038733494907059675
1384.9184333324433,-0.0269223588873427
1385.0890999976793,0.003858278002174316
1385.259766664505,-0.027327017818168917
1385.4304333313307,0.00431258040351527
1385.601099998156,-0.02723494213045548
1385.771766664982,0.0052435831309085275
1385.9424333310128,-0.026652057251308856
1386.1130999978384,0.006643178052495578
1386.283766664664,-0.025579941147032787
1386.4544333314896,0.008506951798086113
1386.6250999983151,-0.024031942853607494
1386.7957666651407,0.010802677484227795
1386.9664333319665,-0.022057196808338723
1387.1370999979972,0.013472282657862579
1387.307766664823,-0.019719601321387118
1387.4784333316486,0.016436432386802622
1387.649099998474,-0.0171075851249926
1387.8197666652998,0.01961543746289552
1387.9904333321253,-0.014307260520708331
1388.1610999989512,0.02291298850943514
1388.3317666657763,-0.011410184129571128
1388.5024233317374,0.026239925675718218
1388.673089998563,-0.008506805846422327
1388.8437566653888,0.029510602900448046
1389.0144233322144,-0.00567347525043748
1389.18508999904,0.032641284517410545
1389.3557566642762,-0.0030074807860398316
1389.5264233311016,0.035532002256794294
1389.6970899979274,-0.0005907312543869358
1389.867756664753,0.038111728137020615
1390.0384233315785,0.0015034976544565607
1390.2090899984044,0.04030443766356334
1390.3797566652297,0.0031880715676638476
1390.5504233312608,0.04201339220525003
1390.7210899980864,0.004369919567055006
1390.8917566649118,0.043167741028688894
1391.0624233317376,0.005002922265703837
1391.2330899985632,0.04371986995294791
1391.403756664594,0.0050327271575139245
1391.5744233314197,0.04363310121021346
1391.7450899982455,0.00444473862333716
1391.9157566650708,0.042903440840561934
1392.0864233318964,0.0032466365523950392
1392.257089998722,0.041538000443403576
1392.427733332316,0.0014459943806383424
1392.5983999991417,0.039548828876857386
1392.769066664378,-0.0009527030749644506
1392.9397333312036,0.03692103879143865
1393.110399998029,-0.003941972413338683
1393.2810666648547,0.03371383826170189
1393.4517333316803,-0.007437380424699152
1393.622399997711,0.03001273073913775
1393.7930666645368,-0.01136774615016569
1393.9637333313622,0.02587751132028111
1394.134399998188,-0.015669989387550307
1394.3050666650138,0.021375437595564293
1394.4757333318391,-0.020269576559347267
1394.646399998665,0.016589158087892554
1394.8170666646959,-0.025072590928821973
1394.9877333315212,0.011624410532749457
1395.1583999983468,-0.029972206413531013
1395.3290666651726,0.006576118489468659
1395.4997333319982,-0.0348766739585057
1395.6703999988235,0.0015485849049432447
1395.8410666656496,-0.03967599136912493
1396.0117333316805,-0.0033554624880507084
1396.182389998436,-0.04426564856953468
1396.3530566652616,-0.008029187018971483
1396.5237233320872,-0.04853484396770101
1396.6943899989128,-0.012344195174452847
1396.8650566657384,-0.05234852780124626
1397.0357233309746,-0.016171755945252834
1397.2063899978002,-0.05559660899901796
1397.3770566646258,-0.01941440357604894
1397.5477233314516,-0.05817796726063334
1397.718389998277,-0.021966573710488574
1397.8890566651025,-0.05999054807317691
1398.0597233319281,-0.023731546024003944
1398.230389997959,-0.060942479298020005
1398.4010566647846,-0.024620926425954273
1398.5717233316104,-0.06096027596752524
1398.7423899984358,-0.02457582938295433
1398.9130566652616,-0.05998522453908987
1399.0837233312925,-0.023545891629035958
1399.254389998118,-0.05798622191637712
1399.4250566649437,-0.02151233710819126
1399.5957233317692,-0.05496032367179672
1399.7663899985948,-0.018483597335143386
1399.9370566654204,-0.050922702541604324
1400.1076999990146,-0.014502758547834964
1400.2783666650453,-0.04595927075270879
1400.4490333310764,-0.009656526828545016
1400.6196999979018,-0.04015195891703256
1400.7903666647276,-0.004036874096479468
1400.9610333315534,-0.03360519369661975
1401.1316999983787,0.00223892709368924
1401.3023666644096,-0.02644510118602785
1401.4730333312352,0.00903803175456068
1401.6436999980608,-0.01882025669773263
1401.8143666648864,0.016196833013012658
1401.9850333317122,-0.01090314925034739
1402.1556999985378,0.02353565431014848
1402.3263666653634,-0.0028996836868644656
1402.4970333313943,0.03082241781526865
1402.6676999982196,0.004932431620472717
1402.8383666650454,0.037811380007757155
1403.0090333318713,0.012370295931184811
1403.1796999986966,0.04428475041673829
1403.3503666655222,0.019194861443961594
1403.5210333323478,0.05003662362010793
1403.6916999983787,0.025214808652608514
1403.8623666652043,0.054899993500893175
1404.03303333203,0.03028483384194137
1404.2036999988554,0.05874794041598117
1404.3743666656815,0.034289288627201236
1404.545023331642,0.061479541892828456
1404.715689997673,0.03714280760561253
1404.8863566644986,0.06301810824835409
1405.0570233313242,0.03877581090152559
1405.2276899981498,0.0633169293816807
1405.3983566649754,0.03916868824194812
1405.569023331801,0.06237441811828379
1405.7396899986268,0.03832966359607826
1405.9103566646577,0.06022287668094946
1406.0810233314833,0.03631413360916875
1406.2516899983088,0.05693515279567067
1406.4223566651344,0.03320258477100316
1406.59302333196,0.05261525544605707
1406.7636899979912,0.029120363285354132
1406.9343566648163,0.04739576087421832
1407.1050233316423,0.024217443189419596
1407.275689998468,0.04143809149129462
1407.4463566652935,0.018647548504850998
1407.6170233321188,0.03489533392098634
1407.7876899989446,0.01257120504828311
1407.9583566649756,0.027946024227556154
1408.1290099978446,0.006173479540874877
1408.2996666646002,0.020772590207912903
1408.470333331426,-0.0003717250371122765
1408.6409999982516,0.013562924924095675
1408.8116666650772,-0.006850689390447363
1408.9823333311083,0.006523967814453552
1409.1529999979336,-0.013088124012225243
1409.3236666647595,-0.00017376209774222213
1409.494333331585,-0.018909392335338678
1409.6649999984106,-0.006367217748845279
1409.835666665236,-0.024166689527185276
1410.0063333320618,-0.011922920714870333
1410.1769999980925,-0.028734061468075996
1410.3476666649183,-0.01671329509135295
1410.5183333317439,-0.03249697932394276
1410.6889999985694,-0.020654016769723716
1410.859666665395,-0.0353980040148064
1411.0303333322206,-0.023700448198674628
1411.2009999990464,-0.0374086502672874
1411.3716666650773,-0.025835320728761338
1411.5423333319031,-0.03852523536809914
1411.7129999987285,-0.02706979823191389
1411.883666665554,-0.038771193410140396
1412.0543333323799,-0.027438248280143813
1412.2249899975457,-0.03820175155256154
1412.3956566643715,-0.027020975837305734
1412.566323331197,-0.03690055341123698
1412.7369899980226,-0.025890902698035696
1412.9076566648482,-0.03496657691603657
1413.0783233316738,-0.024183470287423993
1413.2489899984998,-0.03254234506714228
1413.419656665325,-0.02203136586043759
1413.590323331356,-0.029754631344319212
1413.7609899981815,-0.019551015765428028
1413.9316566650073,-0.02671036128455665
1414.102323331833,-0.016857769966788984
1414.2729899986584,-0.023534064187451003
1414.4436566646896,-0.014068775206595146
1414.6143233315152,-0.02033187348821138
1414.7849899983405,-0.011276716958252582
1414.955656665166,-0.017190493427703856
1415.126323331992,-0.008574139597656035
1415.2969899988175,-0.01419377264673213
1415.467656665643,-0.006029967872953604
1415.638323331674,-0.011413362660860656
1415.8089899984996,-0.003713661063155174
1415.9796566653251,-0.008903367406820665
1416.150323332151,-0.0016553730328603478
1416.3209899989763,-0.006675577170834522
1416.491633330981,0.00013380649129257887
1416.6622999978067,-0.004743453451396259
1416.832966664632,0.0016551123306945323
1417.0036333314579,-0.0030857613307338286
1417.1742999982832,0.002927468127956555
1417.344966665109,-0.0016865069326846545
1417.5156333319349,0.003978437764457795
1417.6862999987602,-0.0005004825537187842
1417.8569666647911,0.004858848071681484
1418.0276333316167,0.0005156276110125869
1418.1982999984423,0.005612740970268297
1418.3689666652679,0.00140946583852952
1418.5396333320937,0.006281866330549677
1418.710299998919,0.0022229960444380427
1418.8809666657448,0.0069044834683857
1419.0516333317757,0.002989898683582619
1419.2222999986013,0.007520509506813234
1419.392966665427,0.0037475437415757417
1419.5636333322527,0.00815698720585001
1419.734299999078,0.004511282731532506
1419.9049666643143,0.008825258338170357
1420.0756333311397,0.005294359134260551
1420.2462899978957,0.009540035836228549
1420.4169566647213,0.006115148888262421
1420.5876233315469,0.010295467392418744
1420.7582899983722,0.006922607538932404
1420.928956665198,0.011068337362758002
1421.099623331229,0.007757385787460274
1421.2702899980545,0.011879652992271833
1421.44095666488,0.008597834446967953
1421.6116233317057,0.012701599152696485
1421.7822899985317,0.009415055500429462
1421.9529566653569,0.013485810711287204
1422.123623331388,0.01017288527418676
1422.2942899982133,0.01422896034577309
1422.4649566650392,0.010852498539038365
1422.6356233318647,0.014893266472366388
1422.8062899986903,0.011429964423382993
1422.976956665516,0.015432748936851138
1423.1476233323415,0.011814769216284833
1423.3182899983722,0.015767667113523256
1423.488956665198,0.011972882300239204
1423.6596233320238,0.01589222747490236
1423.8302899988491,0.011890382718668196
1424.0009566656747,0.015764068219258444
1424.1715999976793,0.01153489098336619
1424.3422666645051,0.01536702012492526
1424.5129333313305,0.010889977475054283
1424.6835999981563,0.014685676091911957
1424.8542666649819,0.009940450043116254
1425.0249333318075,0.013710773914960101
1425.195599998633,0.008704834298126714
1425.366266664664,0.012461843926699287
1425.5369333314898,0.007199440994105741
1425.707599998315,0.010982243860315325
1425.878266665141,0.005478742387385632
1426.0489333319665,0.009306941941059743
1426.219599998792,0.0035610024651775147
1426.3902666656177,0.007444578295999002
1426.5609333324433,0.0014649652590663286
1426.7315999984742,0.005437670300576049
1426.9022666652997,-0.0007702225398085279
1427.0729333321253,0.003342936866678293
1427.243599998951,-0.003064867247170391
1427.4142666657767,0.001211126733233365
1427.584933331013,-0.0053627943508615696
1427.7555999978383,-0.0009196238325766518
1427.926266664664,-0.0076916574743489795
1428.0969333314895,-0.0030252655026192948
1428.2675999983153,-0.009913188030376476
1428.4382566650706,-0.004936772606250541
1428.6089233318964,-0.011866213832061368
1428.7795899979274,-0.006562492313147768
1428.950256664753,-0.013521276925459626
1429.1209233315788,-0.007879338680327346
1429.291589998404,-0.014842737518323225
1429.4622566652297,-0.008824793439594884
1429.6329233312606,-0.01573884813160197
1429.8035899980864,-0.009341491790715422
1429.9742566649118,-0.016222653689035856
1430.1449233317376,-0.009446099903819357
1430.3155899985634,-0.016296410239158513
1430.4862566653887,-0.009105443750509113
1430.6569233322145,-0.01591583027312761
1430.82758999904,-0.008358930814349618
1430.9982566650708,-0.0151601445833136
1431.1689233318964,-0.00724801987862443
1431.339589998722,-0.014041589307555962
1431.5102566655476,-0.005793798656424852
1431.6809233323734,-0.012612798647605334
1431.8515899976096,-0.0040327977126234605
1432.0222566644352,-0.010867491877338159
1432.1929133311908,-0.0019996156188979613
1432.3635666648547,-0.008955866033737611
1432.53423333168,4.1581946483076464e-05
1432.7048999985059,-0.007148472951162877
1432.8755666653315,0.001938077234969154
1433.0462333313621,-0.005506667246636308
1433.2168999981882,0.003716028958518619
1433.3875666650138,-0.0039266017460699385
1433.5582333318393,0.005388128076958834
1433.728899998665,-0.00256951027461428
1433.8995666654905,0.006801279741934773
1434.070233332316,-0.0014149177334526158
1434.2408999983468,0.008076596872030455
1434.4115666651726,-0.0003758584986353711
1434.5822333319982,0.00917465788330563
1434.752899998824,0.0003594887792999373
1434.9235666656496,0.009912342170890645
1435.094233332475,0.000738480959893861
1435.2648999977112,0.010268712108956732
1435.4355666645367,0.0007622614144280873
1435.6062333313625,0.010322216717717998
1435.7768999981881,0.0005600719916337213
1435.9475666650135,0.010142686982124213
1436.1182333310444,0.0001473288722580963
1436.2888999978702,0.00975076861660848
1436.4595666646956,-0.00043924537010637973
1436.6302233314514,0.009204496700857384
1436.8008899982772,-0.0012393850006832518
1436.9715566651025,0.008351466409289222
1437.1422233319283,-0.002459434017504817
1437.312889997959,0.007030867437305739
1437.4835566647848,-0.004187723073393976
1437.6542233316104,0.005262938437335467
1437.824889998436,-0.00642875624965286
1437.9955566652616,0.003036181812433364
1438.1662233320872,-0.00912579675631653
1438.3368899989127,0.00022432996925046429
1438.5075566649436,-0.012543506654374828
1438.6782233317695,-0.0031921537905972974
1438.848889998595,-0.016391650678512393
1439.0195566654206,-0.006834929972775611
1439.1902233322462,-0.020257112330612427
1439.3608899990718,-0.010469323111168227
1439.531556664308,-0.02417667708767547
1439.7022233311334,-0.013990195372733157
1439.8728899979592,-0.027997650089250627
