Time (minutes),Amplitude
0.04012333154678345,-0.0050560409914555205
0.21078999837239581,0.0035276387029581618
0.3814566651980082,-0.005039390995753701
0.5521233320236206,0.0036240959231696067
0.722789998849233,-0.005716502023479657
0.8934566656748453,0.002775367027029499
1.0641233317057293,-0.005024457391410134
1.2347899985313417,0.0035046115534986193
1.405456665356954,-0.003026862690066536
1.5761233321825663,0.004708766497545775
1.746789999008179,-0.002211394808110115
1.9174566642443338,0.005043768471066431
2.0881233310699465,0.0005286587514966121
2.258789997895559,0.006100771794895459
2.429456664721171,9.884302885287163e-05
2.6001233315467838,0.005883249208165518
2.770789998372396,0.0006592844780981771
2.9414566651980083,0.005211792539495878
3.112099997997284,-0.0013086047047666232
3.282766664822897,0.002210856452928259
3.453433331648509,-0.0046425874124066445
3.6240999984741213,-0.0001986336894645284
3.7947666652997336,-0.006769153344967102
3.965433332125346,-0.0024299535154807656
4.136099998950959,-0.007352733886749407
4.30676666577657,-0.002731891810391481
4.477433331807454,-0.006450376910647071
4.648099998633066,-0.0028569043318188575
4.818766665458679,-0.005789198947117476
4.989433332284292,-0.0022245265671875236
5.160099999109904,-0.003477222699957635
5.33076666434606,-0.0016187970329681698
5.501433331171671,-0.0015161601628701598
5.672099997997284,0.0004233018170824965
5.842766664822896,0.0015315172155093266
6.013433331648509,0.0017960736218935488
6.184099997679392,0.0027980906257861387
6.3547666645050045,0.0019630348495905253
6.525433331330618,0.003445819608769364
6.69609999815623,0.002268825490472145
6.8667566649119065,0.0039374684921291685
7.037423331737519,0.0018774063444769607
7.208089998563132,0.0031828813970538722
7.378756664594015,0.001538815716389432
7.549423331419627,0.002759647842568283
7.720089998245238,0.00045798481450704654
7.890756665070851,0.0011959800301677974
8.061423331896464,-0.00028345254220365313
8.232089998722076,0.001112276305558796
8.402756665547688,2.0893452389475183e-05
8.5734233323733,0.0004028507735248679
8.744089998404185,-0.00018882549214563408
8.914756665229797,0.0002527001753406799
9.08542333205541,-0.0007792013378947588
9.256089998881022,0.00012186165947674085
9.426756665706634,-0.00017562376711300422
9.597423330942789,0.0007311077532161575
9.768089997768403,0.0005217749098991707
9.938756664594015,0.0008490023188726963
10.109423331419627,0.0010337635470813727
10.28008999824524,0.0010501643776935688
10.450756665070852,0.001404093925311168
10.621413331826528,0.0007531325860894589
10.792066664695739,0.0011633153901980332
10.962733331521353,-0.0006903765921938896
11.133399998346965,8.569091115391863e-05
11.304066665172575,-0.001556342780220943
11.474733331998188,-0.000562581588811294
11.645399998823802,-0.002297234662887762
11.816066665649414,-0.0008103914621001452
11.986733331680298,-0.003043706762789731
12.157399998505912,-0.0008021798469048402
12.328066665331523,-0.0020267432492244333
12.498733332157135,1.7156604346013937e-05
12.669399998982747,-0.0008140440173122797
12.84006666580836,0.0004899982527989172
13.010733331044516,-0.0009229118924082657
13.181399997870127,0.0003969309488561953
13.35206666469574,-0.0008822568131874442
13.522733331521351,-0.0003151086745584716
13.693399998346965,-0.0009829454516727474
13.864066664377848,8.730154673431641e-05
14.03473333120346,-0.0012954886758063638
14.20539999802907,-0.001091732457736178
14.376066664854685,-0.0025527710961370034
14.546723331610362,-0.0015433999277907747
14.717389998435973,-0.0018467395772612475
14.888056665261587,-0.0010654284086914379
15.05872333129247,-0.0006155657082715962
15.229389998118084,4.653997426479741e-06
15.400056664943696,0.0004466518915500709
15.570723331769306,0.0005727455391187609
15.74138999859492,0.0017445034802057785
15.912056665420533,0.0006274386319521408
16.082723332246143,0.0020270982980758988
16.25338999827703,0.0010106416091307348
16.42405666510264,0.0024542843058369982
16.594723331928254,0.0009297394076020608
16.765389998753864,0.0019186647548243968
16.93605666557948,0.0011492600449158905
17.10672333240509,0.0021168553913114385
17.277389997641247,0.000554958159694446
17.448056664466858,0.0008387749565243017
17.61872333129247,-0.00039076813412495045
17.78938999811808,-0.0005368810112711789
17.960056664943696,-0.0008274001126064535
18.130723331769307,0.0006333537449548928
18.301379998524983,-0.0004769968322240995
18.472033331394197,0.0004806248366307677
18.642699998219808,6.869270998268174e-06
18.81336666504542,0.0004997865359784774
18.984033331871032,-9.518308482095061e-05
19.154699998696646,0.0006206141032792016
19.325366665522257,8.081038172564282e-05
19.496033332347867,0.0015443020665249284
19.666699998378753,0.0009418646832282368
19.837366665204367,0.002051007514438048
20.008033332029978,0.000802786552076679
20.17869999885559,0.000762884804578873
20.349366665681202,-1.1271549080291838e-05
20.52003333171209,-1.608681741434858e-05
20.69069999774297,-0.00041164072172216045
20.861366664568582,-0.0010192685175695606
21.032033331394196,-0.0008417335129612492
21.202699998219806,-0.001376980550099999
21.37336666504542,-0.0013622383918912625
21.544033331076303,-0.0009435787524263602
21.714699997901917,-0.001292329241479902
21.88536666472753,-0.0016062099868736726
22.05603333155314,-0.0015961469256975493
22.226689998308817,-0.001799474487378674
22.39735666513443,-0.0011236521135007725
22.568023331960042,-0.0016871101911622127
22.738689997990924,-0.0018886067622166725
22.90935666481654,-0.001770843900049093
23.080023331642153,-0.0017854845040944814
23.250689998467763,-0.0015418470319884386
23.421356665293374,-0.0012139686526237109
23.592023332118988,-0.00017754135722678296
23.762689998944598,-0.0003486643554846768
23.93335666497548,0.000518308201607156
24.104023331801095,-0.00012786296063041272
24.274689998626712,0.0009462071243042098
24.445356665452323,0.00029467953340795697
24.616023332277933,0.0020946321178186827
24.78668999830882,0.0011479239331232058
24.957356664339702,0.0030173343801747736
25.128023331165316,0.0018275713712043702
25.298689997990927,0.003344889203771859
25.469356664816537,0.0019552888027773788
25.640023331642148,0.0028277057616595096
25.810689998467762,0.0015714676973481209
25.98133333206177,0.002201714670781218
26.151999998092652,0.0008143609217737791
26.322666664918263,0.0014017267523633668
26.493333331743877,0.0008113173162894216
26.663999998569487,0.0015946525705141442
26.834666665395098,7.569624130874077e-05
27.005333332220715,0.0009258322859418428
27.175999999046326,-0.0002765409280729477
27.34666666507721,-3.224748859007178e-05
27.51733333190282,-0.001195982238933129
27.687999998728436,-0.0008983724859866485
27.858666665554047,-0.0017448437249439606
28.029333332379657,-0.001493942498783815
28.199999997615812,-0.002053462282120426
28.370666664441426,-0.0018156985260006846
28.541333331267037,-0.002426928184463894
28.711999998092654,-0.00200579453036294
28.882666664918265,-0.0026700263410383415
29.05333333174388,-0.0021155081640675103
29.223999997774758,-0.002467352896725567
29.394666664600372,-0.0012829711719032602
29.565333331425983,-0.0018298422007232845
29.7359999982516,-0.000122920875051076
29.906656665007272,-0.0015336654861187106
30.077323331832883,-0.00015820078894304595
30.2479899986585,-0.0006238397281401044
30.418656664689383,0.0014695410798396958
30.589323331514993,9.599912617946908e-05
30.759989998340604,0.002033762839341587
30.930656665166218,0.0002907032684601192
31.10132333199183,0.0016005346463428799
31.271989998817446,0.0007162893512251514
31.442656665643057,0.003044802564793965
31.61332333167394,0.0010578177266732664
31.783989998499557,0.002967327355991895
31.954656665325167,0.001062897583712774
32.12532333215078,0.0024149807979749367
32.295989998976395,0.0013987007563056057
32.46665666421255,0.002694834107258984
32.63732333103816,0.0014474444664795269
32.80798999786377,0.0028778351462724404
32.97865666468938,0.0010229535951924143
33.14932333151499,0.0011788048900978306
33.3199899983406,-0.0002274131155246969
33.49065666516621,0.00047291871939809325
33.66129999876022,-0.0015201543946767298
33.8319666647911,0.00011048998845945427
34.00263333161672,-0.0012566908329756765
34.17329999844234,-0.0009574746145638233
34.34396666526794,-0.0022964594745344914
34.51463333209356,-0.0020639191959961225
34.68529999891917,-0.003389417971728331
34.85596666574479,-0.0033154368362395916
35.02663333177567,-0.003504051057474658
35.19729999860128,-0.0031047311482368884
35.36796666542689,-0.003415330012319986
35.5386333322525,-0.0021322061034606214
35.70929999907811,-0.0018713998383703319
35.87996666431427,0.00016697151060272232
36.05063333113988,-0.00031456077178114347
36.22129999796549,0.0010574345932345657
36.391966664791106,0.0001512549217215111
36.56263333161672,0.0018713542656681604
36.7332999976476,0.0011918592717660625
36.90396666447322,0.0032346873472112064
37.074633331298834,0.002017482000258139
37.24529999812444,0.0035092002803355383
37.41595666488011,0.002361334747034747
37.586623331705724,0.003245103600968952
37.75728999853134,0.001695866853355053
37.92795666535695,0.0020931959226230482
38.09862333138784,0.00040292398860613133
38.26928999821345,-4.230565216561456e-05
38.43995666503906,-0.000760303138468536
38.61062333186467,-0.0011182972349191556
38.78128999869028,-0.00118676761725018
38.9519566655159,-0.0022541612540462903
39.12262333234152,-0.0009782633835767626
39.293289998372394,-0.0018802192086742756
39.46395666519801,-0.0020095480171692663
39.63462333202362,-0.0015122841001995503
39.80528999884923,-0.0009152768270237586
39.97595666567484,-0.0016370714255992808
40.146623330911,-0.001134051457062006
40.31728999773661,-0.0007344909098305301
40.48795666456222,-0.0004042373035186972
40.65862333138784,-1.9030681638273497e-05
40.82928999821345,0.0003119695892823217
40.999956665039065,0.0011371962629540065
41.170623331864675,0.000777573676205626
41.34126666466395,0.0015430600779535975
41.511933331489566,0.000982396030379043
41.682599998315176,0.0013454139665517828
41.853266665140794,0.0005932528577243723
42.0239333319664,0.0010202727121064537
42.194599998792015,0.0015639826162713517
42.365266665617625,0.0017453774875118779
42.53593333244324,0.001100927028802498
42.706599998474125,0.002255612918286206
42.877266665299736,0.001465943122239211
43.047933332125346,0.0027398013839433177
43.218599998950964,0.0013494975986314286
43.389266665776574,0.002219149943159207
43.55993333101273,0.0010054370173123977
43.73059999783834,0.0015714418086722251
43.90126666466395,-0.0005905384057681687
44.07193333148956,-0.000508117566116188
44.24259999831518,-0.0008709620598172061
44.41326666434607,-0.0007614635955554926
44.58392333189646,-0.0017375076738361396
44.75458999792735,-0.0015117395229203017
44.92525666475296,-0.001876656510335221
45.09592333157857,-0.0024015106000331446
45.26658999840418,-0.002378719768453674
45.4372566652298,-0.0027060723910882437
45.607923331260686,-0.002641526774233773
45.7785899980863,-0.002460804793609563
45.94925666491191,-0.002072334130938316
46.119923331737525,-0.002220816714959985
46.290589998563135,-0.001454302525699477
46.461256665388746,-0.0015760969421396496
46.631923332214356,-0.0014450687463367225
46.80258999903997,-0.0015121016296332267
46.97325666507085,-0.0010986768452735268
47.14392333189646,-0.0009909529158919459
47.31458999872208,-0.0005733876577993276
47.48525666554768,-0.0003550477605885554
47.6559233323733,0.0005350800140409471
47.82658999760945,0.00027779481954917174
47.99725666443507,0.0011136999432348812
48.16792333126068,0.0008769940560188331
48.33857999801636,0.0012742805649534682
48.5092333316803,0.0012227099785980082
48.67989999850591,0.002034197855584355
48.85056666533153,0.0009999439264007817
49.02123333136241,0.0022098180851715457
49.19189999818802,0.000932020148216721
49.36256666501363,0.0028880409644626566
49.53323333183924,0.0018300787645321673
49.70389999866485,0.003318551683079896
49.87456666549046,0.001734877091156363
50.04523333231608,0.0027547884886239974
50.21589999834697,0.000717615907300381
50.38656666517258,0.001705726229256424
50.55723333199819,0.00018179204733326465
50.7278999988238,0.002272743492204195
50.89856666564942,0.0009696118942617168
51.06923333247503,0.0015619400575146239
51.23989999771119,-0.0009710638743552731
51.410566664536795,0.0009903405162870612
51.58123333136241,-0.0009866390122612347
51.75189999818802,0.0012324496757877333
51.92256666501363,-0.0007328615170183616
52.093233331044516,0.0013592855283829205
52.26388999859491,-0.0008374925914734751
52.4345566646258,-0.0003065966483021951
52.60522333145142,-0.0027477127642000915
52.77588999827704,-0.0008058999748911248
52.94655666510264,-0.002661400249317637
53.11722333192826,-0.0004965204138546624
53.287889997959134,-0.0026666682472714183
53.45855666478475,-0.00080613932637699
53.62922333161036,-0.002575951703583058
53.79988999843598,-0.001398244317836699
53.97055666526158,-0.002757145778590999
54.1412233320872,-0.0010699457933757697
54.31188999891282,-0.002209597400422154
54.482556664943694,-0.001313375224456941
54.65322333176931,-0.0023826198929051655
54.823889998594915,-0.0007524694311908573
54.99455666542053,-0.0018913699837632206
55.16522333224615,-0.0006613240864827859
55.33588999907175,-0.0005728025385571416
55.506556664307915,0.00031541049506885393
55.67722333113353,0.0006829388343898302
55.847889997959136,0.00029477949478734966
56.01854666471481,0.00019345600906836387
56.18919999837876,0.0005286377536034995
56.359866665204365,0.0012925737167074189
56.530533332029975,0.0016067247936220337
56.70119999806086,0.002676408977639219
56.871866664886475,0.0023715788262077195
57.04253333171209,0.003036073262944862
57.213199998537696,0.0019111104624149426
57.383866665363314,0.0015072359829441525
57.55453333218893,0.0007939323351847862
57.725199999014535,0.0009451183607350598
57.895866665045425,0.0007373178332197172
58.06653333187103,-0.001038558729568046
58.237199998696646,1.134998995609475e-05
58.40786666552225,0.00026787169161577077
58.57853333234787,0.0002444589434813541
58.74919999837876,-0.0007644565692279787
58.91986666440963,-0.0008143927626234863
59.09053333123525,-0.0008258009212628574
59.26119999806085,-0.0004066621140148583
59.43185666481654,-0.000756061219260433
59.60252333164216,-0.00032405445503009357
59.773189998467764,-0.0006139043811338928
59.94385666529338,-0.00012758060295547686
60.11452333132426,-0.0007785920458149835
60.285189998149875,0.0003705598210452336
60.455856664975485,-7.997867071724854e-05
60.626523331801096,0.00030824009021841243
60.797189998626706,-0.00020282311357642095
60.96785666465759,0.0007017680562490423
61.1385233314832,0.0004343955189440938
61.30918999830882,0.0016048948281513664
61.47985666513442,0.0011801898737064287
61.65052333196004,0.0015197041985455294
61.821189998785655,0.000649925310227993
61.99185666561127,-0.0001818114914093616
62.16252333164216,-0.0009388350759153657
62.333189998467766,-0.0005078469297009155
62.503856665293384,-0.0014945042059941885
62.67452333211899,-0.0008937846477502194
62.845189998944605,-0.0008311301656120463
63.01584333181381,-0.0002545668191791653
63.18649999777476,-0.0010968788154196328
63.35716666460037,-0.000219155873146362
63.52783333142598,0.00036054911939204464
63.69849999825159,0.0019929740327949757
63.869166665077216,0.002052414990229413
64.03983333190281,0.0010712589576200922
64.21049999872844,-0.0006175642506336441
64.38116666475932,-0.0006139344453207046
64.55183333158493,-0.0012043256948602145
64.72249999841054,-0.0017540828200301162
64.89316666523615,-0.00198354711994623
65.06383333206176,-0.0009370882214889399
65.23449999888737,-0.0007004710544391829
65.40516666571298,-0.0008480462144512591
65.57583333174388,-0.0004422362896289779
65.74649999856949,0.00015435019129847837
65.9171666653951,0.001125117389773483
66.08783333222071,0.00033493411880870566
66.25849999904632,0.0014714141564624917
66.42916666428248,0.0007176680327582936
66.59983333110809,0.0007395686230077117
66.77049999793371,-0.00033349089821807954
66.94116666475932,-0.0003997629061466765
67.111823331515,-0.0004211450808163647
67.28248999834061,-0.0008742440198789773
67.45315666516622,4.798778224227165e-05
67.62382333199182,-5.631576849473807e-05
67.79448999802273,0.00040544439983913736
67.96515666484834,-0.0001496792221841493
68.13582333167395,-0.0009645228323192956
68.30648999849956,-0.0001359368784480862
68.47715666532517,-0.0007953750862603086
68.64782333135605,-0.00107428222551752
68.81848999818166,-0.00104533842634295
68.98915666500729,-0.0010392250475810539
69.15982333183288,-0.001276244396818048
69.3304899986585,-0.0009285444753747359
69.5011566654841,-0.0003980885289835039
69.67182333230973,0.0006922438296359039
69.84248999834062,-0.000350348992460309
70.01315666516622,-5.6874704173999186e-05
70.18380999803544,1.2968064703267111e-05
70.3544666647911,0.0013626011237293796
70.52513333161671,0.0009495740059846492
70.6957999976476,0.0024776764041455814
70.86646666447321,0.0015840803477406053
71.03713333129882,0.0031017633772930475
71.20779999812444,0.0020805606470519736
71.37846666495005,0.0033126005748314894
71.54913333177566,0.001865629269149422
71.71979999860129,0.0015982986863811808
71.89046666542689,0.00047071966359278156
72.06113333145778,0.0011980626503312784
72.23179999828338,0.00040141169936811643
72.402466665109,0.001346460165832287
72.57313333193461,0.0007359242920019734
72.74379999876024,0.0014801845511354197
72.91446666558583,-0.00014678137677874952
73.08513333241144,0.0006050786513357313
73.25579999844233,6.562100116801565e-05
73.42646666526794,0.00019008948637076075
73.59713333209355,-0.0006206518223630658
73.76779999891917,-0.0008654775110706327
73.93845666567483,-0.0010389526852624638
74.10912333091099,-0.0007784511444660734
74.27978999773661,-0.0014445719822625647
74.45045666456222,-0.0022066590520087776
74.62112333138785,-0.0023545371446387123
74.79178999821345,-0.0031191288317055834
74.96245666503907,-0.002965681382838256
75.13312333186467,-0.003471885072837568
75.30378999789556,-0.0023526151922085617
75.47445666472116,-0.0020191092962857727
75.64512333154678,-0.0016154637360324311
75.8157899983724,-0.0020700454426424535
75.986456665198,-0.0013115952356307528
76.15712333202362,-0.0031054097929641244
76.3277899980545,-0.001322568441611489
76.49845666488011,-0.0021836204173707944
76.66912333170572,-0.00035079237116952274
76.83978999853133,-0.0009192733235841129
77.01045666535694,0.0010528560695991375
77.18112333218258,0.0004488791775873233
77.35176666577658,0.003017067591504033
77.52243333101273,0.0009743587959454942
77.69309999783835,0.00213382730620917
77.86376666466394,0.0009528092119598375
78.03443333148957,0.0028237648924467557
78.20509999831518,0.00011192405261029891
78.37576666434606,0.002642281165902163
78.54643333117168,0.00046491633027409215
78.71709999799728,0.001987488649644571
78.8877666648229,0.0003086597464272984
79.0584333316485,0.0025635279754474814
79.22909999847413,0.00044658974229691095
79.39976666529972,0.0023248568960682506
79.57043333133062,0.0001671558205219594
79.74109999815623,0.0023302460408334996
79.91176666498184,0.0010374842126624796
80.08243333180747,0.0032044388793105094
80.25309999863308,0.0013945718726612042
80.42376666545867,0.0028684063115237295
80.5944333322843,0.0014077855199796246
80.7650999991099,0.0019166499547535057
80.93576666514079,-0.0009527380040210132
81.10642333189647,0.0018195040983808761
81.27708999872206,-0.0008299474868729682
81.4477566655477,0.0002716384815537083
81.6184233323733,-0.0019259732647812031
81.78908999760947,-0.0005972961945522236
81.95975666443506,-0.0028230940527662314
82.13042333126069,-0.0005312955102228401
82.30108999808628,-0.0019098228963016237
82.47175666491191,-0.000612360429893312
82.64242333173752,-0.0022103152586196964
82.81308999856313,-0.0003901358443566877
82.98375666459401,-0.0014311695616843363
83.15442333141964,-0.0005034624553266197
83.32508999824525,-0.0015094974651774725
83.49575666507086,-0.0010086981305444827
83.66642333189645,-0.0011937787547482497
83.83708999792735,-0.001175019687256911
84.00775666475297,-0.0011332016817051196
84.17842333157857,-0.0018553004599263163
84.34907999833425,-0.0013667846150628847
84.5197333319982,-0.002002612182372774
84.6903999988238,-0.00148640318249388
84.86106666564942,-0.0016935797585227895
85.03173333247503,-0.0003899149768219423
85.20239999771118,-0.0015332463244500869
85.3730666645368,-0.00013165952319042038
85.5437333313624,-0.0008104006814912913
85.71439999818803,0.000884636180225848
85.88506666501362,-0.00044894101293581785
86.05573333104451,0.0028991716537370813
86.22639999787013,0.0001812249158162555
86.39706666469573,0.0031803453677459073
86.56773333152135,0.0001983384224257208
86.73839999834695,0.0034313565136486826
86.90906666517257,7.090470969222144e-05
87.0797333319982,0.0033694554574196004
87.25039999802907,0.00014162949968704797
87.42106666485469,0.003818846642029352
87.5917333316803,-0.00034118955991700755
87.76239999850591,0.003232173900612771
87.93306666533151,-0.000785869897940056
88.10373333215713,0.002745090402669574
88.27438999891281,-0.0016710704725145257
88.44505666494369,0.002556436097469706
88.61572333176932,-0.0016992194536942305
88.78638999859493,0.0032972514316593226
88.95705666542054,-0.0014130984093445153
89.12772333224615,0.003382759725545159
89.29838999907176,-0.0018476339364588933
89.46905666430791,0.003181688548639145
89.63972333113352,-0.002362881442376022
89.81038999795913,0.002535756920567642
89.98105666478475,-0.002962490275133866
90.15172333161037,0.001808146668024104
90.32238999843598,-0.0037385396199489766
90.49305666526159,0.0014204217324743878
90.66372333129247,-0.004219560408902509
90.83438999811808,0.0011871342527940772
91.00505666494368,-0.0042827059486384425
91.1757233317693,0.0010597647883195734
91.34638999859492,-0.004228306215599917
91.51704666535059,0.0009956385840143179
91.68769999901454,-0.0039208314648595316
91.85836666504541,0.0005142776364742234
92.02903333187103,-0.004524211219477939
92.19969999869664,0.0010641449319302443
92.37036666552225,-0.00415027779681794
92.54103333234787,0.0011386498019197362
92.71169999837875,-0.0037511817624303586
92.88236666440963,0.0005463420670472475
93.05303333123524,-0.0040869657633996635
93.22369999806088,0.0006542608822361939
93.39436666488646,-0.004441117479071622
93.56503333171209,0.0012106638921830376
93.73569999774297,-0.0029407273589703033
93.90636666456858,0.0009740028375532534
94.07703333139419,-0.0027757543408749126
94.24769999821982,0.0013275284667134278
94.41836666504541,-0.0025180368511658158
94.58903333187104,0.0032682624557077485
94.75969999869665,-0.0010836804735937944
94.93035666465758,0.004262708586313322
95.1010233314832,-0.0007447362230310953
95.27168999830882,0.005104389644570984
95.44235666513443,0.00020847970571101203
95.61302333196004,0.007116216770969963
95.78368999878566,0.001477881147201173
95.95435666561129,0.006454325289041093
96.12502333164215,0.00106947623790445
96.29568999846776,0.0050195546366249765
96.46635666529338,0.0005029023322574833
96.63702333211899,0.004776841029201567
96.8076899989446,0.0004914090841019056
96.97835666497548,0.004159144031634307
97.14902333100636,-4.9031459612927495e-05
97.31968999783199,0.0036396140799764974
97.4903566646576,-0.0001191002608736518
97.66102333148321,0.0038636377522964435
97.8316899983088,-1.91686646796931e-06
98.00234333197275,0.003564703310572149
98.17299999872843,-0.0009301883770159281
98.34366666475931,0.0020954220701044166
98.51433333158494,-0.0009340784562106001
98.68499999841055,0.0010300019254686182
98.85566666523616,-0.0028202343681780293
99.02633333206178,0.0002688126909620232
99.19699999888738,-0.003828085772809179
99.36766666571299,-0.0011598432792023152
99.53833333174389,-0.00411660160604594
99.70899999856948,-0.0009517581454186451
99.8796666653951,-0.004263339787394298
100.05033333222072,-0.0021568447588915405
100.22099999904633,-0.0045702518443627915
100.39166666428247,-0.0024747682356342296
100.56233333110809,-0.005011840655317448
100.7329999979337,-0.003070324810814504
100.90366666475931,-0.00429134337566715
101.07433333158492,-0.0033159675767778936
101.24499999841055,-0.0046138302708976665
101.41566666444143,-0.0030703002286099432
101.58633333126704,-0.004308343641296791
101.75699999809267,-0.001911678569967146
101.92765666484833,-0.0029492351278667104
102.09832333167394,-0.0016136768400468015
102.26898999849956,-0.0011820004131641163
102.43965666532517,0.0018234113498486761
102.61032333135606,-0.0015436289018282722
102.78098999818164,-0.0006956296099992777
102.95165666500728,-0.00031492812902620315
103.12232333183287,0.00017072800580010512
103.2929899986585,0.0004105672823047876
103.46365666548411,0.0016225443627994008
103.63432333230972,0.0031108425317603774
103.8049899983406,0.003138301797523197
103.97565666516621,0.003547508823504256
104.14632333199184,0.0008580553198326858
104.31698999881746,0.0023207076529377126
104.48765666564304,0.0017527866492887576
104.65832333087921,0.003937521187360271
104.82898999770482,0.003016549415980794
104.99965666453042,0.005120426244795609
105.17029999812443,0.0028727782512206566
105.34096666495005,0.004703499746066767
105.51163333177567,0.001943340201132967
105.68229999860128,0.004174007217360548
105.8529666654269,0.0013916502794608567
106.02363333145777,0.003900158598819125
106.1942999982834,0.001024181890920244
106.364966665109,0.005825896122435172
106.53563333193463,0.002206637683018928
106.70629999876022,0.0049551885431415
106.87696666558584,0.0018324119364424643
107.04763333241144,0.004422321878963353
107.21829999844233,0.0003754601530214898
107.38896666526796,0.0034345446399094716
107.55963333209357,-0.0012527982842082228
107.73029999891915,0.0020657504391743955
107.90096666574478,-0.001977783143880323
108.07163333098092,0.0020435524328189974
108.24229999780655,-0.0025815285597293614
108.41295666456224,0.0007578774687784509
108.58362333138783,-0.003833782402704841
108.75428999821345,-0.0008925776335801108
108.92495666503905,-0.0033255117038820405
109.09562333186469,-0.0003493412602751238
109.26628999789554,-0.006886223478410673
109.43695666472118,-0.0026188783485292717
109.60762333154678,-0.006968751923299576
109.7782899983724,-0.0021558781502537426
109.94895666519801,-0.007518489606150614
110.11962333202362,-0.002523140173029087
110.2902899980545,-0.008077968870056398
110.46095666488011,-0.002903059110692823
110.63162333170574,-0.00897116443702299
110.80228999853134,-0.0018087444145372554
110.97295666535695,-0.008241547236549431
111.14362333218256,-0.0018539539123410003
111.31428999900818,-0.008063940467276357
111.48495666503905,-0.0004712650135078861
111.65562333186467,-0.007710282010670788
111.82626666466395,-0.0013036240553022046
111.99693333148957,-0.007656147029797437
112.16759999831518,0.002155715764475758
112.33826666434607,-0.004577145761842951
112.50893333117168,0.0018480684683336126
112.67959999799727,-0.005082104530140118
112.8502666648229,0.004645002045115196
113.02093333164851,-0.001563129821604851
113.19159999847413,0.005962005066994858
113.36226666529974,0.0005319238612168588
113.53293333133063,0.008549800684043103
113.70359999815624,0.00334126487979623
113.87426666498183,0.010521958537319631
114.04493333180744,0.002923863120147841
114.21559999863307,0.01251141603650154
114.38626666545868,0.004086909336463037
114.5569333322843,0.010974998720662451
114.72759999910991,0.004377244669716322
114.8982666651408,0.011410906584162736
115.06892333189646,0.004054229232589936
115.23958999872207,0.011321555421765543
115.41025666554769,0.00467132598662508
115.5809233323733,0.010341764520351831
115.75158999760944,0.0005918140223246965
115.92225666443505,0.007854358590978971
116.09292333126068,-0.00025787086990770245
116.26358999808629,0.005806216470141836
116.43425666491191,-0.0028241259638961892
116.60492333173752,0.003931645406306291
116.77558999856312,-0.0037248839806476967
116.94625666459402,0.003469190095769616
117.11692333141964,-0.004980265387346765
117.28758999824522,0.0008345344666006103
117.45825666507085,-0.005961888381219186
117.62892333189647,0.00018157242373516983
117.79958999792734,-0.008053046130857538
117.97025666475297,-0.002477327348278236
118.14092333157858,-0.00845745823091835
118.31156666517259,-0.0023083754710529316
118.48223333199819,-0.0077233524503184155
118.6528999988238,-0.0032862903725983427
118.8235666656494,-0.008933337811383089
118.99423333247503,-0.003768598342932421
119.16489999771117,-0.009549094437691634
119.3355666645368,-0.0038060738665432357
119.50623333136241,-0.008746817546758703
119.67689999818802,-0.0037739689115391987
119.84756666501362,-0.007962720113460603
120.01823333104451,-0.004576180337090061
120.18889999787011,-0.00879185046830059
120.35956666469573,-0.004058187212568264
120.53023333152134,-0.007366627659174936
120.70089999834697,-0.0022530043171112343
120.87156666517258,-0.005409722348930162
121.04223333199818,-0.0008132094494486629
121.21289999802907,-0.00397740639293283
121.38356666485467,0.0007714687292455681
121.55422333161036,-0.001397774946126706
121.72488999843597,0.0023396373692471037
121.8955566652616,-0.0009790142315497692
122.0662233320872,0.001471741164442891
122.2368899989128,8.233150895185636e-05
122.4075566649437,0.004435151739045404
122.5782233317693,0.0026515527863658736
122.7488899985949,0.005605434721439387
122.91955666542053,0.004072649903086254
123.09022333224615,0.009317190826582488
123.26088999907176,0.004682083302666872
123.43155666430792,0.008413548165084475
123.60222333113352,0.009525138823918018
123.77288999795914,0.010771340003360242
123.94355666478475,0.011052435740929475
124.11422333161036,0.010059566745721034
124.28487999836602,0.009538813748103635
124.45553333202997,0.008717963217152368
124.62619999806086,0.008875638903506643
124.7968666648865,0.007285188314234672
124.96753333171209,0.007143734367339901
125.1381999985377,0.004935775473066377
125.3088666653633,0.004866775452829227
125.47953333218894,0.0038744524015772563
125.65019999901456,0.0030534237062685393
125.82086666504543,0.00123104293684376
125.99153333187103,0.0002534248841411153
126.16219999869665,-0.002405259798813214
126.33286666552226,-0.00254067556552994
126.50353333234787,-0.00458504539080766
126.67419999837875,-0.0055397266018757975
126.84486666440962,-0.008506892749183878
127.01553333123525,-0.00436525912231395
127.18619999806086,-0.007503386176068966
127.35686666488648,-0.0041296914155951455
127.52753333171208,-0.008205577730959299
127.69818999846777,-0.005919962539587104
127.86885666529338,-0.011360102076959172
128.03952333132426,-0.009096880380130375
128.21018999814987,-0.010809479458188795
128.38085666497548,-0.008869639259200096
128.5515233318011,-0.01028781201174166
128.72218999862673,-0.00482171897360288
128.8928566646576,-0.010072786010479808
129.0635233314832,-0.0051188291544385055
129.23418999830884,-0.010056166140548066
129.40485666513445,-0.001438561368401079
129.57552333196003,-0.006542670972990725
129.74618999878567,-0.0014529296650590553
129.91685666561128,-0.004980486061521383
130.08752333164216,-9.494355603351903e-05
130.25818999846777,-0.0035123224798598337
130.42885666529338,0.002322128888854663
130.599523332119,5.659871754867972e-08
130.7701766649882,0.0024219165455682664
130.94083333174385,-0.0019580293829396978
131.11149999777476,0.007211500818699401
131.2821666646004,0.003224905200061109
131.452833331426,0.006450329501140448
131.6234999982516,-0.0013223697242010241
131.7941666650772,0.006382410981607488
131.9648333319028,0.0018622752081343618
132.13549999872845,0.009084791138424921
132.3061666647593,0.004032909872863225
132.47683333158494,0.014336661338907864
132.64749999841055,0.006251929117656129
132.81816666523616,0.012889556030054419
132.98883333206177,0.007148732795334014
133.15949999888738,0.012169944604962145
133.330166665713,0.0068335531608893964
133.50083333174388,0.013495780642721925
133.67148999849957,0.008520668486261167
133.84215666532515,0.01226944105118473
134.0128233321508,0.002253586657012031
134.18348999897643,0.007289145933347725
134.35415666421255,0.0006245522116401294
134.52482333103814,0.004755232768655422
134.69548999786375,-0.0012910552658904767
134.86615666468938,0.0016808782656754417
135.036823331515,-0.002153999880197084
135.20748999834058,9.45092745349006e-05
135.37815666516622,-0.00573398188320268
135.54882333199185,-0.0006172680486740841
135.71948999802274,-0.007517953204965278
135.89015666484832,-0.0030146348465339375
136.06082333167396,-0.009257233026541436
136.23148999849954,-0.006280936499607033
136.40215666532518,-0.006980201025996359
136.57282333135603,-0.005371230725734923
136.74348999818167,-0.012368547856466652
136.91413333177567,-0.00815183106798582
137.08479999860128,-0.012561057686469482
137.2554666654269,-0.009538712121709675
137.4261333322525,-0.012511210862022748
137.59679999907812,-0.002878637681007351
137.76746666431427,-0.012258776640065415
137.93813333113985,-0.0011709716268505782
138.1087999979655,-0.007757971802883237
138.2794666647911,0.0036209505897797905
138.4501333316167,-0.0031371091296961587
138.6207999976476,0.007975725220935464
138.7914666644732,-0.00021860659685855383
138.96213333129882,0.013608025507217524
139.13279999812443,0.0034647603727237077
139.30346666495007,0.011426307094478411
139.47413333177565,-0.0010647337852584325
139.6447999986013,0.002565938615351964
139.81546666542687,-0.0010607599949789103
139.98613333145778,0.0038288057618501244
140.15678999821344,-0.0021778681707079256
140.32745666503905,0.0012826288762287118
140.49812333186466,-0.0022767244932287386
140.66878999869027,0.0018911711303939006
140.8394566655159,-0.00392306798452189
141.01012333234152,0.004503792057425681
141.1807899983724,-0.0024491056456944237
141.35145666519801,0.001178990802873996
141.5221233320236,-0.002421358018140534
141.69278999884926,0.0007557609861859724
141.86345666567485,-0.0028807488115156626
142.03412333091097,0.00120486863492503
142.20478999773664,-0.0022028277288385282
142.37545666456222,0.0022954375313538685
142.54612333138783,-0.004275992624343672
142.71678999821341,-0.0007349615343248631
142.88743333180747,-0.007156415362636124
143.05809999863305,-0.0028521436872406885
143.22876666466397,-0.005983114842868476
143.39943333148955,-0.00578183383181075
143.57009999831516,-0.0015466254755984881
143.7407666651408,0.0017839269942967056
143.9114333319664,-0.0033318985978054096
144.082099998792,0.01045387850759398
144.25276666561763,0.0032012718904725667
144.42343333244327,0.024662007835667587
144.59409999847415,0.019374401917914823
144.76476666529973,0.031963313736881604
144.93543333212534,0.012650897732930735
145.10609999895095,0.016234539418035755
145.2767666657766,0.0038016003794201893
145.44743333101275,0.007786974902866685
145.61809999783833,-0.0009918523839377148
145.78876666466397,0.0014337528877959311
145.95943333148955,-0.004690171458528591
146.13008999824524,-0.004380022191933943
146.30075666507082,-0.005948945218361298
146.47142333189646,-0.005572907204185386
146.64208999792734,-0.007568538564138203
146.81275666475295,-0.005135965986277325
146.98342333157856,-0.00790122009384419
147.1540899984042,-0.005846033982411075
147.3247566652298,-0.007995309078918197
147.49542333126067,-0.00726310447630706
147.6660899980863,-0.008733907232577578
147.8367566649119,-0.009900636617348196
148.00742333173753,-0.010672479642539458
148.1780899985631,-0.00929618909666595
148.34875666538875,-0.00825127091779534
148.51942333221436,-0.008501207135566529
148.69008999903997,-0.006668490709969622
148.86073333104451,-0.004609404502270669
149.03139999787012,-0.004726776426464148
149.2020666646957,-0.00081917409466582
149.37273333152137,-0.0032740442016869578
149.54339999834696,-0.004195702779609478
149.71406666437784,-0.0016877226162347882
149.88473333120345,-0.006342435655038501
150.0553999980291,-0.0016267784039510804
150.2260666648547,-0.004356074191847054
150.3967333316803,0.004128129277117367
150.56739999850592,-0.0008302653305205011
150.73806666533153,0.005286509167438015
150.90873333136238,0.007841749323960378
151.07939999818805,0.010043288804572498
151.25006666501363,0.00557525223625967
151.42073333183924,0.011458275960208273
151.59138999859493,0.0061048915764452035
151.76205666542054,0.010959668809875107
151.93272333224616,-0.001909763056221599
152.10338999827704,0.000497949039857398
152.27405666510265,-0.0055637515120762
152.44472333192826,0.004235001042130457
152.61538999875387,-0.006437933497098131
152.78605666557945,0.002340146763453825
152.9567233324051,0.007133982899832376
153.12738999764125,0.015272942114267609
153.29805666446686,0.01368088706972629
153.46872333129247,0.01647964450270759
153.6393899981181,0.0024877600653595926
153.8100566649437,0.004575910343627354
153.9807233317693,0.0006633182483766901
154.1513899985949,0.003457047583723175
154.3220566646258,0.00016775210679520453
154.4927233314514,0.004057365368246726
154.66338999827704,-0.003752014210062369
154.83404666503273,0.006279380909554759
155.00469999869665,-0.006467418990201396
155.17536666552223,-0.0007574395648489912
155.34603333234787,-0.0069987618737497636
155.51669999837878,-0.000278830727963948
155.68736666520437,-0.005894781737091315
155.85803333202998,0.00728229394550037
156.0286999988556,0.004047093692256927
156.19936666568123,0.0013364218196298043
156.37003333171208,-0.006659756590246349
156.54069999774296,-0.0009965618730834978
156.71136666456857,-0.0069326941471725976
156.88203333139418,0.001471735546376619
157.0526999982198,-0.008573307909251817
157.2233666650454,-0.0009943588902885697
157.3940333310763,-0.010107725985204893
157.56469999790193,-0.0032602696093225214
157.73535666465762,-0.009982508025477545
157.9060233314832,-0.003533724515562575
158.0766899983088,-0.011220456625761288
158.24735666513442,0.0015909021208662672
158.41802333196006,-0.012599503653194297
158.5886899979909,-0.006073836426090368
158.75935666481655,-0.013982208738367646
158.93002333164216,-0.0004426852043659553
159.10068999846777,-0.014883059058477978
159.27135666529335,-0.004188794879087521
159.44202333211896,-0.010368175266166492
159.6126899989446,0.0075698744189076185
159.78335666497549,-0.0012932021227783524
159.9540233318011,0.004062690278428098
160.1246899986267,-0.0001856793800862187
160.29533333142598,0.008616215837576855
160.4659999982516,0.004386525861556355
160.63666666507723,0.010173185305689164
160.80733333110808,0.00851208546763113
160.9779999979337,0.011620495971744464
161.14866666475933,0.005523792383556825
161.31933333158491,0.0072079084232367216
161.48999999841052,0.006695327489473274
161.66066666523616,0.015353924564402686
161.83133333206177,-0.006595369109439658
162.00199999809266,0.0012829289854228328
162.17266666491827,-0.001362157318710372
162.34333333174388,0.005434132064074665
162.5139999985695,-0.00013905691990800386
162.6846666653951,-5.867200928374262e-05
162.8553333322207,-0.007653017685182353
163.02599999904632,0.002352268012672235
163.1966566650073,-0.006653784520651416
163.3673233318329,-0.00041434471372202774
163.53798999865847,-0.006235911892256903
163.7086566654841,0.007999158735342612
163.87932333230975,0.0154988250844593
164.04998999754588,0.007139691460451559
164.22065666437146,-0.0011712485447636172
164.3913233311971,0.01284053260122058
164.56198999802274,0.007304194638912604
164.73265666484832,0.005679860035486597
164.90332333167393,-0.003375867504835325
165.07398999849957,0.0047314427171113865
165.24465666532518,-0.0034376054614508674
165.41532333135606,0.005762109452222816
165.58598999818167,-0.0037785239005544407
165.75665666500726,0.004287421430174441
165.9273233318329,-0.006473987730882572
166.0979899986585,-0.0042198131604209805
166.2686433315277,-0.009179165652082615
166.4392999990781,-0.0006763764144238397
166.609966665109,-0.004822875625089647
166.7806333319346,-0.0049703642832032305
166.95129999876022,-0.014880943457091591
167.12196666558586,-0.001869011838152799
167.29263333241144,-0.01578420724060882
167.4632999976476,-0.005985364152600254
167.6339666644732,-0.008128365524622117
167.80463333129882,0.0076799515320940814
167.97529999812443,0.008513291072250337
168.14596666495004,0.006935479268674788
168.31663333098095,-0.0006446178393262136
168.48729999780653,-0.008742770630925413
168.65796666463217,-0.012344081362279895
168.82863333145775,-0.006889086738755374
168.99928999821344,0.0029533688155658194
169.16995666503902,-0.005464772573301771
169.3406233318647,-0.011432319824643837
169.51128999869027,-0.0054940098669077
169.68195666472116,-0.007903589564657835
169.8526233315468,-0.003091074988870714
170.0232899983724,-0.009373430730996533
170.19395666519802,0.009404521842970843
170.36462333202363,0.011946523785964683
170.53528999884924,0.00936069190629511
170.70595666567485,0.013026227619346145
170.87662333170573,0.006728332989717388
171.04728999853134,-0.004791552078082707
171.21795666535695,0.0004116245840838842
171.3886233321826,-0.0015393232150883163
171.55928999900817,-0.00033181386918549975
171.7299566642443,-0.0012227444476330246
171.90059999783836,-0.00432151621283629
172.07126666466394,0.0016186949604161433
172.24193333148955,0.0030266272339715063
172.4125999983152,0.004048751715173796
172.5832666651408,0.007447331322408097
172.75393333196638,0.0065392007533433645
172.9245999979973,0.0050748131780475455
173.0952666648229,0.008346217433993155
173.2659333316485,0.0059588751092276
173.43659999847415,0.023017125500267167
173.60726666529973,0.011239428154665389
173.77793333212537,0.021397307302340043
173.94859999895095,0.008817642002823345
174.11926666577656,0.0026360172647036263
174.28993333180748,-0.006820469800569858
174.46058999856314,-0.0055725842985882585
174.63125666538878,-0.007445507319551804
174.80192333221436,-0.0081953713643911
174.97258999903997,-0.008133183891188271
175.14325666427612,-0.007964389403546965
175.3139233311017,-0.008599164905809706
175.48458999792737,-0.010795828800722038
175.65525666475295,-0.000663987293815042
175.82592333157857,0.012425492570516115
175.99658999840418,0.009006140595227717
176.16725666522981,0.009509281258623943
176.3379233312607,-0.002385761091828391
176.50858999808628,-0.004093930753597279
176.67925666491192,-0.020157715180311755
176.84992333173753,-0.012449914051493207
177.02058999856314,-0.011213816677622612
177.1912466653188,0.009347080966135313
177.36189999898275,-0.00480790419903765
177.5325666650136,0.010749453705437081
177.70323333183924,-0.0009132514332632455
177.87389999866485,0.009931785908005829
178.04456666549046,-0.0022491539763930556
178.21523333231607,0.003450022946653351
178.38589999914169,-0.015242123770726519
178.55656666437784,-0.011876419363677608
178.72723333120345,-0.012812376583863123
178.89789999802906,-0.012165607817887707
179.0685666648547,-0.013698091021906873
179.23923333168028,-0.0027488001881697944
179.4098999977112,-0.01771471470860242
179.5805666645368,-0.002728109459192483
179.7512333313624,-0.008231196202646097
179.92189999818802,0.006554901246322702
180.0925566649437,-0.0025097201709523465
180.26322333176932,0.006657674799777354
180.4338899985949,-9.365223583797055e-05
180.60455666462582,0.005827464415664097
180.77522333145143,0.001478717808112587
180.94588999827704,0.0010487572895870052
181.11655666510265,-0.006806569500439917
181.28722333192826,0.009213501897619273
181.4578899987539,0.0006390015235250465
181.62855666557948,0.010055835841715821
181.79922333161034,0.0007737491934513173
181.96988999843597,0.004061678623857425
182.14055666526158,-0.002350641749957957
182.3112233320872,0.010775156263420222
182.4818899989128,0.008029184861341866
182.6525466656685,0.026978210781171862
182.82319999774296,0.013797084469567848
182.99386666456857,0.019659273529176832
183.1645333313942,-0.0039047880483226273
183.33519999821982,0.011097837514865767
183.5058666650454,-0.006000216905911185
183.67653333187104,-0.007215524532811018
183.84719999869665,-0.010827593781088234
184.01786666472753,-0.002284520405009198
184.18853333155312,-0.0026909659225446926
184.35919999837876,0.012048409554705888
184.52986666520437,0.011714828187831178
184.70053333202998,0.042343584061993685
184.8711999988556,0.021017382698540643
185.04185666561128,0.03726881443771305
185.21252333164216,0.009895407277472882
185.38318999846777,0.0292094768790204
185.55385666529338,0.0013829679082176271
185.72452333211896,-4.213729632770845e-05
185.8951899989446,-0.023663420126064486
186.06585666497548,-0.02500632860817394
186.23652333100637,-0.025502435044326248
186.40718999783198,-0.029322624582131505
186.57785666465756,-0.03267872658139389
186.74852333148323,-0.029185107862927336
186.9191899983088,-0.028179918848239744
187.08985666513442,-0.0147306239012697
187.26052333196003,-0.016892079192332484
187.43118999799094,-0.019284208817596685
187.60183333158494,-0.017067679784373433
187.77249999841055,-0.0008084005427744282
187.94316666523616,-0.00772287527022022
188.11383333206177,0.019891888297658568
188.28449999888738,-0.010850029160383795
188.455166665713,0.0016241813069497971
188.62583333174388,-0.0010748302171325295
188.7964999985695,-0.004614047285307163
188.9671666653951,-0.009886908446825842
189.1378333322207,-0.011870429552964043
189.30849999904632,-0.013234345427531135
189.47916666428247,-0.01200331520835631
189.6498333311081,-0.0025457319493683733
189.82049999793372,0.0011765095407351399
189.99116666475933,0.004155439797882371
190.16183333158492,0.0033263359669334297
190.33249999841055,0.0071936583958947435
190.50315666516622,0.02385380306478615
190.67382333199185,0.02720382939944571
190.84448999802274,0.014144536985868195
191.01515666484835,0.011889054760608
191.18582333167396,0.01055143049599174
191.35648999849954,0.009183139789409588
191.52715666532518,0.01283524627682974
191.69782333135603,0.010749114510752646
191.86848999818167,0.01019950939929946
192.03915666500728,-0.000971119191688604
192.2098233318329,0.00041627189984794877
192.3804899986585,0.010051393590851427
192.55115666548414,0.030722660873523766
192.72182333230973,0.02201647715156085
192.89248999834064,0.029448838998203976
193.0631433312098,0.02412689426752757
193.2337999979655,0.03072070069219698
193.40446666479107,0.0241644892433373
193.5751333316167,0.011560811469719911
193.7457999976476,0.0031659415197454513
193.91646666447323,-0.007831258695535326
194.08713333129882,-0.003403625838113805
194.25779999812443,-0.011700214303279817
194.42846666495007,-0.009641060791707075
194.59913333177565,-0.02135588979099615
194.7697999986013,-0.011390400336879169
194.94046666542687,-0.027400816500709576
195.11113333145778,-0.016624648510891495
195.2817999982834,-0.035688156400418926
195.45246666510897,-0.019748341680769825
195.6231333319346,-0.02940069113606788
195.79378999869027,-0.02511918577710384
195.9644566655159,-0.03203775693542357
196.13512333234152,-0.01362419196440833
196.3057899983724,-0.014512747021876696
196.476456665198,-0.010183801723170008
196.6471233320236,-0.014768732550259353
196.81778999884926,-0.0027576660865116986
196.98845666567485,-0.008139974554152706
197.15912333091097,0.00546949348754233
197.32978999773664,-0.013005691286547902
197.50045666456222,0.0014522445697162727
197.67112333138783,-0.014720952729539862
197.84178999821341,0.010829113684810206
198.01244333187742,-0.009655502829454984
198.18309999863305,0.013901651069408074
198.35376666466397,-0.00880198231446791
198.52443333148955,0.028844762886838286
198.6950999983152,0.01716172384862917
198.8657666651408,0.03544760392834972
199.0364333319664,-0.009946839705751763
199.20709999879202,0.017851617240373978
199.37776666561763,-0.005506689404422918
199.54843333244327,0.022332800482598527
199.71909999847415,-0.016722989197194157
199.88976666529973,0.021087145156518283
200.06043333212534,-0.008900742216209177
200.23109999895095,0.01915442123179691
200.4017666657766,-0.006252095777744203
200.57243333101275,0.018816751075502552
200.7430899977684,-0.008467499057562881
200.91375666459402,0.02302747663334086
201.08442333141963,0.003272013873257176
201.25508999824524,0.025356945901820353
201.42575666507082,-0.00044252296061022173
201.5964233318965,0.019207274101619112
201.76708999792734,-0.002477353610205421
201.93775666475295,0.017415520171652155
202.10842333157856,0.004762347678129458
202.2790899984042,0.014611461411505995
202.4497566652298,-3.503856327009331e-05
202.62042333126067,0.00843552580856626
202.7910899980863,0.001796470047616394
202.9617566649119,0.010687754989248727
203.13242333173753,-2.425412935188002e-05
203.3030899985631,0.0008627122149912294
203.4737333321571,-0.004687541357231533
203.64439999898272,-0.0011852175800111512
203.81506666580836,0.0010262575934628325
203.98573333104451,-0.00010418208912795461
204.1563999978701,-0.015296062548521198
204.3270666646957,-0.02104392014661653
204.49773333152137,-0.02827793003151593
204.66839999834696,-0.023790478130378205
204.83906666437784,-0.012808638785301921
205.00973333120345,-0.015599325305763764
205.1803999980291,-0.008898940645938382
205.35106666485473,-0.005386234935954559
205.5217333316803,0.005503187743834855
205.69238999843597,-0.011527721125478075
205.86305666526158,-0.001985433365261423
206.03372333129246,-0.010228567211431417
206.20438999811807,-0.005716059687553607
206.3750566649437,-0.010969167741784892
206.5457233317693,-0.006772496339830064
206.71638999859493,-0.014463658748439419
206.88705666542054,-0.009473761877407762
207.05772333224613,-0.009051879213354557
207.22838999827704,-0.005410415085612892
207.39905666510262,-0.011506801242001
207.56972333192826,-0.006088424761626353
207.74038999875387,-0.010149306400469847
207.91105666557945,-0.0026377838976114143
208.0817233324051,-0.00673908937193055
208.25238999764127,1.8976099809522425e-05
208.42303333123527,0.002468686058941691
208.59369999806086,0.006801334140533971
208.7643666648865,0.005514985891991721
208.93503333171208,0.011460684854610052
209.1056999985377,0.01030203470811301
209.27636666536333,0.017829040488761702
209.44703333139424,0.012941713516567293
209.61769999821982,0.019857753425878127
209.7883666650454,0.017867748364392307
209.959033331871,0.020995933337091207
210.12969999869665,0.0220259995731948
210.30036666552223,0.019190620357769576
210.47103333234787,0.017448457721430735
210.6416899983088,0.018365511699607748
210.81235666513444,0.017142127647710816
210.98302333196003,0.01850239812225508
211.15368999878564,0.015000768226000077
211.32435666561128,0.014583421025706261
211.49502333164213,0.011788031086881966
211.66568999767304,0.008003446117549846
211.83635666449862,0.007993294104392609
212.00702333132426,0.0007500193154841933
212.1776899981499,-0.0006044408610425743
212.34835666497548,-0.0011155894289141643
212.5190233318011,-0.0070422951448831685
212.68968999862668,-0.010458879312276764
212.8603566646576,-0.005338999898648317
213.03102333148323,-0.01585775442937371
213.20167666514712,-0.01757525037955198
213.37233333190278,-0.01658166741357923
213.54299999872842,-0.019175866166170914
213.71366666555406,-0.020871025264931856
213.88433333237967,-0.01779003309890073
214.0549999984105,-0.02315779983203657
214.22566666523616,-0.025586368809080568
214.39633333206174,-0.027044909660079063
214.56699999888738,-0.021067547782526556
214.737666665713,-0.01892766086935412
214.90833333094915,-0.01757817605263928
215.07899999777473,-0.010203649917955856
215.24966666460037,-0.011101200819995247
215.42033333142598,0.0004974864634050181
215.59098999818167,-0.010124489280254084
215.76165666500728,0.002774297535321503
215.93232333183286,-0.003033253860642978
216.1029899986585,0.009123083351891851
216.27365666468936,-0.0009895796838565818
216.444323331515,0.010132961699404027
216.6149899983406,0.0025255165139486317
216.7856566651662,0.01244230682897645
216.95632333199183,0.0015672821910484582
217.12698999802274,0.014531668228901581
217.29765666484832,0.002632144252666172
217.46832333167396,0.01639814483033366
217.63898999849954,0.006584510380040385
217.80965666532515,0.02944416577192615
217.9803233321508,-0.000949771982830998
218.15097666581468,0.01742677759899996
218.32163333098097,0.00016685582873440937
218.49229999780655,0.026139107069334665
218.66296666463217,0.005976684114629185
218.83363333145775,0.033697081836345136
219.0042999982834,0.007114930499305738
219.17496666431424,0.03011251288938429
219.34563333113988,0.008951674976120365
219.51629999796546,0.020680041544567797
219.6869666647911,-0.004101868065553797
219.8576333316167,0.01433458748727977
220.02829999844235,-0.007194828838615765
220.19896666526793,0.0022711748436053236
220.3696233320236,-0.018841608997804658
220.5402899980545,0.00036989994249008124
220.71095666488014,-0.021845380840267624
220.88162333170573,-0.005076840530859135
221.05228999853134,-0.02166736570330079
221.22295666535697,-0.0014730786187905178
221.39362333218259,-0.025728420440325413
221.56428999900817,-0.008373076498164106
221.73495666503905,-0.019149003675576832
221.90562333186466,-0.0022154579531022886
222.0762899986903,-0.013998657135613959
222.24695666551594,-0.0022753663811615893
222.41762333234152,-0.014579214072980308
222.588276664416,0.003340699996114523
222.7589333311717,-0.012044697021831348
222.9295999979973,0.004457401555242346
223.1002666648229,-0.011618137290541859
223.27093333164854,0.006288395647214344
223.44159999847415,-0.01258050606680042
223.61226666529973,0.006361187812733623
223.7829333313306,-0.013634268745003283
223.95359999815622,0.0020994242040649493
224.12426666498186,-0.009078201405960912
224.29493333180744,0.004536869402124479
224.46559999863308,-0.004696489192912743
224.6362666654587,0.0063039422833601685
224.80693333228433,0.011406663647640593
224.9775999991099,0.023471511851946215
225.14826666514077,-0.006633656853337732
225.31892333189649,0.011324534582930514
225.48958999872207,-0.004147325988763469
225.6602566655477,0.011390495254776561
225.8309233323733,0.0036474171899139197
226.00158999760947,0.013637310969781609
226.17225666443505,0.005047570797832486
226.3429233312607,0.011863764584993068
226.5135899980863,0.00756355426758851
226.68425666491194,0.01729208210110738
226.85492333173752,0.000950281409049688
227.0255899985631,0.01015083718999456
227.19625666459402,-0.0016017407341866966
227.36692333141963,-0.0010924578802965575
227.53756666501363,-0.0013939903066939885
227.70823333183927,0.005303897027656255
227.87889999866485,-0.004487576939576431
228.04956666549046,-0.004296064780871478
228.2202333323161,-0.001824616083477757
228.39089999834695,-0.005118998966707077
228.5615666651726,-0.005383820685527757
228.7322333319982,-0.00242768267589315
228.90289999882384,-0.01230311475437046
229.07356666564942,-0.015494431873337397
229.244233332475,-0.012042645549406818
229.4148999977112,0.009091264669365976
229.58556666453683,0.0012945110279377046
229.7562333313624,0.009649858365896437
229.92689999818805,-0.009090612644984519
230.09756666501363,-0.013331299797779759
230.26822333176932,-0.009946137757553408
230.4388899985949,-0.010927742534281299
230.60955666462579,0.000332003485082301
230.78022333145145,-0.008622405074374886
230.95088999827703,-0.006340706628202257
231.12155666510267,-0.019309648456935134
231.29222333192826,-0.009253264712824264
231.46288999795917,-0.01950074353645768
231.63355666478475,0.0021594606220461323
231.80422333161036,-0.016561975132150686
231.974889998436,-0.0007703000766546941
232.14555666526158,-0.010840105319098573
232.3162233320872,0.013449663585996169
232.4868666656812,-0.0015237072936062099
232.6575333317121,0.015814435015661016
232.82819999774296,-0.001639943038843397
232.9988666645686,0.013697767657511522
233.16953333139423,0.004188696620573279
233.34019999821982,0.02351245551596384
233.5108666650454,0.011015374726556022
233.6815333310763,0.02487506447342859
233.85219999790192,0.019053499989712015
234.0228666647275,0.03157753823929111
234.19353333155314,0.018787578121170618
234.36419999837875,0.03198733724615441
234.5348666652044,0.02675490418583362
234.70552333196002,0.0264720021315573
234.87618999799096,0.012478718142471151
235.04685666481654,0.018559852206044978
235.21752333164213,-0.0016566054243785995
235.38818999846777,0.00635706195725009
235.55885666529338,-0.013617050423589443
235.72952333211896,-0.0028781159081801744
235.9001899989446,0.0025424567140904623
236.07085666497545,0.011473244911309473
236.2415233318011,0.0020863632041052036
236.41218999862673,0.009080453135332978
236.5828566654523,6.91595219010175e-05
236.7534999982516,-0.003625286042118108
236.9241666650772,-0.010270636625738488
237.09483333110808,-0.005980828464483535
237.2654999979337,-0.023883670233453582
237.43616666475933,-0.01995267002836917
237.60683333158494,-0.033075970311575546
237.77749999841052,-0.019631482148665454
237.94816666523616,-0.05428368935211807
238.11883333206174,-0.03775588230140898
238.28949999809265,-0.05982038989160427
238.4601666649183,-0.035216625432284536
238.63083333174387,-0.06488843525041402
238.80149999856948,-0.03655627924687449
238.97216666539506,-0.06948415623708148
239.1428333322207,-0.030643099864141373
239.31349999904631,-0.055066914253814624
239.4841666650772,-0.017970395849927955
239.65482333183292,-0.04166655135174194
239.8254899986585,-0.0003247814936546109
239.9961566654841,-0.020701038542407898
240.16682333230975,0.01601241875356024
240.3374899975459,-0.0037818157817093535
240.50815666437148,0.04194765373282237
240.6788233311971,0.00809452899178694
240.84948999802273,0.0640023284240789
241.02015666484832,0.02219327588143713
241.19082333167393,0.07844556347705361
241.36148999849956,0.030527557619249177
241.5321566653252,0.0930011629280822
241.70279999812442,0.04964441241036847
241.87346666495006,0.11380249250379289
242.04413333177567,0.05037403321560181
242.21479999860125,0.1221566975784001
242.3854666654269,0.05256886815500735
242.5561333322525,0.12223221632549637
242.72679999907808,0.041889965691447414
242.897466665109,0.11212740795993643
243.06813333193458,0.03744845171904299
243.23879999876021,0.10247639857849754
243.40946666558585,0.015520537072696022
243.58013333241146,0.07895404109315052
243.75079999764756,-0.012644839134991103
243.92145666440328,0.04914378275825861
244.09212333122892,-0.04080137209754436
244.2627899980545,0.010092469359576176
244.4334566648801,-0.08838064450005746
244.6041233317057,-0.036981522175546344
244.77478999853133,-0.14826604682999145
244.94545666456224,-0.09256892242632461
245.11612333138783,-0.1828434210844258
245.2867899982134,-0.12434236896351845
245.45745666503908,-0.20114317574220533
245.62812333186466,-0.148165944320994
245.7987899986903,-0.18772036307260492
245.9694566647212,-0.15952830716966052
246.1400999991099,-0.17796077641827826
246.31076666514076,-0.15844144405000557
246.4814333319664,-0.12930855254285967
246.65209999879198,-0.10342817469369245
246.82276666561765,-0.05324495248365217
246.99343333244323,-0.04250235197566558
247.1640999976794,0.03192601694947654
247.33476666450503,0.04917149667903023
247.5054333313306,0.14488001888185922
247.67609999815622,0.10273962107332717
247.8467666649818,0.19775836224880483
248.0174333310127,0.159740698179485
248.1880899985631,0.23787790728723057
248.358756664594,0.15612656687477808
248.52942333141965,0.21743747786321274
248.70008999824523,0.12118015418004853
248.87075666507084,0.18165306506144885
249.04142333189648,0.07612975466491505
249.21208999792734,0.13575029886954182
249.38275666475292,0.043787254547099815
249.55342333157859,0.10451210548068374
249.72408999840417,0.009427370616405702
249.8947566652298,0.06396213649507969
250.0654233320554,-0.025285888800525753
250.23608999888103,0.025703767091016017
250.4067466656367,-0.055073526939779856
250.5773999977112,-0.003971529298824166
250.7480666645368,-0.07995325022280399
250.9187333313624,-0.03244026597221122
251.089399998188,-0.10026531225967192
251.26006666501362,-0.052024512403525215
251.43073333104448,-0.11109859725715998
251.60139999787012,-0.06315089902839574
251.77206666469573,-0.11362532340111761
251.94273333152137,-0.06259429309559962
252.113399998347,-0.10306362911426525
252.2840666651726,-0.054224283176896315
252.4547333319982,-0.09329576390476153
252.62538999795916,-0.046568672844330763
252.79605666478474,-0.08037424498923887
252.96672333161035,-0.03440664643843969
253.137389998436,-0.06493686623511209
253.30805666526157,-0.021385414129685077
253.4787233320872,-0.047023223963559214
253.64938999891282,-0.0018570415118170115
253.8200566649437,-0.02438868982636191
253.99072333176932,0.017486208068176284
254.1613899985949,-0.007043322543537851
254.33205666542054,0.03003745214896679
254.50272333224615,0.005419384896035223
254.67338999907173,0.0408389052248252
254.84405666430789,0.01735776754536612
255.01472333113355,0.050512948337263774
255.18538999795913,0.026903193250434096
255.35604666471482,0.0579629565347172
255.52669999837877,0.033515208259600256
255.69736666520436,0.06086516273071223
255.86803333202997,0.03339656182681305
256.0386999980609,0.055845520937721695
256.2093666648865,0.028241316107217328
256.38003333171207,0.04908039508673285
256.55069999853765,0.02419166882076114
256.72136666536323,0.04412662318836382
256.89203333218893,0.018897965659327793
257.0626899989446,0.035861660617770366
257.2333566649755,0.010931418795268107
257.4040233318011,0.025942994145929703
257.5746899986267,0.0015262743740014043
257.7453566654523,0.01593113364991003
257.9160233322779,-0.006395798401338558
258.0866899983088,0.006896418616676319
258.2573566643397,-0.013641415061146947
258.4280233311653,-0.00034999896322784413
258.5986899979909,-0.01792599922416004
258.76935666481654,-0.004248441557281045
258.9400233316422,-0.020610957942408976
259.11068999846776,-0.009136223548549439
259.2813566652934,-0.025246328802014707
259.45202333132426,-0.014689678884192184
259.6226766649882,-0.0280868799570042
259.79333333174384,-0.01798695365949929
259.9639999985695,-0.02833790426573642
260.1346666653951,-0.018272303393209073
260.30533333222075,-0.027215949229266793
260.47599999904634,-0.01774378087374718
260.6466666650772,-0.024534448396910317
260.8173333319029,-0.016720219708755087
260.98799999872847,-0.02123992100779814
261.15866666555405,-0.012959943499203484
261.32933333237963,-0.014026974880678361
261.49998999754587,-0.007011616438304367
261.67065666437145,-0.007843318272331935
261.8413233311971,-0.003197780709962491
262.0119899980227,-0.0030136494542167816
262.1826566648483,-7.948021027829208e-05
262.353323331674,0.0019040900400081036
262.5239899984996,0.0035505962222821793
262.69465666532517,0.0063599604676922794
262.8653233313561,0.005719449811262511
263.03598999818166,0.009225070301969267
263.20665666500724,0.007358318803492854
263.3773233318329,0.012605725095816055
263.54798999865847,0.009638178439931469
263.7186566646894,0.015295234219733814
263.88932333151496,0.010509423724579092
264.05997666517897,0.01652447980015647
264.23063333193465,0.009903324058769104
264.40129999876024,0.01634805425705648
264.5719666655858,0.008288343377875911
264.7426333324114,0.015399758464476554
264.9132999976476,0.005997723313114995
265.0839666644732,0.01400304290633323
265.2546333312988,0.004263483386434518
265.42529999812444,0.01311363267230295
265.59596666495,0.0020082630776443074
265.7666233317057,0.01090449335073721
265.93728999853136,-0.0017755021545599059
266.10795666456227,0.007309255259096997
266.27862333138785,-0.0055858525772010245
266.44928999821343,0.003865281096352957
266.619956665039,-0.00957989148813653
266.79062333186465,0.0008736722403465628
266.96128999869023,-0.012631087613971612
267.1319566647212,-0.0019355071033712596
267.3026233315468,-0.016011705217681155
267.4732899983724,-0.003144169755598007
267.643956665198,-0.016850182607536346
267.81462333202364,-0.003926638277915966
267.9852666656176,-0.017984215858530946
268.1559333324432,-0.003818423861190343
268.3265999976794,-0.018658274657780954
268.497266664505,-0.0028775919891248294
268.66793333133063,-0.017706957495473737
268.83859999815627,-0.0011586013603150861
269.00926666498185,-0.015248384474837538
269.1799333310127,0.0019191365618865242
269.35059999783834,-0.012453941234405843
269.5212666646639,0.005164870270356298
269.6919333314895,-0.008839241101141228
269.8625999983152,0.008709961383101148
270.03325666507084,-0.005069991126958297
270.20392333189653,0.012265446544244087
270.3745899979274,-0.002166594893873581
270.54525666475297,0.014341723699731022
270.7159233315786,-0.0003149340516047308
270.8865899984042,0.016341277654603057
271.05725666522983,0.001980573410149257
271.2279233320554,0.01778800615882944
271.398589998881,0.0035506212457584317
271.5692566657067,0.01857003070258317
271.73992333173754,0.0034006049206458553
271.9105899985631,0.018205851040676537
272.08125666538876,0.0019251401701298086
272.25191333214445,0.015850751007312498
272.4225666650137,0.0014328729622570366
272.5932333310445,0.015024215455363074
272.7638999978701,0.001123466692144263
272.93456666469575,0.013598406328535942
273.1052333315214,-0.00063579280516703
273.275899998347,0.010473713966857522
273.44656666517255,-0.0034182925391063167
273.6172333319982,0.006358525239625478
273.78789999802905,-0.007505801978852099
273.9585666648547,0.001634357052323837
274.1292333316803,-0.009494063350441187
274.2998999985059,-0.0017025783717803564
274.4705566652616,-0.014178812318631757
274.6412233320872,-0.005694799005953462
274.8118899989128,-0.016311977117625998
274.9825566649437,-0.007981445593682085
275.1532233317693,-0.01785444801346062
275.3238899985949,-0.009356755055790037
275.49455666542053,-0.01744225016693417
275.66522333224617,-0.010818436848058622
275.83588999907175,-0.017705937157825424
276.0065566643079,-0.008784818457048918
276.1772233311335,-0.0131514915215338
276.3478899979591,-0.006900233043123613
276.5185566647848,-0.013039951891506198
276.68919999837874,-0.00665728074396765
276.8598666652044,-0.010659205624563482
277.03053333202996,-0.004531861659265699
277.2011999980608,-0.00777594112345711
277.3718666648864,-0.00177864719143672
277.5425333317121,-0.004223811266524237
277.71319999853773,0.0017239234847266096
277.88386666536337,-0.0018359598168524553
278.05453333218895,0.004135443212872067
278.22519999901454,0.003761279483846991
278.39586666504545,0.00754029515820648
278.566533331871,0.005690228421553246
278.7371999986966,0.011962004983524862
278.90785666545236,0.01627992234725911
279.07852333227794,0.018609512319347758
279.2491899983089,0.019711417969908124
279.4198566643397,0.022051288818461263
279.59052333116534,0.02306856111194152
279.7611899979909,0.023284997675955307
279.93185666481656,0.01912830633229629
280.10252333164215,0.019390309308086367
280.2731899984677,0.018240355837732362
280.4438566652933,0.01696953557217935
280.6145233313242,0.015325854769945479
280.78518999814986,0.014361252962249582
280.9558433318138,0.009455136762436984
281.1264999985695,0.009561415959215036
281.2971666653951,-0.0006275627692106279
281.4678333322207,-0.0010715605369990705
281.6384999990463,-0.004537480325892271
281.8091666650772,-0.003949932409536604
281.9798333319028,-0.014386391999084551
282.15049999872844,-0.009799066163751756
282.321166665554,-0.0158744230908658
282.4918333323796,-0.009199980074400448
282.6624999976158,-0.0193658687603264
282.8331666644414,-0.013568502268213099
283.003833331267,-0.021578424316391526
283.1744999980926,-0.01740808707529758
283.34515666484833,-0.02394778394969146
283.5158233316739,-0.018078965438692883
283.68648999849955,-0.02530221005696723
283.8571566653252,-0.017352072069764444
284.02782333135605,-0.016438740701410895
284.1984899981816,-0.010848694942715693
284.36915666500727,-0.0204318229807917
284.53982333183285,-0.012383385382600318
284.71048999865855,-0.02288336698422947
284.8811333322525,-0.0076821067543096306
285.05179999907807,-0.01965189254074719
285.222466665109,-0.0013792490480656042
285.39313333193456,-0.013819275633369706
285.56379999876026,0.007216584670628347
285.73446666558584,-0.008894711284082403
285.9051333324115,0.01602328331040937
286.0757999976476,-0.0005589256284753928
286.2464666644732,0.02133639828390677
286.4171333312988,0.008053743227142645
286.5877999981244,0.03158502242897962
286.75846666495005,0.013909551598104686
286.92912333170574,0.036870991698812035
287.0997899985313,0.018503642612820868
287.2704566645622,0.04172773199479371
287.4411233313878,0.023150963251017197
287.6117899982134,0.04580441663542622
287.7824566650391,0.023828063859724618
287.9531233318647,0.044442789585512156
288.1237899986903,0.02175887816587118
288.29445666472117,0.03783384678653717
288.4651233315468,0.010096729987987442
288.6357899983724,0.025052788022325093
288.80645666519797,-0.010066638443428453
288.9771233320236,0.00851106636700766
289.1477899988492,-0.024762002674133754
289.31843333244325,-0.007188703283687494
289.48909999767943,-0.037054160675662494
289.659766664505,-0.01960830796700714
289.8304333313306,-0.05288047291679371
290.00109999815623,-0.0397209779299498
290.1717666649818,-0.08050326540368968
290.34243333101267,-0.05250933130838077
290.51309999783837,-0.05172338743186649
290.68376666466395,-0.03446658080462301
290.8544333314896,-0.03100526230449597
291.02509999831517,-0.01672710670478922
291.19576666514075,0.004668876416614517
291.3664233318965,0.007803531101685474
291.53708999792735,0.03433143555385139
291.707756664753,0.01922043909859981
291.8784233315786,0.041923305474506366
292.04908999840416,0.014790399567728839
292.21975666522985,0.042761064717250864
292.39042333205543,0.015926465359012338
292.561089998881,0.05212007892536811
292.73175666570665,0.016056561888067682
292.9024233317375,0.05054119900223171
293.07306666453684,0.007953273666642882
293.2437333313624,0.037179217648744114
293.414399998188,-0.006176617523932452
293.58506666501364,0.022530019337910632
293.75573333104455,-0.01729493333283601
293.92639999787013,0.011792569507498126
294.0970666646957,-0.02588060534715967
294.26773333152136,-5.3523245336882424e-05
294.43839999834694,-0.03428869297213819
294.6090666651726,-0.006959798931866134
294.7797333319982,-0.03638027048599969
294.95039999802907,-0.011781069521360484
295.1210666648547,-0.038551073122726584
295.29172333161034,-0.008778498727908824
295.462389998436,-0.03200626760312856
295.6330566652616,-0.0030656068784045845
295.8037233320872,-0.02742603192676778
295.9743899989128,-0.000585135800999005
296.1450566649437,-0.021941303041627485
296.31572333176933,0.005198600968345455
296.4863899985949,-0.015008074858101987
296.6570566654205,0.012607085497605171
296.8277233322462,-0.007688077123714105
296.9983899990718,0.01527106048610916
297.16905666430796,-0.005791303507508068
297.3397133310636,0.01347532101969492
297.51036666472754,-0.002684723767476741
297.6810333315531,0.015399124383422795
297.85169999837876,0.0021716491329203252
298.0223666652044,0.018335060918657085
298.19303333203,0.004822456845251871
298.3636999980609,0.01791705453085867
298.53436666488653,0.007624811738854609
298.7050333317121,0.018893656089294567
298.8756999985377,0.008505710593958033
299.04635666529333,0.016730649213618623
299.21702333211897,0.007024194742740595
299.38768999894467,0.017463043661548116
299.5583566649755,0.008624212990772647
299.7290233318011,0.015476613332566173
299.89968999862674,0.00699710241733081
300.0703566654523,0.010636411299334014
300.2410233322779,0.002786473715585716
300.4116899983088,0.007628836044604446
300.5823566643397,-0.0013366090238155946
300.7530233311653,0.003571000821859378
300.9236899979909,-0.0016122878817563895
301.0943566648165,0.002937453888833663
301.2649999984106,-0.0045391278860510515
301.43566666523617,0.0012973215134583927
301.6063333320618,-0.005310039137824258
301.77699999809266,-0.002934519610352005
301.94766666491824,-0.010867663773624874
302.1183333317439,-0.005923909952671789
302.28899999856947,-0.01240431289297985
302.45966666539505,-0.007343740719993677
302.6303333322207,-0.014577895673356737
302.8009999990463,-0.010572192526942166
302.9716666650772,-0.01696994479202689
303.14233333190276,-0.012589101971611774
303.31299999872846,-0.016716144668847296
303.4836566654841,-0.012632134000354773
303.65432333230973,-0.018737300403268084
303.8249899975459,-0.018084883646247867
303.9956566643715,-0.02054872357643697
304.1663233311971,-0.016643031845259323
304.3369899980227,-0.01541464948354229
304.50765666484835,-0.012885398543742984
304.67832333167394,-0.01061978692503335
304.8489899984995,-0.0028709243380458595
305.01965666532516,-0.0016665964819367303
305.190323331356,0.0054535463083350685
305.3609899981817,0.0037613595323037364
305.5316433318456,0.010965452159150655
305.70229999860123,0.008834585190283323
305.8729666654269,0.020882634158696234
306.04363333225245,0.01708942952547777
306.21429999907815,0.02080307117240124
306.384966665109,0.01682283607339375
306.55563333193464,0.022573203188443303
306.7262999987602,0.018523784572700673
306.89696666558586,0.021972494354583406
307.06763333241145,0.016650480605623935
307.2382899975777,0.01708474563801567
307.40895666440326,0.013583370113796168
307.5796233312289,0.015725323984855037
307.7502899980545,0.013260301075207405
307.92095666488007,0.007164833597063167
308.0916233317057,0.005413040612162987
308.2622899985313,0.0008675781615903335
308.43295666456225,0.0016110376686086659
308.60362333138784,-0.0038401811715784084
308.7742899982135,-0.004114314125113699
308.94495666503906,-0.00898192111675211
309.11562333186464,-0.009407466172073864
309.2862899986903,-0.016307409888196768
309.4569333322843,-0.007977308646765512
309.6275999991099,-0.006351812021014994
309.79826666514083,-0.00522275839499775
309.9689333319664,-0.007474849721131014
310.13959999879205,-0.005741243962631978
310.31026666561763,-0.009162793310056186
310.4809333324432,-0.006138207674339964
310.6515999976794,-0.00921060973579449
310.822266664505,-0.004333896827499082
310.99292333126067,-0.010835143248353803
311.16358999808625,-0.0042387647466913675
311.3342566649119,-0.008157725488662627
311.5049233317376,-0.004987813805162568
311.67558999856317,-0.010617212109143865
311.846256664594,-0.006026780234457242
312.01692333141966,-0.007929017705486867
312.18758999824524,-0.002601185705312829
312.3582566650709,-0.01086171929444697
312.52892333189646,-0.0018104345922615814
312.6995899979273,-0.007327544256923952
312.870256664753,0.004499739491375062
313.0409233315786,-0.003766232676215575
313.21157999833423,0.005102817205727969
313.38223333199824,-0.0030114817243208475
313.5528999988238,0.008723808253762616
313.7235666656494,0.0004671745173466351
313.89423333247504,0.011072717111021745
314.06489999771117,0.0013836990311660185
314.2355666645368,0.014884028721989174
314.4062333313624,-0.0005628815542509166
314.576899998188,0.016104236729092853
314.7475666650136,0.00321814677383692
314.91822333176935,0.01849393812302154
315.08888999859494,0.001723789998818908
315.2595566646258,0.013797417027160393
315.43022333145143,-0.004977787011641817
315.600889998277,0.008263574636639823
315.7715566651026,-0.0060899287878147315
315.9422233319282,0.010366700587540946
316.11288999795914,-0.004675013278858602
316.2835566647848,0.007767696043058127
316.45422333161036,-0.007761957712648451
316.62488999843595,0.007087203208093516
316.7955566652616,-0.004362481233092796
316.9662233320872,0.006691642249800413
317.13686666568117,-0.008746230089816202
317.3075333317121,0.004088052014303034
317.47819999774293,-0.007111769380251979
317.6488666645686,-0.00438969967541692
317.81953333139415,-0.009402299710768789
317.9901999982198,-0.007862463181094221
318.16086666504543,-0.009728154642928975
318.3315333310763,-0.0008721541601155706
318.5021999979019,-0.005584973939809211
318.67286666472756,0.0008277015185732294
318.84353333155315,0.00739637696945624
319.0141999983788,0.004528987859470029
319.18486666520437,0.011699099901753253
319.35552333196006,0.001620875331331212
319.5261899979909,0.008713290594329473
319.6968566648165,-0.0026242492895762384
319.86752333164213,0.0036870675995000816
320.03818999846783,-0.002499133799966055
320.2088566652934,0.003106194451694417
320.379523332119,-0.0030028598295575837
320.55018999894463,0.0033471104667173257
320.7208566649755,-0.0031193277585895747
320.89149999777476,-0.003640164779624165
321.06216666460034,-0.004726164597662382
321.232833331426,0.0034105938416301006
321.40349999825156,-0.005725486525962411
321.57416666507714,-0.0006305994104495208
321.74483333110805,-0.009894370387330398
321.91549999793375,-0.004325541956955297
322.08616666475933,-0.0031512466739306725
322.25683333158497,0.004466532897433148
322.42749999841055,0.0017439017941792835
322.5981566651662,-0.004439621488907898
322.7688233319918,-0.00927767409920089
322.9394899980227,-0.0049007843734495595
323.1101566648484,-0.009941513183145031
323.28082333167396,-0.005980273591867758
323.45148999849954,-0.002926636852653373
323.6221566653252,-0.0025970401708857644
323.79282333215076,-0.003949521865064852
323.96348999897634,-8.291823377182425e-05
324.13415666500725,-0.0014966114695200078
324.3048233318329,0.0013694530775619008
324.47548999865853,0.005922139914247851
324.6461433315277,0.009587726971960562
324.8167999982834,0.004077221504951672
324.98746666431424,0.0010159340640126767
325.1581333311399,0.004714860408966561
325.3287999979655,0.007737208212653675
325.4994666647911,0.009461209681632853
325.6701333316167,-0.0004216375817910856
325.8407999984423,0.005980698321117729
326.0114666652679,-0.0005639268265642633
326.18213333209354,0.012634745126373671
326.3527899980545,0.007237468541974614
326.52345666488014,0.0030363976169655166
326.6941233317057,0.006725526104158254
326.86478999853136,0.0014933441961893872
327.03545666535695,-0.0006379114115018221
327.20612333218253,-0.0031013793515358976
327.37678999900817,0.0011223817974065002
327.547456665039,-0.0019201888929933789
327.7181233318647,-0.0004267818509339304
327.8887899986903,-0.006795835188431708
328.0594566655159,-0.004367165692441697
328.2301233323415,-0.002242362597812864
328.40078999757765,-0.0020069480210040225
328.57143333117165,0.012496695209603732
328.74209999799723,0.00992005040251972
328.9127666648229,0.010290004322715344
329.0834333316485,0.011147230933632998
329.25409999847415,0.008285815297907728
329.4247666652997,-0.01654409855827702
329.5954333313306,-0.007448298971487423
329.7660999981562,-0.019325814634322667
329.9367666649818,0.0005542749747237807
330.10742333173755,-0.01807587817287814
330.27808999856313,0.0022243842948126676
330.4487566653887,-0.017105295863139622
330.6194233322144,-0.003213255279814261
330.79008999904,-0.018981184365792964
330.96075666507085,0.006586674910877225
331.1314233318965,-0.014860952474280905
331.30208999872207,0.007802299135611351
331.4727566655477,-0.01465654277902898
331.6434233323733,0.0190924553704751
331.8140899976094,-0.00870296396919138
331.98475666443505,0.014135918147162078
332.15542333126075,-0.012004050552199243
332.3260799980164,0.014640164018593546
332.4967333316803,-0.009368425657021683
332.6673999985059,0.01420943557131538
332.8380666653315,-0.02753091012752252
333.0087333313624,0.008333891202559389
333.17939999818805,-0.021558340909099954
333.3500666650136,0.00648634559382
333.52073333183927,-0.029455172688001217
333.69139999866485,0.011413848328360626
333.8620666654905,-0.003915976037399122
334.0327233322462,0.023324923535439662
334.20338999827703,0.02003080478855372
334.3740566651026,0.04217152671202763
334.54472333192825,0.02807011864963361
334.7153899987539,0.03236849848171871
334.8860566655795,0.03774700069981663
335.05672333240506,0.033811097952601836
335.22738999764124,0.01718533138382008
335.3980566644668,0.0160892887182685
335.5687233312925,-0.00564726034858765
335.7393899981181,-0.006848791883086007
335.9100566649437,-0.034997693231050606
336.0807233317693,-0.026546217153688708
336.2513666653633,-0.040144205850619424
336.4220333313941,-0.03296982267893249
336.5926999982198,-0.03640450997921351
336.76336666504545,-0.03292942292687538
336.9340333318711,-0.03704272352067706
337.1046999986967,-0.04513490969235432
337.27536666552226,-0.03419565928541658
337.44603333234784,-0.03041088314362206
337.61669999837875,-0.006225927424588824
337.78736666520433,-0.009252722231899354
337.9580233319601,0.020184876385684655
338.12868999878566,-0.0025285417608424264
338.2993566656113,0.032459391917426104
338.4700233316422,0.010472608696196265
338.64068999767306,0.0557851191534575
338.81135666449865,0.024651896983628584
338.9820233313243,0.07258170414145954
339.15268999814987,0.018252024515797678
339.32335666497545,0.05428865993815978
339.49399999856945,0.0026668518687950242
339.66466666539515,0.03646050319494716
339.835333331426,-0.011989464352757091
340.00599999825164,0.02275652419516828
340.1766666650772,-0.020007068173889458
340.3473333319028,0.021670287824731144
340.51799999872844,-0.015954976340694236
340.688666665554,0.020301464006535288
340.8593333323796,-0.019716813558800356
341.0299999984105,0.013416463652990094
341.20066666523616,-0.026775553176779883
341.37133333206174,0.0026579144135172013
341.5419999988873,-0.03753552556892045
341.71265666564307,-0.009551094757392645
341.8833233308792,-0.037123573185815176
342.0539899977048,-0.004787701679142036
342.22465666453047,-0.031705856492208334
342.39532333135605,0.0008126814982097199
342.56598999818164,-0.029324181977767354
342.7366566650073,-0.002621739120657657
342.9073233318329,-0.028332050713972712
343.0779899986585,-0.003266898312298304
343.24864333152766,-0.0245543416301254
343.41929999828335,0.004016437854863047
343.58996666510905,-0.01707983522660961
343.7606333319346,0.00544245553895162
343.93129999876027,-0.008150222579237544
344.10196666558585,0.014428700983225727
344.27263333241143,0.0012401481325181997
344.4432999984423,0.019464264242386484
344.61396666526787,0.005253524461282505
344.78463333209356,0.015722832596432597
344.95528999884925,0.001629988442710018
345.12595666567483,0.01362687473442857
345.296623330911,0.005033702507701189
345.4672899977366,0.010793575231293328
345.63795666456224,0.0008220786019672943
345.8086233313878,0.005361382860943957
345.97928999821346,-0.0035582302417658733
346.14995666503904,-0.004786736465818309
346.3206233318646,-0.006665321249080662
346.49128999789554,-0.0016842890590355274
346.6619566647211,0.0003509891000699762
346.8326233315468,0.008144730583592398
347.0032899983724,0.016778759289972425
347.1739333319664,0.02588958363399076
347.344599998792,0.029347695655350732
347.5152666656176,0.03382081239967308
347.6859333324432,0.024793096423291996
347.85659999847405,0.022828819350452157
348.0272666652997,0.014462121268883328
348.1979333321254,0.006737022385526487
348.36859999895097,0.003809352846214991
348.5392666657766,-0.0016838074209988123
348.70992333094284,0.003751833362617616
348.8805899977684,0.0018905022471847669
349.051256664594,0.008133477678393683
349.2219233314196,-0.0030402109570814018
349.3925899982452,-0.006228588613304171
349.5632566650708,-0.0286741178707468
349.73392333189645,-0.01819632591939698
349.9045899979274,-0.0363059476810408
350.075256664753,-0.02351773296028344
350.2459233315786,-0.04220916946535802
350.4165666651726,-0.022564464717363435
350.58723333199816,-0.04209510824271066
350.75789999882375,-0.020556294044343938
350.92856666564944,-0.042192395056519866
351.0992333316803,-0.01725324641442696
351.26989999850593,-0.03705868039364681
351.4405666653315,-0.00610917132139606
351.6112333321572,-0.024026569900119327
351.7818999989828,0.007862011103972427
351.9525666658084,-0.008487561068267766
352.12323333104456,0.02026363751367726
352.29389999787014,-0.006665076170208735
352.4645666646957,0.024163731147110956
352.6352233314514,-0.0018640128497649474
352.80588999827705,0.03174647102249202
352.97655666510263,-1.320369751130932e-05
353.1472233319282,0.03329811692094961
353.3178899979592,0.005989820787058382
353.48855666478477,0.04149625856414253
353.65922333161035,0.007407125654679541
353.829889998436,0.04274695485995241
354.00055666526157,0.013332426831158222
354.1712133320172,0.04750776464337136
354.3418666656812,0.011878693894233638
354.5125333317121,0.04795575353505102
354.6831999985377,0.014873380338432345
354.8538666653633,0.05001283946435404
355.0245333321889,0.01554291782907942
355.19519999901456,0.044447054011860276
355.3658666650454,0.0038390225660916554
355.5365333310763,0.030325002800321885
355.7071999979019,-0.00873648574486148
355.8778566646576,0.01880331695746289
356.0485233314832,-0.021640834514600395
356.2191899983089,0.00305781929039985
356.38985666513446,-0.036858718009061285
356.56052333196004,-0.011962891000304506
356.7311899979909,-0.03437402838507553
356.90185666481653,-0.00925070716550311
357.0725233316422,-0.0332621969047386
357.24318999846776,-0.019510419768754426
357.4138433321317,-0.05479216558807093
357.5844999988874,-0.05516763383695825
357.75516666571303,-0.09036559409408844
357.9258333317439,-0.07902970400447304
358.09649999856947,-0.1027610165635967
358.26716666539517,-0.08562291056430373
358.43783333222075,-0.07101514007642522
358.60849999904633,-0.04676468759068943
358.77916666428246,-0.017071706444060298
358.94983333110815,-0.01092778685898984
359.12049999793373,0.026448505572503864
359.2911666647593,0.01587001983787616
359.4618333315849,0.07618884928658665
359.63249999841054,0.05983222757749728
359.80315666516617,0.10338025580591512
359.97382333199187,0.0715578401597326
360.1444899980228,0.1202702187671738
360.31515666484836,0.0844311774505004
360.48582333167394,0.1205418261187868
360.6564899984995,0.06612802064202053
360.82715666532516,0.08044728739341969
360.997823331356,0.025122546193226375
361.16848999818166,0.03284931816418545
361.3391333317757,-0.01353992899555563
361.5097999986013,0.0014482868120775667
361.68046666542693,-0.035270584719154036
361.8511333322525,-0.0172258452295828
362.0217999990781,-0.051224642757359655
362.1924666643143,-0.026661589370963086
362.36313333113986,-0.060581738068059714
362.5337999979655,-0.032687866791439396
362.7044666647911,-0.06327458955913054
362.8751233315468,-0.03709430334188395
363.0457899983724,-0.06070662021134971
363.216456665198,-0.02728478772065697
363.38712333122885,-0.050360122740986155
363.55778999805455,-0.01590300277113358
363.7284566648801,-0.03685606128178964
363.8991233317057,0.0005524571559313717
364.0697899985313,-0.023625832360516522
364.24045666535693,0.0021083479736324763
364.4111233313878,-0.01890997755247413
364.5817766650518,0.00940051152463158
364.7524333318074,-0.005806569906261347
364.9230999986331,0.018246126576251527
365.0937666654587,0.00587537567073392
365.2644333322843,0.027461815599509914
365.43509999910987,0.015047033543818809
365.60576666434605,0.0280428790870597
365.7764333311717,0.015311981459407133
365.94709999799727,0.024487711361269586
366.1177666648229,0.02037254990644046
366.28842333157866,0.02482126214030555
366.45908999840424,0.022629382107282943
366.6297566652298,0.021386631903445922
366.8004233312607,0.02165783963144963
366.9710899980863,0.014247205953314095
367.1417566649119,0.016195776628077026
367.3124233317375,0.004827404349711406
367.4830899985631,0.0070803278223654205
367.653756664594,-0.007885786025345504
367.82442333141967,0.0001812757035837895
367.99508999824525,-0.013609827823019296
368.1657566650709,-0.004541323760956626
368.3364133318265,-0.019665874167735135
368.50706666549047,-0.006544661280000123
368.6777333323161,-0.02069210638056186
368.8483999991417,-0.009307824867450593
369.0190666643779,-0.026635056366764064
369.18973333120346,-0.012447921969834234
369.36039999802904,-0.027526847672319468
369.5310666648546,-0.00942082759753893
369.7017333316803,-0.022742745595649753
369.87239999771117,-0.0016742322867852528
370.0430566652616,-0.010223987899036367
370.21372333129244,0.008565879842036198
370.3843899981181,-0.002293754921725273
370.55505666494366,0.015001693308457393
370.7257233317693,0.0036386364029471355
370.8963899985949,0.017096892454919566
371.06705666462585,0.006168949430957209
371.23772333145143,0.019938324242116074
371.408389998277,0.008694717893957486
371.57905666510266,0.01934130712078037
371.74969999869666,0.008806061687444453
371.92036666552224,0.01834498209262053
372.0910333323479,0.006383809182888338
372.26169999837873,0.017022399972958905
372.43236666440964,0.007172092786625842
372.6030333312352,0.014879611129343058
372.77369999806086,-0.0005061340183277227
372.9443666648865,0.007146008594928966
373.1150333317121,-0.008020800442180597
373.285699997743,0.000361047655022421
373.45635666529336,-0.014561943896612055
373.62702333132427,-0.0023808220476082744
373.79768999814985,-0.016990862966197694
373.96835666497543,-0.00569106808397488
374.1390233318011,-0.022683613724306675
374.3096899986267,-0.009688911560829567
374.48035666465756,-0.025243447549516688
374.6510233314832,-0.011468900047448537
374.82168999830884,-0.02527076924526946
374.99233333190284,-0.009066322182910133
375.1629999987284,-0.021199250272340053
375.33366666555406,-0.004279432323208219
375.5043333323797,-0.01686123635113048
375.6749999976158,-0.0004233361499162532
375.8456666644414,-0.010320301907777754
376.01633333126705,0.00655075180855578
376.18699999809263,-0.0016630797717582314
376.35766666491827,0.010118772206808886
376.52833333174385,0.004137281144745611
376.69898999849954,0.013935512409527485
376.8696566653251,0.006889257435877939
377.04032333135603,0.016975499463810894
377.2109899981817,0.010160220269567167
377.38165666500726,0.01781950826568665
377.55232333183284,0.0114648877783069
377.72298999865853,0.017246822267382268
377.89365666468944,0.01137109955948647
378.064323331515,0.0188292548846907
378.234966665109,0.012025378514616646
378.4056333319346,0.016389061089495977
378.5762999987602,0.006030094084999096
378.7469666655858,0.00890977512461812
378.9176333324114,-0.0016046545543304247
379.0882999976476,0.005191320099051825
379.2589666644732,0.003927329329388184
379.4296333312988,0.0071125182681570105
379.6002999981244,-0.0009075868782959892
379.77095666488015,0.006136677328776534
379.9416233317057,0.0006752173632100544
380.1122899985313,0.005593906202528551
380.2829566645622,-0.0012193773403010966
380.4536233313878,-0.0013869575270973335
380.62428999821344,-0.008629344396002958
380.794956665039,-0.013924130485214617
380.96562333186466,-0.015645101710372443
381.13628999869024,-0.018079619195502515
381.3069566647212,-0.023735684501563218
381.47760999838516,-0.02703413666608072
381.6482666651408,-0.025120701423632184
381.8189333319664,-0.021992418899098812
381.98959999879196,-0.013639817924603776
382.16026666561766,-0.015054873592183363
382.33093333244324,-0.008883891337734878
382.50159999767936,-0.013732238938925626
382.672266664505,-0.0032776900587444292
382.84293333133064,-0.004137462457531155
383.0135999981562,0.0028275528792637717
383.1842566649119,-0.005082746729970842
383.3549233317375,0.010905292778420724
383.5255899985631,0.0013740715122793283
383.696256664594,0.015882281772802057
383.8669233314196,-2.2561005722133494e-05
384.03758999824527,0.021766830279757666
384.2082566650709,0.0052236368070402465
384.3789233318965,0.025890662260510077
384.54958999792734,0.00064047212846365
384.72024666547776,0.023298315871083962
384.890899998347,0.0003982522432856412
385.06156666517256,0.02801307054271568
385.23223333199815,0.0009562731945436109
385.40289999882384,0.02661862348831506
385.5735666656494,-0.0018043281236296855
385.744233332475,0.024746782718482782
385.9148999977112,-0.006066150661843027
386.08556666453677,0.02071519974831547
386.2562333313624,-0.010602641458667243
386.4268899981181,0.015918021407717753
386.5975566649437,-0.014504374316969404
386.7682233317693,0.011276380571608426
386.9388899985949,-0.018256408639261798
387.10955666462576,0.008993722274658871
387.28022333145134,-0.01633548364458268
387.4508899982771,0.011055024649049925
387.6215566651027,-0.017494225334736525
387.79222333192826,0.005068178569593185
387.9628899979591,-0.021660894933749647
388.13353333234784,0.0010710788249625772
388.30419999837875,-0.022794706331068365
388.47486666520433,7.03074749729983e-05
388.6455333320299,-0.02034421172701485
388.8161999988556,0.0032524600281715996
388.9868666656812,-0.017237737460525253
389.15753333171216,0.0023257218540040504
389.328199997743,-0.017670223596737655
389.4988666645686,-0.000491948136469004
389.6695333313942,-0.017449616562170353
389.84018999814987,-0.0006837588054839427
390.01085666497545,-0.014217561976704958
390.18152333180103,0.002040621501710549
390.35218999862667,-0.008689711753246914
390.5228566646576,0.007084152935202346
390.6935233314832,-0.0014879436243523856
390.8641899983088,0.01282123196535076
391.03485666513444,0.0029830857110051514
391.20552333196,0.01284587500862667
391.376166665554,0.002931239790394762
391.5468333323796,0.010753986841563121
391.7174999984105,0.004000758460469683
391.88816666523616,0.010424215203273237
392.05883333206174,0.004579193636082338
392.2294999988873,0.009867702259701029
392.400166665713,0.004910084836255415
392.57083333094914,0.007830770774936813
392.7414999977747,0.0034969235972341474
392.9121666646003,0.004298477738958114
393.08282333135605,0.0016908479151234643
393.25348999818164,0.002372139070426606
393.4241566650073,0.0016483899643337972
393.5948233318329,0.0007739258834154862
393.7654899986585,0.001705514208264745
393.93615666468935,-8.074222104376861e-05
394.106823331515,0.00231143960332115
394.27748999834057,0.000138659370010456
394.44815666516627,0.0025550922308680067
394.61879999876027,-0.0016294406218850341
394.78946666558585,0.0018553544964982213
394.96013333241143,-0.0032205537295017916
395.1307999984423,0.0019431183839524891
395.30146666526787,-0.0036262791888320273
395.47213333209356,0.0018397599545605836
395.6427999989192,-0.005250781660741129
395.81346666574484,0.0007401724468101829
395.9841333309809,-0.007499954287016712
396.1547899977366,-0.00048719588414689144
396.32545666456224,-0.009556531322387159
396.4961233313878,-0.0013377366065167315
396.66678999821346,-0.010663646685716973
396.83745666503904,-0.0010508407101685595
397.0081233318646,-0.010787440021653702
397.17878999789554,0.0003679105359154906
397.3494566647211,-0.009467933134975131
397.5201233315468,0.0019380877858624812
397.6907899983724,-0.00890047778167065
397.86144333203634,0.0026815874001513166
398.032099998792,-0.008774173499771191
398.2027666656176,0.0032569548316760703
398.3734333324432,-0.008656505583535958
398.54409999847405,0.004151654103846161
398.7147666652997,-0.00792544244233734
398.8854333321254,0.005794604795335014
399.05609999895097,-0.006190902011679499
399.2267666657766,0.007903714372738325
399.39743333101273,-0.0042883134083134995
399.5680899977684,0.009936840351025517
399.738756664594,-0.003001638609710817
399.9094233314196,0.011025985109315444
400.0800899982452,-0.002429989582481157
400.2507566650708,0.0115369784944229
400.42142333189645,-0.0020673391261792455
400.5920899979274,0.012180387332837737
400.762756664753,-0.0012045238529734272
400.9334233315786,0.012749683390790531
401.10407999833427,-0.0013076576640734564
401.27473333199816,0.012173111020212221
401.44539999882375,-0.0019927207466249996
401.61606666564944,0.011509152941425281
401.7867333316803,-0.002842661435178609
401.95739999850593,0.010762958807362487
402.1280666653315,-0.0033598398864849908
402.2987333321572,0.009864702019506367
402.4693999989828,-0.004684829561835072
402.6400666658084,0.008239880679151594
402.8107233309746,-0.006754013541644005
402.9813899978002,0.0057150275757906245
403.1520566646258,-0.00840755237744207
403.3227233314514,0.004467670984163536
403.49338999827705,-0.008688710856658465
403.66405666510263,0.0042864054224152496
403.8347233319282,-0.008517590719041554
404.0053899979592,0.0038896575177656116
404.17605666478477,-0.00879084816136322
404.34672333161035,0.0029516201502853166
404.51736666520435,-0.009676380235930537
404.68803333202993,0.0015279991233650553
404.8586999988555,-0.010355512776778238
405.0293666656812,0.0006384841814216031
405.2000333317121,-0.01098706112501736
405.3706999985377,5.554542421560111e-05
405.5413666653633,-0.010451363618260961
405.7120333321889,0.0002631337237829451
405.88269999901456,-0.010027509264152589
406.0533666650454,0.0006498251523559246
406.2240233310064,-0.00916240390981265
406.39468999783196,0.0008991473530315352
406.5653566646576,-0.007932303561799834
406.7360233314832,0.0015165529166117128
406.9066899983089,-0.0070213334158276495
407.07735666513446,0.002504932914569841
407.24802333196004,-0.005292416264149293
407.4186899979909,0.0038450945939176536
407.58935666481653,-0.004022739830445058
407.75999999841054,0.004057120844846915
407.9306666652361,-0.0030856679514040582
408.1013333320617,0.005197945691506062
408.2719999988874,-0.0010925264635030297
408.44266666571303,0.007191689604978265
408.6133333317439,0.0012274319692932403
408.78399999856947,0.008667057317717093
408.95465666532516,0.003681296482832842
409.12532333215074,0.009482492717041985
409.29598999897644,0.0037551806175433523
409.4666566642125,0.008747033698235016
409.63732333103815,0.003645239968974287
409.80798999786373,0.00755266890375725
409.9786566646894,0.002466433425122938
410.149323331515,0.007202279256340804
410.3199899983406,0.0027775597255505187
410.49063333193465,0.006664760949115286
410.6612999987602,0.0026809871119845537
410.8319666647911,0.0057096530125739925
411.0026333316167,0.002226763711878784
411.1732999984423,0.00468891408741536
411.3439666652679,0.0011832510026775554
411.5146333320936,0.003057488810527414
411.68529999891916,-0.0002570075325909953
411.85596666574475,0.0011183010370843446
412.02662333170576,-0.0018212276413656038
412.19728999853135,-0.0007621025180999684
412.367956665357,-0.003150136155523051
412.53862333218257,-0.002584371699764234
412.70928999900815,-0.0045140015874069956
412.87995666424433,-0.004505985602312626
413.05062333106997,-0.00584126895471316
413.22128999789555,-0.005383875289848347
413.39195666472114,-0.006198201136752707
413.56262333154683,-0.0063231844645902395
413.7332766652107,-0.006575542196461229
413.9039333319664,-0.006548367712350253
414.0745999979973,-0.006585215131996961
414.2452666648229,-0.006582958242764509
414.4159333316485,-0.006076349101669826
414.58659999847407,-0.00673549258504706
414.7572666652997,-0.005252775697288049
414.9279333321253,-0.00612532026988371
415.098599998951,-0.004083304177839755
415.26926666577657,-0.004800328298644834
415.4399233317375,-0.002031934362442595
415.6105899985631,-0.003474447173505044
415.7812566653887,-1.9640568371179584e-05
415.9519233322144,-0.00166099379641606
416.12258999904,0.00204389817867026
416.2932566642761,-1.683596274833842e-05
416.4639233311017,0.0041880433374045555
416.63458999792726,0.0011272073547890387
416.80525666475296,0.005456892082807045
416.97591333150865,0.0019171553464729769
417.1465666651726,0.006415508673598155
417.3172333319982,0.002476953633669661
417.4878999980291,0.007132333861664892
417.6585666648547,0.002899405189569475
417.82923333168026,0.008011198805882918
417.99989999850584,0.00337982752674015
418.1705566652616,0.008965690571042479
418.3412233320872,0.0042473375750641945
418.5118899989128,0.010620904587279925
418.6825566649437,0.004895235025036756
418.85322333176936,0.011329651123972197
419.02388999859494,0.004943201869865686
419.1945566654205,0.01119445137558806
419.3652233322461,0.0042764003591807325
419.5358899990717,0.010423550631633992
419.706546664238,0.0020752285652552455
419.87719999790187,0.008141980952453099
420.04786666472745,-0.0008026589589270702
420.21853333155315,0.00482777454700705
420.38919999837873,-0.004003819865200175
420.55986666520437,0.002449707179630749
420.73053333202995,-0.006835091917174995
420.90119999806086,-0.00015906404789211583
421.0718666648865,-0.010324735075003148
421.2425333317121,-0.0032818767717294104
421.4131899984677,-0.013731679977730976
421.5838566652934,-0.006139465227415951
421.754523332119,-0.01742472603794209
421.92518999894463,-0.008495965182829229
422.0958566649755,-0.019273711785058417
422.26652333180107,-0.010051607661504078
422.43718999862676,-0.018365445213815276
422.60785666545235,-0.006085330273782905
422.7785233322779,-0.014559148042501356
422.9491766651471,-9.863394520945002e-05
423.119833331108,-0.010450820211627486
423.2904999979337,0.005330119456826038
423.4611666647594,-0.008135022674492315
423.63183333158497,0.008762408997951736
423.80249999841055,-0.0035703703857208184
423.97316666523614,0.015413114111740286
424.1438233319918,0.002376670971143937
424.3144899980227,0.019807069660921217
424.4851566648484,0.005259275186298297
424.65582333167396,0.020355449382084792
424.82648999849954,0.004229332064360822
424.9971566653252,0.015951378917385833
425.16782333215076,-0.0005347311304450212
425.33848999897634,0.010358435169889373
425.50915666500725,-0.003464652972054927
425.6798099978764,0.006747574579587283
425.8504666646321,-0.005659242419822417
426.0211333314577,0.004612963246837481
426.1917999982834,-0.00711238932368455
426.36246666431424,0.0019382997885645228
426.5331333311398,-0.008456440839366332
426.7037999979655,7.207550749001639e-05
426.8744666647911,-0.008167791837882578
427.0451333316167,0.0005749333588888135
427.2157999984423,-0.007232114818956421
427.38645666519795,0.0011089789680988474
427.55712333202365,-0.006061808086726492
427.7277899980545,0.0015953800248017765
427.8984566648801,-0.0047538711911481015
428.06912333170567,0.002723837574215155
428.23978999853136,-0.003350464463340422
428.410456665357,0.004290496948482315
428.5811233321826,-0.0017645440542719995
428.75178999900817,0.004716816984821389
428.922456665039,-0.0004993400743788589
429.09309999783835,0.005226035851673724
429.26376666466393,0.0005198103761002835
429.4344333314895,0.0044656246702422155
429.6050999983152,0.0009063899495145879
429.77576666434607,0.00415209015505288
429.94643333117165,0.0008998645494920972
430.11708999792734,0.00253826188832316
430.2877566647529,0.001101647385235486
430.4584233315785,0.0018479576920273125
430.6290899984042,0.00135844942324126
430.7997566652299,0.0021839921517850637
430.97042333126063,0.0021844333460675725
431.14108999808633,0.0024506565131253463
431.3117566649119,0.00306844961938494
431.4824233317375,0.0020176583377147727
431.6530799984932,0.0026137526191222955
431.8237333321571,-0.00039649387844687106
431.9943999989828,0.0011680548660767845
432.16506666580835,-0.0035961716641595286
432.3357333310445,-0.0013635949086909225
432.50639999787006,-0.0059073123828305135
432.67706666469576,-0.002344590483155111
432.84773333152134,-0.007736102823242606
433.01839999834704,-0.0027542008610952347
433.1890666643778,-0.007246826585109985
433.3597233319283,-0.0030452380219231417
433.53038999795916,-0.008294687641691592
433.70105666478474,-0.004336663159452956
433.8717233316103,-0.010073574444747938
434.042389998436,-0.004396855265322316
434.2130566652616,-0.009769930166935743
434.38372333129246,-0.0031703008656649594
434.55438999811815,-0.009219026658218613
434.72505666494374,-0.0030899877257163097
434.8957233317693,-0.0055363143103788
435.0663666653633,0.0018645978634265258
435.2370333321889,0.001447218677857526
435.4076999990145,0.0060262659974876205
435.57836666504534,0.003649268237623941
435.7490333310763,0.00762657215024456
435.919699997902,0.005971520449439502
436.09036666472747,0.008997946992835527
436.2610233314832,0.005920965391392229
436.4316899983088,0.008326193458525945
436.60235666513444,0.004757734247989067
436.77302333196,0.009120319421715175
436.9436899979909,0.0046536252935356435
437.11435666481657,0.007654692115984155
437.28502333164215,0.00037797385640365907
437.45568999846773,0.004529502852330625
437.62635666529343,-0.0018704280223464913
437.7969999988874,0.004924480110737769
437.96766666571295,-0.0011448303999722336
438.1383333317438,0.00491034799230772
438.30899999856956,-0.0015363067067367525
438.47966666539514,0.00535533606391865
438.6503333322207,-0.0019483287199342225
438.8209999990463,0.0041552528972769315
438.99166666428255,-0.0037914450953597622
439.16233333110813,0.002670291104967534
439.3329999979337,-0.0046131019811362535
439.50365666468934,0.0028709351513724972
439.674323331515,-0.004720114880162486
439.84498999834057,0.0017487158095518167
440.01565666516626,-0.007181709490834402
440.18632333199184,-0.00013586367984931488
440.3569899980227,-0.009730451164249585
440.52763333161676,-0.0018501276755057605
440.69829999844234,-0.010379953815904657
440.8689666652679,-0.000580796020919218
441.03963333209356,-0.006810154131119386
441.21029999891914,0.002197388626843755
441.3809666657447,-0.004893573330061691
441.5516333317757,0.0032004901744755263
441.7222999986013,-0.002664392923077209
441.89296666542685,0.0028979532983048712
442.0636233321826,-0.00314239768127953
442.2342899990082,0.0035821673353120037
442.4049566642443,-0.002614807069940941
442.5756233310699,0.002661282358411352
442.7462899978956,-0.0045032568907448205
442.91695666472117,0.0010682409337078088
443.0876233315468,-0.006468138924906732
443.2582899983724,-0.0002091080575123808
443.428956665198,-0.0068371719353525155
443.59962333122894,1.7624135046424038e-05
443.77027666489283,-0.006756962013489605
443.9409333316486,0.0007207928937418407
444.11159999847416,-0.004649818559617986
444.28226666529974,0.0024995357466949
444.4529333321253,-0.0015413657931969923
444.6235999989509,0.004393167603641426
444.7942566657066,0.0013465354247161265
444.96492333173757,0.0062998416694433615
445.13558999856315,0.002413644727109419
445.30625666538873,0.006558561629242613
445.4769233322143,0.003903806840363028
445.64758999903995,0.008519513901080933
445.81825666427613,0.005240203480431819
445.9889233311018,0.007746522580347687
446.1595899979273,0.003035964590558258
446.33025666475294,0.00505724424868364
446.5008999983469,0.0007785051590242377
446.6715666651726,0.0030599186345091605
446.8422333319983,-0.0028075928185411865
447.0128999980291,0.0008460311997375845
447.1835666648547,-0.00336501256280796
447.3542333316803,0.00014281257517168518
447.52489999850593,-0.004072352988263747
447.6955666653315,-0.0004970571009961705
447.8662333321571,-0.002971198369042866
448.0368999989827,-1.4692608703597444e-06
448.2075566649437,-0.0024160634643542907
448.3782233317694,0.0008292821658356515
448.548889998595,-0.0013348034492963179
448.71955666542055,0.0011226366657575996
448.8902233322462,-0.0020989574302350106
449.0608899990718,-0.0009132522826901307
449.23154666423795,-0.0033299913532288546
449.4021999979019,-0.001321014515600692
449.57286666472754,-0.002281703687062663
449.7435333315531,0.00029244858269120367
449.9141999983787,-6.973424077129072e-05
450.0848666652043,0.00131698721605619
450.25553333203,0.0010465875356351223
450.42619999806084,0.0018093050938402088
450.59686666488653,2.4008175824660093e-05
450.7675333317121,-0.000233037700021168
450.9381899984677,-0.0023193283159549266
451.1088566652934,-0.001720552509363996
451.27952333211897,-0.0025671514818309603
451.45018999894455,-0.0011069561224553055
451.6208566649754,-0.0008873624537583747
451.7915233318011,-0.000442491515667516
451.96218999862674,-0.0008251155033401506
452.1328566654523,-0.00010131347314823625
452.3035233322779,0.00022836832183327607
452.47416666507723,-0.0003053153290899119
452.6448333311081,8.011316351140314e-05
452.81549999793367,-0.0002180256588925168
452.98616666475925,-0.0001177563662357045
453.15683333158483,-0.0010124208438822822
453.32749999841053,-0.0014920249059871568
453.4981666652362,-0.001366006268043878
453.6688233319918,-0.000890769276281791
453.8394899980227,-0.001154236101560252
454.01015666484835,-0.0002882583338670613
454.18082333167393,-0.000648010501653148
454.3514899984995,0.0011029011375088683
454.5221566653252,0.0017245502860512
454.6928233321508,0.0018513607636647025
454.8634899989764,0.0005201385028704704
455.03415666500734,0.0006100499853237373
455.2048099978765,-0.0001450082562950629
455.37546666463214,0.0010013376837767882
455.5461333314578,0.0001812521357855442
455.71679999828336,0.0006449496507909113
455.8874666643143,-0.000567352187058939
456.05813333113986,0.001409022400757199
456.2287999979655,0.0008920575525967502
456.3994666647911,0.0032341375416373476
456.57013333161666,0.0018534221800173246
456.74079999844236,0.003125665242730604
456.911456665198,0.00036741199950599565
457.08212333202357,0.002136022466974236
457.2527899980545,-0.0007264050896229529
457.42345666488006,0.0009043103234990046
457.59412333170576,-0.0005360385573611812
457.76478999853134,0.0031598671023871164
457.93544333219523,0.0008105133522546311
458.106099998951,0.0028128253272770723
458.27676666577656,-0.0017175920990548446
458.4474333310127,-0.0002039412764048703
458.6180999978384,-0.0031773875639543774
458.78876666466397,-0.0011018035060658335
458.95943333148955,-0.004546061085679112
459.1300999983152,-0.0015830154180622579
459.30076666434604,-0.00378456699885544
459.4714333311716,0.0002865738956288626
459.64208999792737,-0.0023731929888192883
459.81275666475295,0.0006928114987086415
459.9834233315786,-0.002432225958491611
460.1540899984042,0.00237446868496641
460.32475666522976,-0.0008082626304692265
460.49542333126067,0.0032817027271832043
460.66607999881114,-0.00032656630022876956
460.83673333168036,0.003341392356063131
461.00739999850595,-0.0006181266392836297
461.1780666653315,0.001895394673070145
461.3487333321571,-0.001870637305190093
461.5193999989827,0.002613405034562479
461.69006666580833,-0.00015569060258467096
461.8607333310445,0.0020957613539707423
462.03139999787015,-0.0035801857031070457
462.20206666469574,-0.0017529881587245043
462.37272333145137,-0.004213315762596497
462.54338999827706,-0.00030180824707131765
462.71405666510265,-0.0023502086519347804
462.8847233319282,0.0008635156545929867
463.0553899979592,-0.00254227264382383
463.22605666478466,0.00012767510155766655
463.3967233316104,-0.0027650532895584115
463.567389998436,-7.327176459557984e-05
463.7380566652616,-0.0013174932836845215
463.9087133320173,0.0030488125663025376
464.0793666656812,-3.712030417508515e-05
464.2500333317121,0.0034655689966120833
464.42069999853777,-0.0002382841925768039
464.59136666536335,0.0034687343196017333
464.76203333218893,-0.00021493893516604448
464.9326999990145,0.002895241309031437
465.1033566649755,-0.0016982467709424909
465.27402333100633,0.001363715369839292
465.4446899978319,-0.0022171511227023406
465.6153566646575,0.0017826045187651581
465.7860233314832,-0.0018610568124716143
465.9566899983089,0.002618026042107537
466.12735666513447,-0.0014424515156736275
466.29802333196005,0.0027355416104264726
466.4686899979909,-0.0020368050759345248
466.6393433316549,0.0016779523383988885
466.8099999984105,-0.0029980467098551854
466.9806666652362,0.0012085481653288724
467.15133333206177,-0.00277632201419642
467.32199999888746,0.001623612657560709
467.49266666571305,-0.0030477731231016115
467.6633333317439,0.00122619302783573
467.83398999849953,-0.003210132002538864
468.0046566653251,0.0027304667385895953
468.17532333215075,-0.0011241615496118647
468.34598999897645,0.00479183319375693
468.5166566642125,-0.0005226555732474456
468.68732333103816,0.004388063312620901
468.85798999786385,-0.0010789002514013098
469.02865666468944,0.0037878922276586777
469.199323331515,-0.0015422349210494617
469.3699766651789,0.0036231906977237842
469.5406333319346,-0.0013091169706186672
469.7112999987602,0.003542697784340152
469.88196666479115,-0.0013245817723730997
470.05263333161673,0.003407738707329443
470.2232999984423,-0.0018089692285106597
470.3939666652679,0.0032308485194088815
470.56462333202364,-0.0018848808672090199
470.7352899988493,0.0017007167986350124
470.90595666567486,-0.0031651465598402533
471.0766233317057,0.000758560258538191
471.2472899985313,-0.003346546028354054
471.417956665357,0.00032144376536768625
471.5886233321826,-0.003111034772475106
471.75928999900816,0.001069062597728285
471.9299566642443,-0.0018207010587668387
472.10062333107,0.002092574704449251
472.2712666646639,-0.0013689272656376532
472.4419333314895,0.0007611827501123523
472.6125999983152,-0.0027265649463931643
472.7832666651408,-0.00047008438671937186
472.9539333319664,-0.0025256305917002657
473.1245999979973,-0.0006248214758151053
473.29526666482286,-0.002407438395080599
473.46593333164856,-0.00017798007933981583
473.636599998474,-0.0019149587721624785
473.8072566652298,-0.00022085544310671741
473.9779233320554,-0.002183986556622389
474.148589998881,-0.0006830850689727149
474.3192566657067,-0.0021697176298446225
474.48992333173754,-0.00154232602438231
474.6605899985631,-0.002141839594645993
474.8312466653189,-0.0017880439840140382
475.00189999818804,-0.002066349109906249
475.1725666650136,-0.0013199955686920436
475.3432333310445,-0.0005557232023759903
475.51389999787006,0.0004597100833061626
475.68456666469575,0.0013283608814979393
475.8552333315214,0.0020381002259947057
476.025899998347,0.0024862148780599135
476.19656666517255,0.0025565436632524943
476.36723333199814,0.002281081647127826
476.53788999795916,0.001592195952566482
476.70855666478474,0.0014555989603147264
476.87922333161043,0.000190677239948886
477.049889998436,0.0012621423323850344
477.2205566652616,0.00029871780028339884
477.3912233320872,0.0022396060068723394
477.56187999884287,0.0014499901569383182
477.73253333171203,0.0031882307400081284
477.90319999774295,0.0021254289325480058
478.0738666645686,0.0037513607877571694
478.2445333313943,0.0019188047795916255
478.41519999821975,0.0035154536422226526
478.58586666504544,0.0010956398208021264
478.7565333310763,0.002433013596861682
478.9271999979019,-0.0005699647163896348
479.0978666647276,0.001560722984077542
479.26852333148315,-0.0016763281537490397
479.43918999830885,0.0012204051024451996
479.60985666513443,-0.0018334071816940632
479.78052333196,0.001892744125074923
479.951189997991,-0.001593814219188167
480.12185666481656,0.0013987837408315305
480.29250999848045,-0.002621032540218627
480.4631666652361,0.00035928062795904817
480.63383333206184,-0.004778423081432422
480.8044999988874,-0.0013997260092099566
480.975166665713,-0.0061933641185175446
481.14583333094913,-0.0016449714224441626
481.3164999977748,-0.006102552286130423
481.4871666646004,-0.0011225525836651724
481.657833331426,-0.005234715191893428
481.8284999982516,-0.0005107658648734152
481.99916666507727,-0.004888944598885858
482.16982333183284,-0.00031284573552265365
482.34048999865854,-0.004490826871202347
482.5111566646894,0.0002699768723380119
482.681823331515,-0.0035227057643319112
482.85248999834056,0.0014410220785140131
483.02314333200457,-0.002670034362452929
483.1937999987602,0.00189253070828931
483.36446666558584,-0.002714440308040726
483.5351333324114,0.0019525163477135921
483.70579999844233,-0.0016057600496192257
483.87646666526797,0.0036975960394709153
484.04713333209355,0.001120583269146859
484.21779999891913,0.005481865877307105
484.38846666574483,0.0025587448790188793
484.5591333309809,0.0061304224584398555
484.7297899977366,0.0023162085283076456
484.90045666456217,0.005556403931619477
485.07112333138787,0.0013296357464930699
485.24178999821345,0.004611835637063133
485.4124566650391,0.0005246191282442965
485.58312333186467,0.00440950871476749
485.7537899978955,0.0004338068022894828
485.9244566647212,0.004042646088409069
486.0951233315468,-0.0002466636105629674
486.2657899983724,0.0031723784709400166
486.43643333196644,-0.0008331461909880321
486.607099998792,0.002119470162428386
486.7777666656176,-0.0022460701325538934
486.9484333324432,0.0005831293777666594
487.1190999984741,-0.0036684547058224008
487.2897666652997,-0.00041625189527720515
487.4604233320554,-0.003221147438386217
487.631089998881,0.0009703468842597636
487.8017566657066,-0.0013020591319071674
487.9724233309427,0.0011925190558773164
488.1430899977684,-0.0020434422906307702
488.31375666459405,0.00010692275234733355
488.4844233314196,-0.0033395636114280118
488.6550899982452,-0.0007113840496568537
488.8257566650708,-0.0039664700893503515
488.99641333182643,-0.00169684811052678
489.1670666646958,-0.004116440817852564
489.3377333315214,-0.001276539648687004
489.508399998347,-0.003130035970502768
489.67906666517257,-0.0002652204114815785
489.8497333319982,-0.0016162944829948695
490.0203999988238,0.0005548987401542189
490.19105666557954,-0.0006065742925473559
490.3617233316103,0.0009856928089425796
490.532389998436,-0.0009048811798798977
490.70305666526167,0.0004124612708078724
490.87372333208725,-0.001054709084934379
491.04438999891283,-0.00024696607430148315
491.2150566657385,-0.0011932181630821535
491.38572333097454,-0.00034616673423119794
491.55638999780024,-0.0010494051284168648
491.7270566646258,-1.875929211105503e-05
491.8976999982198,-0.000702233483308151
492.0683666650454,0.0005363367650197894
492.239033331871,0.0005187981895693019
492.40969999869657,0.001214276660051314
492.58036666472753,0.001265644599997389
492.7510333315531,0.0016798688987353409
492.9216899983088,0.0015822871761851862
493.0923566651345,0.001292124674593906
493.26302333195997,0.0016369229073398448
493.43368999878567,0.0011034263240007802
493.60435666561125,0.0014752012411097352
493.7750233316421,0.0010049666692835335
493.9456899984677,0.001288583263539576
494.1163566652934,0.001093703814527005
494.287023332119,0.001477111133347818
494.45767666498824,0.0013729655554179123
494.6283333317439,0.0017530709164328814
494.7989999977748,0.0008792177067605709
494.96966666460037,0.0006235597717256561
495.14033333142595,-0.00044643774127270153
495.31099999825153,-0.0012517481717909042
495.4816666650771,-0.0016403932866328273
495.6523333319028,-0.0014616330256584076
495.8229899986585,-0.0006821561160237956
495.9936566646894,0.00014426993900658889
496.164323331515,0.0004290921957005553
496.33498999834063,0.0007639258480084741
496.5056566651662,0.000415405593676828
496.6763233319918,0.0013617192556137367
496.8469899988175,0.0008531414853530944
497.0176566656431,0.0015343788716399847
497.1883233316739,0.0002777390893595103
497.35896666447326,0.0004927481089595197
497.52963333129884,-0.00029224286065468387
497.7002999981244,0.0004925192602767937
497.87096666495006,1.3539074577511803e-05
498.04163333098097,0.0007416364084907219
498.21229999780655,-0.00016768886104820814
498.38295666456224,-8.027447499257211e-05
498.5536233313878,-0.001358059095418135
498.7242899982134,-0.001866446832227709
498.8949566650391,-0.003290579718370631
499.0656233318647,-0.004233140548506356
499.23628999869027,-0.004330125319595998
499.4069566647211,-0.004456071681861323
499.57762333154676,-0.003776726275640525
499.74828999837234,-0.00257736355618677
499.91895666519804,-0.001281464195078359
500.089599998792,0.0005057189379815193
500.2602666656177,0.000798477133553901
500.43093333244326,0.002311154285307134
500.6015999976794,0.0007575066798233324
500.77226666450497,0.0012505931562466885
500.94293333133066,-0.00014294106602235886
501.11358999808624,0.0007994272973938652
501.2842566649118,-0.0004338540006595709
501.4549233317375,0.0009704775746178828
501.6255899985632,-5.069460046418609e-05
501.79625666459407,0.0018752291125711871
501.96692333141965,0.0010529322224487692
502.13758999824523,0.0029433289035004015
502.30825666507087,0.0018961088197989437
502.47892333189645,0.004096536300928065
502.6495799986522,0.002006123276491879
502.8202333323161,0.003831743184946663
502.99089999834706,0.0010129971551233014
503.16156666517264,0.002377406609473371
503.3322333319982,-0.0007033630762089475
503.5028999988238,0.0006577653012796369
503.6735666656494,-0.0016925852603467586
503.8442233324051,-3.434959224282905e-06
504.01488999764126,-0.002068757204591378
504.18555666446684,-0.0002666924108536284
504.3562233312925,-0.0023690373529025397
504.52688999811807,-4.473426558897299e-05
504.69755666494365,-0.0020760883795478153
504.86822333176934,0.0003817287807170918
505.0388899985949,-0.0015776078706595713
505.2095566646258,0.001155692219572523
505.3802233314515,-0.0010456864010890854
505.5508666650454,0.0015044231731540579
505.72153333187106,-0.00120499413164061
505.89219999869664,0.0010225960466487705
506.0628666655222,-0.0012453450733416669
506.2335333323479,0.0013213263326737924
506.4041999983788,-0.0008321403878766341
506.57485666513446,0.0016092718550919597
506.74552333196004,-0.0009106909792966633
506.9161899987856,0.0009943632578171765
507.0868566656113,-0.0015760074168365574
507.2575233316422,0.0001226411806965249
507.42818999767303,-0.002480348407552044
507.5988566644986,-0.0002682464370843686
507.7695233313242,-0.0022886941303412647
507.9401899981498,-0.0001698337151969027
508.1108433318139,-0.0017750458559319007
508.28149999856953,0.00013581419678700173
508.4521666653951,-0.001620788236403926
508.62283333142597,-0.00011433203686823748
508.7934999982516,-0.0012988550906659721
508.9641666650772,0.0006333789317280348
509.13483333190277,-0.0004212892024695636
509.30549999872846,0.0017659048549234515
509.4761566654841,0.0004107514698690971
509.64682333230974,0.0014122733750438052
509.81748999834065,0.0002644361508481091
509.98815666516623,0.0011586281732183993
510.1588233319918,0.00011155552656777102
510.3294899988174,0.0004895741776287542
510.50015666564303,-0.00010778311714210311
510.6708233308792,-6.340806011707277e-06
510.8414899977048,-0.0002804711760817066
511.0121333312988,0.00035873906862370606
511.1827999981244,0.00034982654400154186
511.3534666649501,0.0009480797854575411
511.52413333177566,0.0006880168364242252
511.69479999860124,0.0015074052107692912
511.8654666654269,0.0008154725924320368
512.0361233313878,0.0006091199561405725
512.2067899982135,-4.145194102002424e-05
512.3774566650391,-9.22589651109186e-05
512.5481233318646,-0.0007559813203906158
512.7187899986902,-0.0005177591838771226
512.8894566655159,-0.0003854555580793925
513.0601233323416,0.00012771432381401403
513.2307899983723,0.0006314065618987141
513.401456665198,0.0010504003449568697
513.5721233320237,0.0009336073752293792
513.7427666648229,0.0006703487611419458
513.9134333316485,-1.7227897006293577e-05
514.0840999976795,-0.0002811311848724218
514.254766664505,-0.000609476421937778
514.4254333313306,-0.0013362223607653355
514.5960999981562,-0.0009653817682517773
514.7667566649119,-0.0014084056265490353
514.9374233317375,-0.0009307947679574036
515.1080899985631,-0.0010216902356263056
515.278756664594,-0.00029963580768851045
515.4494233314197,-0.00023496912626421641
515.6200899982452,0.00029674019450835786
515.7907466650009,-7.143486499782514e-05
515.9613999986649,0.00020304798804630727
516.1320666654905,-0.00028042280563496505
516.302733332316,5.615061259632577e-05
516.4733999991417,-0.00019018304219194928
516.6440666643778,-3.054692708751732e-05
516.8147333312035,4.003039934349797e-05
516.985399998029,0.0008130520718608063
517.1560666648547,0.00042618868570790753
517.3267333316803,0.0013083219951793405
517.4973899984359,0.000993879667914113
517.6680566652616,0.0009250497125559646
517.8387233312924,0.000381253624156468
518.0093899981181,0.000546829410740721
518.1800566649438,-0.0004260735722050342
518.3507233317694,-0.00020958930131411403
518.521379998525,-0.0009635546932005206
518.6920333321889,-0.0003440736003191443
518.8626999990145,-0.0010089028362967373
519.0333666650454,-0.00030638772467224586
519.2040333318711,-0.0010611273095077214
519.3746999986967,-0.00016826892713585491
519.5453666655222,-0.0006241912890670098
519.7160333323479,-0.00010815039788017842
519.8866999983787,-0.0008301275125574777
520.0573666644096,-4.958003913359453e-05
520.2280233311652,-0.0012691781414885179
520.3986899979909,-7.190642754529618e-05
520.5693566648166,-0.0009814469977347366
520.7400233316421,0.00012395028061419624
520.9106899984678,-0.0005098616612484356
521.0813566652934,0.0007746677295745138
521.2520099981626,0.00014690175228733782
521.4226666649183,0.0009488565650241075
521.5933333317439,-4.808583144158274e-05
521.7639999985695,0.0007877216464641352
521.9346666653951,-2.0205395982891073e-05
522.1053333322208,0.0008478643763834939
522.2759999990463,0.0005094448458615906
522.4466666650771,0.001301859171374816
522.6173333319027,0.0006378303166107955
522.7879999987284,0.0015270667000048942
522.9586666655539,0.0009608288401074313
523.1293233323097,0.0013688819314224012
523.2999899975459,0.000778877105236018
523.4706566643714,0.0013058061318392692
523.6413233311971,0.0004451798966515619
523.8119899980227,0.0011104383496142087
523.9826433316867,-0.0003365356270552236
524.1532999984423,0.0004905687734419573
524.323966665268,-0.0006214470077231795
524.4946333320936,-3.148881096735035e-05
524.6652999981245,-0.0013742902851849425
524.8359666649501,-0.0009002300471667663
525.0066333317757,-0.002065665383748203
525.1772999986013,-0.0011290526466911032
525.3479666654268,-0.0012409516875317788
525.5186333322524,-0.00023132849039509635
525.6892899990082,0.0001726250593778985
525.8599566650391,0.0006271604092132739
526.0306233318647,0.0012281167461351012
526.2012899986903,0.0016866346463223544
526.3719566655159,0.0011944448111440692
526.5426233323415,0.00105487377640345
526.7132899975776,0.00019370705475776285
526.8839333311716,-0.0003262443619075994
527.0545999979973,-0.0013496405378837007
527.2252666648229,-0.0015297648395565617
527.3959333316485,-0.0022678818245957964
527.5665999984742,-0.0015639555364257815
527.7372666652998,-0.0013633313543728318
527.9079333313306,-0.0008690966421494082
528.0785999981563,-0.0008435619871280377
528.2492666649817,-0.0005006126430704888
528.4199233317374,-0.0004603720680827773
528.590589998563,-0.000559444397205119
528.7612566653888,-0.000352981346809956
528.9319233322144,-0.000602257447339337
529.10258999904,-1.7133386525407997e-05
529.2732566650709,-0.0004010262100322598
529.4439133318265,0.0001968135007256129
529.6145666646958,-0.0004719886373734832
529.7852333315213,0.0001378041565214101
529.955899998347,-0.0005838683173085333
530.1265666643778,-4.5751759877623385e-05
530.2972333312034,-0.00012657372586831478
530.467899998029,0.000714152217311317
530.6385666648547,0.00049226228582388
530.8092333316804,0.001516264831884383
530.979899998506,0.0007593968369760831
531.1505566652615,0.0013917080199578236
531.3212233312925,0.00017416685404565908
531.491889998118,0.0010030346794598953
531.6625566649437,-0.00017416003516207917
531.8332233317693,0.0009404220707352696
532.003889998595,0.00010329175382285616
532.1745466653506,0.0012113482444955697
532.3451999990145,4.991254076253508e-05
532.5158666650453,0.0009768488864475525
532.6865333310764,0.00017725485691919755
532.857199997902,0.0011559426978980587
533.0278666647275,0.00027498147301408346
533.1985333315531,0.0014333039557780324
533.3691899983088,-2.9256444133917983e-05
533.5398566651345,0.0010103664353927665
533.7105233319601,-0.00028244111058946036
533.8811899979909,0.0007316499946866475
534.0518566648165,-0.0006196682540473096
534.2225233316422,0.00047129738183788273
534.3931899984678,-0.0002934178903346321
534.5638566652934,0.0005327930056264774
534.7345233313242,-0.0006577313540312226
534.9051766649882,-2.6682519286199906e-05
535.0758333317439,-0.0009471998801580284
535.2464999985693,0.00018952312532927144
535.417166665395,-0.001014755548287655
535.5878333322207,3.912278373039626e-05
535.7584999990463,-0.0010058671293953138
535.9291666642824,0.000124497787351432
536.0998233310381,-0.0009686315550040106
536.2704899978638,0.00022311896048709298
536.4411566646894,-0.0009107025177516139
536.611823331515,0.00031181798678228375
536.7824899983407,-0.0008811205502996009
536.9531566651663,0.0004580490901460561
537.1238233319918,-0.00099967336697462
537.2944899980228,-0.00020480965239585774
537.4651566648483,-0.001102557243050695
537.6358099985122,-0.00034568494889783413
537.8064666652679,-0.0011148778650087268
537.9771333320936,4.179411469962721e-05
538.1477999989193,-0.0007923427074471762
538.3184666657447,0.000511681129965555
538.4891333317757,-0.0005432587139542223
538.6597999986013,-2.410742973919207e-05
538.8304566653569,-0.0005994063610646598
539.0011233321826,0.00027499315866568824
539.1717899990083,-0.0005811644946122301
539.3424566642443,0.0002574156057746309
539.51312333107,-0.0004687321103843281
539.6837899978956,0.00033931765699616006
539.8544566647212,-0.00015010262402328324
540.0251233315469,0.000586555821315676
540.1957899983723,2.8363307294906937e-05
540.366456665198,0.00033153157458687714
540.5370999979972,-0.0004053556567385775
540.7077666648229,6.410808965303778e-05
540.8784333316485,4.1213379516603765e-05
541.0490999984743,0.0004227479514608487
541.2197666652999,-2.2769748837299124e-05
541.3904333321254,0.0008285456385343658
541.561089998881,0.00034411757834814353
541.7317566657066,0.0006971525772670889
541.9024233317375,8.963522419697409e-05
542.0730899985631,0.0001423145119070078
542.2437566653887,-8.100771378249821e-05
542.4144233322143,0.0001353070085503402
542.58507999897,-0.00017290413734259174
542.7557333310444,0.0002196439300487656
542.9263999978701,0.00010349008329585852
543.0970666646958,0.0007112044417643842
543.2677333315214,0.0003838591272302092
543.438399998347,0.0005570806718101324
543.6090666651726,0.00033386926204132244
543.7797333319982,0.0006595140482487683
543.9503999980291,0.0004967766271576061
544.1210666648547,0.00046279592789326564
544.2917233316105,0.00031176657589616506
544.462389998436,0.0003084685298994844
544.6330566652616,0.00033473001388871086
544.8037233320872,0.00034735238180315093
544.9743899989128,0.000468247463115258
545.1450566649437,0.0007747865661405085
545.3157133316994,0.000738591687476372
545.4863666645685,0.0009123945517515759
545.6570333313941,0.0008422898108701713
545.8276999982198,0.0005781240749886419
545.9983666650454,-1.821263200648355e-05
546.1690333310763,-0.00031370376291848075
546.3396999979019,-0.0007373103464220018
546.5103666647276,-0.001001002638136661
546.6810333315532,-0.0009968397905485676
546.8516999983788,-0.0009543390516686812
547.0223566651345,-0.000671271391864504
547.19302333196,-0.0004204159775348706
547.3636899979908,-0.0005145183759394726
547.5343566648165,-0.0001398291234701047
547.7050233316422,-0.00023586002830959353
547.8756899984677,4.339596678344366e-05
548.0463333320617,-0.00015212848773996928
548.2169999988874,-0.0003726805104938055
548.387666665713,-0.0009542613492157106
548.5583333309492,-0.0011427356889229178
548.7289999977747,-0.0014881996391204692
548.8996666646004,-0.0017001486480179118
549.070333331426,-0.0016226085969347824
549.2409999982517,-0.0024759630298117194
549.4116666650773,-0.0013715382837807312
549.5823333311081,-0.0014718483349360442
549.7529899986584,-0.0008371313348017531
549.9236566646894,-0.00019699193423590273
550.0943233315149,0.0005832116773035862
550.2649899983405,0.0005799483186174319
550.4356566651662,0.0011517935788081836
550.6063233319917,0.000551963972239843
550.7769766648611,0.001191766231156975
550.9476333324114,3.766853888110398e-05
551.1182999984424,0.001317634584509156
551.2889666652679,0.0002856035658755289
551.4596333320936,0.0011422410017819155
551.6302999989192,0.000798109325765912
551.8009566656749,0.0013518783969387318
551.971623330911,0.0006333428626497893
552.1422899977366,0.0013585168881513135
552.3129566645623,0.0007873576332283239
552.4836233313878,0.001580421445372361
552.6542899982135,0.001026521170084044
552.824956665039,0.002089425871014924
552.9956233318646,0.0009639478071450899
553.1662899978955,0.0014879852323072594
553.3369566647212,0.00041314615492973644
553.5076099983851,0.0006408078117736958
553.6782666651409,-0.0006103852689600838
553.8489333319665,-0.00020216111015793713
554.019599998792,-0.0011844079117773701
554.1902666656176,-0.00036708747292604337
554.3609333324432,-0.0009805166795273568
554.5315999984741,0.00036129217901347904
554.7022566652297,-0.00033229188845950596
554.8729233320553,0.0007926148285868033
555.043589998881,-0.00017138963962171403
555.2142566657067,0.0007789774044988006
555.3849233309427,0.0002785178715496837
555.5555899977684,0.0005466345983937648
555.726256664594,-0.0001879032776335175
555.8969233314197,-1.0576023669498804e-05
556.0675899982452,-0.0006226846923763098
556.2382466650009,-0.0004902874763227339
556.4088999986649,-0.0003485922951110927
556.5795666646957,-0.00017326112105738392
556.7502333315213,-0.0004145977708954343
556.920899998347,-0.00020536623656964637
557.0915666651726,-0.00048261757810116955
557.2622333319981,-0.0006243048192681466
557.4328899987538,-0.0011143705455579577
557.6035566655795,-0.001356065916255234
557.7742233316103,-0.0020434932479464476
557.944889998436,-0.002233743342961306
558.1155566652617,-0.002441496752243679
558.2862233320873,-0.0024008256838546392
558.4568799988429,-0.002256115144414291
558.627533331712,-0.0021316765511978216
558.798199997743,-0.001722953811802687
558.9688666645686,-0.0011127377610155103
559.1395333313942,-0.0012191461791133864
559.3101999982198,-0.00046080799410973554
559.4808666650454,-5.3963097337343275e-05
559.651533331871,0.00014357491084407827
559.8221999986966,0.0004658726576800825
559.9928666647277,0.0007845428778284678
560.1635233314831,0.0010343342478717692
560.3341899983088,0.0012527725361710141
560.5048566651344,0.002498911937839341
560.6755233319601,0.0022585575158339567
560.8461899987857,0.0035285248552095624
561.0168566656113,0.0032477469873147965
561.1874999976159,0.0038317554931913897
561.3581666644415,0.0038485345080914715
561.5288333312672,0.004687431197483452
561.6994999980927,0.004570735916065903
561.8701666649183,0.004389931484392664
562.0408333317439,0.004389620255915789
562.2114999977747,-0.0026626663166179213
562.3821666646003,-0.003378098022209756
562.552833331426,-0.0042053530565405745
562.7234999982517,-0.0024363450960130915
562.8941566650071,-0.002997407885154032
563.0648233318328,-0.0011257996874592495
563.2354899986585,-0.0020261315274675493
563.4061566646894,-0.000896594180550133
563.576823331515,-0.0015634286284510292
563.7474899983406,-0.00021925910278410544
563.9181333319347,-0.0011673927224816164
564.0887999987602,0.00041697658229369005
564.2594666655858,-0.0015542117628075758
564.4301333324114,9.340693644746802e-05
564.6007999976475,-0.0008690340147423869
564.7714666644731,0.00030054587428505846
564.9421233312289,-0.0011868079065324752
565.1127899980545,0.00019711678654234688
565.2834566648801,-0.0012482854898038817
565.4541233317057,0.0005868100111376251
565.6247899985314,-0.00019021669711368223
565.7954566645623,0.0008322681649084852
565.9661233313878,-0.00011041076625360033
566.1367899982134,0.000989722023950818
566.3074566650391,-0.0005446839834898638
566.4781233318647,0.0005550638793675491
566.6487766655287,-0.0009443330606558041
566.8194333322842,-0.00016778129695420088
566.9900999991098,-0.001361496812727025
567.1607666651407,-0.0003894271685334994
567.3314333319664,-0.0006716736830591495
567.5020999987921,0.0005319511888755421
567.6727566655476,0.00038888491759107705
567.8434233323733,0.0004687528345306491
568.0140899976094,-9.828099633255503e-05
568.1847566644351,0.0006317666419584513
568.3554233312607,-8.178458349930337e-05
568.5260899980864,0.0002600614715069883
568.696756664912,-0.00024089721841831898
568.8674233317375,0.0002793301476542199
569.0380899985631,-0.0006986788778661644
569.2087566645939,0.000510331677070573
569.3793999981881,0.00024099579265024276
569.5500666650136,0.0007096300392526968
569.7207333318393,0.0002312039211037334
569.8913999986648,0.0006231091263543303
570.0620666654905,0.00036969426567284256
570.2327333323161,-0.00019196188945599265
570.403399998347,-0.0011937190159450443
570.5740566651027,-0.0005507345031755168
570.7447233319283,-0.0008139827538831859
570.9153899987539,-0.0007808826827307606
571.0860566655795,-0.0003038217436914954
571.256723332405,0.00044342883048131593
571.4273899976413,0.00032162741668976006
571.5980333312352,0.0009934448645177326
571.7686999980608,0.0012752625761702193
571.9393666648864,0.000879618388999503
572.1100333317121,0.0005376566526815856
572.2806999985378,0.0004593663579592101
572.4513666653633,0.0012276459677877636
572.6220333313943,0.0005693579705482903
572.7926999982199,0.0007982971185039724
572.9633666650454,9.724233639814221e-05
573.134033331871,0.0002199635141571518
573.3046899986267,0.00018948817348676437
573.4753566654523,0.00017539732662050588
573.646023332278,-0.00015921585349081281
573.8166899983088,5.471052680818502e-05
573.9873566651344,-0.000312859747972513
574.1580233319601,0.0005501700718322779
574.3286666647593,-0.0008104538510968522
574.4993333315849,-0.00023467014365483895
574.6699999984105,-0.0007168269768377343
574.8406666644414,-0.0005492846660594897
575.0113333312671,-0.00018864606023223296
575.1819999980926,0.00020342622602007816
575.3526666649183,-0.0001919821444851303
575.523323331674,0.00010232073554057578
575.6939899984995,-0.0003408136980905209
575.8646566653251,0.0006160739626791043
576.035323331356,-0.0005390752384542949
576.2059899981816,-0.0003045005940676568
576.3766566650072,-0.0010068844580594439
576.5473233318329,0.0002837510197104659
576.7179899986585,-0.0006236705993580916
576.8886566654841,-0.0008550270636271282
577.059299999078,-0.0010450151943232685
577.2299666643142,-0.0011062744763542624
577.4006333311399,-0.0009532265374156877
577.5712999979654,-6.5276558042634e-05
577.7419666647911,-0.0002560063243367552
577.9126333316168,0.0009961557616376515
578.0832899983724,0.0002946701842786385
578.253956665198,0.0001563739253447469
578.4246233312289,-0.0006445566896444201
578.5952899980546,0.0001488748602765222
578.7659566648802,-0.0007147655192469865
578.9366233317057,0.00038477240128200304
579.1072899985313,-0.0006204874898088225
579.2779566653569,0.0003305431030026252
579.4486233313878,-0.0004142287753172472
579.6192899982134,0.0002288938448851573
579.7899333318076,0.0001227799218696663
579.960599998633,0.00012686393255078213
580.1312666654587,-9.371945719142795e-05
580.3019333322843,0.00026191106571478803
580.4725999991099,0.00010515895145071644
580.643266664346,0.0007090966939052203
580.8139233311018,8.374135772535057e-05
580.9845899979274,0.00034508875055125495
581.155256664753,-5.163460967878618e-05
581.3259233315786,0.0006097091995807863
581.4965899984041,0.0005544945240033469
581.6672566652298,0.000703835852804681
581.8379133311907,-0.00014400676356740848
582.0085666648547,0.0007008204637522703
582.1792333316803,-7.985169231448146e-05
582.349899998506,0.0004416848982818353
582.5205666653316,0.001048350438503453
582.6912333321573,0.0018520566426355224
582.8618999989828,0.0005527943217522184
583.0325666650136,0.002131765597769572
583.2032333318392,0.0009365518641079405
583.3738999986649,0.0021163545260947285
583.5445566654205,-0.0004784530714780549
583.7152233322462,1.2161866430940151e-05
583.8858899990718,-0.0006128773519503714
584.0565566643079,-0.00029521467893878185
584.2272233311335,-0.0006138982693861574
584.397889997959,0.00013557460716260295
584.5685566647848,-0.0005167095787824807
584.7391999983787,0.00011535254666633662
584.9098666652044,-0.0009913181484427454
585.08053333203,-0.0012267550316121304
585.2511999980609,-0.0016951717736993419
585.4218666648865,-0.0009491897988238153
585.592533331712,-0.0006335591617244942
585.7631899984677,-0.0006951452608156253
585.9338566652934,-0.001306524037139195
586.104523332119,-0.0005216252177543337
586.2751899989446,-0.0010210092571311018
586.4458566649755,-0.00032083788036740444
586.6165233318011,-0.001307727439288297
586.7871899986267,-0.00023984863583616882
586.9578566654524,-0.0013089036917134313
587.1285233322778,0.0002987119370302483
587.2991766651472,-0.0003311724525222131
587.469833331108,0.0007413480910740229
587.6404999979337,-0.000375616839398314
587.8111666647594,0.0005745491271323566
587.981833331585,-0.0006487987686383922
588.1524999984106,0.00022170695162552215
588.3231666652362,0.0002877822522212181
588.4938333320617,0.0009508896702224999
588.6644899980226,1.1618472297048878e-05
588.8351566648483,0.0003039478154736959
589.0058233316739,5.8731938850651184e-05
589.1764899984995,0.00016173151435689955
589.3471566653251,-0.00037738353708804175
589.517809998989,0.0008611162862615034
589.6884666657448,-0.0002280530037243858
589.8591333309809,0.0009297383130225535
590.0297999978065,-0.00010652004522910439
590.2004666646322,-0.000264236108503885
590.3711333314578,-0.000752006254830488
590.5417999982834,-0.00012057505015477292
590.7124666643142,-0.001577537327940279
590.8831333311399,-6.408575498706761e-05
591.0537999979655,-0.0003124293934838784
591.2244566647212,0.001237907908690701
591.3951233315468,0.0010396969943757457
591.5657899983723,0.0024673782402910224
591.7364566651979,0.0015444995928075363
591.9071233320235,0.001418769308590209
592.0777899980545,0.00025138936274272965
592.2484566648802,0.0018052298975933445
592.4190999984742,-0.00038345298214398794
592.5897666652997,0.000886337867026247
592.7604333321253,0.0001033848244845339
592.9310999989509,0.0011617190577062726
593.1017666657766,0.00048515326868920917
593.2724333310127,0.002085373106605682
593.4430899977684,-0.0004227755724216089
593.613756664594,0.0018656231400807004
593.7844233314196,-0.00113997660897665
593.9550899982453,9.509431646396586e-06
594.1257566650709,-0.0013292670833203327
594.2964233318964,-0.0006610278189942037
594.4670899979274,-0.0020677190369177674
594.637756664753,-0.0004741784262511408
594.8084233315785,-0.002174989762860956
594.9790799983342,-0.000837494271207327
595.1497333319983,-0.002511660340976845
595.3203999988239,-0.0007168397984359304
595.4910666656494,-0.002100697166188379
595.6617333316804,0.0011336968642552115
595.8323999985059,-0.0011672124703317839
596.0030666653315,0.00173467354658763
596.1737233320872,-0.0014279685392480789
596.3443899989128,0.00201417703608741
596.5150566657384,-0.0011683571140493113
596.6857233309745,0.001579610479059452
596.8563899978002,-0.0007888303110965613
597.0270566646257,0.0011351608680642662
597.1977233314514,-0.0018400460822525506
597.368389998277,0.0010167864440788123
597.5390566651027,-0.001024262506126123
597.7097133318583,0.0008118436028974948
597.8803666647275,-0.0010612815751087435
598.0510333315531,0.0018098076604547502
598.2216999983788,-0.0017213115743072087
598.3923666652043,0.0011054306447316074
598.5630333320299,-0.0008976044077230528
598.7336999988555,-0.0003722145746195196
598.9043566656112,-0.0015791058304316797
599.0750233316421,0.0001032951764268936
599.2456899984678,-0.0014009318114366373
599.4163566652933,0.0002799643270545877
599.587023332119,-0.0010054872690444293
599.7576899989447,-0.00014425084068622748
599.9283333317438,-0.0013331287143112643
600.0989999977749,0.00010344294615465185
600.2696666646004,-0.0004380881197229493
600.440333331426,0.0013405970598788916
600.6109999982516,8.951574662175854e-05
600.7816666650772,0.001481193726846325
600.9523333319028,1.2989628106000517e-05
601.1229999987283,0.0015542921061823492
601.2936666647594,0.0008263724733545443
601.464333331585,0.0019504492674703785
601.6349899983405,0.00033051497114200347
601.8056566651661,0.001314478298256665
601.9763233319918,-7.536638443417871e-05
602.1469899988175,0.0019240932291762231
602.317656665643,0.000438882863053666
602.4883233316739,0.0010838988345285286
602.6589766645432,0.000631215907204118
602.8296333312989,0.0016025757923589655
603.0002999981244,0.0011719763630196332
603.1709666649501,0.002062818824246398
603.3416333309809,0.0009275381678522139
603.5122999978066,3.704702048260304e-06
603.6829566645622,0.00026345739362398907
603.8536233313878,-0.0014264349559017049
604.0242899982134,-0.000353997922922026
604.194956665039,-0.002341210427701261
604.3656233318646,-0.0006718959286654028
604.5362899986903,-0.002325727477608418
604.7069566647211,-0.0007873067485332874
604.8776233315468,-0.0022203332890309304
605.0482899983724,0.00020770530473417865
605.218956665198,0.0005595035166865878
605.3896099988619,0.0022784664441883227
605.5602666656176,0.0021367906720061976
605.7309333324432,0.0016570738189281063
605.9015999976793,-0.0007238772434608234
606.0722666645049,-7.514000512046592e-05
606.2429333313306,-0.0007309108126416576
606.4135999981562,0.0009862936215048702
606.5842566649119,-0.0005976827439523482
606.7549233317375,0.0012368491841978793
606.9255899985632,-1.547189773874757e-05
607.096256664594,0.0018246983680862455
607.2669233314197,-0.002555642793149673
607.4375899982452,-0.0008814762792095968
607.6082333318393,-0.004065402227491884
607.7788999986649,-0.000961492729651613
607.9495666654905,-0.004624437737713689
608.120233332316,-0.00182188926588074
608.290899998347,-0.0041106920656866506
608.4615666651725,-0.0009939871129770483
608.6322333319982,-0.0040945362592872715
608.8028999988238,-0.0006417393590389039
608.9735666656494,-0.003820005846492277
609.1442333324751,0.00043600303576398516
609.3148899976411,-0.0016162536517950214
609.4855566644668,-0.00017687453653875902
609.6562233312925,-0.0036877422486866563
609.8268899981182,0.0008405825210327353
609.9975566649438,-0.0019069311458515023
610.1682233317694,0.002008690394919328
610.3388799985249,-0.00013820911782768406
610.5095333313942,0.003625849770325661
610.6801999982198,0.0008194656848382856
610.8508666650454,0.005305394122295413
611.021533331871,0.001023364710647323
611.1921999986967,0.005823418395302855
611.3628666655222,0.002257862155672876
611.5335233322779,0.005346954359633131
611.7041899983087,0.0011002934391456177
611.8748566651344,0.0048000648976988655
612.0455233319601,0.0015134917324523317
612.2161899987857,0.004334883605450105
612.3868566656113,0.0004364494018215245
612.5575233316421,0.00381821114888107
612.7281899976731,0.00011146436932649635
612.8988566644987,0.0035332238661955266
613.0694999980926,-0.0011420113499756126
613.2401666649182,0.0022013393153401386
613.4108333317438,-0.0005244517964402867
613.5814999985695,0.003385053667939044
613.7521666653951,-8.309690190426619e-05
613.922833331426,0.0020239761867105175
614.0934999982516,0.0010429369603042573
614.2641566650072,0.0026993106377000992
614.434823331833,0.002497470399602745
614.6054899986584,0.004231849188777363
614.7761566654841,0.0031403199666878174
614.9468233323098,0.0031621667058014634
615.1174899983406,-0.002553093285013166
615.2881333311399,-0.0009535383337454755
615.4587999979656,-0.007552633726947671
615.6294666647912,-0.006564991582598601
615.8001333316167,-0.009747868486706545
615.9707999976476,-0.006436352459680316
616.1414666644732,-0.010899374349156228
616.3121333312988,-0.007017484328657005
616.4827999981244,-0.011340401054917546
616.6534666649501,-0.008345976668462844
616.8241233317058,-0.011364168199800878
616.9947899985312,-0.006735047083104751
617.1654566653569,-0.010734456686019817
617.3361233313879,-0.007944616153683887
617.5067899982134,-0.00839287639040462
617.677456665039,-0.003636371032536255
617.8481233318646,-0.0030976927299221015
618.0187666654587,0.0018250240129011506
618.1894333322844,0.0027831564759682446
618.3600999991099,0.004247813548053822
618.5307666643461,0.0041963913536131135
618.7014333311716,0.008246184864967572
618.8720999979972,0.013228291484588975
619.0427566647529,0.018458828627532228
619.2134233315786,0.022038614134353797
619.3840899984041,0.015900805682033173
619.5547566652298,0.015568543066845337
619.7254233312607,0.010651394993434336
619.8960899980863,0.009549418967797327
620.0667566649118,0.00764645944613937
620.2374233317375,0.008026409958500194
620.4080899985631,0.0037929698666969375
620.578756664594,0.001233944427568558
620.7493999989827,-0.0018377408842832163
620.9200666650137,-0.005738517178914911
621.0907333318393,-0.0044213572586937165
621.2613999986648,-0.0064463754257855325
621.4320666654905,-0.004476730782181148
621.602733332316,-0.0047974031211952374
621.7733899990717,-0.0062412019721941195
621.9440566643079,-0.006110113843728064
622.1147233311336,-0.004633377022083381
622.2853899979592,-0.004571514291314614
622.4560566647848,-0.00295572279896756
622.6267233316104,-0.003774140846987004
622.797389998436,-0.004494177112766623
622.96803333203,-0.006320092768748112
623.1386999980608,-0.003665309921479949
623.3093666648864,-0.004652191979292925
623.4800333317121,-0.0030480379663494687
623.6506999985377,-0.005601274821882827
623.8213666653634,-0.0034436065103256126
623.9920233321191,-0.004336758974422399
624.1626899989445,-0.0039062467382984514
624.3333566649756,-0.002868115868927274
624.5040233318011,-0.0012472199516159025
624.6746899986267,0.0015294960330245473
624.8453566654523,0.0018203465567007907
625.0160233322779,0.0031340008571720465
625.1866899983088,0.0017934215098237753
625.3573566643397,0.0018425024522030495
625.5280099980037,0.00021539628404882756
625.6986666647592,0.0009191682563546783
625.8693333315849,0.001658985828365318
626.0399999984105,0.00241605055053085
626.2106666652361,0.0013519810291536586
626.3813333320617,0.0017290618202250162
626.5519999980927,0.00032280159293517844
626.7226666649182,0.002906327247079749
626.8933233316739,0.0005431483060324954
627.0639899984996,0.0050294328167703566
627.2346566653252,0.0029685986626423605
627.4053233321508,0.00589577795760729
627.5759899989764,0.0016141617400857939
627.7466566650073,0.0042462411507115955
627.9173233318329,-0.0006081403937064871
628.0879899986585,0.0021243869583919225
628.2586566654842,-0.0008829764010719885
628.4292999982833,0.0030220566332891234
628.5999666643143,-0.00168180313388148
628.7706333311398,0.003684712191129303
628.9412999979655,-0.00017260580181481836
629.1119666647911,0.0033364466899910373
629.2826333316167,0.0003082525726001381
629.4532899983724,0.0035646366568066064
629.6239566651981,4.193201574446542e-05
629.7946233320237,-0.0003944890122209665
629.9652899980545,-0.003350850841972106
630.13595666488,-0.0017581604145943473
630.3066233317057,-0.005310482217499977
630.4772899985313,-0.0026778200409795622
630.6479333321254,-0.003641439500626368
630.818599998951,-0.002937850101798964
630.9892666657765,-0.00398757463729131
631.1599333310127,-0.0008853219154952808
631.3305999978384,-0.003403820849420859
631.5012666646641,-0.001344829754004868
631.6719233314195,-0.003329754918551321
631.8425899982452,-0.0019213309170323838
632.0132566650708,-0.003584440322103618
632.1839233318965,-0.0015754952603506485
632.3545899979273,-0.0023550239458421172
632.525256664753,0.004183420350581948
632.6959233315786,0.0024568418458597273
632.8665899984042,0.002194030736036446
633.0372566652297,-0.0016242304301349508
633.2079133319854,6.899732657866385e-05
633.3785666656495,3.6570952817271103e-06
633.5492333316803,0.005567431453239132
633.719899998506,0.0033729828327958605
633.8905666653314,0.005063910212701468
634.0612333321571,0.002001870970654326
634.2318999989827,0.005041401066583596
634.4025566657385,0.0013929309952273518
634.5732233309747,0.0022876238865308335
634.7438899978002,0.0009891757884191396
634.9145566646258,0.0037307692109561836
635.0852233314514,0.0014592034452896598
635.2558899982771,0.0020147425033244285
635.4265466650327,-0.0018824940199637546
635.5971999986966,-0.0009491084107048575
635.7678666647275,-0.0028267809957212126
635.9385333315531,-0.00011449540483974744
636.1091999983788,-0.0022202126748217
636.2798666652045,-0.002716876464200671
636.45053333203,-0.0014795422981692208
636.6211999988557,-0.0050262784289954385
636.7918666656813,-0.002815176236441377
636.962533331712,-0.002840346533755064
637.1331899984677,-0.0023702150628410507
637.3038566652933,-0.0014782337830265121
637.4745233321189,-0.001684436634892016
637.6451899989446,0.0024475535021535504
637.8158566649755,-0.0017690857410954939
637.9865233310063,-0.0027512362066822098
638.1571666646004,-0.0024004003961239453
638.327833331426,-0.0023565270376033317
638.4984999982515,-0.001805785162745836
638.6691666650771,-0.002311623107504812
638.8398333319028,-0.00197020958263724
639.0104999987285,0.0016578815928549294
639.1811666647593,0.0016944397671954992
639.351823331515,0.000608575517312348
639.5224899983407,0.0019361323226727732
639.6931566651663,-0.00030256025187744507
639.8638233319919,0.0011483538946775876
640.0344899988174,0.0016021262625632066
640.205156665643,0.0025452377332785673
640.3758233316739,-0.0007867693241122623
640.5464899984996,0.001103977450443593
640.7171566653252,0.0027161489500403626
640.8878099981944,0.0019076768484378092
641.05846666495,0.0014071461170779215
641.229133330981,0.0025105784485488663
641.3997999978066,-0.001973937303432044
641.5704666646321,0.0014522324026053886
641.7411333314578,0.009791350674690712
641.9117899982135,0.009603169108778179
642.0824566650391,0.007179650511485267
642.2531233318647,0.004651148770748288
642.4237899986903,0.0033086545046855063
642.5944566647212,0.0005997815073182439
642.7651233315468,-0.0017995503769224653
642.9357899983725,-0.0009528407799147739
643.1064433320364,0.0008794664819589173
643.277099998792,-0.00016526417023209004
643.4477666656176,-0.006503764253585844
643.6184333324433,-0.002633307752745596
643.7890999976795,-0.006057520661890415
643.959766664505,-0.0034842190065908496
644.1304333313307,-0.002013327482533431
644.3010999981562,-0.0007779033598518349
644.4717666649818,-0.0017190093413704012
644.6424333310126,0.00103524276367084
644.8130899985632,0.0014925978091878964
644.983756664594,-0.0016971288996016564
645.1544233314196,-0.005538683622438155
645.3250899982452,-0.004502733784518429
645.4957566650708,-0.002414444474615628
645.6664233318965,-0.004043170556735552
645.8370666654904,-0.003267373696760734
646.0077333323161,-0.002802590313070098
646.1783999983469,-0.003187007291356462
646.3490666651726,-0.00026745451456561996
646.5197333319982,-0.0029016324244807747
646.6903999988239,-0.0017797665104104618
646.8610666656494,-0.003950056962029795
647.0317233324051,-0.002411330900411869
647.2023899976413,-0.003610915456852324
647.3730566644668,-0.0021110711884587624
647.5437233312925,-0.00123759087632544
647.7143899981181,-0.002546731727903846
647.8850566649437,-0.0016649463131855737
648.0557233317693,-0.0003843694810996706
648.2263899985949,0.0021440188521735025
648.3970566646258,0.00678439464441222
648.5677133313815,0.009042157035992598
648.7383666650454,0.012601348483447457
648.9090333318711,0.01605327466635372
649.0796999986967,0.004938763680890649
649.2503666655223,-0.0009426539992667791
649.4210333323479,0.0010108789317942921
649.5916999983788,0.00056344986374732
649.7623566651343,-0.0015879724118423536
649.93302333196,0.00030796323634684945
650.1036899987856,0.0025451771865823737
650.2743566656112,0.004268628072310541
650.4450233316422,0.002079360586180403
650.615689997673,0.00044248233926617885
650.786333331267,0.005565757260053768
650.9569999980926,0.006974961250020253
651.1276666649183,0.0016823641788481249
651.298333331744,0.003043996318085116
651.4689999985694,-0.0007771173730656118
651.6396666653951,-0.0032603731161063173
651.810333331426,-0.003710899035367341
651.9809899981817,-0.0067466770335140895
652.1516566650073,-0.004678838140713541
652.3223233318329,-0.004560210647062663
652.4929899986585,-0.005940773686616874
652.663656665484,-0.010480111940936326
652.8343233323097,-0.006325050597735119
653.0049899983406,-0.004725844579527788
653.1756566651662,-0.0029463383097950227
653.3463233319918,0.0012923125248809912
653.5169666647911,0.0005307057642945489
653.6876333316168,-0.0022004204863210527
653.8582999976476,-0.0014034055382511445
654.0289666644733,-0.00010880715816883888
654.1996333312989,-0.00018063977979197247
654.3702999981244,0.005984371430966551
654.5409566648801,0.005997365307188414
654.7116233317057,0.013263405073813128
654.8822899985314,0.007883473189092717
655.052956665357,0.006099082369469291
655.2236233313879,0.000522998871899925
655.3942899982135,-0.004241993400063419
655.5649566650391,-0.0009610957892847385
655.735599998633,-0.0037155363293272796
655.9062666654587,-0.002388678407487809
656.0769333322844,-0.004112144002863792
656.2475999991099,-0.005439683321011549
656.4182666643461,-0.007645624527648651
656.5889333311717,-0.0032338861225457327
656.7595999979973,-0.006912613564399235
656.9302666648229,-0.0037017402528818862
657.1009333316485,-0.003005782295152139
657.2715899984042,-0.0053213317932153704
657.4422566652298,-0.0071175097413668535
657.6129233312606,-0.001343389514206272
657.7835899980862,-0.00334426083599707
657.9542566649119,-0.0033135968002389643
658.1249233317375,0.006862145147268775
658.2955799984932,0.007132181163151647
658.4662333321571,0.012374687506133535
658.6368999989828,0.006481600958839726
658.8075666650136,0.01288354498781215
658.9782333318393,0.0027573421374504966
659.1488999986649,-0.001006895938364256
659.3195666654905,0.0008393858835899356
659.4902233322462,0.003595529576025378
659.6608899990717,0.0037399986913963664
659.831556664308,0.0036731480141267998
660.0022233311336,0.0006672241653948632
660.1728899979591,0.002526269449476902
660.3435566647847,-0.00025966545664159434
660.5142133315404,0.0026785704193564705
660.6848666652044,0.0019472667540507528
660.8555333320301,0.004296319439976733
661.0261999980609,0.0008571930010212594
661.1968666648866,0.0006310655293341133
661.3675333317121,0.0014147258067172353
661.5381999985377,0.0006008075741719011
661.7088666653633,0.0018394195868498412
661.8795333321889,-0.0014376797382507863
662.0501999990145,-0.0017767668347783835
662.2208566649755,-0.0002517630672142221
662.3915233318011,-0.005359474254098605
662.5621899986266,-0.008664086705554325
662.7328566654523,-0.007003585797621146
662.9035233322779,-0.005032215163243067
663.0741899983088,-0.004778890979971599
663.244843331178,-0.007955273076077275
663.4154999979337,-0.004763130092687246
663.5861666647594,-0.0063196301631358595
663.7568333315849,0.00011085732193879383
663.9274999984106,-0.0030274288517272894
664.0981666652362,-0.004106932323698481
664.2688333320618,-0.0017728360436790446
664.4394899980227,0.0044359026418750065
664.6101566648483,0.007796468866627756
664.7808233316739,0.004253370986266317
664.9514899984995,0.005215704445645164
665.1221566653252,0.0007874195416875697
665.2928233321508,0.004178192024538509
665.4634899989763,0.000931100903998609
665.6341566650073,0.0037173206263677906
665.8048233318328,0.005491903906063662
665.9754766647022,0.005225311474074539
666.1461333314577,0.0012745728414805756
666.3167999982834,0.008557217731569946
666.4874666643143,0.0018133711778142874
666.6581333311399,-0.011897186500101261
666.8287999979655,-0.004321753056730599
666.999466664791,-0.005713651033631027
667.1701233315468,-0.004357129945144779
667.3407899983724,-0.004317946948324402
667.511456665198,-0.0037785451493387062
667.6821233320236,-0.00314896674967317
667.8527899980545,0.0010475980119705425
668.0234566648801,-0.001879914501432641
668.194109998544,0.001313352446688177
668.3647666652998,-0.0052860861388397355
668.5354333321253,0.0016122057251231855
668.706099998951,-0.0022813603425616003
668.8767666657766,-0.004037012611123151
669.0474333310127,-0.0037212021647236
669.2180999978383,0.00030711904525333874
669.3887566645941,-0.005937264499749707
669.5594233314197,0.0022475482224886697
669.7300899982453,-0.005162465106206039
669.9007566650708,0.0030426849899234084
670.0714233318964,-0.007136385591732836
670.2420899979273,0.006648211322643973
670.4127566647529,0.008155197926564058
670.5834233315785,0.008645218368439928
670.7540899984042,0.011655123867850047
670.9247466651599,0.004124996675139299
671.0953999988238,0.009102356102081237
671.2660666656495,0.007850148081201297
671.4367333316803,0.025982408749557533
671.6073999985059,0.020892741779823587
671.7780666653315,0.025280753352834213
671.9487333321572,0.012324691672645601
672.1193899989128,0.004351439803447722
672.2900566657385,-0.0029134195909718188
672.4607233309746,-0.010336604453752094
672.6313899978002,-0.005381412772468602
672.8020566646258,-0.011652265633119937
672.9727233314513,-0.013253759437660365
673.1433799982071,-0.013295643270468465
673.314033331871,-0.009651296143599204
673.4846999986967,-0.014062600190595777
673.6553666647276,-0.009106308530973868
673.8260333315532,-0.018174212830119763
673.9966999983787,-0.016389898743537506
674.1673666652043,-0.025197757590568002
674.3380333320299,-0.009424012553991081
674.5086999988556,-0.008744198027911274
674.6793666656812,-0.01118675696654167
674.8500233316421,-0.0009677377594217325
675.0206899984678,-0.0038238790673602407
675.1913566652934,0.004340089461570912
675.362023332119,0.009953169155428142
675.5326899989446,0.014121967622678096
675.7033566649754,0.0058198114430283825
675.8739999977748,0.0015117284449281212
676.0446666646003,0.0028530199160452523
676.215333331426,-0.0003828876447402286
676.3859999982517,0.0030085265210033807
676.5566666650773,0.00038410379162945237
676.7273333319029,0.005517134394454534
676.8979999987284,0.004520627627222686
677.0686566646893,0.0008273994005382245
677.2393233315149,0.008414007816702745
677.4099899983406,0.0041331930550880126
677.5806566651662,0.009110340362542027
677.7513233319918,-0.0016399909694584977
677.9219899988174,0.004353473433460422
678.0926333324114,-0.0008077096524742281
678.2632999976477,0.005809236180428397
678.4339666644731,0.0057445824484515335
678.6046333312988,0.012861052196665935
678.7752999981245,0.006633370493700618
678.9459666649501,0.010836368701292858
679.1166333309809,0.0037936338401474506
679.2872999978065,0.015094020007248805
679.4579666646322,0.001815995781482396
679.6286233313879,0.004809745785639283
679.7992899982135,-0.01255355139855334
679.969956665039,-0.006435071996375553
680.1406233318646,0.00031347638433376347
680.3112899986902,0.001531302943594938
680.4819566647211,-0.007889257507308439
680.6526233315468,-0.00015001357964174847
680.8232666651407,-0.00644956741015107
680.9939333319664,-0.004354706303834749
681.164599998792,-0.008179699784475475
681.3352666656176,-0.0050340888023556705
681.5059333324432,-0.009338882728133113
681.6765999976794,-0.005357571015075569
681.8472566644351,-0.006758848398726221
682.0179233312607,-0.002215897427263739
682.1885899980863,-0.0034205983322763886
682.3592566649119,-0.001848330134902229
682.5299233317376,-0.004021362492908439
682.7005899985631,-0.008498805811585495
682.871256664594,-0.0009168018097649993
683.0419233314196,-0.0010272311228894315
683.2125899982453,-0.00020247129109694155
683.3832566650708,-0.0005261562975941627
683.553899998665,0.000377521779878439
683.7245666654906,-0.006228332666734504
683.8952333323161,-0.00259458439064762
684.0658999983469,-0.00521331884856715
684.2365666651726,-0.006713300119552332
684.4072333319982,0.0021504675090852385
684.5778899987539,0.018812474551016617
684.7485566655795,0.01759002449924286
684.9192233324051,-0.0019024097361890157
685.0898899976412,0.0012980682821348015
685.2605566644668,0.002669255242708378
685.4312233312925,0.0021227547807286342
685.6018899981179,0.002377574672300194
685.7725333317121,-0.00902133867457975
685.9431999985377,0.006322490377832015
686.1138666653634,-0.005614010987052995
686.2845333313942,0.009009881876271627
686.4551999982198,-0.0025069526373428276
686.6258666650455,0.007564944978886178
686.7965233318012,0.0038776669837515495
686.9671899986267,0.013506825280292959
687.1378566654523,-0.005217519044496706
687.3085233322779,0.011109052805349287
687.4791899983088,-0.012201145504879172
687.6498566651344,0.003817801560852483
687.8205233319601,-0.011228665445406854
687.9911899987856,0.008015313703561781
688.1618566656113,-0.010743604559763283
688.3325099984804,-0.0006889947514802032
688.5031666644414,0.012779060538087694
688.673833331267,0.022209583054139476
688.8444999980927,0.015886589701665885
689.0151666649183,0.009705962939368457
689.1858333317439,-0.017104895946857022
689.3564999985695,0.0038246323833633004
689.527166665395,-0.02290248954775422
689.6978233313561,0.0019940788399491058
689.8684899981816,0.0033524569180274845
690.0391566650072,-0.00042173689725903235
690.2098233318328,-0.014891949476943613
690.3804899986584,-0.007187694210487758
690.5511433323225,-0.009108660346629015
690.7217999990783,-0.0054798935596402564
690.8924666643143,-0.011327283922045699
691.06313333114,-0.007543215947634085
691.2337999979655,-0.01776819452737642
691.4044666647911,-0.00984903168897701
691.5751333316167,-0.01998101710131126
691.7457899983724,-0.004072349492779175
691.9164566651981,-0.006957614837584638
692.0871233312289,0.008971194851192287
692.2577899980545,0.013253205375510597
692.4284566648801,0.0108155728472889
692.5991233317056,0.014848060376286611
692.7697899985312,0.0047570812822331195
692.9404566653569,0.005790375739704626
693.111123331388,0.005895386666101751
693.2817899982134,0.01745601071909492
693.4524333318075,0.008604005119869133
693.623099998633,0.012968678257153431
693.7937666654587,0.013018445961551406
693.9644333322843,0.017533348024942767
694.1350999991099,0.011432174663160152
694.305766664346,0.019219756683268304
694.4764233311017,0.0035382428223387948
694.6470899979274,-0.0016074780794509106
694.817756664753,-0.01134975296528445
694.9884233315786,-0.012514780178883338
695.1590899984042,-0.019468398757226668
695.3297566652298,-0.013467677771777055
695.5004133311908,-0.015858766241203213
695.6710666648547,-0.009525607459924436
695.8417333316804,-0.012031789674205868
696.012399998506,-0.002044367113289335
696.1830666653316,-0.007720116817899485
696.3537333321572,-0.005690780701749751
696.5243999989827,-0.016172501501721212
696.6950566649436,0.005210945350204752
696.8657233317693,0.0061041866334652
697.0363899985949,0.012406160814058395
697.2070566654205,-0.0018257301328768079
697.3777233322461,0.005823859673557913
697.5483899990717,-0.007655700744954235
697.7190566643079,-0.00039713424269628066
697.8897233311334,-0.007367063255172763
698.0603899979591,0.0040058219559174135
698.2310466647149,-0.013860023696245989
698.4016999983788,-0.005763000552889157
698.5723666652045,-0.002007442432480205
698.74303333203,0.006284619916614616
698.9136999980609,-0.0011525018459922556
699.0843666648864,0.011003675149040566
699.2550333317121,-0.00752854824305175
699.4256899984678,0.0020972618285174365
699.5963566652933,-0.005683317724892567
699.7670233321189,0.0005274548110090188
699.9376899989445,0.00707914787101554
700.1083566649755,0.01683085777997835
700.279023331801,0.022062629586558573
700.4496666646004,0.02551412193641942
700.6203333314259,0.006902619896398459
700.7909999982518,0.01437594914852882
700.9616666650771,0.01013321230011654
701.1323333311082,0.021134567817709213
701.3029999979337,0.012380331005471054
701.4736666647593,0.015968347308600916
701.6443233315151,-0.00861992051891736
701.8149899983407,-0.01195401026602737
701.9856566651663,-0.00589263410728234
702.1563233319919,-0.008970158379956808
702.3269899980227,0.0008249192103982483
702.4976566648483,0.0015102124657254386
702.6683233316738,-0.00961154382728101
702.8389899984995,-0.02517970173102166
703.0096566653252,-0.02066114227159128
703.1802999989192,-0.03669028997180192
703.3509666657449,-0.019774365138424517
703.521633330981,-0.026448628351183827
703.6922999978066,-0.0010908945801841072
703.8629666646322,-0.01577034299224191
704.0336333314578,-0.0040537723804054794
704.2042899982135,0.002303654661568485
704.3749566650391,0.008694059299303147
704.5456233318647,0.006823697863828302
704.7162899978955,0.00487411266964488
704.8869566647211,0.003579371856903045
705.0576233315467,0.00537688812335229
705.2282899983724,0.004052730579943071
705.3989333319663,0.0013307589474647037
705.569599998792,0.005106533825729682
705.7402666656176,0.006492148899516532
705.9109333324434,0.009480495304952952
706.0815999984742,0.006568289442239595
706.2522666652998,0.006124223911968591
706.4229233320555,-0.006086227382047018
706.593589998881,-0.006867746237619473
706.7642566657066,0.006057110208407321
706.9349233309429,0.009711572489825397
707.1055899977684,0.01766004821375294
707.276256664594,0.010332329376294217
707.4469233314196,0.002166379558354563
707.6175899982452,0.002038738664531038
707.7882566650709,0.005584421836597671
707.9589233318964,-0.0012421380764237816
708.1295666646959,-0.0033398036536255674
708.3002333315214,-0.009559595716466444
708.470899998347,-0.0032503191452262045
708.6415666651726,-0.00520043363082674
708.8122333319982,0.005903416741604914
708.9828999988238,0.0009157181316926409
709.1535566655796,-0.0052839692945666535
709.3242233316104,0.015741708945176545
709.494889998436,0.008827060884387464
709.6655566652615,-0.00734853160725548
709.8362233320871,0.010638905603949238
710.0068899989128,-0.005185063821289206
710.1775566657385,0.00018677863791885258
710.348199997743,-0.007227768421033889
710.5188666645686,0.002397233309072074
710.6895333313943,-0.008381979495866746
710.86019999822,0.0003451496611950969
711.0308666650454,-0.0010411418147435734
711.2015333318711,-0.0027614479169244706
711.3721899986267,0.001689095925921656
711.5428566646576,-0.0044561715415663145
711.7135233314832,-0.005334877078111621
711.8841899983088,0.0017879829432842398
712.0548566651344,-0.0031647794309389225
712.22552333196,-0.0010917313205147544
712.3961899987856,-0.00040509656095514884
712.5668566656113,0.010001872859779493
712.7375233316421,-0.012961143214183369
712.9081766645113,0.001701421896396537
713.0788333312672,-0.001370325227315483
713.2494999980926,0.002293748796541333
713.4201666649184,-0.0007371037542060339
713.5908333317439,-0.007220941177750195
713.7614999977748,-0.0052027621847456195
713.9321666646003,-0.012288587481583093
714.1028333314259,-0.004759840354468167
714.2734899981817,0.0022220700487527827
714.4441566650073,-0.010803255102407412
714.6148233318329,-0.004568222472078824
714.7854899986585,-0.0023664850316867745
714.9561566646893,-0.006465011988589311
715.1268099983533,0.0007924856585186571
715.2974666651091,0.005859341947696671
715.4681333319346,-0.0015718450678626327
715.6387999987603,0.006667797876128827
715.8094666655859,0.01811427821739588
715.9801333324115,-0.010069894790760703
716.1507999976476,-0.0068278458047888
716.3214566644033,-0.008270139641123967
716.492123331229,-0.005820419652747123
716.6627899980546,-0.0123988312935941
716.8334566648801,-0.008599014578860252
717.0041233317057,0.011331826317366591
717.1747899985314,0.031736738451005525
717.3454566645621,0.0055626328580945595
717.5161233313878,0.02637577851425153
717.6867899982135,-0.00458240607131701
717.857456665039,0.027771459585275843
718.028099998633,-1.4633303261459426e-05
718.1987666654588,0.022384042880180793
718.3694333322844,0.002215095363187695
718.54009999911,0.028715970298172615
718.7107666651408,0.01745634381772589
718.8814333319665,0.033509986865760226
719.0520899987221,-0.00964025707726455
719.2227566655476,-0.02065214813139014
719.3934233323732,-0.022565108932118105
719.5640899976095,-0.014991713391325306
719.734756664435,-0.01302095187190461
719.9054233312606,-0.01813596004719395
720.0760366654397,-0.006690569475430896
720.2466566650073,-0.002284423878845436
720.4173233318329,-0.00470515771125349
720.5879899986585,0.003957740608907322
720.7586566654842,-0.00847610379911246
720.9293233323098,-0.002440258261967333
721.0999899975459,-0.015419116120047432
721.2706333311398,-0.004725888500507451
721.4412999979654,-0.003467175673854087
721.6119666647911,-0.019520312342284133
721.7826333316167,-0.005046112088751254
721.9532999984424,-0.002085121390813736
722.123966665268,-0.006300352377737886
722.2946233320237,0.006709538539957895
722.4652899980545,-0.003133540566318028
722.63595666488,0.0015463332363280645
722.8066233317057,-0.004089994690619418
722.9772899985313,-0.004455483098686452
723.147956665357,-0.005883448927686669
723.3186233321826,-0.010523739863352054
723.4892666657765,-0.01838985979368818
723.6599333310127,-0.012152566835306343
723.8305999978384,-0.010266202696260038
724.0012666646641,0.03080074340724257
724.1719333314895,0.017285894816766532
724.3425999983152,0.039139604149813004
724.5132566650708,0.020261843663123877
724.6839233318965,0.014621398517713689
724.8545899979273,0.03221220207968409
725.025256664753,0.023490224051941882
725.1959233315786,-0.007380043487676349
725.3665899984042,-0.013556813163181847
725.5372566652297,-0.01589146858274599
725.7079233312608,-0.020273165428787255
725.8785899980863,-0.005296385736029406
726.049246664842,-0.004144145673449666
726.219899998506,-0.007966747295409455
726.3905666653314,-0.0004075117081366982
726.5612333321571,0.006913769738394514
726.7318999989827,-0.01294358509454068
726.9025666658084,-0.0006634435247425878
727.0732333310445,-0.008400378235598612
727.2438899978002,0.0036124800631367033
727.4145566646258,0.014110316477332794
727.5852233314515,0.0075762904196836
727.7558899982771,0.007504962117760231
727.9265566651027,0.005869719691638499
728.0972233319283,-0.00028137083102756287
728.2678799978892,-0.002927421867526114
728.4385333315531,0.004195618047672769
728.6091999983788,0.006992701061735891
728.7798666652045,0.00830372504619913
728.95053333203,0.003008749683758836
729.1211999988557,0.00554075215006428
729.2918666656813,0.012347657572346658
729.4625233316422,0.002788312948744152
729.6331899984677,0.008880053827054054
729.8038566652933,-0.014508042530026239
729.974523332119,-0.0027753804862183404
730.1451899989446,-0.004837645160896038
730.3158566649755,0.006135545958825856
730.4865233310063,-0.002755871482245742
730.657189997832,0.006717089268660787
730.8278566646576,-0.029710477334643243
730.9984999982515,-0.02878233152165532
731.1691666650771,-0.027501544729672648
731.3398333319028,-0.013312766683209682
731.5104999987285,-0.03480375665054171
731.6811666647593,-0.005261067068979849
731.8518333315849,-0.01990048811714554
732.0224999984105,0.0022230095177219935
732.1931566651663,-0.018377142970423952
732.3638233319919,0.0019067937029656227
732.5344899988174,-0.011452628646821558
732.705156665643,-0.01338614264340888
732.8758233316739,0.002353713433150153
733.0464899984996,-0.007698242647820487
733.2171333312988,-0.012268570073879518
733.3877999981244,0.011458014615218191
733.55846666495,0.032265213502324044
733.7291333309809,0.04656923605013621
733.8997999978066,0.07164182018273475
734.0704666646321,0.05049876157478445
734.2411233313878,0.03885699452763164
734.4117899982135,0.022035982936818837
734.5824566650391,0.02095946549082941
734.7531233318647,0.010514762124700369
734.9237899986903,0.027875463587625424
735.0944566647212,0.02897573676406232
735.2651233315468,0.029474719795317756
735.4357899983725,-0.015982028983098414
735.606456665198,-0.031131192015267935
735.7771233320236,-0.02261002564053493
735.9477766656876,-0.02825656874363967
736.1184333324433,-0.020218336214135723
736.2890999976795,-0.03486396223407523
736.459766664505,-0.042798344581045304
736.6304333313307,-0.04649309950082406
736.8010999981562,-0.031001373042166342
736.9717566649119,-0.05130549829959745
737.1424233317375,-0.00965455713003414
737.3130899985632,-0.03822664575323465
737.483756664594,-0.015064465168448329
737.6544233314196,-0.009147488760440699
737.8250899982452,0.005023592503625444
737.9957566650709,0.0019851258102867387
738.1663999986649,0.008582434621664251
738.3370666654904,0.0062285201959739475
738.5077333323161,0.032571424964779265
738.6783999983469,0.002706257712984745
738.8490666651726,0.015624995403371823
739.0197333319982,0.006202286518040299
739.190389998754,0.0032466297514408323
739.3610566655796,0.016403784568417276
739.5317233324051,0.02150378625517796
739.7023899976413,0.011382501058928695
739.873056664467,0.015398397088573263
740.0437233312925,0.027938953425932556
740.2143899981181,0.015567980478311283
740.3850333317121,-0.0028816719262059606
740.5556999985376,0.0307366946220542
740.7263666653632,0.06264822935652456
740.8970333313943,0.02282620821710034
741.06769999822,0.012388045169760088
741.2383666650454,-0.003166491011575638
741.4090333318711,0.0029254212820389843
741.5796999986967,0.01815535415669231
741.7503666655223,-0.008467436251481171
741.9210333323479,0.006542595468271812
742.0916899983088,-0.028949710240484948
742.2623566651345,-0.013490569834387386
742.43302333196,-0.023380291247062344
742.6036899987856,-0.007401406025740793
742.7743566656113,-0.034726472632095655
742.9450099984805,-0.012230170956885706
743.1156666644414,-0.03886222837309679
743.286333331267,-0.032754903563452606
743.4569999980926,-0.0333363340289371
743.6276666649183,-0.027355556810477234
743.798333331744,-0.004491943209759504
743.9689999985694,-0.006001807083160909
744.1396666653951,-0.006588951171849764
744.310323331356,-0.000870310886556305
744.4809899981817,-0.016483223729743573
744.6516566650073,-0.010159685003992456
744.8223233318329,-0.009735086246642112
744.9929899986585,-0.010997661901332393
745.1636433323224,-0.009572283011194385
745.3342999990781,-0.01858112360824243
745.5049666643142,0.026003924646827208
745.6756333311398,0.005309705521742466
745.8462999979654,0.06495654760420395
746.016966664791,0.03207817687576602
746.1876333316168,0.029431124608483274
746.3582999976476,0.008174466810170603
746.5289666644733,0.026053152217394803
746.6996333312989,0.005561577904050279
746.8702899980545,0.023261293687370177
747.0409566648801,0.022372769661884978
747.2116233317057,0.004541284519202026
747.3822899985314,0.01219393623809478
747.552956665357,0.008737919056824762
747.7236233313879,-0.024228202555922264
747.8942899982135,-0.02014317959866813
748.0649333318074,0.005631836339015782
748.235599998633,0.0009159183464349703
748.4062666654587,0.008689839613047139
748.5769333322844,-0.022822462614532236
748.7475999991099,0.01132218681940909
748.9182666643461,-0.002181829178933308
749.0889233311017,0.01356106386596618
749.2595899979274,-0.009834671207144702
749.430256664753,-0.002814162204767558
749.6009233315787,-0.018117563612875
749.7715899984042,0.004791986277023093
749.9422566652298,-0.010032605246982629
750.1129133311907,0.004292120776265369
750.2835666648547,0.004643478770354693
750.4542333316804,-0.005955039798171742
750.6248999985058,0.0022245827958884776
750.7955666653315,0.007519511043570883
750.9662333321571,0.007001601711717374
751.1368999989827,0.004551800435917098
751.3075666650136,-0.005744042069134599
751.4782333318393,-0.0005516993622415508
751.6488999986649,0.0038700855544996117
751.8195566654206,0.0012729676148772805
751.9902233322462,-0.0185052244197639
752.1608899990717,-0.023363509814077994
752.331556664308,-0.003534036931427448
752.5022233311336,-0.007898321847614038
752.6728899979591,-0.018246073404414573
752.8435466647148,-0.021096369240068125
753.0141999983787,-0.03377662856127294
753.1848666652044,-0.02846865540205486
753.3555333320301,-0.012067487394535819
753.5261999980609,-0.006714630935696544
753.6968666648866,0.014264142133851318
753.8675333317121,-0.007448432860660596
754.0381899984678,0.006999113399552354
754.2088566652934,-0.013794166305250188
754.379523332119,-0.012140017069739101
754.5501899989447,-0.0311759940060803
754.7208566649755,-0.015785369802409716
754.8915233318011,-0.00617665011910378
755.0621666646005,0.02634914920945099
755.232833331426,0.024453621247411027
755.4034999982516,0.06774913428941441
755.5741666650772,0.03501156874282063
755.744833331108,0.06101014820105658
755.9154999979337,0.027402638920252242
756.0861666647594,0.053740383000293004
756.2568233315149,0.014890671568289037
756.4274899983408,0.037510079402820265
756.5981566651661,0.003002138877326428
756.7688233319919,0.020626676838070984
756.9394899980227,-0.008794083969944296
757.1101566648483,0.004695826364840926
757.2808233316739,-0.013754041955598295
757.4514899984995,-0.012568946665072316
757.6221566653252,-0.012561680905699153
757.7927999989191,0.002077326817907457
757.9634666657447,-0.016518942378226695
758.1341333309808,-0.027568717993922038
758.3047999978064,-0.03966978419175699
758.4754666646322,-0.02384390773451073
758.6461333314577,-0.030049244289220015
758.8167899982134,-0.02014139133328395
758.9874566650391,0.011981145208499794
759.1581233318647,0.004023572561106148
759.3287899978956,-0.00874614678034783
759.4994566647212,-0.006864307249502308
759.6701233315468,-0.006219607082770043
759.8407899983724,-0.002337779538497305
760.0114333319664,-0.008527134426560248
760.182099998792,0.007297532664534546
760.3527666656175,0.0014231761243854012
760.5234333324432,-0.0023939345088004236
760.6940999984741,-0.024179910767214555
760.8647666652998,-0.03622094617365324
761.0354233320553,-0.021815695047251043
761.206089998881,-0.018915788484873613
761.3767566657066,-0.004091383869257737
761.5474233309428,-0.002874217587267788
761.7180899977684,0.010791067038832022
761.8887566645941,-0.008676653190779959
762.0594233314197,0.011557271745185308
762.2300899982453,0.051153185608107894
762.4007566650708,0.02464107966762911
762.5714233318965,0.03976095579756918
762.7420666646958,0.025747565397420187
762.9127333315213,0.0015785323642975252
763.083399998347,0.0001327147431272899
763.2540666651726,0.008743685350027258
763.4247333319981,-0.006656782006685289
763.5953999988238,0.0023373618857559317
763.7660566655795,-0.006082771908780669
763.9367233316104,0.009301850945401329
764.107389998436,-0.0005744772793563902
764.2780566652616,0.015760969259838175
764.4487233320872,0.02037388697450042
764.6193899989128,-0.011872181060532396
764.7900566657385,-0.006389675036388997
764.960699997743,-0.004060649215471411
765.1313666645685,-0.006327889474763788
765.3020333313941,0.0032681668787867503
765.4726999982198,0.0015310987078762796
765.6433666650455,-0.010497430285721697
765.814033331871,0.002064478377045969
765.9846899986267,0.005010365181258954
766.1553566646576,-0.011994499299581464
766.3260233314833,-0.0013379773747110148
766.4966899983089,-0.003057568767746122
766.6673566651344,-0.00039815601220208015
766.8380233319601,-0.0020096575995756415
767.0086899987857,0.007658615974601466
767.1793566656113,-0.00174144396272338
767.3500233316422,-0.035731033164567425
767.5206766645114,-0.0001118971332084481
767.6913333312671,0.004592566050981123
767.8619999980926,0.0020872064828626135
768.0326666649182,0.006491012636639911
768.2033333317438,0.003444051052948305
768.3739999977748,-0.005789109956635348
768.5446666646003,-0.01740946736198393
768.715333331426,-0.026808590350814742
768.8859899981816,0.008408968948145799
769.0566566650074,-0.00021349741732809287
769.2273233318328,0.026560335802793603
769.3979899986585,0.0028454352850383912
769.5686566646893,0.014588954996913506
769.7393099983533,-0.010327449785704872
769.909966665109,0.0010414233473795124
770.0806333319346,-0.008161329269996546
770.2512999987601,0.003117428759827101
770.4219666655857,-0.014958790674453864
770.5926333324114,-0.011553729203799355
770.7632999976477,-0.011055470319298152
770.9339566644032,0.015234114463009858
771.1046233312288,-0.00298156580119936
771.2752899980545,0.009497178959934472
771.4459566648801,-0.0066032356811770165
771.6166233317057,0.01091191481234165
771.7872899985313,-0.014104505296356916
771.9579566645623,0.004353858736102405
772.1286233313879,0.005018146695994036
772.2992899982135,0.0062890525632516665
772.469956665039,0.006964222204007772
772.640599998633,0.00832593958073003
772.8112666654587,0.01654524942728087
772.9819333322843,0.00045145735848964086
773.15259999911,0.001728403896372603
773.3232666651407,0.017650422445013674
773.4939333319664,0.0016498603974843516
773.664589998722,0.009819199381027635
773.8352566655477,-0.006553852144632437
774.0059233323734,0.00974962362864875
774.1765899976095,-0.015532912791602762
774.3472566644351,0.0011600392860427126
774.5179233312607,-0.014957443822643442
774.6885799980163,0.007466948419104796
774.8592333316803,0.0013749852315876208
775.0298999985059,0.006700139102567099
775.2005666653315,-0.01715418984808965
775.3712333313624,-0.0028403545573743813
775.541899998188,-0.0190027581302232
775.7125666650136,0.0038461499102301127
775.8832233317693,-0.019669739181636815
776.053889998595,0.0018636109851047702
776.2245566654206,-0.0207912484659533
776.3952233322461,0.008583688244546382
776.565889998277,-0.004653730607904169
776.7365566651026,-0.00889347460122829
776.9072233319282,0.025403788219976315
777.0778899987539,0.013809418568026357
777.2485566655795,0.02359338174288189
777.4192133323352,-0.012598855023094895
777.5898666644096,-0.01672172209612556
777.7605333312353,-0.0053599369241390795
777.931199998061,-0.017387691947429982
778.1018666648864,0.0033368759480065843
778.2725333317121,-0.017560040509544034
778.4431999985377,-0.0052016007746507565
778.6138566652934,0.006731386169790313
778.7845233313243,0.010606186766411268
778.9551899981499,0.0069452763543419015
779.1258566649756,0.003251923215087638
779.2965233318012,-0.016131427146819737
779.4671899986267,0.01115842613788363
779.6378333322207,0.03960686614116134
779.8084999990463,0.027821229226504623
779.9791666642825,0.04170793796678167
780.1498333311081,0.022294587168736165
780.3204999979337,-0.012751468892383846
780.4911666647592,-0.00033365945983039044
780.661833331585,-0.019384554593452254
780.8324899983405,-0.00824159487400243
781.0031566651663,-0.03789773177347747
781.1738233319918,-0.008847682569248198
781.3444899980228,-0.036656622921129964
781.5151566648483,0.008495960019018391
781.685823331674,-0.0014296206357721879
781.856466665268,-5.239133417019714e-05
782.0271333320936,-0.0014501835415451116
782.1977999989192,0.006771008868760423
782.3684666657448,0.013458044311136633
782.5391333317756,-0.003899377716205039
782.7097999986012,0.004915027244599836
782.8804666654269,-0.005885047025251545
783.0511333322526,0.017541072722916145
783.2217999990783,-0.008334103241443742
783.3924566642443,-0.009633358543064444
783.56312333107,0.0034445401125701674
783.7337899978955,-0.013416395019940073
783.9044566647211,-0.000907428749656724
784.0751233315467,0.007451593638635348
784.2457899983724,0.0018644531848127101
784.4164566651981,0.0010702952134927434
784.5870999979973,-0.018918892480555543
784.7577666648228,-0.01004118112555102
784.9284333316484,-0.02379321001436245
785.0990999984741,0.007146504113503864
785.2697666652997,-0.00042398720784586754
785.4404333321254,0.022887178292495983
785.611089998881,-0.012373449129739512
785.7817566657066,0.01149007828558646
785.9524233317375,-0.02487698951978692
786.1230899985632,0.006909914144669429
786.2937566653889,-0.015528595269234282
786.4644233322144,-0.004248800454593286
786.63507999897,-0.025711599814588783
786.8057333310445,0.01264373808437948
786.9763999978702,0.0024889716162022953
787.1470666646958,0.05146085367756346
787.3177333315214,0.026307839135721246
787.488399998347,0.07620267271401313
787.6590666651725,0.0031154783975877506
787.8297333319981,0.007537062822139166
788.000399998029,-0.009032379546624544
788.1710666648547,0.000857152256297244
788.3417233316104,-0.02012732606412648
788.512389998436,-0.0037731172338562454
788.6830566652616,-0.01295926106337046
788.8537233320872,0.048774138656705414
789.0243899989129,-0.009128706398513216
789.1950566649436,-0.0189084707215502
789.3657233317693,-0.031326579109023665
789.5363666645686,0.00829368179425757
789.7070333313942,-0.004524771735560036
789.8776999982198,0.029587751625719083
790.0483666650455,-0.011589736626790763
790.2190333310764,0.03718706084612971
790.3896999979019,-0.012096361135622307
790.5603566646575,-0.02921069004645311
790.7310233314831,-0.026464248020882892
790.9016899983088,-0.02962872175219727
791.0723566651345,-0.03565527193454838
791.24302333196,-0.020494969468307492
791.413689997991,-0.01928373439040484
791.5843433316548,-0.002590003675915396
791.7549999984105,-0.01905483629995114
791.9256666652361,-0.010480584727213131
792.0963333320617,-0.009750732753762929
792.2669999988873,-0.0014326788088044004
792.437666665713,-0.0018411011836889247
792.6083333309491,0.016047154329593777
792.7789999977747,-0.013631358456644352
792.9496666646004,0.024332187494720128
793.1203333314259,-0.00559319489658533
793.2909999982518,0.02388548656254102
793.4616566650072,0.012312564167567205
793.6323233318329,0.031102117622630227
793.8029899986585,0.06182935150825258
793.9736566646894,0.06401794191167376
794.1443233315151,0.025723976273314995
794.314976665179,0.02481691186536769
794.4856333319347,-0.02877740317362827
794.6562999987602,-0.08045471979822537
794.8269666655858,-0.03721170342825737
794.9976333324114,0.0016552739731905605
795.1682999984423,0.015971625780096494
795.338966665268,-0.007883770098214619
795.5096233320237,0.007744225394821619
795.6802899988493,0.00772359438226074
795.8509566656749,0.02013490710884063
796.021623330911,0.008318200649954123
796.1922899977366,0.009422341365020438
796.3629566645621,-0.00238015043442022
796.5336099982262,0.021530551130531886
796.7042666649819,-0.00043483123191648525
796.8749333318075,-0.001428364811890132
797.0455999986331,-0.012397984744479227
797.2162666646639,0.010930434956395231
797.3869333314896,0.011174911170936313
797.5575999983151,-0.015875927854915515
797.7282666651408,-0.03711372035111699
797.8989333319663,-0.028974061694039085
798.069599998792,-0.025244440964421955
798.2402566655476,-0.002011599121500502
798.4109233323734,-0.025170101100947185
798.5815899984043,-0.01856276168764122
798.7522566652299,-0.0388639509179311
798.9229233320555,-0.016658416936498076
799.093589998881,-0.00292546798627933
799.2642466656367,0.049054743212557615
799.4348999977112,0.050370386157613946
799.6055666645368,0.028176841463820445
799.7762333313624,-0.039057892038162574
799.946899998188,-0.004495336166035946
800.1175666650136,-0.014166642528040618
800.2882333318391,-0.004439631891725513
800.4588899985949,-0.026619085300925698
800.6295566646259,0.039692552195012124
800.8002233314514,0.05156241363014402
800.970889998277,0.04136076538404596
801.1415566651026,0.012052317323792595
801.3122233319283,-0.014019919793182898
801.4828799986839,-0.03588610271993794
801.6535333323479,0.01178376955994865
801.8241999983787,-0.022554954416579794
801.9948666644096,0.0005280659680811208
802.1655333312352,-0.009717309083128976
802.3361999980609,0.044901890007376
802.5068666648865,0.06407955121246188
802.6775333317121,0.013354137918289903
802.848199997743,0.00285594135583962
803.0188666645686,-0.012181806297737012
803.1895233313243,-0.03724266006082434
803.36018999815,-0.014135740871558063
803.5308566649754,-0.01104357263188035
803.7015233318011,-0.00038187227457504776
803.8721899986267,-0.024032969614540673
804.0428566646576,-0.013655101751744444
804.2134999990463,-0.04005193687583479
804.3841666650771,-0.016378334605830675
804.5548333319027,-0.01739444431328646
804.7254999987284,0.009744024511560574
804.8961666655539,-0.0027012324125652142
805.0668333323796,-0.0164958930937156
805.2374999976158,-0.006745879097692556
805.4081566643714,0.027030952519357516
805.5788233311972,-0.019219922499584013
805.7494899980227,0.002674919523835371
805.9201566648484,0.012833957877500614
806.090823331674,0.02466606802064685
806.2614899984995,0.021553154083631152
806.4321566653252,0.032057678612121436
806.6028233313561,0.006906643096827221
806.7734899981817,0.01858257060371587
806.9441333317757,0.014593007060898331
807.1147999986013,0.01691879834393924
807.2854666654268,0.0003896766524319641
807.4561333322524,0.0027194859148879096
807.6267999990781,-0.024932823361951115
807.7974666651091,-0.012793166544644831
807.9681233318647,-0.006977263270728708
808.1387899986903,0.0057878949840421
808.3094566655159,-0.010434398258591668
808.4801233323416,0.003045940174481776
808.6507899975776,0.025406796300118543
808.8214566644033,-0.009652889581453881
808.992123331229,0.003190894465657945
809.1627666648229,-0.0016510989134370156
809.3334333316485,-0.0216284332285688
809.5040999984742,0.004563844397092786
809.6747666652998,-0.014959351396769422
809.8454333313306,0.0011350581011299933
810.0160999981563,-0.040664415554348146
810.1867566649119,-0.02326675377544939
810.3574233317374,-0.012490420329506242
810.528089998563,-0.006373325583280275
810.6987566653888,0.018750476563690936
810.8694233322144,0.025839885828824845
811.04008999904,0.01723130526812459
811.2107466650009,0.006441760669136215
811.3813999978701,0.013983364666537684
811.5520666646958,0.004413188316548282
811.7227333315213,-0.006708128338059898
811.893399998347,0.009569125132198172
812.0640666643778,-0.00027600439618691183
812.2347333312034,-0.008606081653203639
812.405399998029,-0.021032077541509046
812.5760666648546,-0.0006920553239038623
812.7467333316804,-0.003979302748555185
812.917389998436,0.006617772615585103
813.0880566652615,-0.014563352666437983
813.2587233312925,0.021026718800464566
813.429389998118,0.009194636251121949
813.6000566649437,0.012878159622881044
813.7707233317693,-0.0010951764245136076
813.941389998595,0.01148695095157936
814.112033332189,-0.02880023185742048
814.2826999990145,-0.014691751437739637
814.4533666650453,-0.012261966086151776
814.6240333310764,-0.015494870763273822
814.794699997902,-0.013671663209019497
814.9653666647275,-0.016228240599698962
815.1360233314832,-0.015675224301287618
815.3066899983088,-0.01779963312476482
815.4773566651345,0.031513701949730764
815.6480233319601,0.014359254547051779
815.8186899979909,0.021006305461603904
815.9893566648166,0.012800165328352665
816.1600233316422,0.03352510877127506
816.3306899984678,0.009965209224599775
816.5013566652934,0.016684160083534072
816.6720099981626,0.008472353725504752
816.842666665713,0.026901575109301634
817.0133333317439,0.012895326374154673
817.1839999985693,0.016134083006318807
817.354666665395,0.017040554522631608
817.5253333322207,0.004949056995174984
817.6959999990463,0.013630261514413346
817.8666666642827,-0.015336652915730432
818.0373233310381,-0.020500879929765087
818.2079899978638,-0.036877014112696276
818.3786566646894,-0.03420111750986962
818.549323331515,-0.043183841187331894
818.7199899983407,-0.022239469548733636
818.8906433320046,0.019473597443112133
819.0612999987602,-0.0052051641881088176
819.2319666647911,-0.0012280180268863523
819.4026333316167,-0.004140907947743515
819.5732999984424,0.001700502841287604
819.7439666652679,-0.013098870011805642
819.9146333320936,0.009417184958587736
820.0852899988492,0.013880250448132781
820.2559566656748,0.028639517520090713
820.4266233317057,-0.0037887072270376015
820.5972899985314,0.015617464387328542
820.7679566653569,-0.008771556150982837
820.9386233321826,-0.0021153653751344393
821.1092899990083,-0.013634908561959447
821.2799566642445,0.0050325851756082155
821.45062333107,-0.00522453241010866
821.6212899978957,-0.019484476328661144
821.7919333314896,-0.04031798441851036
821.9625999983152,-0.02183769434908823
822.1332666651408,-0.036072223253009204
822.3039333319664,-0.012173583607743765
822.4745999979972,-0.006995773158872649
822.6452666648229,0.02562596455950337
822.8159233315785,0.00807000058102451
822.9865899984043,0.028295491026950063
823.1572566652297,0.022456477094766024
823.3279233320554,0.042700017220105795
823.4985899988809,0.006958776993584845
823.6692566657068,0.00986379484222025
823.8399133316676,0.007947981209903698
824.0105666645368,0.029543104092894998
824.1812333313625,0.02697774178166814
824.351899998188,0.030406645173553265
824.5225666650136,-0.008078285178000256
824.6932333310444,0.009437013850294574
824.86389999787,-0.018779917969396896
825.0345566646258,-0.019885903092468293
825.2052233314514,-0.024134336928349997
825.3758899982771,-0.013375669338163991
825.5465566651026,-0.010982574405716533
825.7172233319282,-0.008633041717839176
825.8878899979593,-0.010513417351158717
826.0585566647848,-0.0018102261693891117
826.2292233316105,0.021847133645009
826.399889998436,0.025974785948859155
826.5705466651916,0.002842884942748723
826.7411999988556,-0.013223153428400688
826.9118666656811,-0.01405192522035383
827.0825333317122,-0.007808171364890184
827.253199997743,-0.0028391921830330166
827.4238666645685,0.003370893896298809
827.5945333313941,0.0033286819476050634
827.7651899981498,0.0033335143118866897
827.9358566649755,-0.0029426939372844602
828.1065233318011,0.002161343427935035
828.2771899986267,0.002482942073257047
828.4478566646576,0.012573965553810297
828.6185233314833,0.0019977426573710125
828.7891666650772,-0.0005589338865679475
828.9598333319029,-0.004734097797729641
829.1304999987284,0.003989462986158584
829.3011666655541,-0.006545191926018041
829.4718333323796,-0.003767898952861504
829.6424999984105,-0.019508074932251162
829.8131666652362,-0.010431977061328732
829.9838333320616,-0.015233255446873688
830.1544999988876,-0.011424147960057272
830.325166665713,-0.01542197871492932
830.4958233308793,-0.023584230963680296
830.6664899977047,-0.015520334568187655
830.8371566645304,-0.01836280238819878
831.0078233313561,-0.0160678668992908
831.1784899981816,-0.02389516335740052
831.3491566650073,-0.014032275186569234
831.5197999986012,0.0010354745054340123
831.6904666654269,0.027509818447859467
831.8611333314578,0.05500058445623688
832.0317999982833,0.03375948180899514
832.202466665109,0.02629061242440569
832.3731333319347,0.01607976505928285
832.5437899986903,0.029120564185444293
832.7144566655159,0.023216946470421447
832.8851233323414,0.024700212131316998
833.0557899983723,0.007335939023204772
833.226456665198,0.014332864047144421
833.3971233320237,0.007462311901253175
833.5677899988493,0.010040854968312186
833.7384333316486,0.0023892215847057838
833.9090999976794,-0.011807336930857188
834.0797666645051,-0.008909574233566201
834.2504333313307,-0.00515934703151618
834.4210999981563,-0.014144311137350983
834.5917666649818,-0.02782053575459039
834.7624333318074,-0.02004553704574361
834.933099998633,0.008765512543067767
835.1037666646638,0.010134553328471647
835.2744233314197,-0.006871897164010598
835.4450899982452,-0.00019288842730626044
835.6157566650709,-0.012536731462548002
835.7864233318963,-0.005605581674697974
835.9570899987223,-0.012201234153832665
836.1277566655477,-0.011630021841548283
836.2984233323734,-0.01704511503282635
836.4690666643779,-0.017061408555413517
836.6397333312034,-0.009209610038770157
836.8103999980291,0.009052537508194505
836.9810666648548,0.00981785435226488
837.1517333316802,-0.014959347492105663
837.3223999977112,-0.00819601501180041
837.4930566652616,-0.0035381102477038584
837.6637233312925,-0.020522274293032265
837.834389998118,0.006031119869261149
838.0050566649436,0.00329259375059116
838.1757233317694,0.006238578526120109
838.3463899985949,-0.002153311625165992
838.5170566646259,-0.0049025140633759574
838.6877233314515,0.011197078058407058
838.8583899982771,-0.003981481724514684
839.0290566651026,-0.010788322927296434
839.1996999986966,0.014228308143826564
839.3703666655223,0.03202619827803889
839.5410333323478,0.015636755751833962
839.7116999983788,0.03474393093719746
839.8823666644096,0.01775193914394174
840.0530333312352,0.02652949603990628
840.2236999980609,-0.0029087876340312293
840.3943566648165,-0.012369374951504784
840.5650233316421,0.0004338285151369153
840.7356899984677,-0.008489213134775204
840.9063566652934,-0.0022175048627092273
841.0770233313244,-0.0033811047229207
841.2476766649883,-0.005209722857077731
841.4183333317438,-0.012296004896644154
841.5889999985695,-0.020549853090004358
841.759666665395,-0.005767781362452805
841.9303333322207,0.0052571104949074255
842.1009999990463,0.013631870174533857
842.2716666650771,0.0038051478880485835
842.442333331903,0.012598221762071572
842.6129899986585,0.0018447572798844275
842.7836566654842,-0.011966151158659838
842.9543233323096,-0.00832239417711114
843.1249899975459,-0.012621884991534703
843.2956566643716,-0.0032319672088739113
843.466323331197,-0.022546809601705
843.6369899980227,0.009345438468329003
843.8076566648484,-0.017253957326271583
843.9783233316739,-0.010195666006581845
844.1489666652681,-0.005766285905555143
844.3196333320935,0.009391427316677522
844.4902999981244,-0.001925872524104061
844.6609666649501,0.005315262212486967
844.8316333317756,-0.004133865607797658
845.0022999986013,0.016264030560620733
845.1729566653569,-0.0007202465599744724
845.3436233321827,0.018997876717362347
845.5142899990082,0.018529081964263665
845.6849566650392,0.003979066066379618
845.8556233318648,-0.004226369964218044
846.0262899986903,0.005806640947994573
846.1969566655159,-0.00988274802741756
846.3675999983152,0.007815633023837606
846.5382666643461,0.0009404896255920049
846.7089333311717,0.008647099663894977
846.8795999979973,-0.006472484900946028
847.0502666648229,-0.0005705693764155172
847.2209333316484,-0.015165031658879533
847.391599998474,0.009809975765174983
847.5622666652998,0.004923571829790134
847.7329333313306,0.000900660204588854
847.9035899980863,-0.021672882283963708
848.0742566649118,-0.009146666866489033
848.2449233317377,-0.030914586304808547
848.4155899985632,0.0015519701637063382
848.5862566653889,-0.0017174868311913497
848.7569233322143,0.01039915084765415
848.92757999897,-0.009314473471907113
849.0982333310445,-0.00760692941860998
849.2688999978702,0.0003609024378972831
849.4395666646957,0.01152877313779945
849.6102333315214,0.01798540599957738
849.780899998347,0.01973177568484136
849.951566664378,0.00975729522227345
850.1222233319284,0.01940997593620569
850.292889997959,-0.01671166683285437
850.4635566647848,-0.01845598047231356
850.6342233316103,-0.01618671625913617
850.804889998436,-0.008675583376154825
850.9755566652617,0.019255499569474074
851.1462133320172,0.016727366905900026
851.3168666656813,0.019669201874098464
851.487533331712,0.03207915695824875
851.6581999985377,-0.014948530296409095
851.8288666653632,0.016712865347459978
851.9995333321889,0.037143108180532854
852.1701999990144,0.03298467131604508
852.3408666650454,0.004283804943084161
852.5115333310763,-0.029380086867486537
852.6821999979018,-0.022346427183533416
852.8528566646576,-0.00945067827876307
853.0235233314831,-0.022984243548635024
853.1941899983088,-0.019926406315749857
853.3648566651345,-0.04330535204542547
853.53552333196,-0.0318242075991063
853.706189997991,-0.02346039746709794
853.876833331585,-0.0015197665971680967
854.0474999984104,-0.0042199941501558785
854.2181666652361,-0.022467455912720855
854.3888333320617,-0.03498962615379056
854.5594999988873,-0.004987980321627958
854.7301666657131,-0.015195106950914156
854.9008333317439,0.004244392067072621
855.0714899984996,0.003710359469033332
855.2421566653251,0.0037001457320648265
855.4128233321508,0.02020457724291192
855.5834899989765,0.0023764794370753953
855.7541566642125,0.008504361692995798
855.9248233310382,-0.00011038259576964381
856.0954899978639,0.02566754688852238
856.2661566646893,0.015392704366762766
856.436823331515,0.03300510828671663
856.6074766651789,0.0493925730440979
856.7781333319347,0.09474381667684335
856.9487999987603,0.028290619638509033
857.119466664791,0.06069172504430913
857.2901333316167,0.020339047565725372
857.4607999984422,0.015276492813883626
857.6314566651981,0.0021612441137271662
857.8021233320236,-0.031773249427688034
857.9727899988493,-0.02479548319174428
858.143456665675,-0.03035420855444319
858.3141233317058,-0.015470437732982291
858.4847899985314,-0.030252406516560627
858.655456665357,-0.006813587763837468
858.8261099982261,-0.0505433852175942
858.9967666649818,-0.05830560336164355
859.1674333310127,-0.07219754231373439
859.3380999978383,-0.023795513102126978
859.5087666646639,0.0003059047519136004
859.6794333314895,0.004738753226111099
859.8500999983153,0.0008642608474623928
860.0207666651407,0.012707628631161278
860.1914333319664,0.01003475389915242
860.3620999979972,0.020166294368011997
860.5327566647532,0.0017825041259443126
860.7034233315786,0.0044425755397409965
860.8740899984043,0.019820837716009787
861.0447566652298,0.004695516445166559
861.2154233320555,0.0025538869312235726
861.3860899988811,-0.014640492789868937
861.556733332475,-0.017030405992806637
861.7273999977111,-0.0142513145169043
861.8980666645368,0.0023610686972616373
862.0687333313624,0.010671243779920193
862.239399998188,0.028209586878091362
862.4100666650136,-0.01437317703383031
862.5807333310444,0.02914486080957227
862.751389998595,0.0034439489240017233
862.9220566646258,0.004554085981891334
863.0927233314515,-0.01359358696419773
863.2633899982771,0.030744636521659725
863.4340566651026,0.0048984038616619215
863.6047233319283,0.006814119714426804
863.7753899979591,-0.02137098266988696
863.9460566647847,-0.020380833312255646
864.1986333314577,0.006712479855769496
864.4238999986649,0.008733059100644359
864.5945666654904,0.006895933119510297
864.7652333323161,0.01033380844553998
864.9358999991416,0.00021400912402535387
865.1065666643779,0.020736157088912525
865.2772333312034,-0.007005460963403235
865.4478899979592,0.011859252623872937
865.6185566647848,0.010575961441502973
865.7892233316104,0.014283938451618986
865.959889998436,-0.0155627886387701
866.1305566652616,-0.002846848424023944
866.3012233312926,-0.004466546684202891
866.471879998048,0.008058942103515647
866.6425333317122,0.013192897790979779
866.8131999985377,-0.0003131784141659911
866.9838666653634,0.006211078335486623
867.1545333321889,-0.009175715065431246
867.3251999990146,-0.0016839422545527575
867.4958666650452,0.000867014538684901
867.6665333318709,-0.0022108450527652487
867.8371999986969,0.009117325608312169
868.0078666655223,-0.003353473417433861
868.1785233322778,-0.011307665371522117
868.3491899983088,-0.023355913340646024
868.5198566643397,-0.07876375638587622
868.6905233311654,-0.025211497750034808
868.8611899979909,-0.0326359647243571
869.0318566648166,-0.026703625776966985
869.2024999984105,-0.025695641698984077
869.3731666652362,-0.003228645661784651
869.5438333320617,0.03612290711417416
869.7144999980926,0.012771002351857406
869.8851666649182,0.02548473266066043
870.055833331744,0.017566449628178042
870.2264999985695,0.03845764315035984
870.3971566653252,0.0073398195711723005
870.5678233321509,0.03540067418825605
870.7384899989763,0.003947397162415946
870.9091566650073,0.032752558789474896
871.079823331833,0.008733438719567665
871.2504899986585,0.030617562425016287
871.4211566654842,0.015605550446310807
871.5918233323097,0.03645032316053479
871.7624899975459,0.01359798767684649
871.9331333311399,-0.007262124475016902
872.1037999979656,-0.03940456728172563
872.2744666647911,-0.01792491270596631
872.4451333316167,-0.05082718028935933
872.6157999984423,-0.03043306371822872
872.7864666652679,-0.023913091314050998
872.9571233320236,-0.011074160512996138
873.1277899980545,-0.014284636841539597
873.2984566648802,-0.011062381203347401
873.4691233317059,-0.023456585524390384
873.6397899985313,0.014588890648137282
873.810456665357,-0.030329619857947063
873.9811233321825,-0.02668202114511196
874.1517666657767,-0.018865070755790272
874.3224333310127,-0.005324438541434258
874.4930999978384,-0.00409389899207311
874.6637666646639,0.057128894609974584
874.8344333314895,0.01903553546897445
875.005099998315,0.04724379346353551
875.1757566650709,0.02353116169102359
875.3464233318966,0.028163028292660278
875.5170899979273,0.012603179672663863
875.687756664753,0.03211420016806287
875.8584233315787,-0.019861367381185487
876.0290899984042,0.00214650440725991
876.1997566652299,-0.0030137125570701222
876.3704233312607,-0.012233272604053838
876.5410899980864,0.0031058136079575717
876.711756664912,-0.037431974969864515
876.8823999985059,0.009083298960423555
877.0530666653316,0.030018405732944297
877.223733332157,0.02430419192483848
877.3943999989827,0.005259692038696582
877.5650666658082,0.02007264102438025
877.7357333310445,-0.01067620587493118
877.9063899978003,0.024803617345197558
878.0770566646258,0.02592571995763653
878.2477233314514,0.008595415802788635
878.418389998277,0.03035383738560263
878.5890566651027,-0.00021873814235701602
878.7597233319282,-0.008610763056926943
878.9303899979592,-0.02021673353728935
879.1010333315531,-0.043291362664490136
879.2716999983788,-0.00399903035604883
879.4423666652043,-0.04041644759313359
879.61303333203,-0.02928662292155199
879.7836999988556,-0.03070910193071189
879.9543666656812,-0.013433161387703414
880.1250333317123,-0.05252498267958419
880.2956999985378,-0.027537361666191314
880.4663666653632,-0.08443917001191285
880.6370333321889,-0.026090183032102747
880.8076899989446,-0.09864979755349049
880.9783566649755,0.014784817804950797
881.1490233310063,-0.024084286063699917
881.319689997832,0.026676840037308438
881.4903566646575,0.0012496923813150257
881.6610099983214,0.027338599046306405
881.8316666650771,-0.0009662683710533225
882.0023333319028,0.03706987290436998
882.1729999987283,0.019895225677337886
882.3436666647594,0.055322402201204005
882.5143333315849,0.06879891523611745
882.6849999984106,0.07276208921689335
882.8556666652363,0.09310397534425983
883.0263333320618,0.07228653294484524
883.1969999988872,0.09212672018187715
883.3676666657132,0.04477866524976409
883.538323331674,0.024570744400953817
883.7089899984996,0.013023668019698552
883.8796566653251,-0.030200829390470654
884.0503233321508,-0.011577297240922988
884.2209899989764,-0.04514779427809643
884.3916566642125,0.0006858350199038846
884.5622999978066,-0.08976908972614353
884.7329666646322,-0.05750579977423027
884.9036333314577,-0.042089650226561116
885.0742999982833,0.0031285669905834835
885.2449666651089,-0.029304762906599963
885.4156333319346,-0.008969950942429378
885.5862899986903,-0.004903729371855319
885.7569566647213,0.004367740804524454
885.9276233315468,-0.004619983307812012
886.0982899983725,0.004341458421976489
886.268956665198,-0.02019162167864074
886.4396233320236,0.015765871852779608
886.6102899988493,0.04520062686657381
886.7809333324433,0.03756482099067832
886.9515999976793,-0.03296572815830727
887.122266664505,-0.03882049407614924
887.2929333313305,-0.07625182836072923
887.4635999981563,-0.010713155604763533
887.634266664982,-0.1105432533656866
887.8049333310128,-0.058845444615224264
887.9755999978385,-0.0508741766332946
888.1462666646642,-0.01367568916930183
888.3169233314196,-0.05562347238066049
888.4875899982453,-0.0031849419022409106
888.6582566650708,0.059893156815163995
888.8289233318965,0.05628197821849599
888.9995899979274,0.045913230961584464
889.170256664753,0.04460529237486682
889.3409133315087,0.043021414871476496
889.5115666651725,0.0584813209599209
889.6822333319982,0.05380825919491247
889.8528999988237,0.026126471942474003
890.0235666656496,0.03982487146593132
890.194233332475,0.04743232858646191
890.3648999977113,0.013268941138774507
890.5355666645368,0.048469728665913425
890.7062333313625,0.005866204183883258
890.8768999981882,0.03324514491419277
891.0475566649436,0.006749424988557427
891.2182233317693,0.025340892742978238
891.3888899985948,0.029376422697478477
891.5595566646258,-0.0014864722943489133
891.7302233314515,-0.032492857033878046
891.9008899982771,-0.01267629905006573
892.0715466650327,-0.02571315475155668
892.2421999986966,-0.03355317132085534
892.4128666655222,-0.03881006410940071
892.5835333323478,-0.02802606632251542
892.7541999983787,-0.05179453650880313
892.9248666652044,-0.0406204301840759
893.0955333320301,-0.06543744113713369
893.2661899987858,-0.044880843300374014
893.4368566656112,-0.08105781278668463
893.6075233316421,-0.036458257827487274
893.7781899976729,-0.010635671045702476
893.9488566644986,0.00848660496996819
894.1195233313243,-0.01741072253264792
894.2901899981498,-0.020063181274984476
894.4608566649755,0.004318784998015129
894.631523331801,0.00048487617768146603
894.802176665465,0.018028792489982667
894.972833331426,0.008706566369660737
895.1434999982517,0.06821143474548982
895.3141666650772,0.022810761797683436
895.4848333319027,0.06645421807738107
895.6554999987286,0.015105315636904386
895.8261666655541,0.061644145138717014
895.9968233323098,0.011433243945984061
896.1674899983406,0.05680201408173741
896.3381566651663,0.004341611499940015
896.5088233319918,0.049161609436397455
896.6794899988174,0.00195166868752698
896.850156665643,0.05917394196247413
897.0208099977175,-0.007325490801430655
897.1914666644732,0.03338844312215505
897.3621333312988,-0.036651998515465224
897.5327999981243,-0.011261284982043781
897.70346666495,-0.05430306899553078
897.8741333317757,-0.025672428403182405
898.0447999986012,-0.05915916529914439
898.2154666654269,-0.03031682016237481
898.3861333314577,-0.057803162094374805
898.5567999982834,-0.016256494803007344
898.7274566650391,-0.027870139483961574
898.8981233318648,0.027339470966864912
899.0687899986902,-0.015750082208458013
899.239456665516,0.03197468688040657
899.4101233323415,-0.0188059511786679
899.5807899983723,0.03215914691319422
899.7514433312415,-0.010441747912108317
899.9220999979974,0.04562588499392024
900.0927666648229,-0.005564552609501734
900.2634333316485,0.031110226382795914
900.4340999976796,-0.00929669213928849
900.6047666645051,0.033894503808266745
900.7754333313308,-0.009315724581631143
900.9460899980862,0.0187682311606355
901.1167566649119,-0.013102961045184857
901.2874233317376,0.019190764924850532
901.4580899985631,-0.012806250785248234
901.628756664594,0.010487622973090046
901.7994233314196,-0.009733216646608957
901.9700899982452,0.0005942350308757098
902.1407566650707,-0.02384185336978841
902.3114233318965,-0.009281186461040265
902.4820799986522,-0.033785998264981
902.6527333323162,-0.010848857040204258
902.8233999991419,-0.02527936868853248
902.9940666643779,-0.008058721826245313
903.1647333312036,-0.03002148803061182
903.3353999980291,0.008074960318988281
903.5060666648548,-0.02899077496510631
903.6767233316102,-0.01703358889516783
903.8473899984359,-0.018059699390231228
904.0180566652616,0.0026192002283486246
904.1887233312925,0.012127384176752846
904.3593899981181,0.018643720181325766
904.5300566649437,0.016633767483039543
904.7007233317694,0.027095968136259363
904.8713899985949,0.025071545564017524
905.0420566646259,0.029689668384664632
905.2127133321762,0.00853815091444117
905.3833666650455,0.03193352525404244
905.5540333318711,0.00565007452286375
905.7246999986967,0.019117301073712806
905.8953666655223,0.01309697477224647
906.0660333323478,0.02535847692135381
906.2366999983788,0.008741933968654643
906.4073566643398,0.015872207350156497
906.5780233311652,0.004395313302773577
906.7486899979909,0.010817423902856681
906.9193566648164,0.010554122606055752
907.0900233316421,0.006291374877302624
907.2606899984678,-0.011541791770422777
907.4313333320617,-0.010260580012369252
907.6019999980927,-0.011406768949548495
907.7726666649181,-0.00959728563439559
907.943333331744,-0.01612758885614249
908.1139999985695,-0.0327891868748685
908.2846666653952,-0.008517674417546542
908.4553333322207,-0.049822932455678134
908.6259999990464,-0.017187879111178223
908.796666665077,-0.03433203788489255
908.9673333319028,-0.02210299044453816
909.1379899986584,-0.024003053754767852
909.308656665484,0.0021725132104043034
909.4793233323098,-0.020036498871794848
909.6499899975457,0.0012794287047263786
909.8206566643715,0.0022703049286535927
909.991323331197,0.030351685619542847
910.1619666647912,0.025921700838860796
910.3326333316166,0.031206965190131025
910.5032999984423,0.02576200645207697
910.673966665268,0.025528931108968648
910.8446333320935,0.0021101290747136945
911.0152999981244,0.012778105502711145
911.1859566648802,-0.004398141587222283
911.3566233317057,-0.009714738538116488
911.5272899985314,-0.04952849507957404
911.697956665357,0.0042387150842360215
911.8686233321826,-0.03596538813739161
912.0392899990081,-0.004935126129544448
912.2099566650392,-0.029323617533112824
912.3806233318646,0.017208940351549035
912.5512899986903,-0.016540087583431916
912.721956665516,0.015243709904515103
912.8926099983852,-0.01940158908011697
913.0632666643462,0.0358026342695125
913.2339333311717,0.00038915250447804525
913.4045999979974,0.02533498089978294
913.575266664823,-0.012126346113817913
913.7459333316485,0.02002668888794409
913.9165899984042,0.004217454394880309
914.0872566652297,0.036123207273080264
914.2579233312606,-0.010958430509823204
914.4285899980862,0.03663735523462315
914.599256664912,0.0037814113155512827
914.7699233317375,0.03659886902777598
914.9405899985632,0.001324634819645199
915.1112333321573,0.04146516310330779
915.2818999989828,-0.002702493824772087
915.4525666658085,0.028759739514746516
915.6232333310445,-0.008876294259692294
915.7938999978702,0.015394331272531921
915.9645666646957,-0.0226568278672895
916.1352333315214,0.030358235253989146
916.3058999983471,-0.008743187988330875
916.4765666643777,-0.006912598348213505
916.6472333312034,-0.03893264230793767
916.8178899979591,-0.00029449489611869803
916.9885566647848,-0.04222988834837345
917.1592233316103,-0.010981405590621095
917.3298899984359,-0.06122665909341176
917.5005566652617,-0.021739381673862933
917.6712233312925,-0.03711436417112182
917.8418666656813,-0.01731127796293122
918.0125333317121,-0.02352180298392037
918.1831999985377,0.019434750162500708
918.3538666653633,-0.030628811331117153
918.5245333321889,-0.003929207785033701
918.6951999990146,-0.02790239889602032
918.8658666650454,-0.011090676814018267
919.0365333310763,-0.029698760120736245
919.2071999979019,-0.012412106749000302
919.3778666647274,-0.0314610166900943
919.5485233314832,-0.010605711110332497
919.7191899983088,0.0113033391144455
919.8898566651344,0.033585798945463846
920.06052333196,0.05352644369494452
920.231189997991,0.05104905891247907
920.4018566648167,0.06900201715740997
920.5724999984106,0.040606322042062694
920.7431666652361,0.04416454028707473
920.9138333320618,0.02697801718083388
921.0844999988873,0.043291080167093716
921.255166665713,0.02474486985077924
921.4258333317439,0.04282806863827743
921.5964999985694,0.012664409121032791
921.7671566653253,0.0070756170290020475
921.9378233321507,-0.017866632070238135
922.1084899989764,-0.0027308008862807253
922.2791566642125,-0.021862183207407865
922.4498233310381,-0.03260093497635312
922.6204899978638,-0.037513252016510304
922.7911566646893,-0.02232208191864672
922.961823331515,-0.029680622894340026
923.1324899983407,-0.01741168142792341
923.3031333319346,-0.021291573844358185
923.4737999987603,-0.009632813287578704
923.644466664791,-0.021960786665381146
923.8151333316167,-0.013973772595870364
923.9857999984424,-0.02112159615933979
924.1564666652679,-0.0018339415957225643
924.3271233320236,-0.01001830206765211
924.4977899988492,0.0006762225953805608
924.668456665675,-0.01848456347368972
924.8391233317058,-0.005005621896481562
925.0097899985315,-0.012472984432637325
925.180456665357,-0.008899574203110742
925.3511233321826,-0.014518407955465534
925.5217899990082,-0.004958816673234004
925.6924566642443,0.006792921227882766
925.86312333107,0.02849510392346507
926.033766664664,0.009635301908614545
926.2044333314896,0.042222753788987405
926.3750999983151,0.015276866932757328
926.5457666651407,0.025989202882202828
926.7164333319663,0.00882249483277592
926.8870999979974,0.020739402766431624
927.0577566647529,0.0016088169170728791
927.2284233315786,0.009052211488545311
927.3990899984041,-0.00781310840401291
927.56975666523,0.0024296922239335898
927.7404233320555,-0.007779408451193552
927.9110899988812,0.02311401958081103
928.0817466656366,0.005335968184279161
928.2523999977111,0.02815830423378784
928.4230666645368,-0.0009684505415175974
928.5937333313625,0.00660126670910754
928.764399998188,-0.005666294205566236
928.9350666650137,0.014882851550186541
929.1057333310446,-0.013182732908495328
929.2763999978703,-0.010453595882520096
929.4470666646957,-0.015632322106006173
929.6177333315212,-0.013993293548455781
929.7883899982771,-0.024486483056585597
929.9590566651026,-0.012442177271477516
930.1297233319283,-0.020087803827576182
930.3003899979592,0.010835505830502868
930.4710566647848,-0.026555717930510855
930.6417233316104,-0.01246226024642956
930.812389998436,-0.026835944245660038
930.98303333203,-0.011988443201000995
931.1536999988555,-0.022023878635010145
931.3243666656812,0.0009729646408674814
931.495033331712,-0.01587250351551963
931.6656999977429,0.011339197184320473
931.8363666645686,-0.007943460563340745
932.007033331394,0.012094815086197978
932.1776999982197,-0.0004350989809507911
932.3483666650452,0.03687410811550205
932.5190333310762,0.007275690425063204
932.6896899986268,0.03385896809376386
932.8603566646576,0.0048588191383245275
933.0310233314833,0.03298656040880072
933.2016899983088,0.008205124908097097
933.3723566651345,0.027807356197758586
933.5430099987983,0.0022020563520566447
933.713666665554,0.025747510835021723
933.8843333323796,0.0006366382577360221
934.0549999984107,0.016752556778677694
934.2256666652362,-0.0064487246418384395
934.3963333320619,0.004575790671437062
934.5669999988874,-0.014745154409627289
934.737666665713,-0.0026158084094814525
934.9083233308793,-0.01172510165005104
935.0789899977048,-0.004587444167674151
935.2496566645304,-0.009174344802091231
935.4203233313561,-0.008858173327120371
935.5909899981816,-0.011468775935388831
935.7616566650073,-0.012421463550501013
935.932323331833,-0.00900431685416425
936.1029899986585,-0.014311156468274265
936.2736566646894,-0.00799063268974005
936.4442999982833,-0.020398212999159657
936.614966665109,-0.009760323031312542
936.7856333319345,-0.00342956004927172
936.9562999987602,-0.0012852485434026724
937.1269666655859,-0.002084860679967153
937.2976333324116,0.004461847685562158
937.4682899983725,-0.0018199387309760907
937.6389566651981,0.0015253102276440982
937.8096233320236,-0.004995538613150417
937.9802899988492,-0.0030383774064650097
938.1509566656748,-0.02172647473751196
938.3216233309109,0.007034883294533749
938.4922899977366,0.006523015111846236
938.6629566645622,0.016092066931271434
938.8336233313878,0.00684061313728444
939.0042899982134,0.01520425460714497
939.1749333318076,0.007690891788207253
939.345599998633,0.021638276325814183
939.516266664664,0.0015902611088593347
939.6869333314895,0.020645471170351173
939.8575999983153,0.0002642081540997165
940.0282666651408,0.01899574228120164
940.1989233318966,-0.008412688802027384
940.3695899987221,0.012980727460019159
940.5402566655478,-0.008070509815523055
940.7109233323733,0.012564953434024787
940.8815899984041,-0.005836485983288151
941.0522566652298,0.015129594682474663
941.2229233320553,-0.013004262005019956
941.393589998881,0.01317940011543922
941.5642566657065,-0.0189614378909095
941.7349133308729,0.003995784400290242
941.9055666645367,-0.024797138105430435
942.0762333313626,0.0020714906992988116
942.246899998188,-0.020066724801515976
942.4175666650137,0.006006736767848997
942.5882333318393,-0.007077763828970654
942.7588999986649,0.018324574691002196
942.9295566646258,-0.02264907448031684
943.1002233314514,-0.008536479558571603
943.270889998277,-0.02145032337859705
943.4415566651027,-0.006554809457687747
943.6122233319281,-0.01657319713096463
943.7828899987538,0.01317749272122416
943.9535466655095,-0.024869407404232293
944.1241999983788,-0.002974674099438967
944.2948666644095,-0.016815031008073345
944.4655333312352,0.002638637685710451
944.6361999980606,-0.005592113738710443
944.8068666648866,0.011591454163852953
944.9775333317123,0.0016243875396315212
945.148199997743,0.015828081858171982
945.3188666645686,0.002497544803375245
945.4895333313941,0.019395286703420816
945.6601899981499,0.007844669237206182
945.8308566649755,0.012195945406418815
946.0015233318011,0.0028128155634581107
946.1721899986267,0.012569967236272192
946.3428566646575,-0.004051303606479297
946.5135233314832,0.021635314925255937
946.6841766651471,0.012600224790288352
946.8548333319028,0.020542941003048598
947.0254999987285,0.003064054862842207
947.1961666655541,0.010316876139092322
947.3668333323798,-0.0029038766549521044
947.5374999976159,0.006242146147025756
947.7081666644415,-0.0023062787047122436
947.8788333312671,-0.0029755320281744774
948.0494999980926,-0.006666209776401553
948.2201666649182,-0.003655380968969773
948.3908333317438,-0.011333533209973828
948.5614899984996,-0.003801749686459559
948.7321566653251,-0.01699549943375762
948.9028233313562,-0.001232470773427937
949.0734899981815,0.003432237388699857
949.2441566650074,0.0008933009321755893
949.4148099986711,0.006532462994707448
949.585466665427,-0.00864866202990715
949.7561333322526,-0.0056144910969155295
949.9267999990782,-0.007221978833534257
950.0974666651091,-0.004872350446066317
950.2681333319346,-0.016355649217697707
950.4387999987603,-0.009838540683960563
950.6094666655857,-0.013353089048379802
950.7801333324114,-0.009682247617583604
950.9507999976477,-0.014175429461896333
951.1214566644032,0.0026855553855891136
951.2921233312288,-0.01189891700604598
951.4627899980545,0.00017069967391798396
951.6334566648802,-0.0028111648096353806
951.8041233317057,0.013599863504114431
951.9747899985312,-0.0033096600678963447
952.1454566645622,0.013886953866105854
952.3160999981562,-2.9236176117327603e-05
952.4867666649819,0.017160546916111383
952.6574333318074,-0.00022351937057236366
952.8280999986331,0.005594576697512181
952.9987666654588,0.0002837494852198674
953.1694333322843,0.011693691691279633
953.34008999904,0.00012019130520043341
953.5107566650707,0.009462325575468042
953.6814233318964,-0.0010955375899698897
953.8520899987219,0.007332095198181407
954.0227566655476,0.00133707399037924
954.1934233323733,0.009211987857473267
954.3640899976095,0.004450698529172791
954.5347566644352,0.013998541055723047
954.7054233312607,0.004121435105509028
954.8760799980164,0.007933306360499166
955.0467333316803,0.00170683273260435
955.2173999985059,0.0038527059928812964
955.3880666653315,-0.002536848544233267
955.5587333313624,0.001196063097446967
955.7293999981879,-0.0002595997808129763
955.9000666650136,-0.0008971468036492947
956.0707233317693,-0.0018840812308359826
956.241389998595,-0.001332156515200403
956.4120566654204,-0.01005466562032515
956.5827233322461,0.0006390994718319853
956.7533899982769,-0.0065467244467121806
956.9240566651027,-0.00016354959680962727
957.0947233319282,-0.013294510669622344
957.2653899987539,-0.006971604526323699
957.4360566655796,-0.016064443552844938
957.6067133323352,-0.0050147753408533256
957.7773666644096,-0.013185396887253354
957.9480333312353,-0.0005591712389521452
958.118699998061,-0.008442337684367354
958.2893666648864,0.009607008315423384
958.4600333317121,-0.013707146268682463
958.6306999985376,0.0015091277536300528
958.8013566652933,-0.01671356556999846
958.9720233313243,0.005676306729514326
959.1426899981498,-0.008593981081112303
959.3133566649755,0.016492509734686005
959.4840233318012,-0.0035543156200342828
959.6546899986267,0.023509749407739106
959.8253566654524,-0.007059972053178699
959.9960233322779,0.01813477550091201
960.1666899983089,-0.010351401322240644
960.3373433311781,0.014678416496284121
960.5079999979337,-0.011752907871260451
960.6786666647592,0.018147578989485255
960.849333331585,-0.00921841790782509
961.0199999984104,0.020990446014944743
961.1906666644414,-0.0065262295114646915
961.3613333312669,0.0203307962238288
961.5319899980228,-0.002268147806859762
961.7026566648483,0.025096674551217578
961.873323331674,-0.005847581451084078
962.0439899984997,0.015917243109062583
962.2146566653253,-0.014096289077665919
962.3853233313561,0.004124557674992985
962.5559899981818,-0.018582171487354537
962.7266566650072,-0.003730230785910739
962.8973233318329,-0.019809217876829856
963.0679766654969,-0.005072899520484768
963.2386333322526,-0.01896961886826722
963.4092999990783,-0.0005361092855419165
963.5799666643143,-0.01017976861946156
963.75063333114,0.0015940127166252766
963.9212999979654,-0.009378752038180796
964.0919666647911,0.006910184745130303
964.2626233315466,-0.0033863055979083253
964.4332899983725,0.008049345674137145
964.6039566651982,-0.0026121766909429555
964.7746233312289,0.003678735581719994
964.9452899980546,-0.003229593834001531
965.1159566648801,0.000917875604899393
965.2866233317058,-0.0025129658915584627
965.4572899985312,0.0032766878226128935
965.6279566653569,0.0033998882098026707
965.798623331388,0.007186083269163713
965.9692666657766,0.00504251529660525
966.1399333318074,0.00903314237163427
966.310599998633,0.00859486256974718
966.4812666654586,0.008103095686874357
966.6519333322843,0.007745026903002639
966.82259999911,0.003928139385502243
966.9932566642761,0.00658769012007241
967.1639233311016,0.0019266456615510948
967.3345899979274,0.006269777062425995
967.505256664753,-0.007233744559980196
967.6759233315786,0.005679849108035003
967.8465899984042,-0.0061309138489291926
968.0172566652298,-0.0010105741678721838
968.1879233312608,-0.013536991459697266
968.3585899980862,-0.0007607165929277254
968.5292466648419,-0.010923373937393933
968.6998999985059,0.0034144770564028953
968.8705666653316,-0.011736076595612193
969.0412333321572,0.005629709436627168
969.2118999989829,-0.014854167558888638
969.3825666650137,0.0011893271391763525
969.5532333318394,-0.013159132228431673
969.723889998595,0.005806587410910915
969.8945566654205,-0.011060218165831416
970.0652233322462,0.008638727056278958
970.2358899990717,-0.011855068938539277
970.4065566643079,0.008552781812291046
970.5772233311334,-0.01951293824112943
970.7478899979591,0.010523092944572597
970.9185566647848,-0.011052706354499934
971.0892233316105,0.008479887829399908
971.2598799983659,-0.011850734250523545
971.4305333320299,0.013137868883999
971.6011999980608,-0.010225211325086407
971.7718666648864,0.013611180314273465
971.9425333317122,-0.011402353523867368
972.1131999985377,0.019992966705856305
972.2838666653633,-0.008762208306756664
972.454523332119,0.018389158035967173
972.6251899989445,-0.006776868290466011
972.7958566649755,0.017896657849750124
972.966523331801,-0.009822852265078235
973.1371899986267,0.018889424182207768
973.4716999991736,-0.0017985060498178862
973.6833233308793,0.021891318205140235
973.8539899977047,-0.005174562653816338
974.0246433313687,0.01990683929821348
974.1952999981244,-0.005448180195766999
974.3659666649501,0.01916286814963384
974.5366333317758,-0.01099793896650836
974.7072999986012,0.018026491384024484
974.8779666654269,-0.009679758790353259
975.048623331388,0.01194416923272452
975.2192899982134,-0.013803004224361058
975.3899566650391,0.004494873578898137
975.5606233318647,-0.019878272304431753
975.7312899986903,0.004443111019187921
975.9019566655159,-0.019781647290017513
976.0726233323414,0.0033316167919217403
976.2432899983723,-0.027804589676907198
976.413956665198,-0.005562089316746882
976.5846233320237,-0.026875466603460574
976.7552766648929,-0.0064473365897697536
976.9259333316486,-0.034673074734229536
977.0965999976794,-0.00854677180800991
977.2672666645051,-0.026409867250206265
977.4379333313307,-0.0007156647760586971
977.6085999981563,-0.0025584018711446634
977.7792666649818,0.0119961890587959
977.9499233317374,0.005962627046691199
978.1205899985631,0.018989706737749235
978.2912566645939,0.01569861681093038
978.4619233314197,0.018492347892219776
978.6325899982452,0.016114054762408504
978.8032566650709,0.017117776434703018
978.9739233318963,0.016714115405390032
979.1445899987223,0.013709241603110897
979.3152566655477,0.008008838853852708
979.4859133323034,0.0029040020966618796
979.6565666643779,0.002853598505229057
979.8272333312034,4.991053080337396e-05
979.9978999980291,0.005787153279291792
980.1685666648548,0.0012660112124130711
980.3392333316802,0.008206114575963092
980.5098999977112,-8.784007640726082e-05
980.6805566652616,0.007241625670935219
980.8512233312925,-0.0039825131597600255
981.021889998118,0.009116972663734783
981.1925566649436,-0.0041176733288056655
981.3632233317694,0.00431342953932947
981.5338899985949,-0.007108863635165991
981.7045566646259,0.0029068953348121013
981.8752233314515,-0.012623595900227309
982.0458899982771,0.0013619578801280538
982.2165466650328,-0.016496851894431456
982.3871999986966,-0.0028253224608539938
982.5578666655223,-0.019836827105636317
982.7285333323478,-0.0056474990612575635
982.8991999983788,-0.02106383008405786
983.0698666644096,-0.004892166550641006
983.2405333312352,-0.023053453667983382
983.411189997991,-0.005921331799027081
983.5818566648165,-0.022943098525020886
983.7525233316421,-0.002191451388392739
983.9231899984677,-0.01998399397848598
984.0938566652934,0.003553578742940381
984.2645233313244,-0.012053096881903506
984.4351899981499,0.009953940725305277
984.6058566649756,-0.006903720402593718
984.7765233318011,0.017982367532904397
984.947166665395,-0.0021341782846780984
985.1178333322207,0.022917489520683617
985.2884999990463,0.0014461215446931236
985.4591666650771,0.023144193285896064
985.629833331903,0.0017944652734936382
985.8004999987285,0.02288329866779363
985.9711666655542,0.004290550720770414
986.1418233323096,0.0233602242563818
986.3124899975459,0.005322384748850359
986.4831566643716,0.02481372210767112
986.653823331197,0.005604361515650577
986.8244899980227,0.020829442752159352
986.9951566648484,-0.000336770033915344
987.1658233316739,0.012341658092452029
987.3364899984996,-0.0032586022921382808
987.5071566653253,0.009328783544486529
987.6778099981944,-0.005977888115341417
987.8484666649501,0.003412382586417846
988.0191333317756,-0.010024882624160406
988.1897999986013,-0.003136052986871107
988.3604666654268,-0.012577823331473335
988.5311333322525,-0.002707407833621173
988.7017999990782,-0.011712869760569048
988.8724666651091,-0.0065884398727542445
989.0431333319345,-0.010441942473155634
989.2137999987602,-0.009469967245607109
989.3844566655159,-0.013163035749232147
989.5551233323415,-0.008929591534372224
989.7257899975777,-0.015483202222870498
989.8964566644032,-0.010444014390177142
990.0671233312289,-0.014797624028022009
990.2377899980545,-0.00893895181064553
990.4084433317184,-0.012615716073789222
990.579099998474,-0.006437798396614396
990.7497666652998,-0.007600072347857822
990.9204333313306,0.004386603468737084
991.0910999981563,7.93920802086198e-05
991.2617666649818,0.006581365351938105
991.4324333318076,0.005735961100610428
991.6030999986331,0.008306709651950895
991.7737666654588,0.006719847734186935
991.9444333322842,0.014576645071007902
992.11508999904,0.01091506516856872
992.2857566650707,0.01399332219359047
992.4564233318964,0.009358345520634085
992.6270899987221,0.0028366964693784056
992.7977566655476,0.0023845663280902566
992.9684233323733,0.0006783117429755475
993.1390799975394,0.0021093419508390688
993.3097333312035,-0.0007605629062457867
993.4803999980289,-2.364335875651802e-05
993.6510666648549,-0.0019264952450523305
993.8217333316803,0.002416919143794493
993.992399998506,-0.0011739175636001373
994.1630666653316,0.002628531972348826
994.3337333313624,-0.0012901992245874826
994.5043999981881,0.005780357749816444
994.6750666650136,-0.0015929847640377393
994.8457233317692,0.009057900518554679
995.016389998595,0.0032713720695670286
995.1870566654204,0.005815320101799349
995.3577233322461,-0.006146126035593007
995.5283899982771,0.0041865371720415075
995.6990566651026,-0.008890665545007254
995.8697133318583,0.002449193722916663
996.0403666647275,-0.006395156890147863
996.2110333315529,0.005091190949332244
996.3816999983788,-0.009286098437862952
996.5523666644096,0.000881165618286499
996.7230333312352,-0.01114048081296993
996.8936999980609,0.0025827589272469794
997.0643666648864,-0.01267778440671154
997.2350333317121,0.0026670867584782745
997.4056999985378,-0.014527728184706943
997.5763566652934,0.0010442311648902142
997.7470233313243,-0.013139816709213369
997.9176899981497,-0.002667590055514071
998.0883566649754,-0.013284114990176572
998.2590233318011,0.003843309919433521
998.4296899986266,-0.005984796519025121
998.6003333322208,0.004117966064725268
998.7709999990464,-0.0029669083560502534
998.9416666642825,0.011603400213558138
999.1123333311082,0.0043038363441930145
999.2829999979338,0.011999027454775917
999.4536666647593,0.007219922512861004
999.6243333315849,0.015253022119845661
999.7949999984105,0.010263874162459198
999.9656666644414,0.006554364787924159
1000.1363333312671,0.002424542745536378
1000.4844799987475,0.009588230727560501
1000.9213899985949,0.005888143566374795
1001.0920566646258,0.008358064766977494
1001.2627233314513,0.003387498709936779
1001.433389998277,0.007363691068613456
1001.6040566651027,-3.4512547578077334e-05
1001.7747233319282,0.002202280557895948
1001.9453666655223,-0.00260652599616033
1002.1160333323478,-0.0015653568569675433
1002.2866999983787,-0.006385728176784985
1002.4573666644097,-0.0056377614278710474
1002.6280333312354,-0.008965749477286428
1002.7986999980609,-0.00989653200789292
1002.9693666648866,-0.013080953859168654
1003.140023331642,-0.012103816544280338
1003.3106899984678,-0.01668646815309691
1003.4813566652934,-0.014660233689127994
1003.6520233313242,-0.009487049931242063
1003.8226899981498,-0.010113899794912513
1003.9933566649754,-0.008900609672307705
1004.164023331801,-0.011397829850833386
1004.3346899986267,-0.0065701023290339515
1004.5053566646575,-0.005184925128161257
1004.6759999990463,0.001291065354316406
1004.8466666650772,-0.002547532740887479
1005.0173333319029,0.007145599675323473
1005.1879999987284,0.0019670731510688932
1005.3586666655541,0.008362378620188321
1005.5293333323796,0.00048478895375972196
1005.6999999976158,0.012629835260680643
1005.8706566643716,0.006583176704624383
1006.0413233311971,0.019139637235616687
1006.2119899980228,0.009141838901944815
1006.3826566648482,0.018438429307247685
1006.553323331674,0.0052037055036281525
1006.7239899984994,0.017084378608996944
1006.8946566653252,0.006552095412227202
1007.065323331356,0.015710582627170695
1007.2359899981817,0.004629188301883355
1007.4066333317758,0.012094926900663605
1007.5772999986013,0.003533514332131992
1007.7479666654268,0.009361761491525502
1007.9186333322525,-0.0024008704870941127
1008.0892999990781,0.005865164768341739
1008.2599666651089,-0.005877132546736468
1008.4306333319346,0.005499642189045724
1008.6012999987603,-0.004539747633203776
1008.771966665586,0.004032634272107466
1008.9426233323414,-0.0062213397342854295
1009.1132899975777,-0.0002546239714647442
1009.2839566644034,-0.010074191293883435
1009.4546233312288,-0.0026630994103119276
1009.6252899980543,-0.01056874495264392
1009.7959566648802,-0.004658055586452831
1009.9666233317059,-0.012883867580060944
1010.1372666652999,-0.005057245223780255
1010.3079333313306,-0.01442380699476854
1010.4785999981563,-0.006191821972662298
1010.649266664982,-0.01428238396538307
1010.8199333318074,-0.009901780362508276
1010.9905999986331,-0.010152931768944707
1011.1612666654586,-0.0024181927280924644
1011.3319333322843,-0.006578645825263235
1011.5025999991097,-0.0011758236804510313
1011.6732566650708,-0.006856481668454888
1011.8439233318965,0.003836501726429885
1012.0145899987222,-0.0025351674794404306
1012.1852566655477,-0.0038093400410736697
1012.3559233323733,-0.0039443983713656275
1012.5265899976093,-0.0010954755067132805
1012.6972566644351,-0.0034687813201975067
1012.8679233312607,-0.0027644491349301916
1013.0385899980863,-0.0011887738707870815
1013.2092566649119,-0.000747178107873769
1013.3798999985058,0.001074521009561112
1013.5505666653314,0.0008798561295080764
1013.7212333313624,0.0025834831085246633
1013.8918999981881,-0.000533629576185758
1014.0625666650136,0.0031132134405109533
1014.2332333318393,0.0032181137879025807
1014.4038999986649,0.006194141831854481
1014.5745566654207,0.00357563696555335
1014.7452233322462,0.00683624601380704
1014.9158899982771,0.0067521969475352
1015.0865566651028,0.013292860820863533
1015.2572233319282,0.012583052683026742
1015.4278899987539,0.015081825904897123
1015.5985566655794,0.014389125633789027
1015.7692233324051,0.015772021659167836
1015.9398899976411,0.00786534398360361
1016.1105466643969,0.006653523999751226
1016.2811999980607,0.005540078325333084
1016.4518666648864,0.003718776566009456
1016.6225333317121,0.005014119008939341
1016.7931999985376,0.005777416085044731
1016.9638666653634,0.000955993896423576
1017.1345333313941,0.004728284202728037
1017.3051899981499,0.0013607941264903597
1017.4758566649756,0.0024208979408944817
1017.6465233318011,-0.00420174182433072
1017.8171899986268,0.0031863942993841316
1017.9878566654522,-0.0028800694259544886
1018.1585233322779,-0.0009374373771878739
1018.3291899983087,-0.0074003009968025574
1018.4998566651344,-0.0026163610186374555
1018.6705233319601,-0.013916887087069264
1018.8411666647595,-0.005538351259654072
1019.0118333315847,-0.012412893718966827
1019.1824999984107,-0.008486380760789216
1019.3531666644415,-0.018147032902877988
1019.523833331267,-0.011984284675400112
1019.6944999980926,-0.01569190983415595
1019.8651666649182,-0.008350051486126756
1020.0358333317439,-0.020004750409551218
1020.2064999985696,-0.007285443295618981
1020.3771666653951,-0.008142010377911887
1020.5478233313561,-0.001403347730570852
1020.7184899981816,-0.005263206264664477
1020.8891566650072,-0.0012408268600179319
1021.059823331833,-0.005721858040068468
1021.2304899986584,-0.00041524706310746705
1021.4011566654842,-0.0052222818582662285
1021.571799999078,-0.002001173599548053
1021.7424666643143,-0.008238138037347416
1021.9131333311398,0.0006280276212238853
1022.0837999979655,-0.009153666629980616
1022.2544666647912,-0.0012301471260998413
1022.4251333316167,0.003373581193677378
1022.5957999976475,0.012484917059788792
1022.7664666644732,0.009109308934856859
1022.9371333312989,0.014387252596624883
1023.1077899980544,0.010396111556325588
1023.2784566648801,0.013898183278434223
1023.4491233317058,0.012933769517867866
1023.6197899985312,0.01436885898395438
1023.7904566653569,0.0090996768141918
1023.9611233313879,0.012355116682180072
1024.1317899982137,0.006125099876669848
1024.302456665039,0.011597747965573094
1024.4731233318648,0.01100005788105658
1024.6437899986902,0.01519097020935706
1024.8144433323541,0.0027979507436724713
1024.98509999911,0.011654573635531665
1025.1557666643462,0.00568155133793707
1025.3264333311715,0.010739756163244305
1025.4970999979973,0.0015614701206412827
1025.6677666648227,0.006007841582272808
1025.8384333316485,-0.004607325645069446
1026.0090999976794,0.003293671951594818
1026.179766664505,-0.003444851522394313
1026.3504333313306,0.0030183290596777538
1026.5210899980862,-0.008152569636113298
1026.6917566649122,-0.00040769099873941793
1026.8624233317373,-0.01023030805349547
1027.0330899985631,-0.005744738366520342
1027.2037566645943,-0.013726699383483303
1027.3744233314196,-0.007407567958507382
1027.5450799981754,-0.014284832211334707
1027.7157333318394,-0.011911363538779113
1027.8863999986647,-0.018836304834072778
1028.0570666654905,-0.01419264443017207
1028.227733332316,-0.014504476946677032
1028.398399999142,-0.010665254919078184
1028.569066664378,-0.013237179116456624
1028.7397333312035,-0.005756339058018782
1028.9103999980293,-0.00889767993858548
1029.0810666648547,-0.005119011347972283
1029.2517233316103,-0.002929083340519856
1029.4223899984358,-0.002485708537167391
1029.5930566652617,-0.000103806156521864
1029.7637233312923,-0.00013366895254117965
1029.9343899981181,0.0008540702151238682
1030.1050566649435,-0.0003924406621881035
1030.2757233317693,0.0030873400556267697
1030.446389998595,0.011400050805793023
1030.6170566646258,0.014957307524678335
1030.787713332176,0.0077639721183145344
1030.9583666650456,0.006589124831995095
1031.129033331871,0.008166909186373692
1031.2996999986967,0.006465048335330214
1031.4703666655223,0.0039168483660606815
1031.641033332348,0.004304715076750203
1031.8116999983788,0.005148854835376243
1031.98235666434,-0.00100393749072447
1032.1530233311653,0.002034301127991391
1032.323689997991,0.0023086945049122258
1032.4943566648167,0.00162730422595641
1032.6650233316423,0.003509573088582048
1032.8356899984678,0.0008611903152318409
1033.0063566652934,0.0011231643117913682
1033.1770233313243,0.0039536834040083835
1033.34768999815,0.000506529399216419
1033.5183433318139,0.0020053020638569063
1033.6889999985694,-0.0014744223164971332
1033.859666665395,0.001932741452026861
1034.0303333322206,-0.001565789358252085
1034.2009999990464,0.0017624293314230971
1034.3716666650773,0.0015322427048868696
1034.5423333319031,0.0034559328552508546
1034.7129999987285,0.008627594473844065
1034.883666665554,0.0009281797763720668
1035.0543333323799,0.007225903748904065
1035.2249999976157,-0.00028499036934275386
1035.3956566643715,0.003340167969312056
1035.566323331197,-8.014842780324927e-05
1035.7369899980226,0.00750102701058037
1035.9076566648482,-0.0037422537359112257
1036.0783233316738,0.00928440383026774
1036.2489899984998,-0.001668054463992975
1036.419656665325,-0.0020883731300163112
1036.590323331356,-0.008235645168807188
1036.7609899981815,-0.00034733584251859536
1036.9316333317756,-0.00734472841965352
1037.1022999986012,0.001903880072938125
1037.272966665427,-0.004779326790753338
1037.4436333322526,-0.0007197882868940574
1037.6142999990782,-0.011390213780214896
1037.784966665109,-0.008186023685152755
1037.9556233318647,-0.008910086271787184
1038.1262899986903,-0.008505360841836994
1038.2969566655158,-0.010157631861631513
1038.4676233323414,-0.0038620916416961565
1038.6382899975774,-0.015612098893533904
1038.8089566644032,-0.006038385728449245
1038.9796233312288,-0.012136034611242843
1039.1502899980546,-0.001673174002165971
1039.3209566648802,-0.011377639319891625
1039.4916233317058,0.0028592995731334466
1039.6622666652997,-0.008078876680065033
1039.8329333313307,-0.0018221714765391125
1040.0035999981562,-0.01136559640762513
1040.174266664982,0.005072536939759799
1040.3449333318076,-0.010104727880084981
1040.5155999986332,0.012227109830699735
1040.6862666654588,0.00552113408235928
1040.8569333322844,0.03210569552301818
1041.02759999911,-0.005148451174179764
1041.1982566650709,0.010723368165807084
1041.3689233318964,-0.003259457167879463
1041.539589998722,0.02564898151896598
1041.7102566655476,-0.00030695743914007083
1041.8809233323732,0.02687873609655789
1042.0515899976094,0.0025879473444081415
1042.2222566644352,0.030620974876115696
1042.3929233312606,0.006039389790462285
1042.5635899980862,0.027960047922938356
1042.7342566649118,0.0018333854235459417
1042.904899998506,0.02352947279790035
1043.0755666653313,0.003304655050655407
1043.2462333313624,0.01488966303679919
1043.416899998188,-0.013246586578899872
1043.5875666650138,0.004027044989835957
1043.7582333318394,-0.009784452753525753
1043.928889998595,0.0023702574036550098
1044.0995566654206,-0.014849717145579972
1044.2702233322461,-0.014815166577895762
1044.4408899982768,-0.027903357132703668
1044.6115566651026,-0.014134123280976442
1044.7822233319282,-0.029826971668319158
1044.952889998754,-0.01225399750656646
1045.1235566655796,-0.020162501819203857
1045.2942233324052,-0.010398381168872683
1045.4648899976414,-0.021094922990856687
1045.6355333312354,-0.0004270716191144401
1045.806199998061,-0.010936645047797941
1045.9768666648865,-0.002842271289463105
1046.147533331712,-0.013055782171790417
1046.3181999985377,-0.002857019014445077
1046.4888666653633,-0.005446261026125461
1046.6595333313944,0.004900998080051302
1046.8301999982198,-0.008060852671003645
1047.0008666650454,0.010821780440598358
1047.171533331871,-0.0016126035534670326
1047.3421899986267,0.016243214800859128
1047.5128566654525,-0.0010314377776784408
1047.6835233322777,0.016166384627699985
1047.8541899983088,0.009786373341748176
1048.0248566651344,0.013021336449529488
1048.19552333196,0.0019479238599260202
1048.3661899987858,0.014385345475245512
1048.5368566656111,0.011711845030633087
1048.7075233316423,0.018367527599152368
1048.8781666644413,0.010319431973590152
1049.048833331267,0.011126768746867115
1049.2194999980925,0.008041620503318362
1049.3901666649185,0.01819961546727555
1049.5608333317439,0.013070275000009568
1049.7314999985697,0.012291587526246046
1049.9021666653953,0.005409323993711487
1050.072823331356,0.00616840569079948
1050.2434899981815,-7.160259434474398e-05
1050.4141566650073,0.0020946481208615223
1050.5848233318327,-0.008528750685942095
1050.7554899986585,-0.010262111712659224
1050.926156665484,-0.0010010340818119362
1051.0968233323097,0.0018600396508631936
1051.2674899983406,-0.002610603861649805
1051.4381566651664,-0.010127018378523579
1051.6087999979657,-0.004867043043350795
1051.779466664791,-0.00720905182658155
1051.950133331617,-0.007339224030312977
1052.1207999976475,-0.015953079132123443
1052.2914666644733,-0.008902447620381676
1052.4621333312987,-0.007252753676034574
1052.6327999981245,-0.00408657350873343
1052.80346666495,-0.014356709304930129
1052.9741333317756,-0.009384025639733317
1053.1447899985312,-0.03273234177571982
1053.315456665357,-0.01017265905477693
1053.4861233313877,-0.032150245986685005
1053.6567899982133,-0.007273777274165979
1053.8274566650389,-0.02994794368838841
1053.9981233318645,-0.00624971272362579
1054.1687899986905,-0.023594353202823142
1054.3394566655159,0.004933430602425963
1054.5101233323417,-0.016795348446516548
1054.6807899983723,0.01007636889506987
1054.8514433312416,-0.018865383226904252
1055.0220999979972,0.023335148565402274
1055.192766664823,-0.010843635147190351
1055.3634333316484,0.023493359871781305
1055.5340999976795,-0.006574633266659776
1055.704766664505,0.037087469502817
1055.8754333313307,-0.005640215206768971
1056.0460999981563,0.044236965031341294
1056.2167666649818,0.009202302333777394
1056.3874333318074,0.05212741516469299
1056.558089998563,0.009890147342198846
1056.7287566645941,0.05032420943206441
1056.8994233314195,-0.002158162708651278
1057.0700899982453,0.053411353300156415
1057.240756665071,0.005499299960697087
1057.4114233318965,0.054691588670514914
1057.5820899987223,0.0021592802148637257
1057.7527566655476,0.05178446412113971
1057.9234233323734,-0.001526312685876787
1058.094079998334,0.049283303062646645
1058.2647333312034,-0.012394166062391134
1058.435399998029,0.038334809232163834
1058.6060666648548,-0.03745940192007002
1058.7767333316804,0.025704492605380408
1058.9473999977113,-0.05185413056973931
1059.1180666645369,0.014590102672702259
1059.2887233312927,-0.050634537609940876
1059.459389998118,-0.00327979372368732
1059.6300566649436,-0.06959772578841573
1059.8007233317692,-0.016639201832217017
1059.971389998595,-0.07653022466395305
1060.142056664626,-0.016186375687814163
1060.3127233314515,-0.07451004867501894
1060.483389998277,-0.018745465577100714
1060.6540566651026,-0.06457757694826799
1060.8247133318582,-0.023063903291347103
1060.9953666655224,-0.0469270161973327
1061.1660333323478,-0.013510893793435957
1061.3366999983787,-0.04100455772234114
1061.5073666644096,-0.010651915464126346
1061.6780333312352,-0.009213915593130796
1061.848699998061,0.024021312037384942
1062.0193666648863,0.024964699172245287
1062.1900333317121,0.020403729154000842
1062.360699997743,0.024642999328743878
1062.5313566652935,0.0308432278847576
1062.7020233313242,0.031864444024705126
1062.8726899981498,0.021928242411712706
1063.0433566649754,0.02189934060012951
1063.2140233318012,0.017165895072502414
1063.3846899986268,0.019678522936094366
1063.5553566646577,0.009397566510718311
1063.7260233314832,0.0027802314137643424
1063.8966899983088,-0.008213322381962561
1064.0673433319728,-0.013196255454367662
1064.2379999987284,-0.014981503151081706
1064.4086666655542,-0.015380918903191255
1064.57933333238,-0.008338329604424492
1064.7499999976158,0.008839745070588973
1064.9206666644416,0.010393480487012684
1065.091333331267,0.036669297005400336
1065.2619999980925,0.03917013375344292
1065.432666664918,0.06505048561669026
1065.603333331744,0.0438782774302554
1065.7739999977748,0.06883768629906813
1065.944656665325,0.04651619598691928
1066.115323331356,0.06528495673895485
1066.2859899981818,0.03854743902484769
1066.4566566650071,0.04764815478970827
1066.627323331833,0.02000863463428727
1066.7979899986583,0.027658224306458555
1066.9686566646894,0.006041219464275309
1067.139323331515,0.0069494397262874754
1067.3099899983406,-0.013901282042424405
1067.4806333319345,-0.01593463586635419
1067.6512999987604,-0.036056237830471814
1067.821966665586,-0.041606413979044125
1067.9926333324115,-0.0590108491509828
1068.1632999976475,-0.06906813042491522
1068.333966664473,-0.08263293238981784
1068.504633331299,-0.09020452790035764
1068.6752999981243,-0.08879997905336773
1068.84596666495,-0.07310253062110103
1069.0166233317057,-0.07442866501211785
1069.1872899985315,-0.049519875312206384
1069.3579566645626,-0.05955221263125383
1069.5286233313877,-0.03981543826661579
1069.6992899982135,-0.04662592862339003
1069.869956665039,-0.021791323685387963
1070.040623331865,-0.05783664113379433
1070.21128999869,-0.020920623121175198
1070.3819566647212,-0.03341599871658415
1070.5526233315468,0.02249909990240388
1070.7232766652107,0.0039227559327366214
1070.8939333319663,0.07191733438425957
1071.064599998792,0.043675455112849336
1071.2352666656175,0.10733738362734431
1071.4059333324433,0.05362759397698758
1071.5765999976793,0.11140929108734726
1071.7472666645049,0.04715959071775883
1071.9179333313307,0.10487426509226908
1072.088599998156,0.0359038433181381
1072.259266664982,0.09442935523525257
1072.4299233317374,0.023428616796289565
1072.600589998563,0.07653841050185273
1072.7712566645941,0.005738905571179044
1072.9419233314195,0.05783374248848214
1073.1125899982453,-0.012336754504319637
1073.283256665071,0.038375752545437576
1073.4539233318965,-0.02677880634130109
1073.6245899979274,0.02399086187261291
1073.795256664753,-0.03614239639785064
1073.9659133315085,0.011958577318086722
1074.1365666651727,-0.04499946319984694
1074.3072333319983,0.00015608141871505685
1074.4778999988237,-0.05076961673125419
1074.6485666656495,-0.005462157927485471
1074.819233332475,-0.050989562974811345
1074.9898999977113,-0.008033093885608864
1075.1605666645366,-0.049027663273577785
1075.3312333313625,-0.008820099993232283
1075.501899998188,-0.04497311514127419
1075.6725566649436,-0.006824465610499149
1075.8432233317694,-0.03867315592791504
1076.0138899985948,-0.0033140169291783123
1076.1845566646257,-0.031143337751402666
1076.3552233314515,0.0011718284350519298
1076.525889998277,-0.022596792770026377
1076.6965566651027,0.007755609739865858
1076.8672233319282,-0.04376739322127572
1077.0378899979592,-0.024052356013089398
1077.2085466655094,-0.03340086960573142
1077.3791999983787,-0.015009757966425447
1077.5498666652043,-0.022608347278432653
1077.72053333203,-0.006440174090520953
1077.8911999988554,-0.012393673117036994
1078.0618666656812,0.001650792049501665
1078.232533331712,-0.0026928365729387655
1078.403199997743,0.00853164578668314
1078.5738666645686,0.004485153099625471
1078.7445333313942,0.014020132650853827
1078.9151899981498,0.011239182158011462
1079.0858566649754,0.019080686930438726
1079.256523331801,0.017156153170729084
1079.4271899986268,0.023442381104134914
1079.5978566646577,0.021306018303560298
1079.7685233314833,0.024862270839215474
1079.9391899983088,0.02263173193354543
1080.1098566651344,0.024012338946621303
1080.28052333196,0.021969554662637045
1080.4511766648295,0.020910496318534515
1080.6218333323795,0.019639916650399263
1080.7924999984107,0.017259347506960964
1080.9631666652363,0.01705441809610781
1081.1338333320618,0.013012629869343104
1081.3044999988874,0.01305789658200145
1081.475166665713,0.006712995061331831
1081.645833330949,0.008733358739421883
1081.8164999977748,0.0004940376849143694
1081.9871666646002,0.005028823626170165
1082.157833331426,-0.004574710132841472
1082.3284899981816,0.0017617268118914836
1082.4991566650074,-0.009248501188637931
1082.669823331833,-0.0015992395127113217
1082.8404899986585,-0.013521672597654261
1083.0111566646895,-0.0036878643453425227
1083.181823331515,-0.01711866305900008
1083.3524899983408,-0.004866469276090544
1083.5231566651662,-0.019640561903336205
1083.693823331992,-0.005492360054530985
1083.8644666655857,-0.021587639593135484
1084.0351333324113,-0.00597236077556803
1084.2057999984422,-0.02292503006915606
1084.376466665268,-0.0050293186302694465
1084.5471333320936,-0.023446030904714213
1084.7177999989192,-0.0025889561766382777
1084.888466665745,-0.021140782665399795
1085.0591333309808,-0.0002719280809629054
1085.2297999978066,-0.01953975854923618
1085.4004566645622,0.003384116756594932
1085.571123331388,-0.016463277832989513
1085.7417899982133,0.007301401867991651
1085.9124566650391,-0.014792469018598863
1086.0831233318645,0.010170536690919694
1086.2537899978956,-0.012675957370899469
1086.424456664721,0.014572518834370034
1086.5951233315468,-0.008679529568261023
1086.7657899983724,0.018088686058716465
1086.936456665198,-0.006003475377681309
1087.1071099988621,0.02127032930019796
1087.2777666656177,-0.004772901227887604
1087.448433332443,0.0230310724792611
1087.6190999984742,-0.0022041545574134325
1087.7897666652996,0.021903101529878906
1087.9604333321254,-0.005395840158974658
1088.131099998951,0.021755326191246847
1088.3017666657765,-0.00465494527570906
1088.4724333310128,0.021738857722964976
1088.6430999978381,-0.005890291740448144
1088.8137566645942,0.019694807893138162
1088.9844233314195,-0.006890756343850491
1089.1550899982453,0.01823196875267519
1089.3257566650707,-0.009044722584513899
1089.4964233318965,0.015394697527206534
1089.6670899979276,-0.010439164911043113
1089.8377566647528,0.014647943619558117
1090.0084233315786,-0.012336631647429585
1090.1790899984044,0.011210390572985843
1090.34974666516,-0.014528244666941175
1090.520399998824,0.009316466913595457
1090.6910666656495,-0.015296882901457856
1090.8617333316802,0.006634387014238857
1091.032399998506,-0.016327872273543806
1091.2030666653313,0.0067208940870709805
1091.3737333321574,-0.016441556218792026
1091.5443999989827,0.006949899164842279
1091.7150666658085,-0.016462004365475232
1091.8857333310448,0.005424444994398834
1092.0563899978001,-0.013809927703450834
1092.2270566646257,0.006586313030628522
1092.3977233314513,-0.013655347805131127
1092.568389998277,0.003216512869865117
1092.7390566651027,-0.012770148821020379
1092.9097233319285,0.0031079618825347777
1093.080389997959,-0.014876954289135387
1093.2510566647848,0.00400113594601636
1093.4217233316103,-0.011103787655317894
1093.5923799983661,0.0037920838119732637
1093.7630333320299,-0.007689765100168849
1093.9336999988557,0.005696590962317816
1094.104366665681,-0.006559960727958705
1094.2750333317122,0.0064907059871599036
1094.4456999985377,-0.0023357662901561434
1094.6163666653633,0.010042884171850083
1094.7870333321891,-0.004028286938319534
1094.9576999990145,0.008727373439478147
1095.1283666650456,-0.0016399785389287747
1095.2990233310065,0.007065097510974124
1095.4696899978321,-0.00045436819242444066
1095.6403566646577,0.008420667848750563
1095.8110233314833,-0.0005120447912117526
1095.9816899983089,0.0070752249263913375
1096.1523566651344,0.004810612462659898
1096.32302333196,0.007766271319761144
1096.493689997991,0.005876442242572291
1096.6643566648165,0.008839892396450472
1096.8350099984805,0.0059852556944071785
1097.005666665236,0.010411200476287151
1097.1763333320619,0.013677890395596378
1097.3469999988874,0.004843592084218535
1097.517666665713,0.002964216421156497
1097.688333331744,-0.00042517698748159913
1097.8589999985695,0.00011932444925230056
1098.0296666653953,-0.002924663744297496
1098.200333332221,-0.0022341591570328528
1098.3709999990465,-0.00453697143975153
1098.5416666642825,-0.003918885044494544
1098.712323331038,-0.006724499287252244
1098.8829899978637,-0.0020016683102586255
1099.0536566646892,-0.006207622727447371
1099.2243233315153,-0.004965675163841211
1099.3949899983404,-0.007682170484903722
1099.5656566651664,-0.006180224983413734
1099.7363233319916,-0.012080490863435947
1099.9069899980227,-0.001893060118903264
1100.0776566648485,-0.012315083562470453
1100.2482999984425,-0.004462358244621694
1100.418966665268,-0.009819750492042714
1100.5896333320936,-0.004257332169523503
1100.760299998919,-0.008679349310488943
1100.9309666657448,-0.0009862111751400672
1101.1016333317755,-0.011613160065647127
1101.2722999986013,-0.006993529405827287
1101.4429666654269,-0.012742808879469696
1101.6136333322524,-0.004555469007306588
1101.784289999008,-0.00764153323566735
1101.9549566642443,0.001182248456288493
1102.12562333107,-0.005288575448313736
1102.2962899978957,0.005148423624952611
1102.4669566647212,-0.0025822660325890267
1102.637623331547,0.012009465206432902
1102.8082899983724,0.005795257137961258
1102.978956665198,0.020255654880728523
1103.1496233312287,0.006602942391462537
1103.3202899980545,0.017815492367921817
1103.49095666488,0.0018408721926097115
1103.6616233317059,0.013776875714344147
1103.8322899985312,0.006118187890927
1104.0029433321954,0.0214039103753873
1104.173599998951,0.005069986066447746
1104.3442666657766,0.01916799459415301
1104.5149333318075,0.006001898550643544
1104.685599998633,0.019263906647471647
1104.8562666654586,0.0026165835354094794
1105.0269333322844,0.010867797479110323
1105.19759999911,-0.003930749737769205
1105.368266664346,0.009034461474074088
1105.5389333311716,-0.004645352274215981
1105.7095899979272,0.004796916730715747
1105.880256664753,-0.009246758259793922
1106.0509233315784,0.0027471048614571016
1106.2215899984044,-0.01000584997359408
1106.3922566652298,0.0038770528248866
1106.5629233312607,-0.012476434556257422
1106.7335899980862,-0.0005540235569905416
1106.9042566649118,-0.012789436267903406
1107.0749233317374,-0.0018559243426888657
1107.2455799984932,-0.013563823308974328
1107.4162333321572,-0.001840069324026051
1107.5868999989827,-0.013792029993670858
1107.7575666650137,-0.002005494109173838
1107.9282333318392,-0.013171613762707294
1108.098899998665,-0.0019964219592865104
1108.2695666654904,-0.01541244168325419
1108.4402333323162,-0.007920024382577873
1108.6108999991416,-0.016494706561577775
1108.7815666643778,-0.004831958240917141
1108.9522233311334,-0.013257700063391406
1109.1228899979592,0.0005710533084372325
1109.2935566647848,-0.012715338785251004
1109.4642233316104,-4.0079354376548546e-05
1109.6348899984362,-0.006754269534763358
1109.8055566652615,0.0027782151362072327
1109.9762233312927,-0.006320798399991047
1110.146889998118,0.004541703632372277
1110.3175566649436,-0.004711662608826823
1110.4882233317692,0.006778784507609157
1110.6588666653631,-0.0026875680809608543
1110.829533332189,0.010326956113420197
1111.0001999990147,0.0002381064492411125
1111.1708666650452,0.010528905168760498
1111.3415333318712,0.005405415930114618
1111.5121999986966,0.009610869686319507
1111.6828666655224,0.006549602936950582
1111.8535333323478,0.014127247904784377
1112.0241999983787,0.009423616695437863
1112.1948666644096,0.013037282287269608
1112.3655333312352,0.006626058096008442
1112.536199998061,0.010244957897580393
1112.7068666648863,0.006180362230319511
1112.8775233316421,0.0061246906121917594
1113.048189998468,0.005282911679707228
1113.2188566652935,0.005237847456691815
1113.3895233313242,0.0015448428162005564
1113.5601899981498,0.0038226635764634833
1113.7308566649754,0.0016727100293647767
1113.9015233318012,0.009330601420617785
1114.0721899986268,0.008090246405557824
1114.2428566646577,0.0063242302686167835
1114.4134999990463,0.0037363214860243014
1114.5841666650772,-0.002118836562703001
1114.7548333319028,-0.006293183575990237
1114.9254999987284,-0.011072797342891315
1115.0961666655542,-0.010005909531440354
1115.26683333238,-0.011911436480969876
1115.4374999976158,-0.004756723108961121
1115.6081666644416,-0.006361068035850375
1115.778833331267,-0.0051379573960542374
1115.9494999980925,-0.00460787739854642
1116.1201566648483,-0.004844110171987576
1116.290823331674,-0.0021729605230211657
1116.4614899984995,-0.0003217175267620947
1116.632156665325,-0.000950420314825294
1116.802823331356,-0.002728393792440775
1116.9734899981818,-0.0009917174638797881
1117.1441566650071,-0.001970793829583307
1117.314823331833,-0.0012039275747607121
1117.4854899986583,0.002460441803487318
1117.6561433315278,-0.0023545018637764707
1117.826799999078,-0.00018662013917494847
1117.997466665109,-0.003534805028439045
1118.1681333319345,-0.003593021816324756
1118.3387999987604,-0.011422304863442981
1118.509466665586,-0.0070293594668366785
1118.6801333324115,-0.006301936658224126
1118.8507999976475,0.001175692698863695
1119.021466664473,-0.009880858068711106
1119.192133331299,-0.002928171389062407
1119.3627999981243,-0.008637312094201087
1119.53346666495,-0.0005185498003401867
1119.704133330981,-0.008436055451555895
1119.8747899985315,0.0033736414712551934
1120.0454566645626,-0.005496595964320765
1120.2161233313877,0.004834524059571802
1120.3867899982135,-0.006538559597989455
1120.557456665039,0.006503255178779486
1120.728123331865,-0.003484785940708451
1120.89878999869,0.004417692541253413
1121.0694566647212,0.0004367487977737355
1121.2401233315468,0.010583523694061386
1121.4107899983724,0.0027986203012736427
1121.5814333319663,0.011916658117422712
1121.752099998792,0.004444025513689661
1121.9227666656175,0.01146794118143077
1122.0934333324433,0.005779149485203429
1122.2640999976793,0.010223285397066215
1122.4347666645049,0.0013527416636452702
1122.6054333313307,0.011414115176195224
1122.776099998156,-0.0030591774293249464
1122.946766664982,0.009031020342799354
1123.1174233317374,-0.003290880089166421
1123.288089998563,0.011492702666492858
1123.4587566645941,0.012845601633446658
1123.6294233314195,0.019112626531847948
1123.8000899982453,0.0100523246844776
1123.970756665071,0.011062259770834883
1124.1414233318965,-0.000613392657483295
1124.3120899979274,0.008591266447330697
1124.482756664753,0.000823923533369379
1124.6534233315786,0.007945791566998107
1124.8240666651727,-0.002993678140491363
1124.9947333319983,0.007158229349469359
1125.1653999988237,-0.004955113350152497
1125.3360666656495,0.0038495914305241115
1125.506733332475,-0.0069178647321804995
1125.6773999977113,-0.006865911692396768
1125.8480666645366,-0.01892899374696816
1126.0187333313625,-0.008052465649315013
1126.189399998188,-0.02227423007081972
1126.3600666650136,-0.005160189855176205
1126.5307333310445,-0.017169464623698043
1126.7013999978699,-0.0068944415485844195
1126.8720666646957,-0.019054926585655014
1127.0427233314515,-0.00957348199513179
1127.213389998277,-0.021926754778516078
1127.3840566651027,-0.008549601373465977
1127.5547233319282,-0.01848774754160399
1127.7253899979592,-0.006008095973406849
1127.8960566647847,-0.013487420774996687
1128.0667233316103,-0.002493072773916318
1128.237389998436,-0.00928729106902297
1128.4080566652615,-0.0037920356014799145
1128.5787133320173,-0.008202838240369971
1128.7493666656812,0.0003949605118828403
1128.920033331712,-0.009058504831657472
1129.090699997743,0.0005018792664813935
1129.2613666645686,0.00019752381294010167
1129.4320333313942,0.004476371023152516
1129.6026999982198,0.006122309082211184
1129.7733666650454,0.008582234897526167
1129.9440333310763,0.0165168365680691
1130.1146999979019,0.013862719481920005
1130.2853666647275,0.015189800832177929
1130.4560333315533,0.015184173040683611
1130.6266999983789,0.02222278091926468
1130.7973566651344,0.015358468290433412
1130.96802333196,0.016980720350920114
1131.1386899979912,0.010219346836069666
1131.3093566648163,0.02515803760537511
1131.4800233316423,0.011180883928688816
1131.650689998468,0.019824072559469084
1131.8213566652935,0.00770422685519531
1131.992023332119,0.012884348703651712
1132.1626899989446,0.005400058412151501
1132.333343331019,0.016675026636383206
1132.5039999977748,-0.0033784247737693425
1132.6746666646002,0.0015616625900173162
1132.845333331426,-0.008895462100953018
1133.0159999982516,0.0036890299847519323
1133.1866666650772,-0.005795671558525059
1133.3573333311083,-0.000527946147399228
1133.5279999979339,-0.012785883030703993
1133.6986666647595,-0.006693071751449604
1133.869333331585,-0.016672067959985562
1134.0399999984106,-0.008036114856027081
1134.2106566651662,-0.017757548674633347
1134.381323331992,-0.009515575251714615
1134.5519899980227,-0.01989779021217695
1134.7226566648483,-0.009608774834689682
1134.8933233316739,-0.012731993146601808
1135.0639899984997,0.0006282130589101832
1135.234656665325,-0.012037534623293005
1135.4053233321508,-0.0018363413757279665
1135.5759899989764,-0.010537640339064486
1135.7466566650073,0.004044442792936643
1135.9173233318331,-0.009868785910008579
1136.0879899986585,-0.00961830301832199
1136.258633331458,-0.0161940155124754
1136.4292999982833,-0.007320419937392654
1136.5999666643143,-0.013206022532193771
1136.7706333311398,-0.004329629925542545
1136.9412999979654,-0.00871246227564702
1137.111966664791,-0.0025636864574898064
1137.2826333316166,-0.004132934307580509
1137.4532999984424,-0.0009686503225977182
1137.623966665268,-0.006292717793938212
1137.794623332024,0.0051019777427226114
1137.9652899980545,0.0014797562637699699
1138.1359566648803,0.0044183696301142725
1138.3066233317056,0.0032282006736589096
1138.4772899985314,0.00862406816713601
1138.647956665357,0.006189194393480661
1138.8186233321826,0.009914390007418578
1138.9892899990082,0.008539285528522664
1139.159956665039,0.016245285669269933
1139.3306233318647,0.018793717552458965
1139.5012899986903,0.02143430321795244
1139.6719566655158,0.012361176505998345
1139.8426233323414,0.018854423818022496
1140.0132899975774,0.011933243921594231
1140.1839333311716,0.01864368209058142
1140.3545999979974,0.01690515371524029
1140.5252666648228,0.014449606359752539
1140.6959333316486,0.012797167923288959
1140.8665999984742,0.014687409698118424
1141.0372666652997,0.008456785401482654
1141.2079333313307,0.0012716573813705654
1141.3785999981562,-0.00016823241545907633
1141.549266664982,-0.005122225563179196
1141.7199233317376,-0.005288015261523076
1141.8905899985632,-0.006155479493279518
1142.0612566653888,-0.008456740510946305
1142.2319233322144,-0.010916547769643601
1142.40258999904,-0.007636925386065859
1142.5732566650709,-0.011369611417699568
1142.7439233318964,-0.014762835149286157
1142.914589998722,-0.013577209558800273
1143.0852566655476,-0.01235093173437173
1143.2559233323732,-0.01470220786334065
1143.4265899976094,-0.009748924709307414
1143.5972566644352,-0.013879495136786815
1143.7679233312606,-0.01067607280425868
1143.9385666648548,-0.013500634077548106
1144.1092333316801,-0.012611665545878475
1144.279899998506,-0.019638604514486294
1144.4505666653313,-0.014132751507383348
1144.6212333313624,-0.016168357305012034
1144.791899998188,-0.005861338378976144
1144.9625666650138,0.003419878449701878
1145.1332333318394,0.009022252916094127
1145.303899998665,0.0002572916249658109
1145.4745666654903,-0.002829325254955649
1145.6452233322461,-0.0005819004816807992
1145.8158899982768,0.000898867361625423
1145.9865566651026,-0.0007904466722987993
1146.1572233319282,0.004984107291058717
1146.327889998754,-0.0013320540398009193
1146.4985566655796,0.004497998303912912
1146.6692233324052,0.005584716557655203
1146.8398899976414,0.008141191411082924
1147.0105566644668,0.004729288262212728
1147.1812233312926,0.01396197753116211
1147.351889998118,0.00332060825301456
1147.5225566649437,0.017083529467791674
1147.6932133316993,0.010499241782619937
1147.8638666653633,0.02143102136428101
1148.0345333313944,0.012197583689712103
1148.2051999982198,0.022098165366197287
1148.3758666650454,0.009778476723722035
1148.546533331871,0.024414111897650796
1148.7171999986967,0.0033860423362258693
1148.8878666655223,0.018064098757545815
1149.0585333323477,0.008254265098021988
1149.2291999983786,0.019053961865381712
1149.3998666652044,0.006477635210130352
1149.5705333320298,0.01917570310363198
1149.7411999988558,-0.0012714300498064175
1149.9118566656111,0.010531629654302228
1150.0825233316423,-0.010347055004613397
1150.253189997673,0.002795026799367012
1150.4238566644985,-0.02215935838924758
1150.5945233313241,-0.0075064675025028164
1150.76518999815,-0.026063188898510392
1150.9358566649757,-0.011582700507073466
1151.1065233318013,-0.02906522122575534
1151.2771899986267,-0.015809305235185464
1151.4478433314957,-0.03423353342035268
1151.6184999982515,-0.01563034526672763
1151.7891666650771,-0.032951137944973875
1151.9598333319027,-0.023884396887608936
1152.1304999987283,-0.04347763573856877
1152.301166665554,-0.018284054879560058
1152.4718333323797,-0.024402950560151595
1152.6424999984106,-0.01349661429277605
1152.8131666652362,-0.013359934966315245
1152.9838333320617,-0.004900984107090955
1153.1544999988873,-0.0008480709749415747
1153.325166665713,0.005559935842627891
1153.4958333309492,0.017668082665875863
1153.6664999977747,0.016471322708841822
1153.8371566645305,0.03352288086249484
1154.0078233313561,0.018811860746468168
1154.1784899981817,0.03818049978060141
1154.349156665007,0.024122081461543075
1154.5198233318329,0.04179666308182014
1154.6904899986584,0.020381715475940275
1154.8611566646894,0.036925901352296384
1155.0318233315152,0.014984035514782007
1155.2024899983405,0.029372363469889067
1155.3731333319345,0.003908580590776159
1155.5437999987603,0.01979176397941679
1155.7144666655859,-0.0025308916967523368
1155.8851333324114,0.008339209931968619
1156.0557999984424,-0.007891539867591788
1156.2264666652682,0.00013522893711779934
1156.3971333320935,-0.010519734009555748
1156.567799998919,-0.006616665770508629
1156.738466665745,-0.018993126915217387
1156.9091333309811,-0.003067438877269255
1157.0797999978065,-0.019535152113911707
1157.250466664632,-0.01229670515039592
1157.4211333314577,-0.020038229010133208
1157.5917899982135,-0.01270863291732116
1157.7624566650388,-0.017562774952609585
1157.9331233318646,-0.011099333750772674
1158.1037899978955,-0.01507725270494599
1158.2744566647211,-0.009473307682791858
1158.4451233315472,-0.015776990147274825
1158.6157899983723,-0.007772580648021348
1158.786456665198,-0.01434179900101709
1158.9571233320235,-0.006319846602613741
1159.1277899980546,-0.011976145712448972
1159.2984566648802,-0.002643903402561525
1159.4691233317058,-0.010806813281111672
1159.6397899985313,-0.0015779209270422678
1159.8104333321253,-0.003598826609379895
1159.9810999989509,0.007819139608230179
1160.1517666657764,0.0027102702001668335
1160.3224333310127,0.012605345927593933
1160.4930999978383,0.0044941150084734345
1160.6637666646639,0.022132255985298447
1160.8344333314894,0.015020255314175179
1161.0050999983152,0.026923131119172612
1161.175766664346,0.012249310009368177
1161.3464233318966,0.022743618672094918
1161.5170899979275,0.006642310325653629
1161.6877566647531,0.01335630405643744
1161.8584233315787,0.0011249328165342444
1162.029089998404,0.009344865508065674
1162.1997566652299,-0.0021186174371998446
1162.3704233312608,0.004392757569764626
1162.5410899980864,-0.0030725339425302757
1162.711756664912,0.00958536775096255
1162.8824233317375,-0.0037164604942606003
1163.053089998563,0.006688066950226424
1163.2237566653887,-0.005587795432899018
1163.3944233322143,0.001450473076542047
1163.5650666658082,-0.008075946161103058
1163.7357333310445,0.0008279756406779461
1163.9063999978703,-0.011867290264007166
1164.0770666646958,-0.0008256789162995583
1164.2477333315212,-0.014938975005835945
1164.418399998347,-0.0066239489005127375
1164.589066664378,-0.015470564149025605
1164.7597333312033,-0.007494508051573969
1164.930399998029,-0.010970682170847524
1165.1010666648544,-0.0018742693507447438
1165.2717333316803,-0.013028219079059473
1165.442399998506,0.001106548291171834
1165.6130666653316,-0.009367606069495616
1165.7837233312925,0.003413637396185432
1165.9543899981181,-0.005514889541256128
1166.1250566649437,0.007222866868538024
1166.2957233317693,-0.0006211807180783089
1166.4663899985949,0.010073259521599737
1166.6370566654205,0.00017150031044437097
1166.807723332246,0.007282727799532488
1166.9783899982772,-0.0008969482562555598
1167.1490566651028,0.005827162128060909
1167.3197233319283,-0.00301144298198265
1167.490389998754,-0.0011739740271903228
1167.6610566655795,-0.0050630354188621225
1167.831723332405,-0.0010398046001877945
1168.0023666644097,-0.0034381150234232788
1168.1730333312353,-0.0006803791035954571
1168.3436999980609,0.000185692694627141
1168.5143666648864,-0.000773100667480784
1168.685033331712,0.0008039623547686006
1168.8556999985378,0.004824184596459295
1169.0263666653634,0.00564528262240005
1169.197033331394,0.005080293158185344
1169.36769999822,0.003678787366082552
1169.5383666650455,0.006394539193289742
1169.7090233318008,0.005927656571449186
1169.8796899986269,0.001877553576720433
1170.0503566654525,0.004118993621482315
1170.221023332278,-0.005252881229343695
1170.391689998309,0.0020633000078623
1170.5623566651343,-0.005194241250939647
1170.73302333196,-0.0008558962786568733
1170.9036899987855,-0.008562078193506847
1171.0743566656113,0.002955768185570175
1171.2450233316422,-0.005496913220091554
1171.415689997673,0.0030602637431071966
1171.586356664499,0.0009082179413906249
1171.7569999980929,0.00868917397526631
1171.9276666649184,0.004361963879952895
1172.098333331744,0.010287487770627836
1172.2689999985696,0.004649087080191161
1172.4396666653952,0.009679237510880704
1172.6103333314259,0.0007072829641871411
1172.7809999982514,0.009373088065526067
1172.9516666650773,-0.0018815233298481184
1173.1223333319028,0.004676439420507193
1173.2929999987284,-0.00586885298211779
1173.463666665554,0.0022227570513435268
1173.6343333323796,-0.011479070375334303
1173.8049999984105,0.00121178320142028
1173.975656665166,-0.012906919198894577
1174.1463233319919,0.0006733012104985676
1174.3169899988177,-0.00843306151374639
1174.487656665643,0.0012359000899709036
1174.6583233308793,-0.01287600204246829
1174.8289899977049,-0.0012150382031040673
1174.9996566645302,-0.008028049459213406
1175.170323331356,-0.00039435559876165006
1175.3409899981816,-0.00658262025459268
1175.5116566650072,0.004509890566804715
1175.6823233318328,-0.011044036490843637
1175.8529899986584,0.0001668432568544609
1176.0236566646895,-0.011014424343672197
1176.1942999982834,0.0027712060015078594
1176.364966665109,-0.01027064607389911
1176.5356333319346,0.0007002047586786268
1176.7062999987602,-0.01202343331061926
1176.8769666655858,0.004649347712063816
1177.0476333324116,-0.010216133268677203
1177.2182999984423,0.0035755792946627705
1177.388966665268,0.0015273780124773616
1177.5596333320937,0.01571858753317549
1177.7302999989192,0.00299620835785347
1177.9009666657446,0.006137031249505328
1178.0716333309808,0.0016080798164132145
1178.2422899977366,0.006819256409395805
1178.412956664562,-0.0022654427290096707
1178.5836233313878,0.008200932697874929
1178.7542899982134,-0.0013315014719211744
1178.9249566650392,0.006675298290086755
1179.0956233318648,-0.00025681278336252706
1179.2662899978955,0.007913713675366349
1179.4369566647213,0.004214723473911959
1179.6076233315466,0.012664622948695683
1179.7782899983727,0.006641304339843074
1179.9489566651978,0.012276155431306121
1180.1196233320236,0.004230543669969068
1180.2902899980545,0.0017535403181039935
1180.4609433317185,-0.005631807123160589
1180.631599998474,0.004896179895953278
1180.8022666652996,-0.00305416347198662
1180.9729333321252,0.0027028162303108457
1181.2937799986205,-0.006034829543746999
1181.6897333312036,0.005955656656804963
1181.860399998029,-0.004952458136510055
1182.0310666648547,0.0021735299316165066
1182.2017333316803,-0.007927851834028572
1182.372399997711,0.0003848356401270221
1182.5430666645368,-0.0057620898407208365
1182.7137233312924,-0.0015760353037206321
1182.884389998118,-0.010392156775576923
1183.0550566649438,-0.0012464958327708016
1183.2257233317694,-0.005128653214100495
1183.396389998595,0.0006179341855072081
1183.5670566646259,-0.005563308957213837
1183.7377233314514,-0.0014795894845097668
1183.908389998277,-0.00640890952780643
1184.0790566651026,-0.0004354601559643145
1184.2497233319282,-0.0008458130597090881
1184.4203899987538,0.0015915120172206936
1184.5910566655796,-0.005096740670736592
1184.7617233316105,0.004061237708484302
1184.9323666644098,-0.00800483086373058
1185.1030333312353,-0.0001317400120330725
1185.273699998061,-0.006709237549963757
1185.4443666648865,-6.799806252582791e-05
1185.615033331712,-0.0031795565882176595
1185.785699997743,-0.002667238676464361
1185.9563666645686,-0.002826281496162483
1186.1270333313942,-0.000865545875545453
1186.2976999982197,-0.0060313093987378235
1186.4683666650456,0.001255884433752548
1186.6390333318711,0.0016019700757792456
1186.8096999986967,0.0054408150072515525
1186.9803666647276,0.0025195871920775264
1187.1510233314834,0.008802456407068438
1187.3216899983086,0.0022824059151714438
1187.4923566651346,0.0012657173569722087
1187.6630233319602,0.0003438154653566287
1187.8336899987858,0.002681224391438568
1188.0043566656113,-0.00019296312224600232
1188.175023331642,0.005366733744576225
1188.3456899984678,0.0014628440217174393
1188.5163566652932,0.0016100842632127143
1188.687023332119,0.00041838417025520923
1188.8576899989446,-0.0003501996354538422
1189.0283566649755,-0.0025898475197048587
1189.1989999977748,0.0019220171689191543
1189.3696666646006,-0.004360778402367998
1189.5403333314262,-0.0005501331812705772
1189.7109999982517,-0.0015716576252928342
1189.8816666650773,-0.001359090067211524
1190.052333331903,-0.0013758580180542402
1190.2229999987285,6.241419174195531e-05
1190.3936666647592,0.025439895538109814
1190.564333331585,0.004729441684996337
1190.7349999984106,0.0066283791851619355
1190.9056666652361,0.004009937189282896
1191.0763333320617,0.009386368127890558
1191.2469999988873,-0.0003308406029314254
1191.4176666657129,0.003644495564636358
1191.5883233316738,0.004193100835844365
1191.7589899984996,0.007028938286021815
1191.9296566653254,3.2087200790260943e-05
1192.1003233321508,0.008815413023828175
1192.2709899989763,0.001132465535904766
1192.4416566642126,0.004717045930727027
1192.612323331038,0.0013179416383429841
1192.7829899978638,-0.0007044015671480657
1192.9536566646893,-0.009275987529577295
1193.124323331515,-0.008734841722726297
1193.2949899983405,-0.013338767063046224
1193.465656665166,-0.010105517713450486
1193.6362999987603,-0.015301367352263505
1193.8069666647912,-0.011007039722302556
1193.9776333316167,-0.014187541858380035
1194.1482999984423,-0.014196023503450977
1194.318966665268,-0.009243805430300067
1194.4896333320935,-0.003646670807099897
1194.6602999989193,-0.010981681698497994
1194.8309666657449,-0.017253233047533876
1195.0016333317758,-0.017728001013510224
1195.1722999986014,-0.010382187967325684
1195.342966665427,-0.01698903891671808
1195.5136333322523,-0.011489787082287085
1195.6842899990081,-0.010597711886333502
1195.8549566642444,0.0008337933584401988
1196.0256233310697,0.0043164896295243655
1196.1962899978955,0.04809247636376825
1196.366956664721,0.03480103399322909
1196.537623331547,0.03331875105061974
1196.7082899983725,0.01106232516362976
1196.878956665198,0.021904319086570125
1197.049623331229,0.010716677268152076
1197.2202899980543,0.014943063131289907
1197.3909566648804,0.005115817610903445
1197.5616233317055,0.009441279600336836
1197.7322899985313,0.0010074586991788922
1197.902956665357,0.0014052029653050335
1198.073599998951,-0.008245495020999636
1198.2442666657766,-0.004220880517511995
1198.4149333318073,-0.011933064836758675
1198.585599998633,-0.014737193505433658
1198.7562666654587,-0.018236155618983108
1198.9269333322843,-0.007047647530838951
1199.09759999911,-0.002776295748551492
1199.2682666643461,0.009348134587519145
1199.4389333311715,0.0005201515302689177
1199.6095999979975,0.02492733111707523
1199.7802666648229,0.01207198527655641
1199.9509333316485,0.029467329743362945
1200.121589998404,0.01140859129505452
1200.2922566652298,0.011099436133264994
1200.4629233312608,-0.0079052654464752
1200.6335899980863,-0.004950687894257922
1200.804256664912,-0.009923012787586066
1200.9749233317375,-0.0040304023702748895
1201.145589998563,-0.014211762834958386
1201.316256664594,-0.0100675729847102
1201.4869233314196,-0.01232278584615294
1201.6575899982452,-0.009810733783907432
1201.828256665071,-0.013069512216871441
1201.9989233318963,-0.007583798993044627
1202.1695899987221,-0.011236401725326105
1202.340233332316,-0.008160092099634409
1202.5108999991419,-0.011983392385051906
1202.681566664378,-0.013782477027949852
1202.8522333312035,0.008260042618024198
1203.022899998029,0.005696781993766877
1203.1935666648546,-0.0046279881548874115
1203.3642333316802,-0.013676252946205872
1203.5348999977111,-0.007143846992824473
1203.705566664537,-0.008160486062976997
1203.8762333313625,0.0031190917082813204
1204.046899998188,-0.011791153584162693
1204.2175666650137,-0.006764709739731443
1204.3882333318393,0.0015514340587859598
1204.5588999986649,0.0005494767511637034
1204.7295666646958,0.006122626563939714
1204.9002333315213,-0.0007044142947160874
1205.070889998277,0.005281581169616854
1205.2415566651027,0.00041304654122942567
1205.4122233319283,0.011828366727868264
1205.582889998754,-0.00409069769327768
1205.7535566655795,0.00722534286480163
1205.9242233316104,0.01246421249607
1206.094889998436,0.026914133123740917
1206.2655566652616,0.01029620565895456
1206.4362233320874,0.024778134588575796
1206.6068899989127,0.0075876894453805405
1206.7775566657385,0.02521068503236354
1206.9482233309748,0.007803551226223422
1207.1188899978001,0.02290537483876469
1207.2895333313943,0.008171844418689471
1207.4601999982199,0.018450720838355986
1207.6308666650452,0.005227458956025436
1207.801533331871,-0.013502788185267574
1207.9721999986966,-0.002723068967869496
1208.1428666647275,0.004862061539028382
1208.3135333315533,-0.011789426748265304
1208.4841999983787,-0.0002782452284100118
1208.6548666652045,-0.01753864951597255
1208.8255333320299,-0.033368850164016535
1208.9961999988557,-0.018649470517579942
1209.166866665681,-0.005632514359208591
1209.3375333317122,-0.010821879908916674
1209.5081899984677,-0.005853315360414024
1209.6788566652936,-0.008148434385254404
1209.8495233321191,0.0033567313516507467
1210.0201899989447,-0.005011378268751358
1210.1908566649756,-0.002258225393142941
1210.3615233310065,-0.004510406336217557
1210.5321899978321,-0.005330270717856535
1210.7028566646577,0.0018870430153712233
1210.8735233314833,-0.0010438919845652355
1211.0441899983089,0.002296438191751303
1211.2148566651344,-0.006690924724546051
1211.38552333196,-0.013829601857973984
1211.556189997991,-0.015302504484215131
1211.7268566648165,-0.008647959010676089
1211.897523331642,-0.01024016308207902
1212.068176665306,-0.008408024189188198
1212.2388333320619,-0.00227064784567061
1212.4094999988874,0.006466317487744736
1212.580166665713,0.009418032097812785
1212.750833331744,0.006825677293971145
1212.9214999985695,0.0071201397774174864
1213.0921666653953,0.010401876376440335
1213.262833332221,0.011819084009777586
1213.4334999990465,0.013950273643378577
1213.6041666642825,0.0005526518144957834
1213.7748333311079,0.012975830114925412
1213.9454999979337,0.003996666566750776
1214.1161666647592,0.016095470341848325
1214.286833331585,0.0037999406560514887
1214.4574899983404,0.002771263609497481
1214.6281566651664,-0.0010145147844606698
1214.7988233319916,0.00944068161133569
1214.9694899980227,-0.002837296201486109
1215.1401566648485,0.017805299258052402
1215.3108233316739,-0.005151118360367852
1215.4814899985,0.0034341937604882556
1215.6521566653253,0.0039878182380081685
1215.822823331356,1.069146141521523e-05
1215.9934899981815,-0.0027121773049110097
1216.1641566650073,0.004088681840056311
1216.3348233318327,0.001716276302657542
1216.5054766654969,-0.004818414609084712
1216.6761333322524,-0.014077109752745202
1216.846799999078,0.003536105017818984
1217.0174666643143,0.006567273190990372
1217.1881333311399,0.014341179614275893
1217.3587999979657,-0.02167260605177744
1217.529466664791,-0.010191927793976222
1217.700133331617,-0.03023032688456625
1217.8707999976475,-0.010333058021376951
1218.0414666644733,-0.019922821842651994
1218.2121333312987,-0.0018030606831957385
1218.3827999981245,0.006319483974728207
1218.55346666495,0.0039992054209539146
1218.7241333317756,-1.7204546096946973e-05
1218.8947999986012,0.005653642865913633
1219.0654666654268,0.002602877983451487
1219.2361233313877,0.0035641274874784997
1219.4067899982133,-0.019883319589048366
1219.5774566650389,-0.007007251138832722
1219.7481233318645,-0.012707360613469953
1219.9187899986905,-0.0006407178020154208
1220.0894566655159,0.007540016723268424
1220.2601233323417,0.014318501211219374
1220.4307899983723,0.006763782299066058
1220.6014566651982,0.013205789675398401
1220.7721233320235,0.006989085330777081
1220.942789998849,0.017188190747640854
1221.113456665675,0.01075557630767151
1221.2841233309111,0.01044478564285851
1221.454776664575,0.00502643558424111
1221.6254333313307,-0.00027259939044326815
1221.7960999981563,-0.018703649934939125
1221.9667666649818,-0.007656262028144508
1222.1374333318074,0.0035563682179866126
1222.308099998633,0.004528927277848886
1222.478766664664,0.006949708655426045
1222.6494333314895,-0.003059446309206695
1222.8200999983153,0.00010199991932551981
1222.9907666651409,0.0031192498348574004
1223.1614333319662,-0.007235862617996651
1223.332099998792,-0.0007247880452728263
1223.5027666656176,-0.010072961447976415
1223.6734333324434,-0.010510680799064039
1223.8440999984741,-0.01901245260698838
1224.0147666652997,-0.004950164188053934
1224.1854233320555,0.010520137479998033
1224.356089998881,0.018655834082739804
1224.5267566657067,-0.013047085312777752
1224.6974233309427,-0.0011722229386555037
1224.8680899977685,-0.018039323539087236
1225.0387566645938,-0.011927425735209251
1225.2094233314197,-0.007913689854330469
1225.3800899982452,0.011181431141686174
1225.5507566650708,0.016026538800082354
1225.7214233318966,0.0008456105874761748
1225.8920899979275,0.005471054200945076
1226.0627566647531,-0.0014171716710918842
1226.2334233315787,0.009719181367000946
1226.4040666651726,0.0063404031692798095
1226.5747333319982,0.013522423897846221
1226.7453999988238,0.005201342735189871
1226.9160666656494,0.004494643275219847
1227.0867333316805,-0.00013612507878091163
1227.257399998506,-0.004821743162471002
1227.4280666653317,-0.005354214956023225
1227.5987333321573,-0.004162226459370931
1227.7693999989829,0.008805613950537399
1227.9400666658082,-0.012955829698576896
1228.1107333310445,-0.01004694233674527
1228.2813999978703,-0.006172722494312451
1228.4520666646958,-0.014561385958889792
1228.6227333315212,-0.009673848590958618
1228.793399998347,0.005178915126147031
1228.964066664378,0.0217397943439414
1229.1347233319282,0.01697050190010073
1229.305389997959,0.045987819215422984
1229.4760566647847,0.031701443715041744
1229.6467233316102,0.011894695937710954
1229.817389998436,-0.01696976553515048
1229.9880566652616,0.0021991615005577518
1230.1587233312925,-0.009238769459997114
1230.3293899981181,-0.010603267674597043
1230.5000566649437,-0.008055861931493965
1230.6707233317693,-0.012421318833057894
1230.8413899985949,-0.004677400097137637
1231.0120566654205,-0.014309131603824663
1231.182723332246,-0.013677775249590572
1231.3533899982772,-0.01671805743603471
1231.5240566651028,-0.011263560721456145
1231.6947233319283,-0.025182224786185602
1231.8653666647276,-0.008949765978623106
1232.0360333315532,-0.0232674033609213
1232.2066999983788,-0.007668092411893706
1232.3773666644097,-0.014207726562904133
1232.5480333312353,-0.011857662367281571
1232.7186999980609,-0.011944662736462521
1232.8893666648864,-0.010439250485355378
1233.060033331712,0.027832100467506483
1233.2306999985378,0.01759268009180723
1233.4013666653634,0.048944330070944064
1233.572033331394,0.027519858302006837
1233.74269999822,0.020026447147416793
1233.9133666650455,0.008243877327968663
1234.0840233318008,0.032530898765069975
1234.2546899986269,-0.0009794115028704516
1234.4253566654525,0.006995305601721185
1234.596023332278,0.003918028256990739
1234.766689998309,0.00662424787844781
1234.9373566651343,-0.007273387960817092
1235.10802333196,-0.004452877358371595
1235.2786899987855,-0.007713587565676608
1235.4493566656113,-0.003393281372900071
1235.6200233316422,0.00830377787064859
1235.790689997673,0.003332354665796123
1235.961356664499,-0.01360553763763365
1236.1320233313245,-0.020051511806513943
1236.3026899981498,-0.013100568894792877
1236.4733566649757,0.005131159514998377
1236.6440099986394,-0.006361577156594757
1236.8146666653952,0.005579908506345576
1236.9853333314259,-0.01880906771106067
1237.1559999982514,-0.017112664753542204
1237.3266666650773,-0.011649332919321003
1237.4973333319028,-0.002825181575267498
1237.6679999987284,-0.010279274174040696
1237.838666665554,-0.007179875319934269
1238.0093333323796,-0.01508064334894685
1238.1799999984105,-0.012072230670368951
1238.350666665236,0.010561685752366878
1238.5213333320619,0.03837658024688008
1238.6919999988877,0.013933875662770214
1238.862666665713,0.03543522121168075
1239.0333333309493,0.01600032358629898
1239.2039999977746,0.02674476982156375
1239.3746666646002,0.005971131899468883
1239.545323331356,0.011081333963871481
1239.7159899981816,0.008065941313619861
1239.8866566650072,-0.02526144523963668
1240.0573233318328,-0.015118487456960266
1240.2279899986584,-0.0028930236650193297
1240.3986566646895,-0.0004951891429725138
1240.5693233315149,-0.00044529050317874795
1240.7399899983407,0.0011906888888520537
1240.910656665166,-0.01867334283059318
1241.0813233319918,-0.010804001595385143
1241.2519899980227,-0.011526988715773583
1241.4226566648483,-0.009869593161372568
1241.5933233316741,-0.009650296620314549
1241.7639899984995,-0.008914837277017923
1241.934656665325,-0.00851309382940844
1242.1053233321506,-0.00809423939532699
1242.2759666657446,-0.002204931861726399
1242.4466333309808,-0.0066374184075358895
1242.6172999978066,0.0004890013590922053
1242.787966664632,-0.007687991589537178
1242.9586333314578,0.03220570862024503
1243.1292999982834,0.017977297319983612
1243.2999666643143,0.019549304974623847
1243.47063333114,-0.013163189208328126
1243.6412999979655,-0.005071390223746455
1243.8119666647913,-0.01971646563518156
1243.9826333316166,-0.01722060557667682
1244.1532999984424,-0.004590473706560338
1244.3239566651978,0.017768397507488317
1244.4946233320236,0.015939025451444495
1244.6652899980545,0.006593207328830783
1244.83595666488,0.005411276221893534
1245.0066233317057,0.0015725723859301
1245.1772899985313,0.00725005787843951
1245.3479566653568,0.003726871583153685
1245.5186233321824,-0.004272043941652662
1245.689289999008,-0.0017290055741336911
1245.859956665039,-0.009000507063142354
1246.0306233318647,0.008120351494882832
1246.2012899986903,0.0006199023170304214
1246.3719566655159,0.01117261276885009
1246.5426233323415,0.010148415909879454
1246.713289997578,0.013699171211744347
1246.8839566644033,0.0068253305917151275
1247.0546233312289,0.010002203568814764
1247.225266664823,0.003037435266544673
1247.3959333316486,0.005758219550531202
1247.5665999984742,-0.001143169491573777
1247.7372666652998,-0.022146164200133475
1247.9079333313307,-0.014642402223387349
1248.0785999981563,-0.020187858822632333
1248.2492666649819,0.0034263514229180086
1248.4199333318074,-0.002814885590769377
1248.590599998633,-0.0028574874198600284
1248.7612666654586,-0.0016860536041808888
1248.9319333322844,-0.0017192626188658414
1249.10259999911,-0.0164680181502974
1249.273266665141,-0.0005680873357207435
1249.4439333319665,-0.016506099028318608
1249.6145999987918,0.02215517275301163
1249.7852566655476,0.027348128401334375
1249.9559233323732,0.028409031927933173
1250.1265899976092,-0.010041538422804969
1250.2972566644353,0.006249578833390714
1250.4679233312606,-0.003387226393161156
1250.6385899980864,-0.0023517490344622145
1250.8092566649118,-0.028834542083695926
1250.9799233317376,-0.00302889740554744
1251.150589998563,0.001098616698227688
1251.3212566645939,-0.0030009694959312392
1251.49192333142,-0.007386214843271971
1251.662589998245,-0.011800329562970488
1251.8332566650708,-0.009023670674214264
1252.0039233318967,0.011338983890580951
1252.1745899979273,0.004005448352373329
1252.3452566647532,0.017079048858805707
1252.5159133315087,-0.004345343959609512
1252.6865666651724,0.008983120028384129
1252.8572333319983,-0.01357575045155664
1253.0278999988236,0.0022841461160147316
1253.1985666656497,-0.02053158711258304
1253.369233332475,-0.004781623620906636
1253.5398999977112,-0.011959727185015444
1253.710566664537,0.004271608193585263
1253.8812333313624,0.01712993285447062
1254.051899998188,0.013515005997170855
1254.2225666650136,0.01271505452758709
1254.3932333310445,0.009302986207846078
1254.56389999787,-0.048379760520148
1254.7345666646956,-0.003666853931868386
1254.9052333315212,-0.045385859868360086
1255.075899998347,-0.008256003333593092
1255.2465666651724,-0.03353291190056076
1255.4172233319282,-0.0048606040510282
1255.587889997959,0.007907600512787315
1255.7585566647847,0.03807691084139521
1255.9292233316103,0.01921477633598387
1256.099889998436,0.042074185211701955
1256.2705566652617,0.02900224709385078
1256.4412233320872,0.014217154097359781
1256.6118899989128,-0.03323288571973941
1256.7825566649437,0.00613782632771405
1256.953223331769,-0.016731270688062273
1257.123889998595,0.014063082710055307
1257.2945566654205,0.00488076999608044
1257.4652233322463,0.011472846257957815
1257.6358899990719,0.056010912288733894
1257.806556664308,0.06524351416724088
1257.9772133310637,0.031247150260832485
1258.625733331839,0.0525384128921728
1258.7963999986648,0.029991201914838856
1258.9670666646957,0.04439548206198187
1259.1377333315215,-0.022457249933789912
1259.308399998347,-0.0010700801584829845
1259.4790666651727,-0.03610048970427839
1259.649733331998,-0.013219382218065429
1259.8203999988239,-0.05821374785411711
1259.9910666656494,-0.027955500243171172
1260.1617333316804,-0.03845035262023779
1260.332399998506,-0.03818316142937998
1260.5030666653315,-0.06554340279179155
1260.6737333321573,-0.023196830089585504
1260.844389998913,-0.05202048532103766
1261.0150566657385,-0.02487145766807118
1261.1857233309745,-0.04242091413408989
1261.3563899978003,-0.04764415889842446
1261.5270566646257,-0.045251922506611614
1261.6977233314515,-0.02886672669732285
1261.868389998277,-0.004174653078197948
1262.0390566651026,-0.006193096501693561
1262.2097233319284,0.026314602952792285
1262.3803899979591,-0.008254968976967475
1262.551056664785,0.03168963822195476
1262.7217233316103,0.003049770221891346
1262.8923899984359,0.03933394865957903
1263.0630566652615,0.0036348801172541275
1263.2337233312924,0.05474988621315469
1263.4043899981182,0.017133663757721518
1263.5750333317121,0.06690729942329446
1263.7456999985375,0.012652879424434983
1263.9163666653635,0.06375024295813714
1264.0870333321889,0.009694895788499433
1264.2576999990147,0.07102381415555346
1264.4283666650454,0.008628369895703267
1264.5990333310763,0.05647177871064069
1264.7696999979019,0.00029359132332835097
1264.9403666647274,0.0409503846535781
1265.1110333315532,-0.006062672372038718
1265.2816999983786,0.02112088093116159
1265.4523666644097,-0.020421228344431438
1265.6230333312353,0.0016734148794307594
1265.7936999980607,-0.02472733391390493
1265.9643666648865,-0.00283522811094452
1266.135033331712,-0.03359255171552432
1266.3056899984676,-0.0019872626974214947
1266.4763566652935,-0.02823367140039089
1266.6470233313244,-0.0014398489103236414
1266.81768999815,-0.024330659936243754
1266.9883566649755,-0.010067314557150285
1267.159023331801,-0.026530018587132255
1267.3296899986267,-0.009716387683443801
1267.5003566654523,-0.023065406200290642
1267.671023332278,-0.01230712461217667
1267.841689998309,-0.029738787719666208
1268.0123566651346,-0.026090288181709498
1268.1830233319602,-0.025680535269227398
1268.3536899987855,-0.019154207670423924
1268.5243566656113,-0.011275526354713801
1268.695023331642,-0.008421583658063746
1268.8656899976731,-0.007886058309785721
1269.0363566644987,-0.00573021544320422
1269.2070233313243,0.005157411987481931
1269.37768999815,-0.0055447016932582555
1269.5483333317438,0.013159919042101143
1269.7189999985694,-0.006873728980037152
1269.889666665395,0.014907099698969181
1270.060333331426,0.014851619347401576
1270.2309999982515,0.023029119480554812
1270.4016666650773,0.006067311853292638
1270.5723333319029,0.025641428850650995
1270.7429999987285,0.008014598335558419
1270.913666665554,0.014468970966606055
1271.0843333323796,0.0038097110296575424
1271.2549999984108,0.009783509859395361
1271.4256666652363,0.006917251996843912
1271.596333332062,0.007939567879399525
1271.7669999988875,-0.026264045475432166
1271.937666665713,0.004837932746728498
1272.108333330949,-0.016574817939580183
1272.2789899977047,0.009481552943069151
1272.4496566645307,0.00863570601919107
1272.6203233313558,0.028093515020322306
1272.7909899981819,0.02317456421941625
1272.961656665007,0.02024780408863886
1273.132323331833,-0.004657382026083531
1273.3029899986584,-0.004196492059675151
1273.4736566646893,0.006061431344242186
1273.6443233315154,0.01071146116239449
1273.8149899983407,0.016118617057353898
1273.9856566651663,-0.0012078082099360372
1274.1563233319919,-0.014734614761005883
1274.3269899980228,-0.009189051863278355
1274.4976566648481,-0.004091566222226181
1274.668323331674,-0.00923089082076114
1274.8389899984995,-0.003675755724848942
1275.009656665325,-0.00882353798091973
1275.1803233321507,-0.010702828834049223
1275.3509899989765,-0.01099253066732395
1275.521633330981,-0.01783667370660629
1275.6922999978065,-0.01074184435233384
1275.8629666646325,-0.0051946577286402775
1276.0336333314576,-0.013008645118121855
1276.2042999982834,-0.0001842686277735391
1276.3749666643141,-0.014350002151373943
1276.54563333114,-0.0010265740326886484
1276.7162999979655,-0.00850170083098169
1276.886966664791,0.008183091553720276
1277.0576333316167,-0.0016780770068540371
1277.2282999984423,-0.005674165884452183
1277.3989666652678,-0.011623772046893103
1277.5696333320934,0.006019857322098417
1277.7402999981243,-0.0001616076644168064
1277.91096666495,0.006887838484270811
1278.0816333317757,0.0005373276658101765
1278.2522899985313,0.014896878447943534
1278.422956665357,0.004634568736177576
1278.5936233321825,0.009229564611902228
1278.7642899990083,0.006118467733758805
1278.934956665039,0.014743773707254458
1279.1056233318645,0.004134791468425454
1279.2762899986903,0.006329860309439159
1279.446956665516,-0.005792404241877128
1279.6176233323415,0.01496095441173765
1279.7882899975777,0.009035058179178133
1279.958956664403,0.017810885595165162
1280.129623331229,-0.0011930146603962364
1280.3002899980543,-0.0067504101020186644
1280.47095666488,-0.009234599189439299
1280.6416233317057,-0.0031687856592277075
1280.8122899985315,-0.005821807001744524
1280.9829433314007,-0.00621015548588334
1281.1535999981563,0.01286629075813583
1281.3242666649817,0.02117816137221881
1281.4949333318075,0.009977487889033113
1281.665599998633,0.019331922610477954
1281.8362666654589,-0.0005594477559237625
1282.0069333322845,-0.01416041809983305
1282.17759999911,-0.01630630308885854
1282.3482666651407,-0.015712254335861167
1282.5189333319663,-0.010816312638096381
1282.689599998792,-0.008593545642681371
1282.8602666656175,-0.013926540630115097
1283.0309333324433,-0.023990964599359902
1283.2015999976793,-0.006669563502600069
1283.3722666645049,-0.0066694994339822995
1283.5429333313307,-0.009908571397673314
1283.713599998156,-0.012562562512448252
1284.0890566651026,-0.0025966372886159573
1284.3962566645941,-0.014213982898921408
1284.5669233314195,-0.000794596803936318
1284.7375899982453,-0.00624264729487968
1284.908256665071,0.0061839486674855225
1285.0789233318965,-0.008543842817860354
1285.2495899979274,0.007556461592961237
1285.420256664753,-0.006190116476791542
1285.5909233315786,0.008185699600692395
1285.7615899984041,-0.004495602983854563
1285.9322566652297,0.01937562666688598
1286.1029233320555,0.033180382819287924
1286.2735899988809,0.034452229963469805
1286.4442566657067,0.039237158868227665
1286.6149233317376,0.03419779411988076
1286.7855899985632,-0.0038683950032832597
1286.9562466653188,0.0034423835839691103
1287.126899998188,0.00044153132904507406
1287.2975666650136,0.012736475721690484
1287.4682333310445,-0.01377563158617524
1287.6388999978699,0.014041951019180626
1287.8095666646957,-0.011079312508101924
1287.9802333315215,-0.003485294688518031
1288.150899998347,-0.028402499618132775
1288.3215666651727,-0.0027142566719909503
1288.4922333319982,-0.013264632666887915
1288.662899998029,0.010217108628905841
1288.8335666648547,-0.01240151330604253
1289.0042333316803,-0.0022878036266974515
1289.174899998506,-0.011261562160278843
1289.3455666653313,0.004170203055511507
1289.5162333321573,0.00822855578472068
1289.6868999989829,0.00937389235456886
1289.8575666650136,-0.003823499336947546
1290.0282333318394,0.01476204508132126
1290.1988999986647,-0.0027942062857103643
1290.3695566654205,0.007230371632434392
1290.5402233322461,-0.003108202981666008
1290.710889999072,0.0009052417462131873
1290.881556664308,-0.028546343628968997
1291.0522233311335,-0.02798564447228558
1291.2228899979593,-0.008433094722965608
1291.3935566647847,-0.035432395310071876
1291.5642233316103,-0.047896175543398846
1291.7348899984358,-0.02631214925564586
1291.9055566652617,-0.023075935388642596
1292.0762233312923,-0.004130264357461855
1292.2468899981181,0.005695923893214487
1292.4175566649435,0.003897762831579397
1292.5882233317693,0.02221413138726063
1292.758889998595,0.0072357399971034655
1292.9295566646258,0.02609582860062251
1293.1002233314514,0.010485625668956328
1293.270889998277,0.018101668866279473
1293.4415566651026,0.013457522527888559
1293.6121999986967,0.022779017087909324
1293.7828666655223,0.016602751671278244
1293.953533332348,0.020164794130662637
1294.1241999983788,0.012299205888648274
1294.2948666644095,0.03025004210549194
1294.4655333312353,0.01542338241238297
1294.636199998061,0.0218210523422795
1294.8068666648865,0.003937362863439874
1294.9775333317123,0.003584151439649951
1295.148199997743,-0.008927050329482423
1295.3188666645685,0.013598585953307214
1295.4895333313943,-0.014766100409313174
1295.66019999822,-0.02869596025314342
1295.8308666650455,-0.013775862958555938
1296.001533331871,-0.017159695414159674
1296.1721999986967,-0.004644940261996035
1296.3428566646576,-0.015798158302445138
1296.5135233314832,-0.004275629652331731
1296.684189998309,-0.00650382533537514
1296.8548566651348,-0.004287709112680576
1297.02552333196,-0.021858338388637242
1297.196189998786,-0.012602910760010317
1297.3668566656113,0.009668723930168694
1297.5375233316422,-0.013842231486154622
1297.7081899984678,0.00981105700855687
1297.8788566652934,0.008506824227142062
1298.049523332119,0.016285182370009973
1298.2201899989445,-0.0011260962545017398
1298.3908566649757,0.008580034176208612
1298.5615233310064,-0.0016703208850419493
1298.732189997832,0.022011098970197276
1298.9028566646575,0.036346175509404596
1299.073523331483,-0.0011766220618497749
1299.2441899983087,-0.005391441732369006
1299.4148566651345,-0.0023159543304570192
1299.5854999987284,0.0069197204803465575
1299.7561666647593,-0.018606087839823177
1299.926833331585,-0.0164810989355899
1300.0974999984105,-0.010161493573415207
1300.268166665236,-0.009480723509763467
1300.4388333320617,0.005775148107159897
1300.6094999988873,-0.0013320040202587933
1300.7801666657128,-0.009298123008032571
1300.950833331744,-0.016474276831187146
1301.1214999985696,-0.007659027606364285
1301.2921666653951,-6.173879722609671e-05
1301.4628333322207,-0.02210461290383831
1301.6334999990463,-0.014269638536037818
1301.8041666642825,0.01127151837909012
1301.974833331108,0.010309615117185313
1302.1454999979337,0.013625108986625419
1302.3161666647593,-0.003007822066097166
1302.4868333315849,0.0001394598877033593
1302.6574999984107,-0.0015257176888777886
1302.8281666644416,0.002576450327814439
1302.9988233319916,-0.006924235870526777
1303.1694899980228,-0.019276837391043813
1303.3401566648486,-0.004456282695291416
1303.510823331674,-0.0077309566361133805
1303.6814899984997,-0.0020039556433777868
1303.852156665325,0.0020803246492988176
1304.022823331356,-0.0007186527655885254
1304.1934899981816,0.011245498855506927
1304.3641566650074,0.0007233007950393688
1304.5348233318327,0.005207222511411796
1304.7054899986585,0.018091386105602594
1304.8761566654841,0.0219864380465567
1305.0468233323097,0.0119146805082759
1305.2174899983409,0.022317081962219803
1305.3881566651662,0.0033936346577892493
1305.5588233319918,0.022000731302446105
1305.7294899988176,0.017174817863215504
1305.9001566656432,0.02750891268712233
1306.0708099977176,0.0002527038206064493
1306.2414666644731,0.018327965335118684
1306.4121333312987,-0.0024644760455326126
1306.5827999981243,0.014779436221541561
1306.75346666495,-0.006564121523845377
1306.9241333317757,0.0031212190455542333
1307.0947999986015,0.02585349512445715
1307.2654666654269,0.013386267167307698
1307.4361333314578,-0.013760630067042798
1307.6067999982833,-0.012831809067687803
1307.777466665109,-0.01788053408405751
1307.9481333319347,-0.025070313026800288
1308.1187999987603,-0.022318371450594475
1308.289466665586,-0.013762000717283994
1308.4601333324113,-0.01234303184837873
1308.6307999984424,-0.018122187532493023
1308.8014666652678,-0.028370740126959528
1308.9721333320936,-0.028844774603138532
1309.1427999989191,-0.023669906614192635
1309.3134566656747,-0.02425670649780424
1309.484123330911,-0.025768572363461653
1309.6547899977365,-0.026665112596563734
1309.8254566645624,-0.025019930724164155
1309.996123331388,-0.005768207817156442
1310.1667899982135,-0.012085581145932896
1310.3374566650393,-0.007117012287799158
1310.5081233318647,-0.02903484266160333
1310.6787899978958,0.025682695847175585
1310.849456664721,0.0019022481352393584
1311.0201233315468,0.02408161440780215
1311.1907899983723,0.00757882223448321
1311.3614566651981,0.05313489846877112
1311.5321233320235,0.04266628771183977
1311.7027899980544,0.06376384481341466
1311.87345666488,0.04817679567709543
1312.0441233317056,0.02302001754185186
1312.2147899985312,0.008897741569165464
1312.3854566653567,0.009622324166379781
1312.5561233321828,0.00949170373546761
1312.7267666657767,0.009591995506799197
1312.897433331013,-0.009508040634865616
1313.0680999978383,-0.002319964420499542
1313.238766664664,-0.006544140976193166
1313.4094333314895,-0.01600119906111587
1313.5800999983153,-0.011269003213423917
1313.7507666643462,0.0006974908731940872
1313.9214333311718,-0.0025131040522440836
1314.0920999979974,0.0015254684295360028
1314.262766664823,0.0004298114242097299
1314.4334333316485,0.00316201898079813
1314.604099998474,-0.004663955401715208
1314.7747666652997,-0.009133548423081455
1314.9454333313306,-0.008913885261826349
1315.1160999981562,-0.014167999456711019
1315.2867666649818,-0.0140543234135899
1315.4574233317376,-0.012860746025070166
1315.6280899985634,-0.00331941402034026
1315.7987566653887,-0.010742504814926153
1315.9694233322145,1.1796684700616196e-06
1316.14008999904,-0.031109305978266638
1316.3107566650708,-0.003511963414092956
1316.4814233318964,-0.0034044598977635483
1316.652089998722,-0.007998375740112116
1316.8227566655478,-0.02562324320019974
1316.9934233323734,-0.0025631524280590183
1317.1640899976096,0.03009441832209564
1317.334756664435,0.03811281183809545
1317.5054233312608,0.01046946808993443
1317.6760899980861,0.004436336040786254
1317.846756664912,-0.026080694743894448
1318.0174233317375,-0.0017866485243049524
1318.188089998563,-0.024303916688741437
1318.358756664594,0.018357154842415926
1318.5294233314198,-0.02311271209910835
1318.7000899982454,0.04188666232866419
1318.870756665071,-0.022889967875716587
1319.0414233318963,0.021522997726427618
1319.2120666654905,0.001272978657878678
1319.382733332316,0.013978532416697878
1319.5533999983468,0.00012345962432994928
1319.7240666651728,0.0201753350360658
1319.8947333319982,0.004008630916616586
1320.065399998824,0.033386942626385835
1320.2360666656496,-8.948535852460134e-05
1320.4067333324751,0.023326461167924865
1320.5773999977112,-0.011808323999539856
1320.7480666645367,0.012486901836128782
1320.9187333313625,-0.010484076430319764
1321.0893999981881,-0.0009391449143884218
1321.2600666650135,-0.017600885606234226
1321.4307333310444,0.008665642900111917
1321.6013999978702,-0.020541102916559948
1321.7720666646956,0.006633626815262562
1321.9427333315214,-0.05470213667540743
1322.1133999983467,-0.01762332432084206
1322.2840666651725,-0.036151555267695715
1322.4547233319283,-0.00716016406770338
1322.6253899979592,-0.022785158092964
1322.7960566647848,0.01257122514882401
1322.9667233316104,0.015121198075844397
1323.137389998436,-0.005326794325411472
1323.3080566652616,-0.02736951795298979
1323.4787233320872,-0.00015480672346309041
1323.6493899989127,-0.006025816054328827
1323.8200566649436,0.020149148622734668
1323.9907233317695,0.007192841899016287
1324.161389998595,0.018841053367000992
1324.3320566654206,0.020797071777997344
1324.5027233322462,0.017880216057831563
1324.6733899990718,0.02504977929555672
1324.844056664308,0.008348051503462964
1325.0147233311334,0.009518486020112895
1325.1853899979592,9.711272236270877e-05
1325.3560566647848,-0.0004811095337936292
1325.5267233316104,0.00033160269436036593
1325.6973799983662,0.011369162582340043
1325.86803333203,-0.002366185675295217
1326.0386999980608,0.012247060256102157
1326.2093666648864,-0.007555862236138459
1326.3800333317122,0.016470722015136007
1326.5506999985378,0.005209387723392692
1326.7213666653631,0.012011236777746374
1326.892033332189,-0.005259752577904682
1327.0626999990147,0.005884939134414731
1327.2333666650452,-0.0029533973846561337
1327.4040333318712,0.0015448799594153554
1327.5746999986966,-0.00752596726117155
1327.7453666655224,0.0033366969531139247
1327.9160333323478,-0.0038915576470831405
1328.0866999983787,0.008762903466781694
1328.2573666644096,-0.007508032806949208
1328.4280333312352,0.004159307761466894
1328.598699998061,-0.017521159894419335
1328.7693666648863,-0.022151110395379967
1328.9400333317121,-0.022303387658464145
1329.110689998468,-0.019157963981830787
1329.2813566652935,-0.020562139804372655
1329.4520233313242,-0.010335231197513218
1329.6226899981498,-0.017827362648174562
1329.7933566649754,-0.015333055057617156
1329.9640233318012,-0.013526631436618256
1330.1346899986268,0.0063354979457845555
1330.3053566646577,-0.005770101948672872
1330.4760233314832,-0.011526925925496083
1330.6466899983088,-0.011530172005579084
1330.8173566651344,-0.0032070748138882696
1330.98802333196,0.0012386387880314702
1331.1586899987858,0.011771527756777072
1331.3293566656116,0.009694288945155359
1331.5000233316423,0.015519363454778844
1331.6706899984679,0.00860778055203663
1331.8413566652932,0.021578288775300027
1332.012023332119,0.01244068068968526
1332.1826899989446,0.01656932220324603
1332.3533566649753,0.003389076796436784
1332.5240233310064,0.020559970741345895
1332.694689997832,0.010767898390962559
1332.865333331426,0.01809678588678428
1333.0359999982516,0.007582427319836275
1333.2066666650771,0.0258301117538665
1333.3773333319027,-0.011248054000442223
1333.5479999987283,-0.002878900791509714
1333.7186666647592,-0.008114465800522953
1333.889333331585,0.0050789971187850565
1334.0599999984106,-0.0008209369863085234
1334.2306666652362,0.010542962925771877
1334.4013333320618,0.0028727027977841274
1334.5719999988873,-0.005385972132211138
1334.742666665713,-0.0066728366580798325
1334.913333331744,-0.0012427998305693834
1335.0839999985697,-0.006950151448501062
1335.2546666653952,0.0027323341226615635
1335.4253333322208,-0.003299752141017217
1335.5959999990464,0.004147146894600315
1335.7666666642824,-0.005716659278245319
1335.9373333311082,-0.0025962586818997443
1336.1079999979336,-0.00878665314119321
1336.2786566646896,-0.0013615056480390099
1336.4493233315147,-0.009944041471129365
1336.6199899983408,-0.0026602591014335476
1336.7906566651661,-0.009094440789082697
1336.961323331992,0.0006311743337948344
1337.131989998023,-0.009882840009062343
1337.3026566648484,-0.0019403937422475743
1337.473323331674,-0.007997060056647439
1337.6439899984996,-0.004861107340110073
1337.8146566653254,-0.009402504328112214
1337.9853233313559,-0.003267102876427233
1338.1559899981817,-0.004110984444095162
1338.3266566650072,-0.0009096978580395232
1338.4973233318328,-0.006543579874113087
1338.6679899986584,-0.002317440815529864
1338.8386566654842,-0.005122124492247695
1339.0093233323096,-0.0033331651215766298
1339.1799899983407,-0.00544137825731922
1339.3506433312098,0.002186303184499348
1339.5212999979653,-0.003286025736543841
1339.6919666647912,0.00847626780621664
1339.8626333316165,0.002026039593254692
1340.0332999976476,0.007059231806273235
1340.2039666644732,0.003123824495852025
1340.3746333312988,0.007379351515672693
1340.5452999981244,0.00583627885180725
1340.71596666495,0.010360493269114064
1340.8866333317756,0.006240947477465177
1341.0572999986011,0.015678462394997216
1341.227966665427,0.005122347697042966
1341.3986333314576,0.01100007495976421
1341.5692999982834,0.006367174319741788
1341.739966665109,0.004772318768911706
1341.978899998665,-0.001780097319864256
1342.2519666655858,0.004252983818892414
1342.4226333324116,-0.0031855117579675297
1342.5932999984423,0.002075449116827929
1342.763966665268,-0.006548153073827952
1342.9346333320937,0.0012290094606203122
1343.1052999989192,-0.009521799924902692
1343.2759566656748,-0.0038679541744792044
1343.4466233309108,-0.007377657851260108
1343.6172899977366,-0.004082560445829187
1343.787956664562,-0.01305049221139734
1343.9586233313878,-0.0031733956741795224
1344.1292899982134,-0.010940682020042733
1344.2999566650392,0.0007226573034650447
1344.4706233318648,-0.005403168249052271
1344.6412899978955,0.002716353093003464
1344.8119566647213,-0.002479014402601231
1344.9826233315466,0.010197431624583758
1345.1532899983727,0.003837075686392843
1345.3239566651978,0.016566025537132382
1345.4946233320236,0.005975114539199184
1345.6652899980545,0.022800945563452323
1345.83595666488,0.0005247286950580158
1346.0066233317057,0.00047213743458836624
1346.1772899985313,-0.0064434929259671115
1346.3479566653568,-0.0014498496606453973
1346.518609999021,-0.006411259989358484
1346.6892666657766,-0.003968081631070142
1346.8599333310126,-0.0034177624607571507
1347.0305999978384,0.00866406181199661
1347.2012666646638,0.0020218626698390776
1347.3719333314898,0.008706744470919424
1347.5425999983152,0.0032569618784147507
1347.713266664346,-0.0012172187345951663
1347.8839333311716,-0.005656756566105401
1348.0545999979972,-0.003975395487963342
1348.225266664823,-0.004507577897886081
1348.3959333316486,-0.006749414372458863
1348.5665999984742,-0.0060832697357032246
1348.7372666652998,-0.007919655743042089
1348.9079333313307,-0.009835906961648435
1349.0785999981563,-0.009291479534660162
1349.2492666649819,-0.00978624099989586
1349.4199333318074,-0.006555101368908025
1349.590599998633,-0.003989401146123969
1349.7612666654586,-0.005545824815701836
1349.9319333322844,-0.0037815928191730296
1350.10259999911,-0.0014789265976652916
1350.273256665071,0.0015422218603547027
1350.4439233318965,0.00019401312237120466
1350.6145899987218,0.0012905736514580582
1350.7852566655476,0.0005457125295141162
1350.9559233323732,0.006185371181063398
1351.1265899976092,0.001477929695638738
1351.2972566644353,0.008095413391681454
1351.4679233312606,0.0007702880735168551
1351.6385899980864,0.006535047736863512
1351.8092566649118,0.005221118635109155
1351.9799233317376,0.006705972460977989
1352.150589998563,-0.001372490997445353
1352.3212566645939,0.006161039074667913
1352.49192333142,0.0024136060902115834
1352.662589998245,0.005990922169965827
1352.8332566650708,0.006039350211421063
1353.0039233318967,0.0072076048689158545
1353.1745899979273,-0.0012910511855501459
1353.3452566647532,0.004355661208220082
1353.5159233315785,-0.0028277426003847157
1353.6865899984043,0.006349425959115872
1353.85725666523,0.004683031021992234
1354.0279233320555,0.008599089260886516
1354.1985666656497,0.0048113346706475995
1354.369233332475,0.002606156668130064
1354.5398999977112,-0.004706917317999389
1354.710566664537,-0.004244993722248396
1354.8812333313624,-0.008067440400023024
1355.051899998188,0.0045003018467445295
1355.2225666650136,0.004498329610841625
1355.3932333310445,0.009628869396091784
1355.56389999787,0.0032870355348916525
1355.7345666646956,0.01146444048063095
1355.9052333315212,0.009791283402445703
1356.075899998347,0.003200315369024929
1356.2465666651724,-0.013603047283218228
1356.4172333319982,-0.005537644367657007
1356.5878999980291,-0.017241527433159543
1356.7585666648547,-0.007892528409358635
1356.9292333316803,-0.017042790936425672
1357.099899998506,-0.006017244851682049
1357.2705666653317,-0.007882464112939332
1357.4412333321573,-0.0006323987894267596
1357.6118999989826,-0.014076412658892907
1357.7825666650137,-0.013812063903219672
1357.953223331769,-0.02472292517729728
1358.123889998595,-0.0069302498423546195
1358.2945566654205,-0.0038548390305290442
1358.4652233322463,-0.0031847610650713883
1358.6358899990719,-0.001693890069064678
1358.806556664308,0.013424534055229394
1358.9772233311337,0.0034589794339853846
1359.147889997959,0.005236921542380807
1359.3185566647849,0.001857579803174988
1359.4892233316102,0.00879748333822345
1359.659889998436,0.0035875776446875457
1359.8305566652616,0.001715417339759534
1360.0012233312925,0.002069022359515729
1360.171889998118,0.00799538023489384
1360.3425566649437,0.006169715249342979
1360.5132233317695,0.008935394599655033
1360.6838899985949,0.001921228082963319
1360.8545566646258,0.007689989840577559
1361.0252233314513,0.0012300159359249314
1361.195879998207,0.004522951676693292
1361.3665333318709,0.003798615817011859
1361.5371999986967,0.0071485386212944094
1361.707866665522,0.009240206238950516
1361.878533332348,0.009366102421202532
1362.0491999983788,0.002769629125564461
1362.2198666644097,0.006279509356989667
1362.3905333312352,0.0034008884299190716
1362.5611999980608,0.008184561231708605
1362.7318666648864,-0.018364091110540805
1362.902533331712,-0.006681440377109902
1363.073199997743,-0.014650771821927382
1363.2438666645687,-0.004068872712805867
1363.4145333313943,-0.013805559888847985
1363.5851999982199,-0.001055483035600655
1363.7558666650452,-0.015482694172050742
1363.926533331871,-0.0018161596004577078
1364.0971999986966,-0.015047336963341445
1364.2678666647275,0.0028847479417456047
1364.4385333315533,-0.003747411334554841
1364.6091999983787,2.3232993045693467e-05
1364.7798666652045,0.007469255124123947
1364.9505333320299,0.017549286543973964
1365.1211899987857,0.01152327908785972
1365.2918566656112,0.01543990144594134
1365.4625233316422,0.014792849801169796
1365.6331899984677,0.015681650773419698
1365.8038566652936,0.0077557640721522296
1365.9745233321191,0.007038773603632059
1366.1451899989447,-0.004957337824252562
1366.3158566649756,-0.0021972810416393774
1366.4865233310065,-0.007182919617921803
1366.6571899978321,0.0035161533359409983
1366.8278566646577,-0.00710801906332202
1366.998523331483,0.004080839629493972
1367.1691899983089,-0.0077253353293712575
1367.3398566651344,-0.006695463024303719
1367.51052333196,-0.02344337387960471
1367.681189997991,-0.008134503330427015
1367.8518566648165,-0.015572339293129235
1368.0225233316419,-0.0017298723661004797
1368.1931899984677,-0.01700513758074552
1368.3638566652933,-0.007413800366387638
1368.5345233313244,-0.018558537899423543
1368.7051899981502,-0.006545993210061538
1368.875833331744,0.009543685656078018
1369.0464999985695,0.005588045722341543
1369.2171666653953,0.005168601693643256
1369.387833332221,0.0033405940984373743
1369.5584999990463,0.006358545723581343
1369.7291666642825,-0.002527285180315884
1369.899833331108,0.00439830963663086
1370.0704999979337,0.0031407936760638267
1370.241166664759,0.004843064855750146
1370.411833331585,0.003906602711853495
1370.5824999984104,0.006109910282080051
1370.7531666644413,0.005807227892407182
1370.923833331267,0.006392099445299512
1371.0944999980925,0.01363280079584193
1371.2651666649185,-0.0021152735855770907
1371.4358333317439,-0.001325072353241154
1371.6064999985697,-0.00831396814016296
1371.777166665395,-0.004967791198529272
1371.947833331426,-0.01089417555375255
1372.1184999982515,-0.007179268090525509
1372.2891666650771,0.010009463574979794
1372.459833331903,0.010888491796554793
1372.6304999987283,0.01631673911754041
1372.8011566654839,0.004449078681022851
1372.9718233323097,-0.006877304271759449
1373.1424899983406,-0.007393047895956967
1373.3131566651664,0.000313193819443948
1373.4838233319917,-0.007271431853567797
1373.6544899988176,0.015068204917717586
1373.825156665643,-0.0015303882544257948
1373.9958233308794,0.004613740378271118
1374.1664899977047,-0.0009524586735660377
1374.3371566645305,0.014479246720644065
1374.5078233313561,-0.006495119386742159
1374.6784899981817,0.010175364749289751
1374.849156665007,-0.002829711095479621
1375.0198233318329,0.0017479291525096493
1375.1904899986584,-0.006193246411683815
1375.3611566646891,0.015221748794775388
1375.5318233315152,0.010275907230903946
1375.7024899983405,0.013821946038121414
1375.8731566651663,-0.011491297890121172
1376.0438233319917,0.013618061181492948
1376.2144899980228,-0.0038424550999586822
1376.3851566648482,0.0019561022635004237
1376.5557999984424,-0.014156991780884668
1376.7264666652682,0.002142349598850706
1376.8971333320935,-0.008037234125934788
1377.067799998919,0.003194354001811207
1377.238466665745,-0.01793544378071139
1377.4091333309811,-0.002001280793231132
1377.5797999978067,-0.014705339187298981
1377.750466664632,-0.01047168482139257
1377.9211333314574,-0.023663934849818328
1378.0917999982835,-0.008221533422638852
1378.2624666643144,-0.022716836877956618
1378.4331333311397,-0.008954624610893833
1378.6037999979656,-0.018102569936918902
1378.7744666647911,-0.00933752037692034
1378.945133331617,-0.01937127488855278
1379.1157999984423,0.010243157109397398
1379.286466665268,-0.0006163044648400927
1379.4571333320935,0.023619517177352015
1379.6277999981244,-0.0007632834185224207
1379.7984666649502,0.025141872736018023
1379.9691333317758,-0.0033383100904615295
1380.1397999986013,0.018125535091394574
1380.310456665357,0.007514889742648787
1380.4811233321825,-0.00027011459497645646
1380.651789999008,-0.011120112076083166
1380.8224566650392,0.002735647893996601
1380.9931233318646,-0.013923961472319337
1381.1637899986902,-0.010057454843162507
1381.3344566655157,-0.00537574863765122
1381.5051233323416,0.03606117732684601
1381.6757899975778,0.010470628879966717
1381.8464566644034,0.026189878175575065
1382.017123331229,0.003245831347978647
1382.1877899980548,0.008539809587585042
1382.3584566648801,-0.01207504359323016
1382.5291233317057,0.01279815489099599
1382.6997899985313,0.0230733550622439
1382.8704566645622,0.021664134282852996
1383.041123331388,0.015169139369297426
1383.2117899982136,0.013053100979121036
1383.3824566650387,0.0003980488560959909
1383.5531233318648,0.003331095781191478
1383.7237899986903,-0.0018782816926482182
1383.894456664721,-0.0028482074268548186
1384.0651233315468,0.004136964412816527
1384.2357666651408,0.004329290264508961
1384.4064333319664,-0.005000932480345677
1384.5770999987922,-0.009180319590461934
1384.7477666656177,-0.00975935321819335
1384.9184333324433,-0.007538980274793175
1385.0890999976793,-0.010757187180132565
1385.259766664505,-0.018708393888793
1385.4304333313307,-0.0010496398083066503
1385.601099998156,-0.0023115379925072563
1385.771766664982,0.008259115408120871
1385.9424333310128,-0.020160469802680086
1386.1130999978384,-0.01054302287755786
1386.283766664664,-0.04077694791749061
1386.4544333314896,-0.014508658399578597
1386.6250999983151,-0.030939285934987328
1386.7957666651407,-0.0066119167273794984
1386.9664333319665,-0.028642069511285707
1387.1370999979972,0.007361614479600931
1387.307766664823,0.004797559673566201
1387.4784333316486,-0.0026499100079943553
1387.649099998474,0.012416594829879508
1387.8197666652998,0.01666876754084611
1387.9904333321253,0.014565117010165484
1388.1610999989512,0.012891836591562914
1388.3317666657763,0.01641250944317372
1388.5024233317374,0.00852117167027909
1388.673089998563,-0.010559341020327684
1388.8437566653888,-0.0024394929449399272
1389.0144233322144,-0.0032215817748117784
1389.18508999904,0.016590764703187426
1389.3557566642762,-0.014121774107873351
1389.5264233311016,-0.007235363534970405
1389.6970899979274,-0.019150513149042953
1389.867756664753,-0.018743792227964344
1390.0384233315785,-0.0036471558002531537
1390.2090899984044,0.0102786101564198
1390.3797566652297,0.03175566310134846
1390.5504233312608,0.022918713814326072
1390.7210899980864,0.012333059173252234
1390.8917566649118,0.019295699346864096
1391.0624233317376,0.036970212589982517
1391.2330899985632,0.02111308461479352
1391.403756664594,0.01667365046833514
1391.5744233314197,0.010523104563165379
1391.7450899982455,-0.01214626921553342
1391.9157566650708,9.869937711681778e-05
1392.0864233318964,-0.01579317313322621
1392.257089998722,-0.004501047538827354
1392.427733332316,-0.013515801027796835
1392.5983999991417,0.05133760436179806
1392.769066664378,0.021730701324205164
1392.9397333312036,0.014349910289203134
1393.110399998029,-0.020843983597916133
1393.2810666648547,-0.026585218819589643
1393.4517333316803,-0.03178209319966674
1393.622399997711,-0.014667834216350758
1393.7930666645368,-0.028132529592427995
1393.9637333313622,-0.0029118435361655108
1394.134399998188,-0.023745325593337804
1394.3050666650138,0.0014611543488943697
1394.4757333318391,-0.027348712818740958
1394.646399998665,-0.010506122734054709
1394.8170666646959,-0.03974532950028062
1394.9877333315212,0.0013806373513361209
1395.1583999983468,-0.019441254763372523
1395.3290666651726,0.004849093226549794
1395.4997333319982,-0.023533249794266874
1395.6703999988235,0.023715384260507257
1395.8410666656496,-0.012675573428969081
1396.0117333316805,0.033059836398438354
1396.182389998436,0.004529916893660068
1396.3530566652616,0.018197632076884653
1396.5237233320872,-0.010137449246832821
1396.6943899989128,0.0039256304871091545
1396.8650566657384,-0.0018771159524757503
1397.0357233309746,0.02703353042337916
1397.2063899978002,0.0049733687481167506
1397.3770566646258,0.02639465164262472
1397.5477233314516,0.004300650703254126
1397.718389998277,0.024928555855135377
1397.8890566651025,0.001769441102020845
1398.0597233319281,0.014525121922551914
1398.230389997959,-0.002416564240395277
1398.4010566647846,0.02532274519067302
1398.5717233316104,-0.013404186828768217
1398.7423899984358,0.014167918033000238
1398.9130566652616,-0.011800853344279091
1399.0837233312925,0.007528889358131815
1399.254389998118,-0.011875793272699069
1399.4250566649437,0.007256128225169154
1399.5957233317692,-0.027803004434933647
1399.7663899985948,-0.001716379683706617
1399.9370566654204,0.015885096598091064
1400.1076999990146,0.008917157267688412
1400.2783666650453,0.005613201676952394
1400.4490333310764,0.004302524548944163
1400.6196999979018,-0.006071532980300025
1400.7903666647276,-0.0016704952375217533
1400.9610333315534,-0.018847226855095156
1401.1316999983787,-0.020476800572850926
1401.3023666644096,-0.03259467240759964
1401.4730333312352,-0.027097222411698384
1401.6436999980608,-0.03988896115789214
1401.8143666648864,-0.04471535455931995
1401.9850333317122,-0.030134336129914903
1402.1556999985378,-0.027249341321012248
1402.3263666653634,0.023812651138100778
1402.4970333313943,0.004632027636601521
1402.6676999982196,0.02949567161228468
1402.8383666650454,0.015089688839441912
1403.0090333318713,0.04846748540096156
1403.1796999986966,0.02335748708553222
1403.3503666655222,0.05762334195572684
1403.5210333323478,0.016283567098513013
1403.6916999983787,0.04292719718955459
1403.8623666652043,-0.0011079108008732218
1404.03303333203,0.028438398275006275
1404.2036999988554,-0.011242517796550338
1404.3743666656815,0.011932365915778644
1404.545023331642,-0.015923696422591387
1404.715689997673,0.017320235567470848
1404.8863566644986,-0.013046344349508267
1405.0570233313242,0.007346885922152999
1405.2276899981498,-0.020576438354061383
1405.3983566649754,0.012207193656533772
1405.569023331801,-0.023970689442550482
1405.7396899986268,0.005265481008599587
1405.9103566646577,-0.03261843258568686
1406.0810233314833,0.012213315215003708
1406.2516899983088,-0.034155405020415384
1406.4223566651344,-0.004669960791270355
1406.59302333196,-0.02724945230959839
1406.7636899979912,-0.013893494625814323
1406.9343566648163,-0.03580191149774116
1407.1050233316423,-0.0029357711067187916
1407.275689998468,-0.02017402891829203
1407.4463566652935,0.013128302633151769
1407.6170233321188,-0.016630289341169207
1407.7876899989446,0.016266146828560483
1407.9583566649756,-0.00994892009055849
1408.1290099978446,0.03535714091189342
1408.2996666646002,0.0016751602874873653
1408.470333331426,0.012212906745054047
1408.6409999982516,-0.01522170672219871
1408.8116666650772,0.02741563273822174
1408.9823333311083,-0.0057893672320173594
1409.1529999979336,0.016203868638479474
1409.3236666647595,-0.003509090069680567
1409.494333331585,0.01502872221885995
1409.6649999984106,0.0025483611659430747
1409.835666665236,0.016459099234137593
1410.0063333320618,-0.009199315848380572
1410.1769999980925,-0.0005025955329183565
1410.3476666649183,-0.008264906574629239
1410.5183333317439,0.007764234504721973
1410.6889999985694,-0.006919036165381237
1410.859666665395,0.012050251121777305
1411.0303333322206,-0.006827931540796556
1411.2009999990464,0.008416946154849997
1411.3716666650773,-0.0064287181815251455
1411.5423333319031,0.0034955005707825756
1411.7129999987285,-0.011842823065089667
1411.883666665554,-0.0019912019054744994
1412.0543333323799,-0.0007179424467774704
1412.2249899975457,0.004051770783075765
1412.3956566643715,-0.02054107898893511
1412.566323331197,0.0009574081951166062
1412.7369899980226,0.0028923380824610384
1412.9076566648482,0.018184965208978117
1413.0783233316738,0.00851845818370419
1413.2489899984998,0.019115149553631652
1413.419656665325,0.005079092315347459
1413.590323331356,0.0031300240603359636
1413.7609899981815,0.0015089298800823523
1413.9316566650073,0.007960754573992503
1414.102323331833,0.0011313449991406535
1414.2729899986584,0.003973982120644402
1414.4436566646896,-0.0057399276311210605
1414.6143233315152,-0.008247194047001373
1414.7849899983405,-0.00036470588436419147
1414.955656665166,-0.007491968059833604
1415.126323331992,-0.008635787728136063
1415.2969899988175,-0.0023495570922576975
1415.467656665643,0.00018537132509703223
1415.638323331674,0.0024765829522269698
1415.8089899984996,-0.0027118187529785584
1415.9796566653251,-0.008874686576908729
1416.150323332151,-0.005156899455449758
1416.3209899989763,-0.0029008884184669277
1416.491633330981,-0.00225209935131256
1416.6622999978067,-0.013777606369855302
1416.832966664632,-0.0007836564680163164
1417.0036333314579,-0.00749785809843281
1417.1742999982832,0.001976221501865958
1417.344966665109,-0.014275139035350068
1417.5156333319349,-0.005026362708714231
1417.6862999987602,-0.011567091535369245
1417.8569666647911,-0.0028048850837325283
1418.0276333316167,-0.01388699307032305
1418.1982999984423,0.0030739661909097646
1418.3689666652679,-0.012078641752187107
1418.5396333320937,0.005611560359792906
1418.710299998919,-0.004487906490195443
1418.8809666657448,0.003273094891843295
1419.0516333317757,-0.002786109036954824
1419.2222999986013,0.006395300982427663
1419.392966665427,0.004719485427063386
1419.5636333322527,0.013511699818714373
1419.734299999078,0.007136533045783541
1419.9049666643143,0.01521111744539399
1420.0756333311397,-0.0005554717791464597
1420.2462899978957,0.012270881968647668
1420.4169566647213,0.032383930282583184
1420.5876233315469,0.026621888981144388
1420.7582899983722,-0.006925267479216755
1420.928956665198,0.010126261406778633
1421.099623331229,-0.0007382619848934027
1421.2702899980545,0.010771902521753883
1421.44095666488,-0.005476458406460044
1421.6116233317057,0.02083044940419308
1421.7822899985317,-0.00021437520954330848
1421.9529566653569,-0.003739337751665126
1422.123623331388,-0.008504796942080502
1422.2942899982133,0.0014864957773898179
1422.4649566650392,-0.022872024022235097
1422.6356233318647,-0.002669754398696354
1422.8062899986903,0.0026528618509472886
1422.976956665516,0.012197863343816548
1423.1476233323415,-0.0026733827475198388
1423.3182899983722,-0.004424408208474187
1423.488956665198,-0.01306763865657823
1423.6596233320238,0.005693034654918878
1423.8302899988491,-0.012438606902709539
1424.0009566656747,0.00014411064957821424
1424.1715999976793,-0.012266892181393615
1424.3422666645051,0.0006327957274115724
1424.5129333313305,-0.011343421413078654
1424.6835999981563,0.006997666751025735
1424.8542666649819,-0.02023066817605594
1425.0249333318075,0.003102978304945579
1425.195599998633,-0.01380816260437138
1425.366266664664,-0.006069621809201723
1425.5369333314898,-0.02201282868336067
1425.707599998315,-0.004712786853211588
1425.878266665141,-0.014767587510429277
1426.0489333319665,0.007150579905713144
1426.219599998792,-0.002587190895745809
1426.3902666656177,0.00460848412361509
1426.5609333324433,0.004996315856633076
1426.7315999984742,0.006539387658211278
1426.9022666652997,-0.008387022322982683
1427.0729333321253,0.01821312257766142
1427.243599998951,-0.00615210703820125
1427.4142666657767,0.015093900954337275
1427.584933331013,0.03537236657685445
1427.7555999978383,0.03239454127272995
1427.926266664664,0.0034243501025606605
1428.0969333314895,0.009099258508383943
1428.2675999983153,-0.027517279082218387
1428.4382566650706,0.004787101368368225
1428.6089233318964,-0.013481472193492949
1428.7795899979274,0.012084508503297559
1428.950256664753,-0.006710048068471506
1429.1209233315788,0.007797057753781285
1429.291589998404,-0.02259794943666252
1429.4622566652297,-0.0028338591263520267
1429.6329233312606,-0.004176972472809813
1429.8035899980864,0.002943887748263213
1429.9742566649118,0.0009278462544385076
1430.1449233317376,-0.002941959916733285
1430.3155899985634,-0.020807524494702294
1430.4862566653887,0.008424742442330211
1430.6569233322145,-0.004098474995012978
1430.82758999904,0.008433421222457901
1430.9982566650708,-0.009930106517208957
1431.1689233318964,0.00086462802712572
1431.339589998722,-0.0056613766013262155
1431.5102566655476,0.00031865768137870327
1431.6809233323734,-0.023686987234449487
1431.8515899976096,-0.007838731221456613
1432.0222566644352,-0.008942731099966263
1432.1929133311908,0.028103427102200963
1432.3635666648547,0.03043618825561472
1432.53423333168,0.03122384301228591
1432.7048999985059,0.024113714403486322
1432.8755666653315,0.01465942139221699
1433.0462333313621,-0.013352500303621367
1433.2168999981882,-0.0032023082871686865
1433.3875666650138,0.010647501207787778
1433.5582333318393,0.016096707252334905
1433.728899998665,-0.0063826126469265325
1433.8995666654905,-0.012685302868174446
1434.070233332316,-0.02436995331762277
1434.2408999983468,-0.01410035879317185
1434.4115666651726,0.0011539322151226236
1434.5822333319982,0.010416870801169792
1434.752899998824,-0.005388082294113751
1434.9235666656496,0.009436675065421517
1435.094233332475,-0.006107172912840556
1435.2648999977112,-0.0017651819778393477
1435.4355666645367,-0.02278510950680112
1435.6062333313625,-0.007189364996404405
1435.7768999981881,-0.0177075093472883
1435.9475666650135,-0.009058442137487903
1436.1182333310444,-0.0135775050103701
1436.2888999978702,-0.015951665696461795
1436.4595666646956,-0.004442701403252124
1436.6302233314514,-0.0009789544028108825
1436.8008899982772,0.014374534680418886
1436.9715566651025,0.00856134732719243
1437.1422233319283,0.01913323371749856
1437.312889997959,0.0032066033408334168
1437.4835566647848,0.014717813089484028
1437.6542233316104,0.00864684328275033
1437.824889998436,0.0012869901835425525
1437.9955566652616,0.014841730504751157
1438.1662233320872,0.012960797427073617
1438.3368899989127,0.011954859795113286
1438.5075566649436,-0.009363747390367034
1438.6782233317695,9.433542093199366e-05
1438.848889998595,-0.021763945558456642
1439.0195566654206,-0.0029892703807418808
1439.1902233322462,-0.013809994655236024
1439.3608899990718,-0.00024267203627770142
1439.531556664308,-0.015878742381029338
1439.7022233311334,0.0025996053740413674
1439.8728899979592,-0.006901188887696727
